AllocationYear,PooledFundId,OrganizatinonId,ClusterId,FundId,AllocationSurceId,ProjList,OrgList,NumbofProj,ClusterBudget
2006,1,3,6,1,3,14##97##299,5##2,3,28901568.0
2006,1,3,7,1,3,124##300,3,2,2022300.0
2006,1,3,9,1,3,71##301,4,2,880758.61
2006,1,3,11,1,3,72,4,1,500000.0
2006,13,3,6,1,4,191,5,1,250000.0
2006,13,3,9,1,4,234##244##258,4##2##3,3,1750000.0
2006,14,3,6,1,4,132##192,5,2,600000.0
2006,14,3,7,1,4,183##250,3,2,1389395.0
2006,14,3,9,1,4,251,3,1,134781.0
2006,14,3,13,1,4,142##210##216,11,3,1945671.2
2006,16,3,13,1,3,342,11,1,500000.0
2006,18,3,4,1,3,69,4,1,369750.0
2006,18,3,6,1,3,12##98,5##2,2,1393200.0
2006,18,3,6,1,4,277##279,5##1,2,249300.0
2006,18,3,7,1,3,122,3,1,247170.0
2006,18,3,7,1,4,139##186##207##209##235##252##259##276,6##3##4,8,1552298.0
2006,18,3,11,1,4,236,4,1,194723.0
2006,18,3,12,1,4,155##237##278,4##2,3,385195.52
2006,18,3,13,1,3,40##41##70,11##4,3,496399.0
2006,18,3,13,1,4,146##156##211,11##4,3,620998.47
2006,19,3,3,1,3,65,4,1,588430.0
2006,19,3,3,1,4,157,4,1,583000.0
2006,19,3,6,1,3,13##91,5##2,2,1069693.0
2006,19,3,6,1,4,170,2,1,998310.0
2006,19,3,7,1,3,66,4,1,594000.0
2006,19,3,11,1,3,67,4,1,687632.0
2006,19,3,12,1,4,171,2,1,1200000.0
2006,19,3,13,1,3,38,11,1,212868.0
2006,19,3,13,1,4,141,11,1,3487132.0
2006,22,3,7,1,3,303,3,1,197162.48
2006,22,3,11,1,3,302,7,1,630636.6
2006,22,3,13,1,3,304,11,1,1393140.0
2006,24,3,6,1,3,11,5,1,249599.0
2006,24,3,7,1,3,109##280,3,2,1006245.0
2006,24,3,7,1,4,226##253##254,4##3,3,1500930.0
2006,24,3,9,1,4,225,4,1,112350.0
2006,24,3,10,1,3,17,7,1,272102.0
2006,24,3,10,1,4,201##212,7##11,2,995100.0
2006,24,3,11,1,3,18,7,1,224336.0
2006,24,3,11,1,4,227,4,1,391620.0
2006,24,3,13,1,4,150,11,1,1000000.0
2006,27,3,6,1,4,130##131##173##193##194,5##2,5,8300000.0
2006,27,3,7,1,4,163##164##184##185##230##260##262,4##3,7,8946000.0
2006,27,3,9,1,4,162##229##261,4##3,3,2300000.0
2006,27,3,10,1,4,149##161##217##232,11##4,4,5950000.0
2006,27,3,11,1,4,160##231,4,2,2700000.0
2006,27,3,12,1,4,174##177##180##242##246,2,5,4224000.0
2006,27,3,13,1,4,138##152##199##203##215,1##11##7,5,5580000.0
2006,28,3,6,1,3,1##6##79##82,5##2,4,966355.16
2006,28,3,7,1,3,110##115,3,2,220000.0
2006,28,3,12,1,3,25,1,1,26000.0
2006,28,3,13,1,3,54,4,1,693000.0
2006,35,3,6,1,3,2,5,1,200000.0
2006,35,3,6,1,4,213,11,1,299993.0
2006,35,3,7,1,3,111##116,3,2,1340000.0
2006,35,3,7,1,4,218##255,4##3,2,899710.0
2006,35,3,11,1,4,220,4,1,499262.0
2006,35,3,13,1,3,50##55,4,2,2346740.0
2006,35,3,13,1,4,219,4,1,299600.0
2006,36,3,6,1,3,3##7##107##308,5##2,4,2701452.11
2006,36,3,6,1,4,176,2,1,400000.0
2006,36,3,7,1,3,31##112##127##128##310##311,6##3##4,6,1712848.0
2006,36,3,9,1,3,51##117,4##3,2,1618600.0
2006,36,3,11,1,3,56##78,4,2,1876999.93
2006,36,3,12,1,3,29##92##309,1##2,3,1063086.0
2006,36,3,13,1,4,143##144##151,11,3,600000.0
2006,43,3,6,1,4,134##178,5##2,2,450000.0
2006,43,3,7,1,4,167##188##206##247,4##3##6,4,499329.41
2006,43,3,11,1,4,168##221,4,2,535000.0
2006,43,3,12,1,4,239,2,1,250000.0
2006,43,3,13,1,4,153,11,1,263220.0
2006,44,3,3,1,3,59,4,1,96288.0
2006,44,3,4,1,3,62,4,1,32679.0
2006,44,3,6,1,3,89,2,1,399030.51
2006,44,3,7,1,3,60,4,1,81698.0
2006,44,3,10,1,3,26##61,1##4,2,462390.0
2006,44,3,11,1,3,63,4,1,289445.0
2006,45,3,10,1,4,135,7,1,270000.0
2006,45,3,11,1,4,169##181,12##3,2,730000.0
2006,49,3,13,1,3,324,11,1,3998590.0
2006,51,3,13,1,3,326,11,1,1000000.0
2006,52,3,6,1,3,4##8##80##84##108##287##291,5##2,7,11263312.63
2006,52,3,6,1,4,172,2,1,500000.0
2006,52,3,7,1,3,30##113##118##285##289,6##3##4,5,2340840.0
2006,52,3,9,1,3,52##282,4,2,2158579.5
2006,52,3,10,1,3,284,4,1,178690.0
2006,52,3,11,1,3,57##73##283,4,3,2501967.01
2006,52,3,12,1,3,87##334,2,2,2637750.0
2006,52,3,13,1,3,44##290,11,2,5105779.01
2006,52,3,13,1,4,145,11,1,500000.0
2006,55,3,7,1,3,123,3,1,1000000.0
2006,55,3,11,1,3,68,4,1,1000000.0
2006,55,3,12,1,3,95##96,2,2,3000000.0
2006,57,3,6,1,4,195##198,5,2,995010.0
2006,57,3,7,1,4,208##248##256##263##264##265##266##267##268##269##270,6##3,11,1988670.97
2006,57,3,11,1,4,238,4,1,1000000.0
2006,61,3,6,1,4,240,2,1,1514798.0
2006,61,3,9,1,4,222,4,1,470800.0
2006,63,3,6,1,4,189##243,5##2,2,970294.0
2006,63,3,9,1,4,228##257,4##3,2,1105310.0
2006,67,3,6,1,3,328,2,1,970546.5
2006,67,3,7,1,3,306##307##330,11##7##4,3,2603143.0
2006,67,3,11,1,3,331,1,1,230050.0
2006,71,3,6,1,3,83,2,1,5503822.91
2006,73,3,2,1,3,294,1,1,3299302.2
2006,73,3,7,1,3,305,3,1,1530100.0
2006,78,3,4,1,3,321##322,4##7,2,600000.0
2006,78,3,6,1,3,317##320,2##5,2,597550.0
2006,78,3,7,1,3,315##319,3##6,2,600754.84
2006,78,3,11,1,3,316,4,1,450000.0
2006,78,3,13,1,3,318,1,1,350000.0
2006,79,3,6,1,4,133##175##190##205,5##2##1,4,492602.18
2006,79,3,7,1,4,140##187##223##271,6##3##4,4,706787.0
2006,79,3,11,1,4,159##224,4,2,157000.0
2006,79,3,13,1,4,147##148##214,11,3,643611.0
2006,80,3,4,1,3,94,2,1,300000.0
2006,80,3,6,1,3,10##90,5##2,2,12500000.0
2006,80,3,7,1,3,120##121##346,3##4,3,7624699.0
2006,80,3,12,1,3,99##336##337,2,3,9094400.0
2006,80,3,13,1,3,37##58,11##4,2,6000000.0
2006,87,3,4,1,3,298,4,1,2000000.0
2006,87,3,6,1,3,5##9##81##88##281,5##2,5,2747863.58
2006,87,3,7,1,3,114##119,3,2,704540.0
2006,87,3,11,1,3,125,3,1,149800.0
2006,87,3,12,1,3,85##93##296,2,3,4961825.35
2006,87,3,13,1,3,275##286##297,4##2##1,3,6045025.8
2006,89,3,1,1,3,23,7,1,213000.0
2006,89,3,4,1,3,42,11,1,1224000.0
2006,89,3,6,1,3,312##314,2##5,2,4216555.0
2006,89,3,7,1,3,24##36##129,7##6##3,3,840150.0
2006,89,3,10,1,3,43##313,11,2,1357000.0
2006,89,3,11,1,3,21,7,1,149800.0
2006,89,3,12,1,3,28##100##323,1##2,3,1998461.12
2006,91,3,6,1,3,325,2,1,177096.0
2006,91,3,13,1,3,327,11,1,1000000.0
2006,93,3,4,1,3,20##39,7##11,2,2115012.0
2006,93,3,6,1,3,86##335,2,2,2699219.0
2006,93,3,11,1,3,64,4,1,733700.0
2006,106,3,13,1,4,154,11,1,500000.0
2006,107,3,4,1,4,136##200,7,2,500000.0
2006,107,3,6,1,4,241,2,1,250000.0
2006,107,3,7,1,4,182##249,3,2,499963.38
2006,107,3,9,1,4,165,4,1,250000.0
2006,107,3,10,1,4,166,4,1,250000.0
2006,107,3,11,1,4,233,4,1,250000.0
2007,1,3,6,1,3,589,2,1,1075552.0
2007,1,3,9,1,3,633,3,1,432697.0
2007,1,3,12,1,3,832,2,1,323212.0
2007,1,3,13,1,3,555##558,4##7,2,3602946.0
2007,3,3,4,1,4,381,7,1,306020.0
2007,3,3,6,1,4,385,2,1,2157432.0
2007,3,3,7,1,3,413,3,1,1466435.0
2007,3,3,7,1,4,386,3,1,717970.0
2007,3,3,10,1,4,383,6,1,107000.0
2007,3,3,11,1,3,398,4,1,1750000.0
2007,3,3,11,1,4,382##384##430,11##4,3,1211406.0
2007,5,3,4,1,3,850,11,1,299787.0
2007,7,3,4,1,3,876##881,4##1,2,5745900.0
2007,7,3,6,1,3,780##783##872##873##911,5##2,5,15366256.0
2007,7,3,7,1,3,781##786##879,6##3,3,730462.0
2007,7,3,9,1,3,779##874##880,4##3,3,2748081.0
2007,7,3,10,1,3,877,4,1,50290.0
2007,7,3,10,1,4,388,11,1,1000000.0
2007,7,3,11,1,3,875,4,1,556400.0
2007,7,3,12,1,3,878,4,1,250000.0
2007,7,3,13,1,3,782,1,1,299707.0
2007,10,3,3,1,3,405,4,1,140000.0
2007,10,3,4,1,3,399,1,1,100000.0
2007,10,3,6,1,3,400##403,2##5,2,1260000.0
2007,10,3,7,1,3,401##402##406,3##6##4,3,255000.0
2007,10,3,9,1,3,404,4,1,70000.0
2007,10,3,11,1,3,407,4,1,175000.0
2007,13,3,6,1,4,703##705,2##5,2,649998.18
2007,13,3,7,1,3,508##517,4##3,2,1796080.0
2007,13,3,9,1,4,704,4,1,227910.0
2007,14,3,6,1,4,389##390##391,5##2,3,8200000.0
2007,14,3,13,1,4,392,4,1,300000.0
2007,18,3,3,1,4,441,4,1,200000.0
2007,18,3,4,1,4,442##444,4##1,2,257000.0
2007,18,3,6,1,4,433##443,2##1,2,799567.0
2007,18,3,7,1,4,434##436##437##438##439##446##449##688##689##690##691##693##694##697,3##6##4##1,14,2185836.12
2007,18,3,9,1,4,440,4,1,252000.0
2007,18,3,10,1,4,431##435##687##695,11##6##4,4,1103300.0
2007,18,3,11,1,4,445##447##448##692,1##4,4,881037.0
2007,18,3,12,1,3,338,2,1,184330.0
2007,18,3,12,1,4,432##696,2,2,1099981.58
2007,19,3,4,1,3,364,4,1,2081000.0
2007,19,3,6,1,3,360##368,5##2,2,1411199.0
2007,19,3,6,1,4,656,5,1,258940.0
2007,19,3,7,1,3,416##425##426,1##3##6,3,1335026.0
2007,19,3,10,1,4,657,4,1,400180.0
2007,19,3,12,1,3,369,2,1,1453617.0
2007,19,3,12,1,4,658,9,1,319930.0
2007,19,3,13,1,3,359,11,1,1000000.0
2007,22,3,4,1,3,618,7,1,791693.0
2007,22,3,6,1,3,617,2,1,906841.0
2007,22,3,11,1,3,619,4,1,554510.0
2007,24,3,3,1,4,716,4,1,610487.0
2007,24,3,6,1,4,450##451##712##720,2##5,4,2750412.08
2007,24,3,7,1,3,408,3,1,1677450.0
2007,24,3,7,1,4,452##453##717##719,6##4##3,4,1864450.0
2007,24,3,10,1,4,455##713,7,2,540300.0
2007,24,3,11,1,4,454,4,1,548950.0
2007,24,3,12,1,4,456,1,1,200000.0
2007,24,3,13,1,4,721##722,1,2,302811.0
2007,26,3,6,1,3,790##799,5##2,2,1400000.0
2007,26,3,6,1,4,457##461,2##5,2,2998577.04
2007,26,3,7,1,3,379##797##798##800,4##6##3,4,4700000.0
2007,26,3,7,1,4,458##460,4##6,2,2000000.0
2007,27,3,3,1,4,475,4,1,1007088.0
2007,27,3,4,1,4,463##476,11##4,2,5156003.0
2007,27,3,6,1,3,851,2,1,2041141.0
2007,27,3,6,1,4,465##468,5##2,2,7112290.0
2007,27,3,7,1,4,466##467##470##471##472##564##582##670##676,3##4##6,9,9713115.09
2007,27,3,9,1,4,671,4,1,1500000.83
2007,27,3,10,1,3,849,4,1,1332150.0
2007,27,3,10,1,4,464##473##474##477##672,11##4##6,5,6828700.0
2007,27,3,11,1,4,568##674,4,2,5545275.0
2007,27,3,12,1,4,469,2,1,4419100.0
2007,27,3,13,1,3,846,11,1,1626709.0
2007,27,3,13,1,4,462##677##678,11,3,6225006.0
2007,28,3,6,1,3,535##550,2##5,2,997460.0
2007,28,3,7,1,3,549,3,1,299910.0
2007,28,3,9,1,3,548,4,1,278200.0
2007,30,3,3,1,3,858,4,1,50000.0
2007,30,3,4,1,3,883##909,1,2,550301.0
2007,30,3,6,1,3,540##855##910,2##5,3,1614492.0
2007,30,3,7,1,3,539##853,3##6,2,610000.0
2007,30,3,9,1,3,859,4,1,287158.0
2007,30,3,10,1,3,544##860##861,6##4,3,229785.0
2007,30,3,11,1,3,857,4,1,328383.0
2007,30,3,13,1,3,908,4,1,209774.0
2007,35,3,3,1,4,485,4,1,300000.0
2007,35,3,6,1,4,486##730##731,11##1,3,639970.63
2007,35,3,7,1,4,484##487##729,4##3,3,874999.6
2007,35,3,9,1,4,732,4,1,175938.0
2007,35,3,10,1,4,488,1,1,240000.0
2007,35,3,11,1,4,489##490##733,4,3,770000.34
2007,36,3,6,1,4,590##750,2,2,1875003.75
2007,36,3,7,1,3,893##904,6##3,2,796570.0
2007,36,3,7,1,4,479##483##569##751##752##755,3##11##4##6,6,3526590.86
2007,36,3,11,1,4,478##482##753,4##11,3,3050099.36
2007,36,3,12,1,3,892##906,2,2,1470243.0
2007,36,3,12,1,4,480##792,1##9,2,290209.0
2007,36,3,13,1,3,547,11,1,1100730.0
2007,36,3,13,1,4,481,11,1,256213.0
2007,39,3,4,1,3,852,11,1,161599.0
2007,40,3,6,1,3,814##823,5##2,2,1752363.0
2007,40,3,7,1,3,822##826,6##4,2,428072.0
2007,40,3,9,1,3,828,4,1,80765.0
2007,40,3,11,1,3,825,4,1,235756.0
2007,43,3,6,1,3,514##515##870,5##2,3,2844740.0
2007,43,3,7,1,3,353##366##428##869,4##3,4,5043208.61
2007,43,3,10,1,3,422,4,1,395900.0
2007,43,3,11,1,3,423##871,4,2,608295.0
2007,43,3,12,1,3,355##356##424,2,3,1929170.0
2007,45,3,4,1,3,803,7,1,254660.0
2007,45,3,6,1,3,801##802,5,2,337157.0
2007,45,3,6,1,4,573##740,2,2,1000000.0
2007,45,3,7,1,4,738,3,1,500000.0
2007,45,3,9,1,4,491,4,1,662330.0
2007,45,3,10,1,4,492##570,4##7,2,615715.0
2007,45,3,11,1,4,572##741,3##4,2,498560.0
2007,48,3,4,1,3,341,4,1,770383.0
2007,48,3,6,1,3,340##349,2,2,1134481.0
2007,48,3,7,1,3,351,3,1,535000.0
2007,48,3,13,1,3,339##350##352,7##4,3,720042.44
2007,49,3,4,1,3,505,7,1,3533359.0
2007,52,3,4,1,4,723,11,1,1402235.0
2007,52,3,6,1,3,344,5,1,1187246.32
2007,52,3,6,1,4,724,2,1,500011.0
2007,52,3,7,1,3,343,3,1,756811.0
2007,52,3,7,1,4,727##728,6##3,2,327040.0
2007,52,3,9,1,4,726,4,1,473162.56
2007,52,3,11,1,4,725,4,1,300052.61
2007,55,3,1,1,3,578,13,1,513356.0
2007,55,3,3,1,3,576,13,1,253953.0
2007,55,3,4,1,3,562##571,13,2,1537697.0
2007,55,3,6,1,3,560,13,1,1076973.0
2007,55,3,7,1,3,575,13,1,811677.0
2007,55,3,10,1,3,577,13,1,171200.0
2007,55,3,11,1,3,563,13,1,698175.0
2007,55,3,12,1,3,574,1,1,419975.0
2007,55,3,13,1,3,579,4,1,193242.0
2007,56,3,6,1,3,615##616,5##2,2,3123266.87
2007,56,3,7,1,3,634##635,3##6,2,908055.0
2007,56,3,9,1,3,614,4,1,710748.0
2007,57,3,6,1,3,363,5,1,2199555.0
2007,57,3,7,1,4,663##668##669##785,3##6,4,926597.16
2007,57,3,11,1,4,665##666##667,4,3,535000.0
2007,59,3,6,1,3,510##526##527,5##2,3,1432760.0
2007,59,3,7,1,3,511##512##525,3##6##4,3,1091774.0
2007,59,3,9,1,3,551,4,1,300000.0
2007,59,3,11,1,3,513##524,4,2,387019.0
2007,59,3,12,1,3,553,2,1,220000.0
2007,61,3,6,1,3,810,2,1,541074.0
2007,61,3,11,1,3,811,4,1,476029.0
2007,63,3,6,1,3,844,2,1,193654.0
2007,63,3,6,1,4,707##708##709,2##5,3,590441.0
2007,63,3,9,1,4,710,4,1,264290.0
2007,63,3,13,1,3,843,11,1,653235.0
2007,64,3,4,1,3,889##890,7,2,683600.0
2007,64,3,7,1,3,885##886##888,3##4##6,3,834470.0
2007,64,3,11,1,3,887,4,1,175480.0
2007,66,3,3,1,3,376,4,1,418575.0
2007,66,3,4,1,3,414,7,1,795010.0
2007,66,3,6,1,3,361##374##899,2##5,3,4981223.52
2007,66,3,7,1,3,373##377##378,4##3##6,3,1684105.0
2007,66,3,10,1,3,375,4,1,464027.97
2007,66,3,11,1,3,372,4,1,1001355.0
2007,66,3,12,1,3,367##371##516,2,3,2492864.31
2007,66,3,13,1,3,420,1,1,395834.25
2007,67,3,6,1,4,734,2,1,497084.55
2007,67,3,7,1,4,493##737,1##3,2,904977.33
2007,67,3,13,1,4,735,11,1,401250.0
2007,68,3,6,1,4,546,2,1,383184.12
2007,68,3,10,1,4,394,11,1,616815.0
2007,69,3,6,1,3,882,2,1,1000000.0
2007,70,3,4,1,3,804,1,1,1791180.0
2007,70,3,6,1,3,808,2,1,2169318.0
2007,70,3,7,1,3,805##809,4##3,2,616962.0
2007,70,3,9,1,3,806,4,1,149265.0
2007,70,3,11,1,3,807,4,1,248775.0
2007,71,3,6,1,4,660,2,1,1000022.0
2007,71,3,9,1,4,662,4,1,1000000.6
2007,73,3,4,1,3,348,13,1,2324361.0
2007,73,3,6,1,4,655,13,1,1000000.0
2007,73,3,7,1,4,653##679,3##25,2,2150000.0
2007,73,3,10,1,3,415,4,1,201588.0
2007,73,3,11,1,4,654,4,1,509510.0
2007,74,3,4,1,3,611,11,1,622468.0
2007,74,3,6,1,3,607##776,5##2,2,1826151.0
2007,74,3,7,1,3,605##610,3##6,2,995913.0
2007,74,3,11,1,3,604##608,4##7,2,1881301.0
2007,74,3,12,1,3,613##775,2##7,2,481132.0
2007,77,3,2,1,3,748,1,1,200000.0
2007,77,3,3,1,3,744,14,1,500000.0
2007,77,3,4,1,3,747,7,1,4419100.0
2007,77,3,6,1,3,745##756,5##2,2,3227054.0
2007,77,3,7,1,3,746##764,6##3,2,945559.0
2007,77,3,11,1,3,743,4,1,200000.0
2007,77,3,13,1,3,749,1,1,100000.0
2007,78,3,4,1,3,606,7,1,520808.0
2007,78,3,6,1,3,597,2,1,287955.0
2007,78,3,7,1,3,602##603,3##6,2,129451.0
2007,79,3,6,1,4,700,5,1,219992.0
2007,79,3,7,1,3,421,3,1,512551.4
2007,79,3,7,1,4,702##784,6##3,2,366342.0
2007,79,3,10,1,4,767,1,1,49755.0
2007,79,3,11,1,3,427,4,1,369150.0
2007,79,3,11,1,4,765##766,1,2,95108.67
2007,79,3,13,1,4,701,11,1,368773.0
2007,80,3,3,1,4,496##497,4,2,500000.0
2007,80,3,4,1,3,621,4,1,1300001.0
2007,80,3,6,1,3,623##624##902,5,3,1254611.0
2007,80,3,6,1,4,501,2,1,300000.0
2007,80,3,7,1,3,620##622##626##629##630##905,6##4##3,6,5371425.0
2007,80,3,7,1,4,494##498##565,4##3,3,1680000.0
2007,80,3,9,1,4,499##500##567,4,3,520000.0
2007,80,3,10,1,3,894##898,11,2,4719318.0
2007,80,3,11,1,3,631##632,4,2,2054678.0
2007,80,3,11,1,4,495##566,4##3,2,3000000.0
2007,80,3,12,1,3,519##625,2,2,3200000.0
2007,80,3,13,1,3,538,1,1,1575000.0
2007,81,3,6,1,3,862##863,5##2,2,249940.0
2007,81,3,13,1,3,864,11,1,166385.0
2007,83,3,13,1,3,903,11,1,348285.0
2007,87,3,4,1,3,528##533,11##4,2,2716548.0
2007,87,3,6,1,3,865,2,1,2025308.0
2007,87,3,7,1,3,534##554##867,3##4,3,1946865.0
2007,87,3,11,1,3,866,4,1,1353919.0
2007,87,3,12,1,3,362##529,2,2,5530735.0
2007,87,3,12,1,4,395,1,1,1000000.0
2007,87,3,13,1,3,537,1,1,1091400.0
2007,89,3,4,1,3,418##773,11,2,2072500.0
2007,89,3,6,1,3,419##503##768##769,2##5##1,4,4526687.0
2007,89,3,7,1,3,506##507,6##3,2,1002210.0
2007,89,3,10,1,3,417##772,11,2,1887624.5
2007,89,3,11,1,3,429,4,1,1189108.0
2007,89,3,12,1,3,380,1,1,209955.0
2007,90,3,6,1,3,591##592,5##2,2,3136815.48
2007,92,3,6,1,3,532,5,1,119814.0
2007,93,3,6,1,3,504##530,5,2,1090993.0
2007,93,3,12,1,3,900,2,1,209571.0
2007,94,3,6,1,3,601##829##830,2##5,3,2266412.0
2007,94,3,9,1,3,600,4,1,1310750.0
2007,94,3,11,1,3,831,4,1,225770.0
2007,97,3,3,1,3,840,4,1,441750.0
2007,97,3,4,1,3,842,4,1,252788.0
2007,97,3,6,1,3,509##833##835,2##5,3,9280785.0
2007,97,3,7,1,3,836,3,1,758577.0
2007,97,3,10,1,3,837,11,1,287945.0
2007,97,3,11,1,3,839,4,1,720850.0
2007,97,3,12,1,3,838,2,1,1258320.0
2007,99,3,6,1,3,521,5,1,702990.0
2007,99,3,7,1,3,520##522,4##3,2,497071.0
2007,105,3,6,1,3,586,5,1,2432110.0
2007,105,3,7,1,3,788,3,1,415973.0
2007,105,3,11,1,3,787,4,1,586493.0
2007,107,3,4,1,4,397,7,1,1000000.0
2007,107,3,6,1,3,812,2,1,8000000.0
2007,107,3,6,1,4,682,5,1,200000.0
2007,107,3,7,1,4,686##868,3##4,2,1100000.3
2007,107,3,9,1,4,683,4,1,199084.11
2007,107,3,10,1,4,680##681,7##6,2,499992.0
2007,107,3,11,1,4,396,4,1,1000000.0
2008,1,3,4,1,4,1014##1364,7,2,1673828.0
2008,1,3,6,1,3,957,2,1,6945154.0
2008,1,3,6,1,4,1012,5,1,814779.0
2008,1,3,7,1,3,956##958,4##3,2,1056906.0
2008,1,3,7,1,4,1052##1363,3,2,1439935.0
2008,1,3,9,1,4,1362,4,1,447795.0
2008,1,3,11,1,4,1361,4,1,3302157.0
2008,1,3,12,1,3,944,2,1,1444500.0
2008,1,3,13,1,4,1016,11,1,1095590.12
2008,3,3,4,1,3,1144,7,1,273653.0
2008,3,3,7,1,3,1146##1147,4##3,2,1225000.0
2008,7,3,6,1,3,1159,2,1,1000000.0
2008,10,3,3,1,3,947,4,1,76772.1
2008,10,3,4,1,3,954,7,1,263994.0
2008,10,3,6,1,3,946##951,5##2,2,1311920.0
2008,10,3,7,1,3,952##953,3##6,2,208650.0
2008,10,3,9,1,3,948,4,1,40660.0
2008,10,3,10,1,3,949,4,1,126260.0
2008,10,3,11,1,3,950,4,1,243618.0
2008,13,3,6,1,3,1366,5,1,499999.23
2008,13,3,6,1,4,1008##1010,2##5,2,2252688.0
2008,13,3,9,1,3,1365##1367,4##2,2,1500294.0
2008,13,3,9,1,4,1011,4,1,1147311.0
2008,14,3,6,1,3,1308,5,1,1000001.0
2008,14,3,6,1,4,1422##1425,2##5,2,1001583.0
2008,14,3,7,1,4,1423##1424,3##6,2,475802.0
2008,14,3,9,1,3,1307,4,1,600012.0
2008,14,3,11,1,4,1421,4,1,794449.0
2008,14,3,13,1,4,1420,11,1,1316100.0
2008,16,3,3,1,3,963,4,1,169595.0
2008,16,3,3,1,4,1045,4,1,130000.0
2008,16,3,6,1,3,966,2,1,1097547.0
2008,16,3,6,1,4,1043,2,1,840000.0
2008,16,3,7,1,3,959##960##962##987##989,4##6##3,5,784388.0
2008,16,3,10,1,3,964,4,1,85600.0
2008,16,3,11,1,3,961,4,1,216140.0
2008,16,3,12,1,3,988##990,2##1,2,679147.0
2008,16,3,13,1,3,965,11,1,1687843.0
2008,16,3,13,1,4,1042##1044,11##4,2,1030006.0
2008,18,3,7,1,3,1178##1179##1180,4##6##3,3,997718.0
2008,18,3,9,1,3,1176,1,1,304175.0
2008,18,3,10,1,3,1161##1175,1##11,2,594554.0
2008,18,3,11,1,3,1177,4,1,490584.0
2008,18,3,12,1,3,955,2,1,999983.0
2008,19,3,3,1,3,1173,4,1,302275.0
2008,19,3,3,1,4,1388,4,1,297995.0
2008,19,3,4,1,3,1273,11,1,1154007.0
2008,19,3,6,1,3,1168,2,1,1891256.0
2008,19,3,6,1,4,1386,5,1,649917.0
2008,19,3,7,1,3,1172,4,1,192600.0
2008,19,3,7,1,4,1389##1390##1391##1392,6##4##3,4,1037155.0
2008,19,3,9,1,3,1169,4,1,363479.0
2008,19,3,10,1,3,1174,4,1,113420.0
2008,19,3,10,1,4,1393##1398##1400,1##4##6,3,1207645.0
2008,19,3,11,1,4,1399,4,1,973700.0
2008,19,3,12,1,4,1477,2,1,1000026.0
2008,19,3,13,1,3,1167,11,1,1490510.0
2008,19,3,13,1,4,1401##1402,11,2,1599995.0
2008,21,3,4,1,3,1206##1210,1##11,2,4058830.0
2008,21,3,6,1,3,1203,2,1,490888.0
2008,21,3,7,1,3,1202##1205,6##3,2,1419935.0
2008,21,3,11,1,3,1207,4,1,2076078.0
2008,22,3,4,1,3,914,7,1,462422.0
2008,22,3,6,1,3,912,2,1,982147.0
2008,22,3,11,1,3,913,4,1,393764.0
2008,23,3,9,1,3,1129##1130##1131,3##4##6,3,534037.0
2008,24,3,3,1,4,1081,4,1,169060.0
2008,24,3,6,1,3,1235##1236,2##5,2,2012459.0
2008,24,3,6,1,4,1074##1075,2##5,2,3151545.0
2008,24,3,7,1,3,1272,4,1,2065100.0
2008,24,3,7,1,4,1071##1078##1079,6##4,3,815340.0
2008,24,3,9,1,3,1473##1475,4##2,2,994514.0
2008,24,3,9,1,4,1077,4,1,279270.0
2008,24,3,10,1,4,1070##1072##1073##1076##1082,1##7##11##4,5,1168794.0
2008,24,3,11,1,4,1080,4,1,222560.0
2008,24,3,12,1,4,1187,2,1,582454.5
2008,24,3,13,1,4,1069,1,1,613935.0
2008,25,3,3,1,3,1451,14,1,239774.0
2008,25,3,4,1,3,1379##1469##1470,1,3,1341775.0
2008,25,3,6,1,3,1375##1376##1452##1467,2##5,4,2552458.0
2008,25,3,7,1,3,1377##1378##1468##1471,3##6,4,2030932.0
2008,25,3,11,1,3,1381##1466,4,2,1202577.0
2008,26,3,6,1,4,1385,5,1,599869.0
2008,26,3,7,1,3,1438,3,1,857256.0
2008,26,3,7,1,4,1383##1384,6##3,2,900008.0
2008,26,3,9,1,3,1439,4,1,540914.0
2008,26,3,9,1,4,1382,4,1,500007.0
2008,27,3,3,1,4,1089,4,1,2798050.0
2008,27,3,4,1,4,1090,4,1,4544846.0
2008,27,3,6,1,3,1324,2,1,3000022.0
2008,27,3,6,1,4,1097##1110##1209,5##2,3,11366548.0
2008,27,3,7,1,4,1095##1098##1099##1113##1114##1115,4##6##3,6,4547153.0
2008,27,3,9,1,4,1091,4,1,3400000.0
2008,27,3,10,1,4,1093##1096##1107##1108,4##1##6##11,4,2773887.0
2008,27,3,11,1,4,1094,4,1,7340200.0
2008,27,3,12,1,4,1208,2,1,500000.0
2008,27,3,13,1,4,1109,11,1,836312.0
2008,28,3,4,1,3,1315,11,1,230000.0
2008,28,3,6,1,3,983##1068##1314##1316,2##5,4,2604819.0
2008,28,3,9,1,3,984##986##1312##1317##1318,4##3##1,5,1365548.0
2008,28,3,11,1,3,985##1313,4,2,1380300.0
2008,35,3,6,1,3,1103##1309##1310,1##5##11,3,2525442.0
2008,35,3,9,1,3,1311,3,1,470800.0
2008,36,3,6,1,3,1252,2,1,9999239.0
2008,36,3,6,1,4,1032##1033##1040,2##5,3,3681556.0
2008,36,3,7,1,3,1249##1251##1253,3##6##4,3,2499602.0
2008,36,3,7,1,4,1037##1038##1039,4##6##3,3,2600000.0
2008,36,3,9,1,3,1250##1278,3##4,2,6000753.0
2008,36,3,9,1,4,1036,4,1,1012755.0
2008,36,3,11,1,3,1279,4,1,1500000.0
2008,36,3,11,1,4,1034,4,1,1156842.0
2008,36,3,12,1,3,1277,2,1,377293.0
2008,36,3,13,1,3,1275,11,1,1500000.0
2008,36,3,13,1,4,1041,11,1,1200000.0
2008,39,3,4,1,3,1370##1371,11##7,2,995590.0
2008,39,3,6,1,3,1372,2,1,1570000.0
2008,39,3,7,1,3,1373,3,1,149800.0
2008,39,3,10,1,3,1369,6,1,150000.0
2008,39,3,11,1,3,1368,4,1,129925.0
2008,42,3,6,1,3,1523##1524,2##5,2,890825.0
2008,42,3,7,1,3,1522##1526,6##3,2,281881.0
2008,42,3,11,1,3,1525,4,1,310835.0
2008,43,3,6,1,3,1222,2,1,3000000.0
2008,43,3,9,1,3,1219,4,1,999178.0
2008,44,3,7,1,3,1289##1528,3,2,490665.0
2008,44,3,11,1,3,1288##1527,4,2,711302.0
2008,45,3,3,1,3,1447,4,1,200625.0
2008,45,3,4,1,3,1449##1543,7,2,1657163.0
2008,45,3,6,1,3,1181##1200##1441##1544,2##5,4,7704251.0
2008,45,3,7,1,3,1444##1545,3,2,720999.0
2008,45,3,9,1,3,1445##1453##1548,4##6,3,1296510.0
2008,45,3,10,1,3,1446,4,1,132680.0
2008,45,3,11,1,3,1448##1547,4,2,867727.0
2008,45,3,12,1,3,1442##1443##1570,2,3,3450149.0
2008,46,3,4,1,3,1507,7,1,626485.0
2008,46,3,6,1,3,1508##1509,2##5,2,724859.0
2008,46,3,11,1,3,1510,4,1,150000.0
2008,47,3,7,1,3,1414##1484,6,2,463310.0
2008,47,3,13,1,3,1413##1511,4,2,2547515.0
2008,49,3,4,1,4,1329##1330,11##7,2,5000001.0
2008,49,3,6,1,3,945,2,1,5076123.0
2008,49,3,13,1,3,1126,1,1,1560531.0
2008,51,3,13,1,3,1160,11,1,3543119.0
2008,52,3,4,1,3,924##1261##1262,11##7,3,1770783.0
2008,52,3,4,1,4,1047,11,1,3439500.0
2008,52,3,6,1,3,915##1257##1269##1270##1568,2##5,5,10964438.0
2008,52,3,6,1,4,1050##1051,2##5,2,1849740.0
2008,52,3,7,1,3,916##917##919##1258,3##4##6,4,944034.0
2008,52,3,7,1,4,1048##1049,4##3,2,1117108.0
2008,52,3,9,1,3,1268##1271,4##3,2,666126.0
2008,52,3,10,1,3,920##922##923##925##1260,6##7##11,5,1003487.0
2008,52,3,11,1,3,918##1263,4,2,1278989.98
2008,52,3,12,1,3,921,7,1,443868.0
2008,52,3,13,1,3,1567,11,1,2492205.0
2008,53,3,4,1,3,1562##1564,11##4,2,220151.0
2008,53,3,6,1,3,1560##1563,2##5,2,1750405.0
2008,54,3,3,1,3,1354,4,1,100045.0
2008,54,3,6,1,3,1356##1357,5##2,2,1199873.6
2008,54,3,7,1,3,1358,3,1,223630.0
2008,54,3,9,1,3,1352,4,1,200497.0
2008,54,3,10,1,3,1355,4,1,99724.0
2008,54,3,11,1,3,1353##1360,4##18,2,200608.0
2008,55,3,6,1,3,1506,13,1,1008582.0
2008,56,3,6,1,3,1087##1267,5,2,1653518.0
2008,56,3,9,1,3,1294,3,1,167402.0
2008,56,3,10,1,3,1295,6,1,74900.0
2008,57,3,6,1,3,1234,5,1,1900000.0
2008,59,3,3,1,3,1062,4,1,460000.0
2008,59,3,4,1,3,1063,4,1,84000.0
2008,59,3,6,1,3,1060##1067##1218##1320##1322,2##5,5,1988830.0
2008,59,3,7,1,3,1057##1058##1065##1217##1323,6##3##4,5,1522300.0
2008,59,3,9,1,3,1319##1321,4##2,2,785669.75
2008,59,3,10,1,3,1064,4,1,100000.0
2008,59,3,11,1,3,1066,4,1,1150000.0
2008,59,3,12,1,3,1059,2,1,400000.0
2008,61,3,9,1,4,1006##1007,4##2,2,3198971.51
2008,63,3,6,1,3,1238,5,1,689615.0
2008,63,3,9,1,3,1239##1240,3##4,2,442980.0
2008,66,3,3,1,3,934,4,1,230050.0
2008,66,3,4,1,3,941,7,1,599200.0
2008,66,3,6,1,3,929##1100,2,2,1547236.0
2008,66,3,7,1,3,938##939##940##942,4##3##6##19,4,638253.0
2008,66,3,9,1,3,935,4,1,107000.0
2008,66,3,10,1,3,933,4,1,196880.0
2008,66,3,11,1,3,937,4,1,500000.0
2008,66,3,12,1,3,930,2,1,1020541.0
2008,67,3,4,1,3,1188##1189##1297,11##7,3,3496857.0
2008,67,3,6,1,3,1191##1212##1296,2##5,3,8773602.0
2008,67,3,7,1,3,1190##1192##1196##1198##1298,7##3##4##6,5,4527731.0
2008,67,3,7,1,4,1053##1054##1056,6##3,3,1302591.0
2008,67,3,9,1,3,1195,4,1,1000450.0
2008,67,3,11,1,3,1194,4,1,2867600.0
2008,67,3,12,1,3,1197##1199##1201##1224,2##4,4,5751130.0
2008,67,3,13,1,4,1055,11,1,717388.0
2008,69,3,4,1,3,1457##1462,4##7,2,329220.0
2008,69,3,4,1,4,1121,18,1,200000.0
2008,69,3,6,1,3,1458##1463##1476##1549##1551,5##2,5,4557000.0
2008,69,3,6,1,4,1001##1002,2##5,2,4400000.0
2008,69,3,7,1,3,1461##1464,6##3,2,572000.0
2008,69,3,7,1,4,1003##1004,6##3,2,598530.0
2008,69,3,9,1,3,1550,4,1,650029.0
2008,69,3,9,1,4,1031,4,1,298316.0
2008,69,3,10,1,3,1465,20,1,40376.0
2008,69,3,11,1,3,1459##1460,4,2,494495.0
2008,69,3,13,1,4,1106,11,1,500852.0
2008,71,3,6,1,3,1406,5,1,760001.0
2008,71,3,6,1,4,1026##1029,2##5,2,4000000.0
2008,71,3,7,1,3,1247,3,1,1055020.0
2008,71,3,7,1,4,1030,6,1,500000.0
2008,71,3,9,1,3,1404##1405,2##4,2,938772.0
2008,71,3,9,1,4,1027##1028,4##3,2,1999999.0
2008,71,3,12,1,3,1128##1403,2,2,1000850.0
2008,73,3,6,1,3,1101##1102,2##13,2,4988364.0
2008,74,3,3,1,3,1350##1351##1534##1535,4##14,4,280702.0
2008,74,3,4,1,3,1343##1530,11##18,2,2974116.0
2008,74,3,4,1,4,1021##1022,7##18,2,553876.0
2008,74,3,6,1,3,1245##1246##1326##1344##1529,5##2,5,4401391.0
2008,74,3,6,1,4,1023##1024,2##5,2,2463458.0
2008,74,3,7,1,3,1345##1538##1540,3##6,3,1570821.0
2008,74,3,7,1,4,1018##1086,4##3,2,1991191.0
2008,74,3,9,1,3,1243##1244##1348##1533,3##4,4,1125024.0
2008,74,3,10,1,3,1349##1536##1537,4##6,3,312173.0
2008,74,3,11,1,3,1346##1347##1532,3##4,3,1097028.0
2008,74,3,11,1,4,1020,4,1,700000.0
2008,74,3,12,1,3,1539,2,1,150010.0
2008,74,3,13,1,4,1025,11,1,1100000.0
2008,78,3,6,1,3,1411,2,1,619448.0
2008,78,3,7,1,3,1409##1412,6##3,2,517428.0
2008,78,3,10,1,3,1407,4,1,212788.0
2008,78,3,11,1,3,1408,4,1,330630.0
2008,78,3,13,1,3,1410,7,1,399998.0
2008,79,3,6,1,4,1119##1120,5##2,2,419375.0
2008,79,3,7,1,4,1117##1125,6##3,2,750041.0
2008,79,3,9,1,4,1123,4,1,135923.0
2008,79,3,11,1,4,1124,4,1,249957.0
2008,79,3,13,1,4,1116,11,1,456358.0
2008,80,3,3,1,3,1142##1229,4,2,556764.0
2008,80,3,4,1,3,1137##1227##1231,4##7,3,1110196.0
2008,80,3,6,1,3,1162##1232,2,2,6751562.0
2008,80,3,7,1,3,1138##1145##1233,4##3,3,1442803.0
2008,80,3,9,1,3,1140##1225,4,2,671760.0
2008,80,3,10,1,3,1228,4,1,128828.0
2008,80,3,11,1,3,1141##1226,4,2,1817602.0
2008,80,3,12,1,3,1143##1163,2,2,2535000.0
2008,80,3,13,1,3,1450,11,1,1010739.0
2008,87,3,6,1,3,1214##1242,5##1,2,3000451.0
2008,87,3,9,1,3,1213,4,1,3038800.0
2008,87,3,12,1,3,1280##1482,2,2,5682692.0
2008,89,3,3,1,3,1555,4,1,703210.0
2008,89,3,3,1,4,1331,4,1,350125.0
2008,89,3,4,1,3,1149##1153,7##11,2,873424.0
2008,89,3,4,1,4,1335##1336,11##7,2,2019980.0
2008,89,3,6,1,3,1150##1152,2##5,2,2701704.0
2008,89,3,6,1,4,1333,5,1,360000.0
2008,89,3,7,1,3,1132##1148,3##6,2,500065.0
2008,89,3,7,1,4,1334##1337,6##3,2,850211.0
2008,89,3,9,1,3,1156,4,1,401250.0
2008,89,3,9,1,4,1332,4,1,307090.0
2008,89,3,10,1,3,1154##1157,11##4,2,1166514.0
2008,89,3,11,1,3,1155##1553##1558##1559,4##7##12,4,1561735.0
2008,89,3,12,1,3,1151,2,1,593508.0
2008,89,3,12,1,4,1338,1,1,107976.0
2008,91,3,6,1,3,928##1455##1456,2##5,3,6714725.0
2008,91,3,7,1,4,1428##1429,6##3,2,624741.0
2008,91,3,11,1,3,1454,4,1,251450.0
2008,92,3,2,1,3,967,1,1,1800000.0
2008,92,3,6,1,3,971##1158##1306,2##5,3,4256880.0
2008,92,3,7,1,3,969##970,3##4,2,829940.0
2008,92,3,9,1,3,1304##1305,4##3,2,388817.0
2008,92,3,11,1,3,968,1,1,371600.0
2008,94,3,6,1,3,1302##1303,5##2,2,1710249.0
2008,94,3,9,1,3,1301,4,1,363800.0
2008,97,3,6,1,3,1290##1291,2##5,2,2981516.0
2008,97,3,9,1,3,1292##1293,4##3,2,2001435.0
2008,97,3,10,1,3,1276,11,1,698978.0
2008,99,3,6,1,3,1417,5,1,499958.0
2008,105,3,3,1,3,972,4,1,97370.0
2008,105,3,4,1,3,1518##1519,11##7,2,622231.0
2008,105,3,6,1,3,981##1501##1515##1565,2##5,4,4400712.0
2008,105,3,7,1,3,1513,6,1,65000.0
2008,105,3,9,1,3,974##1502##1503##1512##1517,4##3,5,1680253.0
2008,105,3,10,1,3,973##980##1514,4##11##6,3,1063081.0
2008,105,3,11,1,3,1516,4,1,278200.0
2008,107,3,3,1,4,1000,7,1,630000.0
2008,107,3,6,1,3,1396##1397##1500##1541,11##2##7,4,6688476.0
2008,107,3,7,1,4,992##996##997##998,4##3##6##7,4,1250379.0
2008,107,3,9,1,3,1394,4,1,299999.0
2008,107,3,11,1,4,991##1122,4,2,1231937.48
2008,107,3,12,1,4,999,2,1,367341.0
2008,107,3,13,1,4,994##995,11##7,2,1014000.0
2009,1,3,4,1,3,1595,7,1,495089.0
2009,1,3,6,1,3,1596,5,1,1475068.0
2009,1,3,7,1,3,1594,3,1,500225.0
2009,1,3,9,1,3,1597,4,1,539317.0
2009,1,3,11,1,3,1593,4,1,1155868.0
2009,2,3,3,1,4,1917,4,1,144985.0
2009,2,3,6,1,4,1914,11,1,202499.0
2009,2,3,7,1,4,1915##1916,11##4,2,356345.0
2009,2,3,11,1,4,1913,11,1,832171.0
2009,3,3,4,1,3,1690,7,1,445000.0
2009,3,3,7,1,3,1691,3,1,700023.0
2009,3,3,11,1,3,1689,4,1,1209100.0
2009,9,3,13,1,3,1957,1,1,463845.0
2009,13,3,3,1,3,1960,4,1,930001.0
2009,13,3,4,1,3,1963,11,1,627555.0
2009,13,3,6,1,3,1964,2,1,1409185.0
2009,13,3,6,1,4,1621##1623,2##5,2,1250002.0
2009,13,3,7,1,3,1794##1795##1958##1962##1965,4##3##6,5,2860487.0
2009,13,3,7,1,4,1624,3,1,249989.0
2009,13,3,9,1,3,1959,4,1,583461.0
2009,13,3,9,1,4,1622,4,1,497544.0
2009,13,3,11,1,3,1961,4,1,117700.0
2009,14,3,4,1,4,1686,11,1,696771.0
2009,14,3,6,1,4,1685##1687,5##2,2,2280000.0
2009,14,3,7,1,4,1688,3,1,240002.0
2009,14,3,13,1,4,1684,4,1,740000.0
2009,17,3,7,1,3,2039,3,1,314580.0
2009,17,3,11,1,3,2038,4,1,159758.0
2009,18,3,6,1,4,1881##1882,5##2,2,280034.0
2009,18,3,7,1,4,1877##1947##1966,6##3##4,3,777761.0
2009,18,3,9,1,4,1870##1871##1872,4,3,678028.0
2009,18,3,10,1,4,1885##1886,11,2,419967.0
2009,18,3,11,1,4,1876,4,1,419999.0
2009,18,3,12,1,3,1581,2,1,187355.0
2009,18,3,12,1,4,1883##1884,2,2,212001.0
2009,19,3,3,1,4,1860,4,1,251450.0
2009,19,3,6,1,3,1715,2,1,672000.0
2009,19,3,6,1,4,1861,5,1,500000.0
2009,19,3,7,1,3,1713##1716,6##3,2,216000.0
2009,19,3,7,1,4,1859##1863##1867##1868,4##6##3,4,943149.0
2009,19,3,9,1,3,1709,4,1,256800.0
2009,19,3,9,1,4,1856##1869,4##3,2,500751.0
2009,19,3,10,1,4,1858##1862,4##6,2,754888.0
2009,19,3,11,1,3,1710,4,1,107000.0
2009,19,3,11,1,4,1857,4,1,768153.0
2009,19,3,12,1,4,1866,2,1,349997.0
2009,19,3,13,1,3,1714,11,1,746860.0
2009,19,3,13,1,4,1864##1865,11,2,1396000.0
2009,22,3,4,1,3,1572,7,1,466418.0
2009,22,3,6,1,3,1571##1575,5##2,2,1511939.0
2009,22,3,6,1,4,1722##1771,5##2,2,1985131.0
2009,22,3,7,1,4,1718##1719##1720,3##6##4,3,1816459.0
2009,22,3,12,1,3,1821,2,1,392068.0
2009,22,3,12,1,4,1721,2,1,203289.0
2009,22,3,13,1,3,1573##1574,6##4,2,1156984.0
2009,22,3,13,1,4,1717,11,1,995100.0
2009,24,3,6,1,4,1630##1633##1634,5##4##2,3,1000000.0
2009,24,3,7,1,3,2057,3,1,412313.0
2009,24,3,10,1,4,1631##1632,7##11,2,1000003.0
2009,26,3,6,1,4,1660##1662##1901##1903,5##2,4,15143727.0
2009,26,3,7,1,4,1661##1663##1899##1900##1902,6##3##4,5,2751676.0
2009,26,3,9,1,4,1659,4,1,1101300.0
2009,27,3,4,1,3,1790##1808,11##4,2,5077918.0
2009,27,3,6,1,3,1789##1791,5##2,2,7181087.0
2009,27,3,6,1,4,1907,5,1,993176.0
2009,27,3,7,1,3,1810,3,1,498908.0
2009,27,3,7,1,4,1912,3,1,398932.0
2009,27,3,9,1,4,1905##1911,4##2,2,1403435.0
2009,27,3,10,1,4,1906##1908,4##11,2,1339756.0
2009,27,3,11,1,3,1809,4,1,2517710.0
2009,27,3,12,1,3,1787##1792,2,2,3547840.0
2009,27,3,12,1,4,1909##1910,7##2,2,2607270.0
2009,27,3,13,1,3,1788,4,1,1143509.0
2009,27,3,13,1,4,1904,4,1,3718432.0
2009,28,3,6,1,4,1666##1927##1929,5##2,3,937263.0
2009,28,3,7,1,4,1667##1669##1930,6##3,3,833705.0
2009,28,3,9,1,4,1664,4,1,152456.0
2009,28,3,10,1,4,1668,11,1,298530.0
2009,28,3,11,1,4,1665##1926,4,2,624952.0
2009,28,3,13,1,4,1928,11,1,150014.0
2009,34,3,4,1,3,2029##2032##2037,4##7##1,3,801181.0
2009,34,3,6,1,3,2030##2033,5##2,2,715580.0
2009,34,3,7,1,3,2031##2034,6##3,2,409685.0
2009,34,3,10,1,3,2026,4,1,133215.0
2009,34,3,11,1,3,2027##2035,4##3,2,426166.0
2009,35,3,6,1,4,1682##1683##1896##1898,11##1,4,1600011.0
2009,35,3,9,1,4,1681##1895##1897,4##3,3,1921247.0
2009,36,3,4,1,4,1727,11,1,267500.0
2009,36,3,6,1,4,1724##1726##1918##1920,2##5,4,6000009.0
2009,36,3,7,1,4,1728##1923,11##3,2,1172393.0
2009,36,3,9,1,4,1723##1725##1922##1924,2##4##3,4,6420915.0
2009,36,3,11,1,4,1921,4,1,1084266.0
2009,36,3,13,1,4,1919,11,1,700315.0
2009,38,3,6,1,3,2008,2,1,255125.0
2009,38,3,7,1,3,2010,3,1,71487.0
2009,38,3,11,1,3,2009,4,1,59932.0
2009,39,3,4,1,3,2014,11,1,1000450.0
2009,42,3,6,1,3,1939##1941,5##2,2,3304524.0
2009,42,3,9,1,3,1937##1940##1942,4##6##3,3,1395469.0
2009,42,3,11,1,3,1938,4,1,299975.0
2009,43,3,6,1,4,1888,5,1,300000.0
2009,43,3,7,1,3,1968,3,1,417205.0
2009,43,3,7,1,4,1889##1891,11##3,2,372562.0
2009,43,3,9,1,3,1967,4,1,416056.0
2009,43,3,9,1,4,1887,4,1,199023.0
2009,43,3,12,1,3,1577##1620,2,2,1450000.0
2009,43,3,12,1,4,1890,2,1,300000.0
2009,45,3,6,1,4,1739,2,1,2500000.0
2009,45,3,9,1,4,1736,4,1,999997.0
2009,45,3,10,1,4,1738##1741##1742##1758,4##7##6##25,4,498315.0
2009,45,3,11,1,4,1737##1740,4##1,2,997454.0
2009,46,3,6,1,3,2066,2,1,824989.0
2009,46,3,9,1,3,2063##2067,4##3,2,303917.0
2009,46,3,11,1,3,2064,4,1,142502.0
2009,48,3,2,1,3,1992##2012,1,2,1078270.0
2009,48,3,3,1,3,1982##2005,4,2,855465.0
2009,48,3,4,1,3,1986,7,1,203809.0
2009,48,3,6,1,3,1984##1988,5##2,2,2591584.0
2009,48,3,7,1,3,1985##1990,6##3,2,967794.0
2009,48,3,11,1,3,1983##1987,4##7,2,738809.0
2009,48,3,12,1,3,1989,2,1,500000.0
2009,49,3,7,1,3,1651,3,1,1004837.0
2009,52,3,4,1,3,1769,11,1,1232961.0
2009,52,3,6,1,3,1766##2043,2,2,9942158.0
2009,52,3,6,1,4,1836##1838,5##2,2,4850000.0
2009,52,3,7,1,3,1763##1765,3##7,2,705557.0
2009,52,3,7,1,4,1833##1837##1839,4##7##3,3,992793.0
2009,52,3,9,1,3,1764##1768,3##4,2,1248690.0
2009,52,3,9,1,4,1834,4,1,895537.0
2009,52,3,11,1,3,1767,4,1,486850.0
2009,52,3,11,1,4,1835,4,1,1300000.0
2009,52,3,12,1,3,1803##1805,11##7,2,4211339.0
2009,52,3,13,1,3,1569,4,1,470800.0
2009,54,3,2,1,3,2001,1,1,125000.0
2009,54,3,3,1,3,1994,4,1,99510.0
2009,54,3,4,1,3,2003,18,1,417942.0
2009,54,3,6,1,3,1997##1999,5##2,2,1987790.0
2009,54,3,7,1,3,1998##2000,6##3,2,305693.0
2009,54,3,9,1,3,1995,4,1,200020.0
2009,54,3,10,1,3,1996##2002,4##1,2,378431.0
2009,54,3,11,1,3,1993##2004,4##18,2,314131.0
2009,56,3,6,1,3,1588,2,1,393055.0
2009,56,3,10,1,3,1587,6,1,181900.0
2009,59,3,6,1,3,1799,5,1,322498.0
2009,59,3,7,1,3,1798##1800##1802,4##6##3,3,809847.0
2009,59,3,9,1,3,1801,2,1,3807809.0
2009,59,3,11,1,3,1797,4,1,1510840.0
2009,60,3,6,1,3,1760,5,1,544860.0
2009,63,3,6,1,3,1932,5,1,426994.0
2009,63,3,9,1,3,1931##1933##1934##1935,4##6##2##3,4,1747503.0
2009,66,3,6,1,3,1761,5,1,547001.0
2009,67,3,4,1,4,1655,11,1,376640.0
2009,67,3,6,1,4,1653##1657,5##2,2,1500000.0
2009,67,3,7,1,4,1656,11,1,267618.0
2009,67,3,9,1,4,1652##1654,4##11,2,545165.0
2009,67,3,11,1,4,1658,1,1,309016.0
2009,68,3,4,1,3,1695,18,1,155150.0
2009,68,3,6,1,3,1697,2,1,15718.0
2009,68,3,7,1,3,1692##1694##1696,4##6##3,3,808171.0
2009,68,3,11,1,3,1693,4,1,320786.0
2009,69,3,6,1,3,2040,2,1,6000000.0
2009,70,3,3,1,3,2017,4,1,18634.0
2009,70,3,6,1,3,2020##2023,5##2,2,1233063.0
2009,70,3,7,1,3,2025,3,1,281702.0
2009,70,3,9,1,3,2021,6,1,70583.0
2009,70,3,10,1,3,2019,4,1,49969.0
2009,70,3,11,1,3,2018##2022##2024,4##7##3,3,415825.0
2009,71,3,4,1,3,1943,4,1,600270.0
2009,71,3,6,1,3,1944##1945,5##2,2,2925096.0
2009,71,3,6,1,4,1628,5,1,509281.0
2009,71,3,7,1,3,1637##1946,3,2,1403849.0
2009,71,3,9,1,3,1840##1842,4##2,2,2297830.0
2009,71,3,9,1,4,1625##1626##1627,4##2##3,3,2370321.0
2009,71,3,11,1,3,1841,4,1,309926.0
2009,71,3,12,1,3,1600,2,1,189142.0
2009,71,3,12,1,4,1629,2,1,1096740.0
2009,72,3,7,1,3,1770,3,1,1279887.0
2009,73,3,4,1,3,1584##1585,13,2,2985300.0
2009,73,3,6,1,3,1583,2,1,1999981.0
2009,73,3,7,1,3,1638,3,1,1374724.0
2009,73,3,11,1,3,1582,4,1,1551500.0
2009,73,3,12,1,3,1586##1599,13##2,2,1497550.0
2009,74,3,3,1,3,1749##1755,4##14,2,316653.0
2009,74,3,4,1,3,1744##1745,11##18,2,2644768.0
2009,74,3,6,1,3,1743,2,1,2766191.0
2009,74,3,7,1,3,1748##1753##1754,4##6##3,3,862154.0
2009,74,3,10,1,3,1746,4,1,94100.0
2009,74,3,11,1,3,1747##1751##1752,4##18##3,3,1009673.0
2009,74,3,12,1,3,1756##1757##1806,2##1,3,1196860.0
2009,78,3,3,1,3,1815,4,1,209527.0
2009,78,3,4,1,3,1949##1951##1952,4##7,3,1959679.0
2009,78,3,6,1,3,1819##1953,2,2,3884145.0
2009,78,3,7,1,3,1816##1820##1950##1956,6##3,4,1347288.0
2009,78,3,9,1,3,1812,4,1,345822.0
2009,78,3,10,1,3,1814,4,1,313424.0
2009,78,3,11,1,3,1813##1948,4,2,1953820.0
2009,78,3,12,1,3,1818##1954##1955,1##2,3,935484.0
2009,78,3,13,1,3,1817,7,1,991743.0
2009,79,3,3,1,3,2045##2056,4##14,2,133622.0
2009,79,3,6,1,3,2049##2053,5##2,2,3579505.0
2009,79,3,7,1,3,2044##2050##2054,4##6##3,3,538485.0
2009,79,3,9,1,3,2046,4,1,226277.0
2009,79,3,10,1,3,2048##2051,4##6,2,203118.0
2009,79,3,11,1,3,2047##2055,4##3,2,593962.0
2009,79,3,13,1,3,2052,11,1,2674018.0
2009,80,3,3,1,3,1673,4,1,222502.0
2009,80,3,4,1,3,1675##1679##1735,4##7,3,1644718.0
2009,80,3,6,1,3,1676##1762##1893##1894,5##2,4,9464113.0
2009,80,3,7,1,3,1674##1680##1729##1730##1793##1811,4##3##6,6,4504799.0
2009,80,3,9,1,3,1731##1892,4,2,2968492.0
2009,80,3,10,1,3,1671##1677,4##11,2,1871022.0
2009,80,3,11,1,3,1672##1678##1732##1733,4##7,4,5144388.0
2009,87,3,4,1,3,1831##1971##2061,11,3,3808053.0
2009,87,3,6,1,3,1830##1970##1972##2060##2062,5##2,5,35638215.0
2009,87,3,6,1,4,1617,5,1,2500000.0
2009,87,3,7,1,3,1832##1974##2058##2074,3##4,4,6725561.0
2009,87,3,9,1,4,1616,4,1,1600000.0
2009,87,3,10,1,3,2059,4,1,276053.0
2009,87,3,11,1,3,1829##1969,4,2,3700945.0
2009,87,3,11,1,4,1615,4,1,2399999.0
2009,87,3,12,1,3,1973,2,1,385200.0
2009,87,3,12,1,4,1618##1619,2##12,2,3500000.0
2009,89,3,3,1,3,1606##1777,4,2,927476.0
2009,89,3,4,1,3,1602##1608##1610##1779##1782##1786,11##12##7,6,4647021.0
2009,89,3,6,1,3,1611##1783,2,2,5100000.0
2009,89,3,7,1,3,1607##1612##1614##1774##1778##1784,4##3##6,6,2232611.0
2009,89,3,9,1,3,1605##1776,4,2,1184779.0
2009,89,3,10,1,3,1601##1603##1775##1780##2006##2007,11##4##1,6,4537573.0
2009,89,3,11,1,3,1604##1609##1613##1773##1781##1785,4##12##7,6,4876922.0
2009,90,3,6,1,3,2041,2,1,1320110.0
2009,91,3,6,1,3,1977##1981,5##2,2,2824137.0
2009,91,3,9,1,3,1975,4,1,263327.0
2009,91,3,11,1,3,1979,1,1,200000.0
2009,97,3,13,1,3,1598,11,1,1191321.0
2009,99,3,6,1,3,1759##1772##2042,5##2,3,1516283.0
2009,105,3,3,1,3,1825,4,1,156220.0
2009,105,3,3,1,4,1702,4,1,175480.0
2009,105,3,4,1,3,1826,11,1,702000.0
2009,105,3,4,1,4,1704,7,1,680000.0
2009,105,3,6,1,3,1828,2,1,945255.0
2009,105,3,6,1,4,1698,2,1,1248000.0
2009,105,3,7,1,3,1827,3,1,229662.0
2009,105,3,7,1,4,1701##1706##1707,4##3##6,3,1123250.0
2009,105,3,9,1,3,1822,4,1,128293.0
2009,105,3,10,1,3,1824##2069##2070,4##11##7,3,924266.0
2009,105,3,10,1,4,1699##1700##1705,11##4##6,3,1312701.0
2009,105,3,11,1,3,1823,4,1,299600.0
2009,105,3,11,1,4,1703,4,1,165850.0
2009,105,3,12,1,3,2011,1,1,342475.0
2009,107,3,3,1,4,1850,7,1,739850.0
2009,107,3,6,1,4,1853,2,1,415350.0
2009,107,3,7,1,3,1590##1592,3##4,2,7465998.0
2009,107,3,7,1,4,1640##1642##1646##1648##1649##1650##1845##1855,4##6##7##3,8,5643374.0
2009,107,3,9,1,4,1846,4,1,1419326.0
2009,107,3,10,1,4,1641##1643##1644##1844##1847##1848##1849##1851##1852,4##6##11##7,9,3340175.0
2009,107,3,11,1,4,1639##1645##1843,4##7,3,6942128.0
2009,107,3,12,1,3,1591,2,1,433350.0
2009,107,3,12,1,4,1854,2,1,408526.0
2010,1,3,6,1,4,2155,5,1,3000000.0
2010,1,3,7,1,4,2158##2159,3##6,2,3028793.0
2010,1,3,9,1,4,2157##2244,4##5,2,1990882.0
2010,1,3,11,1,4,2156,4,1,3000277.0
2010,8,3,4,1,3,2569,11,1,1499980.0
2010,8,3,6,1,3,2570,2,1,1808111.0
2010,8,3,7,1,3,2571,3,1,328326.0
2010,8,3,9,1,3,2567,4,1,433795.0
2010,8,3,11,1,3,2568,4,1,320157.0
2010,10,3,3,1,3,2222,4,1,126942.0
2010,10,3,4,1,3,2219,7,1,388137.0
2010,10,3,6,1,3,2217##2218##2610##2611,2##5,4,2602494.0
2010,10,3,7,1,3,2223##2224##2612##2613,3##6,4,443638.0
2010,10,3,9,1,3,2221,4,1,91806.0
2010,10,3,11,1,3,2220##2608##2609,4,3,836048.0
2010,13,3,6,1,3,2430,2,1,721498.0
2010,13,3,7,1,3,2433##2434,3##6,2,473396.0
2010,13,3,9,1,3,2432,4,1,488354.0
2010,13,3,11,1,3,2431,4,1,282822.0
2010,16,3,7,1,3,2412,3,1,282480.0
2010,16,3,11,1,3,2429,4,1,370204.0
2010,18,3,3,1,4,2461,4,1,700000.0
2010,18,3,7,1,4,2464##2465##2466,3##6,3,1317505.0
2010,18,3,10,1,4,2462##2463##2467##2468,4##20##11,4,979508.0
2010,18,3,13,1,3,2275##2276##2277,4##6##11,3,3102465.0
2010,19,3,3,1,4,2141##2142##2456,4,3,1055002.0
2010,19,3,6,1,3,2080,5,1,492883.0
2010,19,3,6,1,4,2146##2148##2449,5##2,3,3383462.0
2010,19,3,7,1,3,2245##2246##2573,4##3,3,3377142.0
2010,19,3,7,1,4,2143##2149##2152##2154##2450##2451##2460,4##3##19##6,7,1894666.0
2010,19,3,9,1,3,2079##2081##2082,4##2##3,3,3258918.0
2010,19,3,9,1,4,2144##2147##2454##2457##2458,4##2,5,2298997.0
2010,19,3,10,1,4,2150##2153##2453,11##6,3,1227146.0
2010,19,3,11,1,3,2572,4,1,645582.0
2010,19,3,11,1,4,2145##2455,4,2,1400004.0
2010,19,3,12,1,4,2459,2,1,300000.0
2010,19,3,13,1,4,2151##2452,11,2,3505754.0
2010,20,3,3,1,3,2230##2237,4##14,2,2208908.0
2010,20,3,4,1,3,2234##2236,7##1,2,3529908.0
2010,20,3,6,1,3,2232,5,1,998418.0
2010,20,3,7,1,3,2233##2235,6##3,2,2187936.0
2010,20,3,11,1,3,2231,4,1,1232105.0
2010,20,3,12,1,3,2243,21,1,126300.0
2010,21,3,4,1,3,2295,1,1,1482384.0
2010,21,3,6,1,3,2293,2,1,449999.0
2010,21,3,7,1,3,2292##2294,6##3,2,1368502.0
2010,21,3,13,1,3,2291,4,1,1418820.0
2010,22,3,4,1,3,2615,7,1,699459.0
2010,22,3,6,1,3,2614##2617,2##5,2,1490396.0
2010,22,3,6,1,4,2212,5,1,518298.0
2010,22,3,7,1,4,2213,3,1,566027.0
2010,22,3,9,1,4,2211,2,1,720066.0
2010,22,3,10,1,4,2215,11,1,659000.0
2010,22,3,13,1,3,2616##2618,4##3,2,1450792.0
2010,22,3,13,1,4,2214,4,1,503328.0
2010,26,3,6,1,4,2169##2170##2496##2497,2##5,4,9335956.0
2010,26,3,7,1,4,2172##2173##2498##2499##2500,3##6##4,5,2875077.0
2010,26,3,9,1,4,2171,4,1,1229486.0
2010,27,3,3,1,4,2135##2529,4##11,2,1680050.0
2010,27,3,4,1,3,2403,11,1,400736.0
2010,27,3,4,1,4,2131##2138##2528,11##4,3,1496036.0
2010,27,3,6,1,3,2405,5,1,657513.0
2010,27,3,6,1,4,2129##2525,5,2,3191153.0
2010,27,3,7,1,3,2402##2406,6##3,2,900179.0
2010,27,3,7,1,4,2133##2134##2140##2527##2534,3##6,5,2237279.0
2010,27,3,9,1,4,2136##2532,4,2,3300082.0
2010,27,3,10,1,3,2404,11,1,601738.0
2010,27,3,10,1,4,2130##2137##2531,11##4,3,1999176.0
2010,27,3,11,1,4,2139,4,1,2998589.0
2010,27,3,12,1,3,2407,2,1,685998.0
2010,27,3,12,1,4,2132##2526##2533,2##7,3,5379590.0
2010,27,3,13,1,3,2401,4,1,1844809.0
2010,27,3,13,1,4,2530,4,1,1753698.0
2010,28,3,6,1,4,2377##2378##2413,5##2,3,1325134.0
2010,28,3,7,1,4,2379##2414,3##6,2,649998.0
2010,28,3,9,1,4,2375,4,1,288465.0
2010,28,3,11,1,4,2376,4,1,386270.0
2010,28,3,13,1,4,2380,11,1,349890.0
2010,30,3,4,1,3,2109,7,1,436151.0
2010,30,3,7,1,3,2108##2111##2113,3##6##19,3,1044897.0
2010,30,3,10,1,3,2112,6,1,358985.0
2010,30,3,12,1,3,2110,1,1,101543.0
2010,35,3,6,1,4,2226##2228##2479##2480##2481,1##11##5,5,2245158.0
2010,35,3,9,1,4,2225##2227##2229##2474##2477##2478,4##6##3,6,3394845.0
2010,35,3,10,1,4,2476,4,1,234445.0
2010,35,3,11,1,4,2475,4,1,97650.0
2010,36,3,3,1,4,2187,4,1,500022.0
2010,36,3,6,1,4,2193##2195,2##5,2,2818242.0
2010,36,3,7,1,4,2185##2189##2191,4##3##6,3,2279942.0
2010,36,3,9,1,4,2186##2190##2192,4##3##2,3,6606885.0
2010,36,3,11,1,4,2184##2188,4##3,2,2995967.0
2010,36,3,13,1,4,2196##2197,7##11,2,1489135.0
2010,38,3,6,1,3,2604##2605,5##2,2,412338.0
2010,38,3,7,1,3,2606,3,1,75041.0
2010,38,3,11,1,3,2603,4,1,76576.0
2010,39,3,6,1,3,2320,5,1,293394.0
2010,42,3,4,1,3,2328,7,1,438979.0
2010,42,3,6,1,3,2325##2329,5##2,2,1775511.0
2010,42,3,7,1,3,2327##2330##2332,6##3##19,3,580792.0
2010,42,3,10,1,3,2324##2326,4##6,2,215327.0
2010,42,3,11,1,3,2323##2331,4##3,2,365459.0
2010,43,3,6,1,4,2116,5,1,300000.0
2010,43,3,7,1,4,2117##2118,6##11,2,600000.0
2010,43,3,9,1,4,2119##2120##2121,4##2##3,3,1071425.0
2010,45,3,1,1,3,2101##2240,7,2,5487750.0
2010,45,3,2,1,3,2106,1,1,1000000.0
2010,45,3,4,1,3,2085##2100##2104##2239##2241,7##25##18,5,5626939.0
2010,45,3,6,1,3,2089##2095##2102##2238,2##5,4,8395308.0
2010,45,3,7,1,3,2086##2103##2107##2242,3##6,4,5360516.0
2010,45,3,9,1,3,2087##2098,4,2,1753771.0
2010,45,3,10,1,3,2099##2105,4##20,2,602410.0
2010,45,3,11,1,3,2088##2097,4,2,2555695.0
2010,45,3,12,1,3,2090##2091##2096,2,3,5782460.0
2010,46,3,6,1,3,2078,5,1,281597.0
2010,49,3,12,1,3,2622,2,1,1500000.0
2010,52,3,6,1,4,2122##2123,5##7,2,1699934.0
2010,52,3,7,1,4,2124##2125,3##7,2,3183493.0
2010,52,3,9,1,4,2127,4,1,1707386.0
2010,52,3,11,1,4,2128,4,1,1690600.0
2010,52,3,13,1,3,2321##2322,11##2,2,10048510.0
2010,52,3,13,1,4,2126,11,1,1700053.0
2010,53,3,4,1,3,2357,11,1,2387861.0
2010,53,3,6,1,3,2287##2289##2358,5##2,3,2711538.0
2010,53,3,7,1,3,2290##2350##2361##2384##2385,3##4,5,1255346.0
2010,53,3,10,1,3,2288##2351##2352##2355##2356##2362##2363,11##4##6##20##25,7,2207385.0
2010,53,3,11,1,3,2353,4,1,850008.0
2010,53,3,12,1,3,2359##2360,2,2,664352.0
2010,56,3,7,1,3,2306,3,1,645959.0
2010,59,3,6,1,3,2428,5,1,4725398.0
2010,61,3,6,1,3,2084##2216,2##5,2,881249.0
2010,61,3,11,1,3,2083,4,1,622740.0
2010,63,3,6,1,3,2470,5,1,460000.0
2010,63,3,9,1,3,2469##2471##2472##2473,4##6##2##3,4,1291722.0
2010,65,3,6,1,3,2208,5,1,600000.0
2010,65,3,7,1,3,2206##2209,1##3,2,1750268.0
2010,65,3,9,1,3,2210,6,1,242461.0
2010,65,3,13,1,3,2207,4,1,963803.0
2010,66,3,6,1,3,2075##2077,5##2,2,2424032.0
2010,66,3,9,1,3,2076,4,1,200075.0
2010,67,3,3,1,3,2392##2587,4,2,531982.0
2010,67,3,4,1,3,2395##2398##2593##2594##2598,11##1##7,5,1832525.0
2010,67,3,6,1,3,2394##2396##2397##2591##2596,5##2##1,5,4040918.0
2010,67,3,6,1,4,2174##2175##2176,2##5##1,3,1433913.0
2010,67,3,7,1,3,2588##2592##2595##2597,4##6##7##3,4,574440.0
2010,67,3,7,1,4,2178##2180##2182,4##11##6,3,1356066.0
2010,67,3,9,1,3,2589,4,1,137773.0
2010,67,3,9,1,4,2177##2179,4##11,2,897201.0
2010,67,3,11,1,3,2393##2399##2590##2600,4##1,4,990746.0
2010,67,3,11,1,4,2181##2183,11##1,2,300002.0
2010,67,3,12,1,3,2601,2,1,360269.0
2010,69,3,6,1,4,2523,2,1,520978.0
2010,69,3,7,1,4,2517##2519##2521##2522##2524,3##4##6##11##18,5,1063726.0
2010,69,3,9,1,4,2518,4,1,415327.0
2010,71,3,6,1,3,2280##2281##2282##2410,5##2,4,21391760.0
2010,71,3,6,1,4,2093,5,1,2000000.0
2010,71,3,9,1,3,2278##2284,4##3,2,4281119.0
2010,71,3,9,1,4,2092##2094,4##2,2,3999924.0
2010,71,3,11,1,3,2279,4,1,510309.0
2010,71,3,12,1,3,2283##2411,2,2,2832328.0
2010,72,3,7,1,3,2408##2409,4##3,2,1999202.0
2010,74,3,1,1,3,2540,11,1,1000339.0
2010,74,3,2,1,3,2424,1,1,250000.0
2010,74,3,4,1,3,2262##2420##2421##2425##2439##2441##2447##2543##2549,18##11##7,9,10274224.0
2010,74,3,6,1,3,2260##2418##2422##2437##2442##2544,2##5,6,17594874.0
2010,74,3,7,1,3,2261##2272##2416##2419##2423##2435##2438##2440##2444##2546##2564,3##4##6##7,11,9107118.0
2010,74,3,9,1,3,2264##2273##2415##2536,4##3,4,2399224.0
2010,74,3,10,1,3,2265##2268##2269,4##25##6,3,548570.0
2010,74,3,11,1,3,2263##2266##2270##2417##2426##2436##2445##2448##2538##2550,18##4##3,10,8656878.0
2010,74,3,12,1,3,2443##2446##2548,2##1,3,2001604.0
2010,78,3,1,1,4,2201,7,1,373568.0
2010,78,3,4,1,4,2202,7,1,374009.0
2010,78,3,6,1,4,2198##2199,2##5,2,923568.0
2010,78,3,7,1,4,2200,3,1,288552.0
2010,78,3,10,1,4,2271,11,1,101082.0
2010,78,3,13,1,4,2203##2204,4##6,2,936333.0
2010,79,3,3,1,4,2505##2507##2509##2510,11##14##4,4,810085.0
2010,79,3,6,1,4,2501##2516,5##2,2,522434.0
2010,79,3,7,1,3,2620##2621,3##4,2,2004794.0
2010,79,3,7,1,4,2512##2514,6##3,2,581059.0
2010,79,3,10,1,4,2506##2513,11##6,2,469271.0
2010,79,3,11,1,4,2511##2515,4##3,2,500647.0
2010,80,3,4,1,3,2297##2301,4##7,2,3518829.0
2010,80,3,6,1,3,2300##2314,5##2,2,11326797.0
2010,80,3,7,1,3,2298##2303##2565,4##3,3,3041845.0
2010,80,3,9,1,3,2296,4,1,3271485.0
2010,80,3,11,1,3,2299##2566,4,2,2697961.0
2010,83,3,7,1,3,2114##2115,4##3,2,268235.0
2010,87,1,4,2,1,20,388.857,1,79049.0
2010,87,1,6,2,2,2##35,5832.855##388.857,2,512561.0
2010,87,1,7,2,2,12##14##15##3##31##32##5##7##8,1399.8852##777.714##1011.0282##9799.1964##1088.7996##311.0856##233.3142,9,2591874.0
2010,87,1,9,2,2,10##16##9,233.3142##4121.8842##1399.8852,3,820045.0
2010,87,1,11,2,2,13##17##18##21##22##6,9643.6536##1244.3424##9876.9678##1399.8852##4899.5982##777.714,6,3084656.0
2010,87,1,13,2,2,29,388.857,1,316324.0
2010,87,2,6,2,2,1##19##33##34,8865.9396##2877.5418##5988.3978##8399.3112,4,1812038.0
2010,87,2,7,2,1,36,18976.2216,1,118440.0
2010,87,2,7,2,2,4,77.7714,1,123098.0
2010,87,2,9,2,2,11,466.6284,1,138870.0
2010,87,3,6,2,2,23,8943.711,1,335000.0
2010,87,3,7,2,2,26##27##28,2022.0564,3,1939493.0
2010,87,3,8,2,2,25,1944.285,1,995100.0
2010,87,3,9,2,2,30,1788.7422,1,3758878.0
2010,87,3,11,2,2,24,1788.7422,1,3269999.0
2010,89,3,3,1,3,2249,4,1,363800.0
2010,89,3,4,1,3,2251##2252##2253##2555##2560,11##12##7,5,5909487.0
2010,89,3,6,1,3,2254##2259##2561,2##5,3,4266532.0
2010,89,3,7,1,3,2248##2256##2257##2557##2562,4##3##6##7,5,1635363.0
2010,89,3,9,1,3,2250,4,1,400000.0
2010,89,3,11,1,3,2247##2255##2552##2559,4##12,4,2315523.0
2010,89,3,12,1,3,2258,7,1,799999.0
2010,92,3,7,1,3,2304##2305,4##3,2,941309.0
2010,94,3,6,1,3,2387##2575,2##5,2,403869.0
2010,94,3,9,1,3,2576##2577,2##3,2,932548.0
2010,94,3,13,1,3,2386##2574,11##4,2,1277258.0
2010,100,3,4,1,3,2370,11,1,1515131.0
2010,100,3,6,1,3,2371,2,1,541270.0
2010,100,3,7,1,3,2364##2365##2373,4##3,3,925230.0
2010,105,3,3,1,4,2488,4,1,502040.0
2010,105,3,4,1,4,2167##2168##2483##2494,11##7,4,2710018.0
2010,105,3,6,1,4,2160##2482##2492,2##5,3,3857209.0
2010,105,3,7,1,4,2164##2165##2485##2486##2493,3##6##7,5,2395296.0
2010,105,3,9,1,4,2161##2162##2490,2##4,3,2866898.0
2010,105,3,10,1,4,2487##2491##2495,6##4##11,3,595382.0
2010,105,3,11,1,4,2163##2484##2489,4##7,3,1096343.0
2010,105,3,12,1,3,2317,2,1,375926.0
2010,105,3,13,1,4,2166,11,1,140000.0
2010,107,3,6,1,3,2068,2,1,5000000.0
2010,107,3,7,1,3,2285##2286,4##3,2,5439418.0
2011,8,3,10,1,3,3070,11,1,105930.0
2011,9,3,3,1,3,3091,4,1,856000.0
2011,9,3,4,1,3,3092,1,1,749535.0
2011,10,3,3,1,3,2844,4,1,199020.0
2011,10,3,4,1,3,2846,7,1,353742.0
2011,10,3,6,1,3,2841##2848,2##5,2,1225623.0
2011,10,3,7,1,3,2849##2850,3##6,2,178749.0
2011,10,3,9,1,3,2842,4,1,99022.0
2011,10,3,10,1,3,2845##2847,4##6,2,170116.0
2011,10,3,11,1,3,2843,4,1,358397.0
2011,14,3,6,1,4,2773##2775,5##2,2,2199781.0
2011,14,3,7,1,4,2772##2776,4##3,2,600031.0
2011,14,3,9,1,4,2771,4,1,700000.0
2011,14,3,10,1,4,2774,11,1,500000.0
2011,15,3,3,1,3,3104,4,1,315928.0
2011,15,3,4,1,3,3107,7,1,342379.0
2011,15,3,6,1,3,3106##3108,5##2,2,2726837.0
2011,15,3,11,1,3,3105,4,1,648632.0
2011,18,3,6,1,4,2695,2,1,1700000.0
2011,18,3,7,1,4,2692##2693##2697##2698,6##3,4,1461529.0
2011,18,3,9,1,4,2691,4,1,737591.0
2011,18,3,10,1,4,2690,4,1,300000.0
2011,18,3,12,1,4,2696,2,1,200000.0
2011,18,3,13,1,4,2694,11,1,600000.0
2011,19,3,3,1,4,2681,4,1,700957.0
2011,19,3,6,1,3,3165,5,1,817390.0
2011,19,3,6,1,4,2685,5,1,900010.0
2011,19,3,7,1,3,2817##2818##2819##2918##3090,4##6##3,5,5671756.0
2011,19,3,7,1,4,2674##2675##2676##2683##2684##2686##2688,4##3##19##6,7,1526040.0
2011,19,3,9,1,3,3164,4,1,2214258.0
2011,19,3,9,1,4,2678##2679##2680##2682,4##3,4,1800234.0
2011,19,3,10,1,4,2687##2814##2815,6##11##4,3,998167.0
2011,19,3,11,1,3,2917##3089,4,2,4810474.0
2011,19,3,11,1,4,2677,4,1,613110.0
2011,19,3,12,1,3,2886,2,1,1000002.0
2011,19,3,13,1,4,2689,11,1,1500686.0
2011,22,3,6,1,4,2758##3063,5,2,953265.0
2011,22,3,7,1,4,3066,3,1,799998.0
2011,22,3,9,1,4,2760,2,1,747744.0
2011,22,3,10,1,4,2759##3062##3064##3065,6##4##11,4,2081208.0
2011,22,3,13,1,4,2757##2761,4##3,2,1345176.0
2011,24,3,1,1,3,2797,7,1,365766.0
2011,24,3,3,1,3,2784,4,1,304950.0
2011,24,3,4,1,3,2794,11,1,500000.0
2011,24,3,6,1,3,2791##2798##2954##2959,5##2,4,6344452.0
2011,24,3,7,1,3,2790##2792##2793##2803##2805##2952##2955##2961##2962,4##6##3##19,9,1768071.0
2011,24,3,9,1,3,2787##2801##2802,4##2##3,3,1490336.0
2011,24,3,10,1,3,2785##2795##2816##2953##2956##2957,4##11##6,6,1504676.0
2011,24,3,11,1,3,2786##2951,4,2,1731949.0
2011,24,3,12,1,3,2799##2800##2960,2,3,1314593.0
2011,24,3,13,1,3,2789##2804##2958,4##3##7,3,1000078.0
2011,26,3,6,1,3,2868##2870##2871,2##5,3,8489909.0
2011,26,3,6,1,4,2756,5,1,650000.0
2011,26,3,7,1,3,2869,3,1,379850.0
2011,26,3,7,1,4,2752##2753##2755,6##4##3,3,1149954.0
2011,26,3,9,1,3,2867##3163,4,2,1540864.0
2011,26,3,9,1,4,2754,2,1,3199829.0
2011,27,3,7,1,3,2942,3,1,829783.0
2011,27,3,13,1,3,2943,4,1,3264802.0
2011,28,3,6,1,3,2947##2949,5##2,2,1297737.0
2011,28,3,6,1,4,2662##2663,2##5,2,1859596.0
2011,28,3,7,1,3,2950,3,1,305513.0
2011,28,3,7,1,4,2667,6,1,99997.0
2011,28,3,9,1,3,2946,4,1,543753.0
2011,28,3,9,1,4,2664##2665,3##4,2,559717.0
2011,28,3,11,1,3,2945,4,1,708741.0
2011,28,3,11,1,4,2666,4,1,479012.0
2011,28,3,13,1,3,2948,11,1,284353.0
2011,34,3,1,1,3,3113,4,1,263086.0
2011,34,3,3,1,3,3115,4,1,196110.0
2011,34,3,4,1,3,3118##3122,7##1,2,589736.0
2011,34,3,6,1,3,3119,2,1,719896.0
2011,34,3,7,1,3,3116##3121,6##3,2,299217.0
2011,34,3,10,1,3,3114##3117,4##6,2,227105.0
2011,34,3,11,1,3,3112##3120,4##3,2,284038.0
2011,36,3,3,1,4,2763,4,1,499949.0
2011,36,3,4,1,4,3056,11,1,2836047.0
2011,36,3,6,1,3,2883##2968,2,2,14953818.0
2011,36,3,6,1,4,2766##3054##3057##3059##3061,5##7##2##1,5,5850139.0
2011,36,3,7,1,3,2885,3,1,697003.0
2011,36,3,7,1,4,2765##2770##3053##3055##3060,4##3##6,5,5140050.0
2011,36,3,9,1,3,2884,4,1,4247178.0
2011,36,3,9,1,4,2762##2769,4##2,2,5174550.0
2011,36,3,11,1,4,2764##2767,4##11,2,1724929.0
2011,36,3,13,1,3,2967,11,1,4601991.0
2011,36,3,13,1,4,2768,7,1,749999.0
2011,40,3,6,1,3,2906,2,1,1005610.0
2011,40,3,7,1,3,2907##2911,6##3,2,289424.0
2011,40,3,10,1,3,2908##2909,11##7,2,656922.0
2011,40,3,13,1,3,2910,4,1,169546.0
2011,42,3,4,1,3,3143,7,1,321723.0
2011,42,3,6,1,3,3144,2,1,980936.0
2011,42,3,7,1,3,3141##3145,6##3,2,225570.0
2011,42,3,9,1,3,3138,4,1,214000.0
2011,42,3,10,1,3,3139##3142,4##6,2,160971.0
2011,42,3,11,1,3,3140##3146,4##3,2,298428.0
2011,43,3,10,1,3,3071,11,1,390012.0
2011,45,3,1,1,3,2626##2632,7##12,2,2814154.0
2011,45,3,6,1,3,2625,5,1,512579.0
2011,45,3,7,1,3,2628##2630,3##18,2,3033243.0
2011,45,3,11,1,3,2624##2629,4##1,2,1513376.0
2011,45,3,12,1,3,2627,2,1,2497860.0
2011,50,3,6,1,4,2720,2,1,1499818.0
2011,50,3,7,1,4,2721,11,1,1492648.0
2011,52,3,6,1,3,2929##2930,5##7,2,2482440.0
2011,52,3,6,1,4,2699##2701##2702,5##7##2,3,4850055.0
2011,52,3,7,1,3,2926##2931##2933,4##7##3,3,1229969.0
2011,52,3,7,1,4,2703,3,1,143744.0
2011,52,3,9,1,3,2927##2932,4##2,2,7851070.0
2011,52,3,11,1,3,2928,4,1,1991279.0
2011,52,3,13,1,3,2924##2925,11##2,2,3134866.0
2011,52,3,13,1,4,2700,11,1,1000049.0
2011,56,3,6,1,3,2808##2810##3067##3068,5##2,4,3567075.0
2011,56,3,7,1,3,2811,3,1,249936.0
2011,56,3,11,1,3,2807,4,1,219457.0
2011,57,3,4,1,3,2739,11,1,1787409.0
2011,57,3,6,1,3,2736,5,1,498930.0
2011,57,3,7,1,3,2737##2742,6##3,2,290732.0
2011,57,3,9,1,3,2733,4,1,543489.0
2011,57,3,10,1,3,2734##2738,4##11,2,1198956.0
2011,57,3,11,1,3,2735,4,1,549596.0
2011,57,3,12,1,3,2740##2741,11##2,2,1119342.0
2011,58,3,12,1,3,2851##2852,2,2,1444890.0
2011,59,3,6,1,3,3153,5,1,2000000.0
2011,59,3,6,1,4,2654##2655,2##5,2,1716472.0
2011,59,3,7,1,4,2656##2657##2658,3##6##4,3,1117665.0
2011,59,3,9,1,4,2660,4,1,983398.0
2011,59,3,11,1,4,2659,4,1,176591.0
2011,63,3,6,1,3,3155,5,1,600336.0
2011,63,3,7,1,3,2636##2637##3156,3##5##6,3,1106337.0
2011,63,3,9,1,3,3154##3158,4##3,2,978584.0
2011,66,3,4,1,3,2877,7,1,275370.0
2011,66,3,6,1,3,2878,2,1,264178.0
2011,66,3,13,1,3,2876,11,1,923362.0
2011,67,3,4,1,4,2751,18,1,499904.0
2011,67,3,6,1,4,2745##2748##2749##2750##3044##3045##3046,5##2##1,7,2627013.0
2011,67,3,7,1,4,2744##2746##2747##3047##3048,4##11##7##6##3,5,1549189.0
2011,67,3,9,1,4,3049,4,1,307339.0
2011,68,3,3,1,3,2834,4,1,133209.0
2011,68,3,9,1,3,2833##2835##2839,4##6##3,3,537209.0
2011,68,3,10,1,3,2836,6,1,234330.0
2011,68,3,11,1,3,2832,4,1,206724.0
2011,68,3,12,1,3,2838,2,1,64469.0
2011,69,3,6,1,4,3043,2,1,1000003.0
2011,69,3,13,1,4,3042,11,1,999991.0
2011,70,3,2,1,3,3129,1,1,206938.0
2011,70,3,4,1,3,3128,7,1,179386.0
2011,70,3,6,1,3,3126##3130,5##2,2,1063368.0
2011,70,3,7,1,3,3131##3133,3,2,187331.0
2011,70,3,9,1,3,3125,4,1,60968.0
2011,70,3,10,1,3,3127,6,1,60000.0
2011,70,3,11,1,3,3124##3132,4##3,2,272606.0
2011,71,3,6,1,3,3135##3136,5##2,2,3031836.0
2011,71,3,6,1,4,3036,5,1,2600000.0
2011,71,3,7,1,3,2858,3,1,495905.0
2011,71,3,7,1,4,3039##3040,3,2,1045940.0
2011,71,3,9,1,3,3134##3137,4##2,2,2969596.0
2011,71,3,9,1,4,3072##3074,4##2,2,1449995.0
2011,71,3,10,1,3,2856,7,1,2574869.0
2011,71,3,11,1,3,2853,4,1,176443.0
2011,71,3,11,1,4,3073,4,1,392262.0
2011,71,3,12,1,3,2857,2,1,500001.0
2011,71,3,12,1,4,3038,2,1,499998.0
2011,73,3,6,1,4,2668##2669##2670,5##2##13,3,2572687.0
2011,73,3,7,1,4,2671##2672,6,2,399998.0
2011,73,3,11,1,4,2673,4,1,1000001.0
2011,74,3,4,1,3,3080##3081##3087,11##7##18,3,4498985.0
2011,74,3,4,1,4,2978##2980,11##7,2,1910017.0
2011,74,3,6,1,3,3078##3083,5##2,2,5721395.0
2011,74,3,6,1,4,2975##2981,5##2,2,2799515.0
2011,74,3,7,1,3,3076##3079##3084,4##6##3,3,3832268.0
2011,74,3,7,1,4,2976##2982,6##3,2,1198074.0
2011,74,3,9,1,4,2972,4,1,789513.0
2011,74,3,10,1,4,2973##2977##2979,4##6##11,3,1162226.0
2011,74,3,11,1,3,3077##3085##3088,4##3##18,3,3113998.0
2011,74,3,11,1,4,2974,4,1,1887648.0
2011,74,3,12,1,3,3082##3086,2##1,2,466868.0
2011,74,3,13,1,3,2866,11,1,4990394.0
2011,78,3,1,1,3,2923,7,1,1499985.0
2011,78,3,3,1,4,2989,4,1,750000.0
2011,78,3,4,1,3,3160,7,1,1000025.0
2011,78,3,6,1,3,2922##3177,2,2,2592944.0
2011,78,3,6,1,4,2990,5,1,299721.0
2011,78,3,7,1,4,2991##2994##2995,6##7##3,3,707546.0
2011,78,3,9,1,3,2919,4,1,555195.0
2011,78,3,9,1,4,2987,4,1,101353.0
2011,78,3,10,1,4,2988##2992##2993##3075,4##6##11,4,1441714.0
2011,78,3,11,1,3,2920##3159,4,2,1850417.0
2011,78,3,11,1,4,2986,4,1,150000.0
2011,78,3,12,1,3,2921##3162,2,2,400071.0
2011,79,3,11,1,3,3147##3148,4##3,2,1395954.0
2011,80,3,3,1,3,2826,4,1,273706.0
2011,80,3,4,1,3,2825,4,1,1159613.0
2011,80,3,7,1,3,2820##2821##2827##2828##2829##2894,4##3##6,6,4230723.0
2011,80,3,9,1,3,2823##2890,4,2,1021538.0
2011,80,3,10,1,3,2824##2831,4##6,2,632156.0
2011,80,3,11,1,3,2822##2891,4,2,2636341.0
2011,80,3,13,1,3,2892##2893,11##7,2,8367128.0
2011,87,1,3,2,1,313,17731.8792,1,195389.0
2011,87,1,3,2,2,322,1244.3424,1,113000.0
2011,87,1,4,2,1,1107##528,2955.3132##699.9426,2,944881.0
2011,87,1,4,2,2,175##194##329##945##966##983##995,388.857##1244.3424##1166.571##17731.8792##5677.3122##311.0856,7,5067513.0
2011,87,1,6,2,1,42##48##488##498##50##505##55##550##56##578##599##641##658##137,13221.138##16409.7654##1166.571##311.0856##5677.3122##1244.3424##12132.3384##2955.3132##26053.419##388.857,14,5467558.5
2011,87,1,6,2,2,120##138##152##193##204##215##248##280##306##323##324##97,311.0856##388.857##5832.855##5677.3122##13221.138##1399.8852##4121.8842##16409.7654##11743.4814##12210.1098##51951.2952##2955.3132,12,4045731.0
2011,87,1,7,2,1,453##581##809,2955.3132##26053.419##26286.7332,3,676129.0
2011,87,1,7,2,2,100##101##119##202##218##270##77##93##1040##600##919##971,17731.8792##699.9426##11121.3102##777.714##1011.0282##233.3142##1088.7996##32508.4452,12,4226993.0
2011,87,1,9,2,1,454##562,2955.3132##26053.419,2,455268.0
2011,87,1,9,2,2,112##203##90##917##970##973,699.9426##4121.8842##17731.8792##32508.4452##622.1712##2955.3132,6,3218221.0
2011,87,1,10,2,1,664,699.9426,1,114855.0
2011,87,1,11,2,1,365##411##59##61##67##671##681,1244.3424##1166.571##233.3142##4899.5982##9876.9678##1088.7996##311.0856,7,2321445.0
2011,87,1,11,2,2,102##103##104##129##145##153##224##263##265##283##1069,9643.6536##311.0856##2721.999##4899.5982##388.857##9876.9678##16409.7654##1166.571##1399.8852##777.714,11,6551817.0
2011,87,1,13,2,2,132##196,388.857##19987.2498,2,855856.0
2011,87,2,4,2,1,39##405##732,4199.6556,3,412918.0
2011,87,2,4,2,2,650##955,466.6284##4199.6556,2,777712.0
2011,87,2,6,2,1,258##38##41##44##45##46##461##47##483##485##49##493##51##515##516##52##524##527##529##53##537##54##560##566##57##58##594##647##662##693##700##387##436##543##544##546##582,3344.1702##2877.5418##12987.8238##8399.3112##19131.7644##7621.5972##77.7714##6843.8832##11899.0242##12676.7382##19365.0786##6455.0262##8788.1682##5599.5408##17187.4794##19053.993##12521.1954##9099.2538##9021.4824##19209.5358##4199.6556##19909.4784##19520.6214##20453.8782##13765.5378##466.6284,37,11034262.38
2011,87,2,6,2,2,111##156##165##166##219##249##253##78,12521.1954##13298.9094##8865.9396##12987.8238##11899.0242##77.7714##5599.5408##11665.71,8,1861463.0
2011,87,2,7,2,1,517##789,18976.2216##8321.5398,2,287881.0
2011,87,2,7,2,2,135##161##169##246##76##96##1020##1037##1041##1042##1061##912##924##984,15632.0514##466.6284##14154.3948##77.7714##11665.71##8321.5398##10110.282##18976.2216##26131.1904##14309.9376,14,2064487.0
2011,87,2,9,2,1,105##556,18976.2216,2,250500.0
2011,87,2,9,2,2,168##170##178##188##272##304##321##72##92##911##1000##1004##1011##1018##1023##1126##561##571##586##673##766##909##968,6455.0262##15865.3656##9488.1108##13532.2236##8399.3112##466.6284##77.7714##13454.4522##13609.995##20065.0212##8321.5398##22475.9346##36708.1008##18976.2216##22164.849##30408.6174##26131.1904,23,4920250.0
2011,87,2,10,2,1,665,14698.7946,1,116275.0
2011,87,2,11,2,1,259##369##391##412##418##452##513##60##613##62##63##64##65##66##683##755##95,19365.0786##16020.9084##77.7714##8399.3112##13298.9094##21542.6778##6455.0262##13765.5378##19287.3072##8321.5398##9099.2538,17,2807742.0
2011,87,2,11,2,2,142##171##190##234##301##80##1039##1045##1053##1055##1070##552##776##785##800,9721.425##12598.9668##16020.9084##8321.5398##14698.7946##16331.994##21542.6778##466.6284##77.7714##6455.0262##13765.5378##28930.9608##27219.99##27608.847,15,3786309.0
2011,87,3,4,1,4,2716,11,1,1500000.0
2011,87,3,4,2,1,638,1710.9708,1,999551.0
2011,87,3,4,2,2,268##1024,1710.9708,2,1333062.0
2011,87,3,6,1,3,2937##2938##2941,5##2##1,3,16999998.0
2011,87,3,6,1,4,2715##2717,5##2,2,7489090.0
2011,87,3,6,2,2,110##330##337##230,7932.6828##1944.285,4,7601298.0
2011,87,3,7,1,3,2935##2940,4##3,2,3966670.0
2011,87,3,7,1,4,2713##2719,4##3,2,1999997.0
2011,87,3,7,2,1,127##144##389,2022.0564,3,835229.0
2011,87,3,7,2,2,237##274##331##75##967,1555.428##1788.7422##2022.0564##61983.8058,5,2146088.0
2011,87,3,9,1,3,2934##2971,4,2,14001378.0
2011,87,3,9,1,4,2712,4,1,2000000.0
2011,87,3,9,2,2,266,1788.7422,1,2142942.0
2011,87,3,10,2,2,284##1025,1710.9708,2,627407.0
2011,87,3,11,1,3,2936,4,1,1996203.0
2011,87,3,11,1,4,2714,4,1,2000000.0
2011,87,3,11,2,2,210##264,7932.6828##1788.7422,2,3722895.0
2011,87,3,12,1,3,2939,2,1,1000000.0
2011,87,3,13,2,2,108##291,62061.5772##7932.6828,2,2966023.0
2011,88,3,6,1,3,2913##2915,5##2,2,6424294.0
2011,88,3,7,1,3,2912##2916,4##3,2,3034323.0
2011,88,3,11,1,4,2983,4,1,2465974.0
2011,88,3,13,1,3,2914,7,1,1850973.0
2011,88,3,13,1,4,2984##2985,11##7,2,8991390.0
2011,89,3,4,1,3,2648##2653,7##12,2,904693.0
2011,89,3,4,1,4,2726##2727##2731##3012##3015,11##7##12,5,1899516.0
2011,89,3,6,1,3,2646##2650,5##2,2,3499020.0
2011,89,3,6,1,4,2724##2729##3009##3013,5##2,4,5747134.0
2011,89,3,7,1,3,2645##2647##2649##2651,4##6##7##3,4,398489.0
2011,89,3,7,1,4,2728##2730##3010##3014,7##3##6,4,446457.0
2011,89,3,9,1,3,2644,4,1,100206.0
2011,89,3,9,1,4,2723##3008,4,2,199564.0
2011,89,3,10,1,4,2725##3011,6##11,2,1062899.0
2011,89,3,11,1,3,2643##2652,4##12,2,1238975.0
2011,89,3,11,1,4,2722##2732##3007##3016,4##12,4,585825.0
2011,91,3,6,1,3,2875##3096##3099,5##2,3,1493337.0
2011,91,3,7,1,3,2872##2873##2874##3093##3097##3100,3##6##13##4,6,1293742.0
2011,91,3,10,1,3,3094##3098##3101,4##7##1,3,877651.0
2011,94,3,10,1,3,3069,11,1,614332.0
2011,95,3,4,1,3,2780,11,1,649062.0
2011,95,3,6,1,3,2781,2,1,850534.0
2011,95,3,7,1,3,2782,3,1,400000.0
2011,95,3,10,1,3,2779,11,1,295802.0
2011,95,3,11,1,3,2777,4,1,600000.0
2011,95,3,12,1,3,2778##2783,11##7,2,2202542.0
2011,96,3,3,1,3,3149,4,1,1109590.0
2011,96,3,4,1,3,3150##3151,11##7,2,2196282.0
2011,96,3,7,1,3,3152,3,1,178861.0
2011,105,3,4,1,3,2864##2896,11,2,2326192.0
2011,105,3,6,1,3,2863##2895##2899,2,3,3359056.0
2011,105,3,7,1,3,2862##2902##2905,3##6,3,3987312.0
2011,105,3,9,1,3,2901,4,1,447260.0
2011,105,3,10,1,3,2859##2860##2861##2897##2898##2903,4##6##11,6,2005587.0
2011,105,3,11,1,3,2900,4,1,553939.0
2011,105,3,13,1,3,2865##2904,7,2,2155235.0
2011,107,3,3,1,3,2812,7,1,977054.0
2011,107,3,6,1,4,2710##3003##3005##3052,7##2##5,4,1661575.0
2011,107,3,7,1,4,2706##3006,6##3,2,1644849.0
2011,107,3,9,1,4,2704##2708##2711##3004,4##7##2,4,2665318.0
2011,107,3,10,1,4,2999,6,1,346977.0
2011,107,3,11,1,4,2705##2997,4,2,2699999.0
2011,107,3,13,1,3,2879,4,1,3022440.0
2011,107,3,13,1,4,2707##2709##3000##3001##3002,11##7,5,1998085.0
2012,1,3,4,1,4,3603,11,1,2299944.0
2012,1,3,6,1,4,3604,5,1,1600000.0
2012,1,3,7,1,4,3605##3606,4##3,2,5013012.0
2012,1,3,9,1,4,3607##3608,2##3,2,842824.0
2012,1,3,10,1,4,3609,4,1,239616.0
2012,3,3,6,1,3,3485,5,1,997873.0
2012,3,3,9,1,3,3484##3486,4##3,2,4104259.0
2012,13,3,6,1,3,3320##3323##3401,5##2,3,4078495.0
2012,13,3,7,1,3,3319##3321##3325##3446,4##6##3,4,1967323.0
2012,13,3,9,1,3,3317##3399##3402##3403,4##2##3,4,5757290.0
2012,13,3,11,1,3,3316##3400,4,2,866540.0
2012,13,3,13,1,3,3322,11,1,2199939.0
2012,14,3,6,1,3,3437##3438,5##2,2,1450840.0
2012,14,3,9,1,3,3436,4,1,535429.0
2012,16,3,6,1,3,3194##3195##3632,5##2,3,3960722.0
2012,16,3,7,1,3,3169##3353##3633,3,3,3481515.0
2012,16,3,9,1,3,3193,4,1,859870.0
2012,16,3,9,1,4,3614##3616,4##2,2,1097431.0
2012,16,3,13,1,3,3630,4,1,499985.0
2012,16,3,13,1,4,3615,11,1,899999.0
2012,18,3,6,1,3,3497,2,1,1241264.0
2012,18,3,6,1,4,3217##3220,5##2,2,1797553.0
2012,18,3,7,1,3,3496##3498,6##3,2,224297.0
2012,18,3,7,1,4,3214##3215##3216,4##6##3,3,1899953.0
2012,18,3,9,1,3,3495##3515,4,2,528152.0
2012,18,3,12,1,4,3219,2,1,850001.0
2012,18,3,13,1,4,3213##3218,4##11,2,1449992.0
2012,19,3,2,1,4,3349,1,1,500015.0
2012,19,3,3,1,4,3200,4,1,500236.0
2012,19,3,6,1,3,3665##3700,5,2,1050715.0
2012,19,3,6,1,4,3203##3209,5##2,2,2391895.0
2012,19,3,7,1,3,3663##3667,4##3,2,836745.0
2012,19,3,7,1,4,3199##3210##3211,4##3##19,3,1042976.0
2012,19,3,9,1,3,3176,2,1,2979447.0
2012,19,3,9,1,4,3198##3207,4##11,2,1203125.0
2012,19,3,10,1,4,3202##3205##3208,4##6##11,3,796792.0
2012,19,3,11,1,3,3664,4,1,1269292.0
2012,19,3,11,1,4,3197,4,1,696570.0
2012,19,3,13,1,3,3666,11,1,713387.0
2012,19,3,13,1,4,3206,11,1,800000.0
2012,22,3,4,1,4,3625,7,1,316000.0
2012,22,3,6,1,3,3676,5,1,393884.0
2012,22,3,6,1,4,3622##3626,5##2,2,672246.0
2012,22,3,7,1,4,3627,3,1,712999.0
2012,22,3,9,1,3,3675,4,1,150000.0
2012,22,3,10,1,4,3623##3624,6##11,2,722203.0
2012,22,3,13,1,3,3677,3,1,550000.0
2012,22,3,13,1,4,3621,4,1,566811.0
2012,23,3,3,1,3,3440,4,1,398479.0
2012,23,3,4,1,3,3445,1,1,134743.0
2012,23,3,6,1,3,3443,2,1,239716.0
2012,23,3,7,1,3,3441##3442##3444,4##6##3,3,771800.0
2012,23,3,11,1,3,3439,4,1,977901.0
2012,24,3,3,1,4,3274##3283,4##2,2,496250.0
2012,24,3,4,1,4,3280##3282,11##7,2,1798110.0
2012,24,3,6,1,4,3277##3284,5##2,2,2965392.0
2012,24,3,7,1,3,3532,3,1,495618.0
2012,24,3,7,1,4,3272##3278##3286,4##6##3,3,799962.0
2012,24,3,9,1,4,3275##3285##3287,4##2##3,3,600024.0
2012,24,3,10,1,4,3273##3279##3281,4##6##11,3,597592.0
2012,24,3,11,1,3,3531,4,1,424041.0
2012,24,3,11,1,4,3276,4,1,700865.0
2012,24,3,12,1,3,3568,2,1,606401.0
2012,25,3,3,1,3,3679,4,1,254823.0
2012,25,3,4,1,3,3684,1,1,1762001.0
2012,25,3,6,1,3,3680##3682,5##2,2,2182643.0
2012,25,3,7,1,3,3681##3683,6##3,2,652161.0
2012,25,3,11,1,3,3678,4,1,671125.0
2012,26,3,6,1,3,3566,2,1,654412.0
2012,26,3,6,1,4,3181,5,1,1897244.0
2012,26,3,7,1,3,3565##3567,6##3,2,900002.0
2012,26,3,7,1,4,3180##3182##3184,4##6##3,3,2599994.0
2012,26,3,9,1,4,3183,2,1,6468289.0
2012,26,3,11,1,3,3564,4,1,400726.0
2012,27,3,6,1,3,3500##3502,5##2,2,5549794.0
2012,27,3,6,1,4,3600##3602,2##5,2,3309746.0
2012,27,3,7,1,3,3168##3504##3628##3629,3##4,4,6420201.0
2012,27,3,7,1,4,3598##3599##3601,6##3,3,1994615.0
2012,27,3,9,1,4,3595##3597,4##2,2,5966292.0
2012,27,3,10,1,3,3501,11,1,201390.0
2012,27,3,11,1,3,3167,4,1,4405190.0
2012,27,3,12,1,3,3503,2,1,867567.0
2012,27,3,12,1,4,3596,2,1,499893.0
2012,27,3,13,1,3,3499,4,1,2271600.0
2012,28,3,6,1,4,3224##3227,5##2,2,1868124.0
2012,28,3,7,1,4,3228,3,1,400582.0
2012,28,3,9,1,4,3223,4,1,348859.0
2012,28,3,11,1,4,3222,4,1,594011.0
2012,28,3,13,1,4,3225##3226,11##7,2,807749.0
2012,35,3,7,1,3,3725,3,1,662497.0
2012,35,3,7,1,4,3310##3312,6##3,2,1372896.0
2012,35,3,9,1,3,3724,4,1,2629102.0
2012,35,3,9,1,4,3309##3313,4##19,2,2126045.0
2012,35,3,13,1,4,3311,11,1,500000.0
2012,36,3,3,1,4,3617,4,1,499998.0
2012,36,3,4,1,4,3619,7,1,750001.0
2012,36,3,6,1,3,3337,2,1,1122564.0
2012,36,3,6,1,4,3523,2,1,6000000.0
2012,36,3,7,1,3,3363,3,1,2949770.0
2012,36,3,7,1,4,3620,3,1,500000.0
2012,36,3,13,1,4,3618,11,1,2162448.0
2012,38,3,6,1,3,3355##3357,5##2,2,4591237.0
2012,38,3,7,1,3,3356##3358,6##3,2,106619.0
2012,38,3,13,1,3,3354,4,1,136261.0
2012,40,3,7,1,3,3534,3,1,111280.0
2012,40,3,11,1,3,3533,4,1,201160.0
2012,42,3,4,1,3,3706,7,1,458928.0
2012,42,3,6,1,3,3707,2,1,886550.0
2012,42,3,7,1,3,3708,3,1,85001.0
2012,42,3,10,1,3,3704##3705,4##6,2,223651.0
2012,43,3,7,1,3,3398,3,1,347772.0
2012,43,3,11,1,3,3397,4,1,778608.0
2012,45,3,1,1,3,3696,7,1,1018566.0
2012,45,3,1,1,4,3245,7,1,1900000.0
2012,45,3,6,1,3,3695,5,1,631570.0
2012,45,3,7,1,3,3697##3699,12##3,2,346503.0
2012,45,3,7,1,4,3248##3250,7##3,2,999992.0
2012,45,3,9,1,3,3693##3698,4##2,2,1316469.0
2012,45,3,9,1,4,3249,2,1,799884.0
2012,45,3,10,1,4,3243##3244##3247,4##11##7,3,774644.0
2012,45,3,11,1,3,3694,4,1,634866.0
2012,45,3,11,1,4,3246##3314,7##4,2,3474995.0
2012,49,3,4,1,3,3640##3641,11##7,2,961701.0
2012,49,3,6,1,3,3642,2,1,579385.0
2012,49,3,7,1,3,3643,3,1,274825.0
2012,49,3,11,1,3,3639,4,1,751793.0
2012,51,3,6,1,3,3454,2,1,2005006.0
2012,51,3,7,1,3,3451##3453##3455,6##7##3,3,529444.0
2012,51,3,10,1,3,3448##3450##3452,4##6##11,3,1032733.0
2012,51,3,11,1,3,3449,4,1,427626.0
2012,52,3,6,1,3,3432,5,1,1000423.0
2012,52,3,9,1,3,3431,4,1,1000407.0
2012,55,3,4,1,3,3477,7,1,300000.0
2012,55,3,6,1,3,3478,2,1,899286.0
2012,55,3,7,1,3,3475##3476##3479,6##11##3,3,981404.0
2012,55,3,10,1,3,3473,4,1,300670.0
2012,55,3,11,1,3,3474,4,1,497550.0
2012,55,3,13,1,3,3752,13,1,1000000.0
2012,56,3,6,1,3,3536##3537##3539,4##5##2,3,5435414.0
2012,56,3,7,1,3,3540,3,1,369490.0
2012,56,3,9,1,3,3535,4,1,227108.0
2012,56,3,10,1,3,3538,6,1,187999.0
2012,59,3,2,1,4,3575,1,1,150001.0
2012,59,3,6,1,4,3577##3578,2##5,2,781031.0
2012,59,3,7,1,4,3579##3580##3581,3##4##6,3,669656.0
2012,59,3,9,1,4,3573##3574,4##2,2,274269.0
2012,59,3,11,1,4,3576,4,1,124936.0
2012,60,3,6,1,3,3757,5,1,1427779.0
2012,60,3,9,1,3,3720,4,1,1411386.0
2012,60,3,10,1,3,3719,4,1,380498.0
2012,61,3,3,1,3,3457,4,1,344749.0
2012,61,3,6,1,3,3231##3315##3461##3466,2##5,4,5923366.0
2012,61,3,7,1,3,3459##3463##3468##3470##3472,4##6##3##19##17,5,965907.0
2012,61,3,9,1,3,3487,4,1,600012.0
2012,61,3,10,1,3,3458##3462##3464##3465##3471,4##6##11##7##17,5,1179623.0
2012,61,3,11,1,3,3460##3469,4##3,2,1000540.0
2012,61,3,12,1,3,3221##3516,2,2,1324230.0
2012,61,3,13,1,3,3229,4,1,2615920.0
2012,63,3,6,1,3,3175##3329##3332##3701##3702,2##5,5,4791234.0
2012,63,3,7,1,3,3326##3330##3335##3703,4##6##19##3,4,827958.0
2012,63,3,10,1,3,3328##3331##3336,4##11##20,3,1782141.0
2012,63,3,11,1,3,3327,4,1,371876.0
2012,63,3,12,1,3,3333,2,1,1000000.0
2012,63,3,13,1,3,3334,3,1,192611.0
2012,67,3,4,1,3,3173##3419##3559##3687,11,4,6284342.0
2012,67,3,6,1,3,3174##3421##3561##3688,2,4,6050090.0
2012,67,3,7,1,3,3556##3557##3689##3690##3691,4##3##6,5,675083.0
2012,67,3,9,1,3,3555##3686,4,2,369652.0
2012,67,3,10,1,3,3170##3172##3417##3554##3560,4##11,5,426826.0
2012,67,3,11,1,3,3418##3553##3685,4,3,2245550.0
2012,67,3,13,1,3,3171##3420,4##11,2,600024.0
2012,69,3,6,1,4,3268##3269,5##2,2,2996885.0
2012,69,3,7,1,4,3270,3,1,297353.0
2012,69,3,9,1,4,3266,4,1,1019762.0
2012,69,3,11,1,4,3267##3271,4##18,2,683385.0
2012,71,3,2,1,3,3635,1,1,359170.0
2012,71,3,4,1,3,3634,4,1,1212830.0
2012,71,3,6,1,3,3364##3365##3371,5##2,3,15929908.0
2012,71,3,7,1,3,3372##3583##3636,3,3,1982154.0
2012,71,3,9,1,3,3369,4,1,130540.0
2012,71,3,10,1,3,3368,4,1,181365.0
2012,71,3,11,1,3,3367##3582##3637,4,3,1813749.0
2012,71,3,12,1,3,3366,2,1,1000000.0
2012,71,3,13,1,3,3370,11,1,2000000.0
2012,73,3,4,1,3,3750,1,1,500000.0
2012,73,3,10,1,3,3745##3746,4##12,2,1553712.0
2012,73,3,11,1,3,3744,4,1,354170.0
2012,73,3,13,1,3,3748##3749,13##1,2,4279794.0
2012,74,3,3,1,3,3644,4,1,403952.0
2012,74,3,3,1,4,3252,4,1,59920.0
2012,74,3,4,1,3,3652##3654##3655,18##11##7,3,1797306.0
2012,74,3,4,1,4,3262,7,1,1359269.0
2012,74,3,6,1,3,3343##3346##3649##3657,5##2,4,6970144.0
2012,74,3,6,1,4,3256##3264,5##2,2,5803751.0
2012,74,3,7,1,3,3340##3348##3645##3650##3662,4##3##6,5,2649060.0
2012,74,3,7,1,4,3253##3257##3265,4##6##3,3,531323.0
2012,74,3,9,1,3,3341##3646##3659##3661,4##2##3,4,1072213.0
2012,74,3,9,1,4,3254,4,1,101262.0
2012,74,3,10,1,3,3338##3344##3647##3653,4##6##11,4,611450.0
2012,74,3,10,1,4,3255##3258,4##6,2,335001.0
2012,74,3,11,1,3,3342##3347##3648##3651##3660,4##3##18,5,3594780.0
2012,74,3,11,1,4,3251,4,1,3884931.0
2012,74,3,12,1,3,3656##3658,1##2,2,526918.0
2012,74,3,13,1,3,3345,11,1,4265287.0
2012,74,3,13,1,4,3259,11,1,2770273.0
2012,76,3,3,1,3,3518,4,1,100002.0
2012,76,3,4,1,3,3520,1,1,299988.0
2012,76,3,6,1,3,3519##3521,5##2,2,1699536.0
2012,76,3,7,1,3,3522,3,1,177513.0
2012,76,3,11,1,3,3517,4,1,299975.0
2012,77,3,3,1,3,3426,4,1,220821.0
2012,77,3,4,1,3,3428,7,1,388710.0
2012,77,3,6,1,3,3427,5,1,496820.0
2012,77,3,7,1,3,3425##3430,4##3,2,262579.0
2012,77,3,9,1,3,3422,4,1,201845.0
2012,77,3,10,1,3,3423,4,1,141775.0
2012,77,3,11,1,3,3424##3429,4##3,2,509063.0
2012,78,3,1,1,3,3732,7,1,3000828.0
2012,78,3,2,1,3,3736,1,1,1807444.0
2012,78,3,4,1,4,3240,7,1,500039.0
2012,78,3,6,1,3,3737,22,1,597060.0
2012,78,3,6,1,4,3236##3241,5##2,2,1190921.0
2012,78,3,7,1,3,3730##3754,6##3,2,716562.0
2012,78,3,7,1,4,3237##3242,6##3,2,463745.0
2012,78,3,9,1,3,3728##3733,4##2,2,424610.0
2012,78,3,10,1,3,3727##3729##3753,4##6##11,3,1015467.0
2012,78,3,10,1,4,3238##3239,6##11,2,1000474.0
2012,78,3,11,1,3,3726,4,1,1799970.0
2012,78,3,11,1,4,3235,4,1,800253.0
2012,78,3,12,1,3,3734,2,1,596790.0
2012,79,3,3,1,3,3382,4,1,735684.0
2012,79,3,4,1,3,3379##3393,4##1,2,1193234.0
2012,79,3,6,1,3,3389,2,1,1073330.0
2012,79,3,6,1,4,3299##3304,5##2,2,1102575.0
2012,79,3,7,1,3,3385##3388##3391,4##6##3,3,911168.0
2012,79,3,7,1,4,3296##3303##3305##3308,4##11##3##6,4,1234449.0
2012,79,3,9,1,3,3380,4,1,453704.0
2012,79,3,10,1,3,3384##3386##3387##3394##3396,4##6##14##12,5,2154240.0
2012,79,3,10,1,4,3297##3300##3301,4##6##11,3,690264.0
2012,79,3,11,1,3,3381,4,1,312542.0
2012,79,3,11,1,4,3298##3302,4##11,2,893390.0
2012,79,3,12,1,3,3390,2,1,163597.0
2012,80,3,6,1,3,3289,2,1,2705784.0
2012,80,3,6,1,4,3587,5,1,2000000.0
2012,80,3,7,1,3,3290##3692,3,2,4191686.0
2012,80,3,7,1,4,3584##3588##3593,4##6##3,3,2939154.0
2012,80,3,9,1,4,3586,4,1,1967497.0
2012,80,3,10,1,4,3589##3591,6##11,2,631708.0
2012,80,3,11,1,4,3585##3594,4##3,2,2956237.0
2012,80,3,12,1,4,3592,2,1,3000000.0
2012,80,3,13,1,3,3456,7,1,882075.0
2012,80,3,13,1,4,3590,11,1,499886.0
2012,81,3,4,1,3,3481,11,1,1534378.0
2012,81,3,6,1,3,3482,2,1,694737.0
2012,81,3,7,1,3,3483,3,1,218950.0
2012,81,3,11,1,3,3480,4,1,629017.0
2012,83,3,6,1,3,3360##3361,5##2,2,6130640.0
2012,83,3,7,1,3,3362,3,1,266430.0
2012,83,3,9,1,3,3359,4,1,535000.0
2012,85,3,7,1,3,3542,3,1,812221.0
2012,85,3,11,1,3,3541,4,1,1649014.0
2012,87,1,3,2,2,1539##1568##1571##1620##1647##1667,37408.0434##1166.571##17731.8792##14543.2518##699.9426##1244.3424,6,1959440.0
2012,87,1,4,2,1,1131,2955.3132,1,496565.0
2012,87,1,4,2,2,1133##1187##1292##1590##1657##1682##1693,12132.3384##388.857##1244.3424##37408.0434##35074.9014,7,5511822.0
2012,87,1,6,2,1,1317##1446,388.857##2955.3132,2,969436.0
2012,87,1,6,2,2,1196##1263##1273##1280##1463##1497##1512##1580##1599##1600##1621##1623##1644##1650##1701,37796.9004##5677.3122##5832.855##311.0856##13221.138##1244.3424##35308.2156##4121.8842##11743.4814##2955.3132##12210.1098##16409.7654,15,9472423.0
2012,87,1,7,2,1,1790,622.1712,1,451755.99
2012,87,1,7,2,2,1188##1202##1205##1238##1307##1461##1531##1547,17731.8792##32508.4452##777.714##699.9426##26286.7332##233.3142##9799.1964##26053.419,8,3462308.0
2012,87,1,9,2,2,1249##1281##1504##1633##1639##1697,32508.4452##699.9426##4121.8842##26053.419##2955.3132,6,2384018.78
2012,87,1,10,2,2,1152##1158##1228##1298##1529##1579##1613##1614,699.9426##388.857##9799.1964##233.3142##14543.2518##17731.8792##2955.3132,8,3007361.18
2012,87,1,11,2,1,1128##1423##1448##1453,1166.571##2955.3132##25353.4764,4,641140.0
2012,87,1,11,2,2,1190##1194##1213##1284##1297##1310##1314##1462##1520##1550##1556##1655,4821.8268##9565.8822##388.857##311.0856##1244.3424##4899.5982##16409.7654##1166.571##699.9426##233.3142,12,7140028.1
2012,87,1,13,2,2,1252##1486##1496##1582,12210.1098##19987.2498##388.857,4,1260155.0
2012,87,2,3,2,2,1527,15787.5942,1,332888.0
2012,87,2,4,2,2,1149,4199.6556,1,908450.0
2012,87,2,6,2,1,1207,6532.7976,1,499943.0
2012,87,2,6,2,2,1172##1226##1229##1268##1161##1456##1473##1505##1507##1513##1526##1559##1595##1615##1637##1659##1662,6532.7976##8399.3112##77.7714##30408.6174##30019.7604##19520.6214##13298.9094##13765.5378##7854.9114##17187.4794##19209.5358##9488.1108##6843.8832##12676.7382##6455.0262##2877.5418,17,6721865.33
2012,87,2,7,2,2,1165##1193##1258##1643,466.6284##14076.6234##77.7714##8321.5398,4,1478591.0
2012,87,2,9,2,1,1356##1352,20065.0212##18976.2216,2,307718.0
2012,87,2,9,2,2,1153##1163##1175##1209##1231##1242##1255##1274##1277##1288##1628##1474##1476##1490##1498##1558##1578##1586##1594##1692##1702##1704,13609.995##466.6284##9488.1108##15865.3656##26131.1904##13843.3092##8399.3112##77.7714##6455.0262##23331.42##20065.0212##13532.2236##26753.3616##26597.8188##16020.9084##36085.9296##33597.2448##13454.4522##24497.991##52340.1522,22,5236608.0
2012,87,2,10,2,2,1183##1468,6688.3404##14698.7946,2,603295.0
2012,87,2,11,2,1,1129##1135##1145##1321##1332,16020.9084##8399.3112##23798.0484##27064.4472##6688.3404,5,768042.0
2012,87,2,11,2,2,1156##1176##1185##1224##1269##1289##1477##1544##1632##1642,8321.5398##8399.3112##6455.0262##77.7714##9099.2538##5988.3978##12676.7382##13765.5378,10,5135895.0
2012,87,3,4,2,2,1234##1239##1240##1509,1633.1994##7932.6828##1710.9708,4,6854232.0
2012,87,3,6,2,1,1551,7932.6828,1,400000.0
2012,87,3,6,2,2,1616,1944.285,1,745034.0
2012,87,3,7,2,2,1259##1315##1460##1605##1624,1555.428##2022.0564##1788.7422,5,3950020.0
2012,87,3,8,2,1,1328##1780,1944.285##55373.2368,2,2796098.0
2012,87,3,9,2,2,1300##1487##1709,1788.7422##1944.285,3,7874899.0
2012,87,3,10,2,2,1208,1710.9708,1,147900.0
2012,87,3,11,2,2,1214##1630##1656,1788.7422##7932.6828,3,2829761.0
2012,87,3,13,2,1,1127##1139##1413##1436##1776,61983.8058##61828.263,5,1826599.61
2012,87,3,13,2,2,1325##1329##1330##1495##1674##1705##1731##1755,62061.5772##2022.0564##1788.7422##7932.6828##1555.428##61983.8058,8,3533588.0
2012,88,3,3,1,3,3508,4,1,612441.0
2012,88,3,4,1,4,3192,7,1,2599030.0
2012,88,3,6,1,3,3514,2,1,4397966.0
2012,88,3,6,1,4,3190,5,1,3003480.0
2012,88,3,7,1,3,3507##3510,4##6,2,802576.0
2012,88,3,7,1,4,3185##3191,4##3,2,3200016.0
2012,88,3,9,1,3,3506,4,1,467073.0
2012,88,3,9,1,4,3186,4,1,4200007.0
2012,88,3,10,1,3,3509,4,1,598898.0
2012,88,3,10,1,4,3187,4,1,1016894.0
2012,88,3,11,1,3,3505##3512,4##7,2,2147832.0
2012,88,3,11,1,4,3188,4,1,2986487.0
2012,88,3,12,1,3,3513,7,1,969420.0
2012,88,3,13,1,3,3511,11,1,10031250.0
2012,88,3,13,1,4,3189,11,1,3010721.0
2012,89,3,6,1,4,3572,2,1,1464899.0
2012,89,3,10,1,4,3571,11,1,330000.0
2012,89,3,11,1,4,3570,4,1,200000.0
2012,91,3,3,1,3,3404,4,1,1175288.0
2012,91,3,4,1,3,3406##3411##3526##3611,4##11,4,5866693.0
2012,91,3,6,1,3,3408##3415##3527##3610,5##2,4,6529637.0
2012,91,3,6,1,4,3293##3295,11##13,2,4902287.0
2012,91,3,7,1,3,3409##3410##3413##3416##3525##3528##3530,6##11##13##3,7,6704290.0
2012,91,3,7,1,4,3291##3292##3294,4##6##11,3,2081342.0
2012,91,3,10,1,3,3407##3412##3613,4##7,3,2200913.0
2012,91,3,11,1,3,3524,4,1,3000062.0
2012,91,3,13,1,3,3405##3414##3612,4##1##13,3,4016220.0
2012,94,3,6,1,3,3669,5,1,111276.0
2012,94,3,7,1,3,3672,3,1,89562.0
2012,94,3,9,1,3,3755,2,1,323701.0
2012,94,3,11,1,3,3668,4,1,108766.0
2012,94,3,13,1,3,3670,11,1,376516.0
2012,96,3,4,1,3,3434##3435,11##7,2,1761542.0
2012,96,3,10,1,3,3433,4,1,325280.0
2012,97,3,6,1,3,3488##3493,5##2,2,2109682.0
2012,97,3,7,1,3,3494,3,1,156418.0
2012,97,3,10,1,3,3490,6,1,200379.0
2012,97,3,11,1,3,3489,7,1,465192.0
2012,97,3,13,1,3,3491##3492,11##4,2,3955873.0
2012,105,3,4,1,3,3375##3547##3548,11##7,3,4642741.0
2012,105,3,6,1,3,3377,2,1,2611919.0
2012,105,3,7,1,3,3351##3352##3378##3549##3552,4##3##7,5,7034331.0
2012,105,3,9,1,3,3545##3550,4##7,2,749674.0
2012,105,3,10,1,3,3374##3544##3551##3563,6##4##1##7,4,1127368.0
2012,105,3,11,1,3,3373##3543##3562,4##7,3,4962891.0
2012,105,3,13,1,3,3376##3546,7##6,2,2331512.0
2012,107,3,6,1,3,3674,2,1,2006304.0
2013,1,3,4,1,4,3823,11,1,998203.0
2013,1,3,7,1,4,3821##3822##3827,4##6##3,3,4561994.0
2013,1,3,9,1,4,3819##3826,4##3,2,2495485.0
2013,1,3,10,1,4,3820,4,1,516987.0
2013,1,3,11,1,4,3818,4,1,1000022.0
2013,1,3,12,1,4,3825,2,1,4000001.0
2013,1,3,13,1,4,3824,11,1,3001350.0
2013,2,3,3,1,4,3895,4,1,100002.0
2013,2,3,6,1,4,3893,2,1,2073336.0
2013,2,3,7,1,4,3890,4,1,133609.0
2013,2,3,12,1,4,3894,1,1,50000.0
2013,2,3,13,1,4,3891,11,1,627093.0
2013,7,3,6,1,4,4126,2,1,1000835.0
2013,7,3,7,1,4,4125,7,1,656535.0
2013,7,3,11,1,4,4124,11,1,300424.0
2013,7,3,12,1,4,4127,2,1,42848.0
2013,10,3,6,1,3,4260##4261,5##2,2,1282590.0
2013,10,3,9,1,3,4262##4263,3##4,2,323232.0
2013,10,3,11,1,3,4259,4,1,858354.0
2013,14,3,6,1,3,4133##4137,5##2,2,1529559.0
2013,14,3,6,1,4,3762##3764,5##2,2,1448278.0
2013,14,3,7,1,3,4129##4134,4##6,2,691498.0
2013,14,3,7,1,4,3760,4,1,266643.0
2013,14,3,9,1,3,4130,4,1,141495.0
2013,14,3,9,1,4,3758,4,1,163893.0
2013,14,3,10,1,3,4132,4,1,115003.0
2013,14,3,11,1,3,4131,4,1,119278.0
2013,14,3,11,1,4,3759,4,1,151358.0
2013,14,3,12,1,4,3763,11,1,605502.0
2013,14,3,13,1,3,4135##4136,11##7,2,882338.0
2013,14,3,13,1,4,3761,4,1,334488.0
2013,16,3,7,1,3,4021##4038,3,2,1983558.0
2013,16,3,9,1,3,4037,2,1,561545.0
2013,16,3,13,1,3,4034##4036,4##11,2,1643769.0
2013,18,3,4,1,3,4315,11,1,877935.0
2013,18,3,6,1,3,3964##3968##4313##4318,5##2,4,4480191.0
2013,18,3,7,1,3,3962##3965##3981##4312##4319,4##6##3,5,3688671.0
2013,18,3,10,1,3,3961##3966##4310##4314##4316##4323,4##11##7##6,6,2197351.0
2013,18,3,11,1,3,3963##3967##4311,4##1,3,2606910.0
2013,18,3,12,1,3,3969##3970##4317,2##1,3,2032734.0
2013,19,3,6,1,3,3938##3941,5##2,2,1351075.0
2013,19,3,6,1,4,4176##4181,5##2,2,1724060.0
2013,19,3,7,1,4,4173##4182##4183,4##3##19,3,979863.0
2013,19,3,9,1,3,3937,4,1,599147.0
2013,19,3,9,1,4,4174,4,1,499558.0
2013,19,3,10,1,4,4175##4177##4178##4180,4##6##11##7,4,1499147.0
2013,19,3,11,1,4,4172,4,1,2000000.0
2013,19,3,12,1,3,3942,2,1,1101980.0
2013,19,3,13,1,3,3939##3940,11##7,2,1829616.0
2013,19,3,13,1,4,4179,11,1,1503228.0
2013,22,1,4,2,1,167,97265.3032,1,107944.58
2013,22,1,6,2,1,98,75242.9704,1,141570.31
2013,22,1,11,2,1,91,70654.9844,1,150000.0
2013,22,2,6,2,1,118,191777.8148,1,250000.0
2013,22,3,6,1,4,4159##4162,5##2,2,986708.0
2013,22,3,6,2,1,78,230316.8972,1,250000.0
2013,22,3,10,1,4,4160##4161,6##11,2,534981.0
2013,22,3,13,1,4,4158##4163,4##3,2,1972265.0
2013,26,3,6,1,3,4140,2,1,422156.0
2013,26,3,6,1,4,3784##4058##4060,5##2,3,3691556.0
2013,26,3,7,1,3,4139,6,1,130803.0
2013,26,3,7,1,4,3785##3787##4057##4059##4061,6##3##4,5,4151187.0
2013,26,3,9,1,4,3786,2,1,4200001.0
2013,26,3,11,1,3,4138,4,1,627400.0
2013,26,3,13,1,3,4141,3,1,922349.0
2013,26,3,13,1,4,3783,4,1,953935.0
2013,27,1,3,2,1,3375,22544.568,1,665000.0
2013,27,1,4,2,1,3383,20039.616,1,399805.0
2013,27,1,6,2,1,3374,22544.568,1,875000.0
2013,27,1,7,2,1,3368##3372,5510.8944##20540.6064,2,913009.0
2013,27,1,8,2,1,3370##3382,19538.6256##18035.6544,2,1154994.44
2013,27,1,9,2,1,3371,22043.5776,1,261000.0
2013,27,1,10,2,1,3378,19037.6352,1,288820.0
2013,27,1,11,2,1,3369##3380,21041.5968##11522.7792,2,1345000.0
2013,27,1,12,2,1,3373,21542.5872,1,508270.0
2013,27,2,4,2,1,3379,7514.856,1,609000.0
2013,27,2,11,2,1,3381,7013.8656,1,300000.0
2013,27,3,6,1,3,4002,2,1,1293324.0
2013,27,3,7,1,3,4000##4003##4010##4011,6##3##4,4,4754540.0
2013,27,3,7,2,1,3367,4007.9232,1,250000.0
2013,27,3,10,2,1,3376##3377,5009.904##17534.664,2,600000.0
2013,27,3,13,1,3,3999##4001,4##11,2,6009480.0
2013,28,3,6,1,4,3811##3815##4197##4199,5##2,4,2649874.0
2013,28,3,7,1,4,3812##3816##3817##4200,6##3##19,4,823830.0
2013,28,3,9,1,4,3810##4196,4,2,949420.0
2013,28,3,11,1,4,3809##4195##4254,4##1,3,774567.0
2013,28,3,13,1,4,3813##3814##4198##4253,11##7,4,1109327.0
2013,35,3,6,1,4,3839##3843,5##1,2,800002.0
2013,35,3,9,1,4,3838##3840##3842,4##6##3,3,1907019.0
2013,35,3,13,1,4,3841,11,1,348284.0
2013,36,1,3,2,1,154,175393.6208,1,368884.0
2013,36,1,6,2,1,170##162,228774.288##101995.2034,2,1348484.72
2013,36,1,9,2,1,23##165##31##41##42##44##51,194458.1448##175393.6208##9532.262##48614.5362##243072.681,7,1476837.76
2013,36,1,13,2,1,45,63866.1554,1,160512.43
2013,36,3,4,1,3,4239,7,1,1000001.0
2013,36,3,4,1,4,3856,7,1,1000001.0
2013,36,3,6,1,3,4240,2,1,3209142.0
2013,36,3,6,1,4,3854##3858,5##2,2,10000002.0
2013,36,3,7,1,3,4012,3,1,1255769.0
2013,36,3,7,1,4,3859,3,1,1250001.0
2013,36,3,9,1,4,3851##3852,4,2,1500043.0
2013,36,3,9,2,1,55##61,239259.7762,2,4001028.06
2013,36,3,10,2,1,151##163##169##43##93,110574.2392##221148.4784,5,3058421.77
2013,36,3,11,1,4,3853,4,1,1749981.0
2013,36,3,13,1,3,4309,7,1,1507993.0
2013,36,3,13,1,4,3855,11,1,1500002.0
2013,43,3,6,1,3,4203##4252,2,2,1363930.0
2013,43,3,9,1,3,4202,4,1,571917.0
2013,43,3,11,1,3,4251,4,1,303309.0
2013,44,3,6,1,3,4055##4056,5##2,2,3116805.0
2013,44,3,9,1,3,4054,4,1,50020.0
2013,45,1,7,2,1,133,113797.008,1,248775.0
2013,45,1,12,2,1,139,45518.8032,1,197235.29
2013,45,1,13,2,1,134,4947.696,1,116248.0
2013,45,2,13,2,1,132,164263.5072,1,213786.98
2013,45,3,6,1,4,3846,5,1,1180000.0
2013,45,3,7,1,4,3848##3850##4094##4095,3##12##7,4,2159025.0
2013,45,3,9,1,4,3844##3847,4##2,2,2345949.0
2013,45,3,11,1,4,3845##3849##4093,4##7,3,1795126.0
2013,45,3,13,2,1,90,227594.016,1,169199.1
2013,49,3,3,1,3,4185##4194,4##14,2,699030.0
2013,49,3,4,1,3,4189,11,1,1883840.0
2013,49,3,6,1,3,4191,2,1,1899996.0
2013,49,3,7,1,3,4186##4187##4192,4##6##3,3,2500000.0
2013,49,3,10,1,3,4188##4190##4193,6##7##1,3,1514906.0
2013,49,3,11,1,3,4184,4,1,1501371.0
2013,51,3,4,1,3,3960##4206##4211,11##13,3,6249914.0
2013,51,3,6,1,3,4208,2,1,1000000.0
2013,51,3,7,1,3,4205##4207##4209,6##7##3,3,1287764.0
2013,51,3,10,1,3,4210,17,1,327955.0
2013,51,3,11,1,3,3959##4204,4,2,5888915.0
2013,52,3,6,1,3,4267##4268,5##2,2,1506314.0
2013,52,3,7,1,3,4018##4019##4020,4##11##3,3,1532872.0
2013,54,3,7,1,3,4039,3,1,753504.0
2013,55,3,4,1,3,4215,7,1,500362.0
2013,55,3,6,1,3,3770##3772##3773##4217,5##7##2,4,3992659.0
2013,55,3,7,1,3,3771##3774##4216##4218,6##3##13,4,1353106.0
2013,55,3,10,1,3,4213,6,1,399865.0
2013,55,3,11,1,3,3769,4,1,250115.0
2013,55,3,13,1,3,4123##4212##4214,13##4##11,3,11035411.0
2013,57,3,3,1,4,3804,4,1,325667.0
2013,57,3,6,1,4,3805##3807,5##2,2,1387574.0
2013,57,3,7,1,4,3802##3808,4##3,2,386997.0
2013,57,3,9,1,4,3801,4,1,496726.0
2013,57,3,11,1,4,3803,4,1,394973.0
2013,59,3,6,1,3,4024,5,1,5000000.0
2013,59,3,6,1,4,4154##4156,5##2,2,2604791.0
2013,59,3,7,1,4,4155##4157,6##3,2,398692.0
2013,60,3,6,1,3,4265##4266,5##2,2,7859356.0
2013,60,3,10,1,3,4264,4,1,190426.0
2013,61,3,3,1,3,3897,4,1,469501.0
2013,61,3,4,1,3,3905##3908,11##7,2,563023.0
2013,61,3,6,1,3,3901##3911,5##2,2,5759079.0
2013,61,3,7,1,3,3898##3903##3913,4##6##3,3,805735.0
2013,61,3,9,1,3,3899##3912,4##2,2,2358168.0
2013,61,3,10,1,3,3900##3904##3906##3909##3915##3916,4##6##11##7##12##17,6,3972488.0
2013,61,3,11,1,3,3914##3917,3##4,2,1746809.0
2013,61,3,12,1,3,3829##3830##3910,1##2,3,2209180.0
2013,62,3,13,1,3,4017,7,1,1000000.0
2013,63,3,3,1,3,3791,4,1,149693.0
2013,63,3,6,1,3,3794##3799,5##2,2,1004532.0
2013,63,3,6,1,4,4114##4117##4118##4122,5##7##2##1,4,2177023.0
2013,63,3,7,1,3,3792##3797##3800,4##6##3,3,560402.0
2013,63,3,7,1,4,4113##4116##4120##4121,4##6##3,4,726151.0
2013,63,3,9,1,3,3788,4,1,93108.0
2013,63,3,9,1,4,4112##4115##4119,4##6##2,3,1105458.0
2013,63,3,10,1,3,3790##3793##3795,4##20##6,3,357111.0
2013,63,3,11,1,3,3789,4,1,127073.0
2013,63,3,13,1,3,3798,11,1,2178453.0
2013,66,3,4,1,3,3779,7,1,1002288.0
2013,66,3,6,1,3,3780##3920,2##5,2,2304222.0
2013,66,3,7,1,3,3777##3778##3782,4##6##3,3,820371.0
2013,66,3,10,1,3,3776,4,1,101650.0
2013,66,3,11,1,3,3775,4,1,899870.0
2013,66,3,12,1,3,3781,2,1,713937.0
2013,67,3,1,1,4,4169,11,1,650000.0
2013,67,3,4,1,3,3952,11,1,2500000.0
2013,67,3,6,1,4,4166##4170,5##2,2,1224512.0
2013,67,3,7,1,3,3943##3945##3953,4##6##3,3,499572.0
2013,67,3,7,1,4,4164##4167##4171,4##6##3,3,300043.0
2013,67,3,10,1,4,4168,6,1,275277.0
2013,67,3,11,1,3,3944,4,1,2000044.0
2013,67,3,11,1,4,4165,4,1,550000.0
2013,71,3,3,1,4,4105,4,1,387973.0
2013,71,3,4,1,3,4026,7,1,834957.0
2013,71,3,4,1,4,4109,7,1,500000.0
2013,71,3,6,1,3,4256,2,1,2393430.0
2013,71,3,6,1,4,4106,5,1,2499999.0
2013,71,3,7,1,3,4023,3,1,650000.0
2013,71,3,7,1,4,4107##4111,6##3,2,1000001.0
2013,71,3,10,1,4,4104##4108,4##7,2,1011305.0
2013,71,3,11,1,3,4022##4255,4,2,1527779.0
2013,71,3,11,1,4,4103,4,1,1497358.0
2013,71,3,12,1,4,4110,2,1,995100.0
2013,71,3,13,1,3,4025,11,1,1003272.0
2013,72,3,4,1,3,3742,11,1,1418753.0
2013,72,3,6,1,3,3740,5,1,995380.0
2013,72,3,7,1,3,3739##3741##3743,4##6##3,3,2150087.0
2013,72,3,11,1,3,3738,4,1,1867213.0
2013,73,1,7,2,1,48,226976.4829,1,204798.0
2013,73,2,4,2,1,166,214789.8261,1,247725.0
2013,73,3,6,1,3,4128,13,1,3000000.0
2013,73,3,7,1,3,3751,3,1,1206178.0
2013,73,3,10,1,3,3747,12,1,327088.0
2013,73,3,11,2,1,161,361029.7077,1,300000.0
2013,74,1,4,2,1,113##137##54##56,61082.4##57417.456##249216.192,4,896144.0
2013,74,1,6,2,1,106##108##116##124##128##129##136##142,254102.784##57417.456##29319.552##13438.128##189355.44##310298.592##144154.464##152706.0,8,1738465.0
2013,74,1,7,2,1,131,152706.0,1,99990.0
2013,74,1,10,2,1,33,130716.336,1,62188.0
2013,74,1,13,2,1,107##122##50##53,263875.968##196685.328##13438.128,4,977952.0
2013,74,2,3,2,1,104##105##121##125##168,218674.992##128273.04##47644.272##243107.952##73298.88,5,499649.0
2013,74,2,4,2,1,112##115##126##145##67##68##69,230891.472##245551.248##166144.128##43979.328##217453.344##123386.448##147819.408,7,1474305.0
2013,74,2,6,2,1,109##119,230891.472##186912.144,2,320335.0
2013,74,2,7,2,1,141,59860.752,1,118828.0
2013,74,2,11,2,1,171,45200.976,1,224764.0
2013,74,2,13,2,1,117##52##97##99,302968.704##206458.512##41536.032##105061.728,4,755149.96
2013,74,3,1,1,4,4069,11,1,447795.0
2013,74,3,3,1,3,3982,4,1,152796.0
2013,74,3,3,1,4,4062##4080,4##14,2,515693.0
2013,74,3,4,1,3,3991##3998,11##18,2,800072.0
2013,74,3,4,1,4,4070##4072##4078,11##7##18,3,898016.0
2013,74,3,6,1,3,3987##3992,5##2,2,1345789.0
2013,74,3,6,1,4,4073,2,1,3599287.0
2013,74,3,7,1,3,3985##3996,4##3,2,534539.0
2013,74,3,7,1,4,4063##4067,4##6,2,584941.0
2013,74,3,7,2,1,65##66,307855.296,2,499926.47
2013,74,3,9,1,3,3983,4,1,135001.0
2013,74,3,9,1,4,4064##4074##4076,4##2##3,3,550144.0
2013,74,3,10,1,3,3984##3988##3990,4##6##11,3,570068.0
2013,74,3,10,1,4,4065##4068##4071##4075,4##6##7##3,4,1515846.0
2013,74,3,11,1,3,3986##3994##3997,4##3##18,3,350300.0
2013,74,3,11,1,4,4066##4077##4079,4##3##18,3,1890058.0
2013,74,3,13,2,1,64,280979.04,1,249684.0
2013,78,3,1,1,3,4246##4283##4300##4301,7##11,4,9692870.0
2013,78,3,2,1,3,4294,1,1,1500022.0
2013,78,3,3,1,3,4278##4289,4,2,792219.0
2013,78,3,3,1,4,4081,4,1,102918.0
2013,78,3,4,1,4,4088,7,1,301408.0
2013,78,3,6,1,3,4247##4284##4295##4296,2##5,4,3599303.0
2013,78,3,6,1,4,4090,2,1,299154.0
2013,78,3,7,1,3,4244##4249##4282##4286##4290##4292##4304,6##3##4,7,3767972.0
2013,78,3,7,1,4,4085##4089##4091,6##7##3,3,400090.0
2013,78,3,9,1,3,4279##4298,4,2,801959.0
2013,78,3,9,1,4,4082,4,1,200441.0
2013,78,3,10,1,3,4241##4243##4245##4277##4281##4288##4291##4293,4##6##11,8,2109880.0
2013,78,3,10,1,4,4083##4086##4087##4092,4##6##11##1,4,1394135.0
2013,78,3,11,1,3,4242##4280##4299,4,3,5614951.0
2013,78,3,11,1,4,4084,4,1,300852.0
2013,78,3,12,1,3,4248##4285##4302##4303##4305,2##1,5,5417892.0
2013,79,3,7,1,3,3935,3,1,328659.0
2013,79,3,11,1,3,3934,4,1,423113.0
2013,80,3,3,1,3,4040##4043##4219,4,3,843529.0
2013,80,3,4,1,3,3955##4049##4220,11,3,1689341.0
2013,80,3,6,1,3,3954##3956##4041##4047##4050,5##2,5,17762685.0
2013,80,3,6,1,4,3864##3869,5##2,2,6997133.0
2013,80,3,7,1,3,3957##4046##4048##4053##4222,3##4##6,5,1383234.0
2013,80,3,7,1,4,3860##3865##3870,4##6##3,3,3506378.0
2013,80,3,9,1,3,4042,4,1,693395.0
2013,80,3,9,1,4,3861##3868##3871,4##2##3,3,1607841.0
2013,80,3,9,2,1,164,20543.094,1,80000.0
2013,80,3,10,1,3,4044,4,1,196452.0
2013,80,3,10,1,4,3862##3867,4##11,2,1410745.0
2013,80,3,10,2,1,166,20399.436,1,80000.0
2013,80,3,11,1,3,4045##4052##4221##4223##4250,4##3##7,5,5064444.0
2013,80,3,11,1,4,3863##3872,4##3,2,1999996.0
2013,80,3,11,2,2,12,9481.428,1,650000.0
2013,80,3,13,1,3,3958,4,1,2892278.0
2013,80,3,13,1,4,3866,11,1,1399997.0
2013,81,3,1,1,3,4273,7,1,673760.0
2013,81,3,4,1,3,4272,11,1,360004.0
2013,81,3,6,1,3,4015##4270##4274,2##5,3,1663344.0
2013,81,3,7,1,3,4016##4271##4275,3##6,3,376375.0
2013,81,3,10,1,3,4276,17,1,93561.0
2013,81,3,11,1,3,4269,4,1,99825.0
2013,81,3,13,1,3,4013##4014,4##11,2,2277928.0
2013,83,3,6,1,3,4005,5,1,783562.0
2013,83,3,9,1,3,4004##4006##4007,4##2##3,3,2254825.0
2013,87,1,3,2,2,1882##1929##2017##2023,1244.3424##17731.8792##699.9426##2955.3132,4,1091307.99
2013,87,1,4,2,2,1846##1980##2025##2035##2054##2055,388.857##1244.3424##699.9426##26286.7332##11743.4814##37796.9004,6,1520084.21
2013,87,1,6,2,1,2063,39430.0998,1,298136.66
2013,87,1,6,2,2,1798##1821##1853##1970##1971,26053.419##39430.0998##4121.8842##8243.7684##311.0856,5,1397390.29
2013,87,1,7,2,1,2068##2069##2070##2071##2074##2076##2079,26053.419##1399.8852##622.1712##311.0856##4821.8268##699.9426,7,2552053.15
2013,87,1,7,2,2,1801##1991##2024##2040,26053.419##622.1712##26286.7332##1011.0282,4,1261908.03
2013,87,1,9,2,1,2066##2067,4121.8842##622.1712,2,411975.91
2013,87,1,9,2,2,1799##1878##1927,26053.419##17731.8792##4121.8842,3,677714.76
2013,87,1,10,2,2,1921##1945##1964##1968##2005##2031##2050,17731.8792##699.9426##9799.1964##388.857##26286.7332##2955.3132,7,1853978.0
2013,87,1,11,2,2,1797##1862##1917##1969##2037,388.857##1166.571##26286.7332##4899.5982##699.9426,5,2196850.1
2013,87,1,13,2,2,1891##1963##2064,16098.6798##388.857##9565.8822,3,3815669.2
2013,87,2,3,2,1,2061,56928.6648,1,187609.92
2013,87,2,3,2,2,1800##1861,15787.5942##22942.563,2,608592.8
2013,87,2,4,2,2,1913,21542.6778,1,260200.0
2013,87,2,6,2,2,1841##1883##1926##1941##2009,5988.3978##26597.8188##8399.3112##30408.6174##39196.7856,5,1645020.5
2013,87,2,7,2,1,2072,26131.1904,1,150000.0
2013,87,2,7,2,2,1829##2032,8321.5398##11665.71,2,664400.0
2013,87,2,9,2,2,1889##1804##1832##1875##1876##1890##1944##1948##2007##2015,66416.7756##13298.9094##8321.5398##18976.2216##52573.4664##40363.3566##23331.42##52340.1522##15865.3656##22164.849,10,1972229.71
2013,87,2,10,2,2,1852##1867,14698.7946##54284.4372,2,425023.22
2013,87,2,11,2,1,2080,21542.6778,1,632977.72
2013,87,2,11,2,2,1809##1899##1918##1947##1951##1972,30486.3888##8399.3112##27608.847##8321.5398##13843.3092,6,1219766.5
2013,87,3,4,1,4,4148,11,1,500000.0
2013,87,3,4,2,2,2036,1710.9708,1,410000.0
2013,87,3,6,1,4,4142##4146##4151,4##5##2,3,3865731.0
2013,87,3,6,2,2,1831##1911##2030,3888.57##1944.285##7932.6828,3,1449997.68
2013,87,3,7,1,3,4027,4,1,1415815.0
2013,87,3,7,1,4,4144##4152,4##3,2,3367380.0
2013,87,3,7,2,1,2081,2022.0564,1,1234982.23
2013,87,3,7,2,2,1897##1908##1910##1962,2022.0564##1555.428##3888.57,4,1732980.0
2013,87,3,9,1,4,4143##4149,4##2,2,4497862.0
2013,87,3,9,2,2,1857##2026,1788.7422##1944.285,2,3290113.83
2013,87,3,10,1,4,4147##4153,6##11,2,2340057.0
2013,87,3,11,1,4,4145,4,1,3416167.0
2013,87,3,11,2,2,1895##1950,3888.57##1788.7422,2,477500.0
2013,87,3,12,1,4,4150,2,1,1800000.0
2013,87,3,13,2,1,1789##1791##1793##1794,61828.263##61983.8058,4,2102364.08
2013,88,3,6,1,3,4033,2,1,5386810.0
2013,88,3,7,1,3,4009,3,1,1766640.0
2013,88,3,9,1,3,4032,4,1,176550.0
2013,88,3,11,1,3,4031,4,1,490201.0
2013,88,3,12,1,3,4008,2,1,3766678.0
2013,91,3,4,1,3,3925##3926##4230##4232,11##7,4,8901313.0
2013,91,3,6,1,3,3923##3927##4227##4233,5##2,4,10396350.0
2013,91,3,7,1,3,3921##3924##3928##3929##3930##4224##4228##4231##4235,4##6##3##11,9,8941801.0
2013,91,3,9,1,3,4225##4234,4##2,2,1495104.0
2013,91,3,11,1,3,3922##3932##4226##4229##4236##4237,4##1##6##3,6,6092240.0
2013,91,3,12,1,3,3933,1,1,477134.0
2013,91,3,13,1,3,3931##4238,13,2,4099867.0
2013,97,3,6,1,3,4097##4101,5##2,2,1257698.0
2013,97,3,6,1,4,3832##3836,5##2,2,1549998.0
2013,97,3,7,1,3,4102,3,1,148819.0
2013,97,3,7,1,4,3837,3,1,50000.0
2013,97,3,9,1,4,3831,4,1,799807.0
2013,97,3,10,1,3,4098,6,1,107000.0
2013,97,3,10,1,4,3833,6,1,120001.0
2013,97,3,11,1,3,4100,7,1,190000.0
2013,97,3,11,1,4,3835,7,1,280001.0
2013,97,3,13,1,3,4096##4099,4##11,2,3270896.0
2013,97,3,13,1,4,3834,11,1,1200000.0
2013,105,1,2,2,1,49,226564.2624,1,151516.28
2013,105,1,4,2,1,40,336371.4816,1,423292.5
2013,105,1,6,2,1,138,336371.4816,1,485003.0
2013,105,1,7,2,1,37##92,152896.128##8339.7888,2,791933.24
2013,105,1,9,2,1,157##28,169575.7056##205714.7904,2,512456.61
2013,105,1,10,2,1,103,165405.8112,1,41628.35
2013,105,1,13,2,1,80##159##32##36,286332.7488##266873.2416##232124.1216##209884.6848,4,1297633.62
2013,105,2,4,2,1,149,277992.96,1,231281.0
2013,105,2,7,2,1,114##148##158,94517.6064##23629.4016##218224.4736,3,614652.4
2013,105,2,10,2,1,39,269653.1712,1,192210.92
2013,105,2,13,2,1,29##86,216834.5088##298842.432,2,170461.67
2013,105,3,2,2,1,30,322471.8336,1,492859.12
2013,105,3,3,1,4,3874,4,1,894477.0
2013,105,3,4,1,4,3881,11,1,2837308.0
2013,105,3,6,1,4,3877##3886,5##7,2,1993311.0
2013,105,3,7,1,3,4029##4030,4##3,2,2000492.0
2013,105,3,7,1,4,3879##3884##3888,6##7##3,3,2251783.0
2013,105,3,7,2,1,123##63,350271.1296,2,999558.69
2013,105,3,8,2,1,89,348881.1648,1,488300.0
2013,105,3,9,1,4,3875##3885,4##7,2,598716.0
2013,105,3,10,1,4,3873##3878##3880##3889##3918,4##6##11##1##20,5,4726453.0
2013,105,3,11,1,4,3876##3882,4##7,2,1443298.0
2013,105,3,12,1,4,3887,2,1,659923.0
2013,105,3,12,2,1,144,322471.8336,1,457596.2
2013,105,3,13,1,4,3883,7,1,1395553.0
2013,107,3,6,1,3,4297,2,1,1967415.0
2014,1,1,4,2,1,294##296,957.72##954.96,2,646355.62
2014,1,1,7,2,1,291##292,982.56##924.6,2,103393.03
2014,1,1,7,2,2,225##235##243##250,938.4##173.88##946.68##314.64,4,3699292.65
2014,1,1,9,2,2,231##234##238##240##247##251##264##275,935.64##314.64##173.88##946.68##932.88##924.6,8,4243520.04
2014,1,1,13,2,1,301##303,999.12##1010.16,2,800935.53
2014,1,2,7,2,1,289,905.28,1,66943.48
2014,1,2,7,2,2,254,905.28,1,814842.45
2014,1,2,9,2,2,248##284,905.28,2,902069.95
2014,1,3,4,1,3,789,11,1,524481.0
2014,1,3,6,1,3,790,2,1,1999966.0
2014,1,3,7,1,3,792##793##794,3##4##6,3,465974.0
2014,1,3,7,2,1,288,416.76,1,165951.66
2014,1,3,7,2,2,236##252,416.76##380.88,2,4109540.97
2014,1,3,9,2,2,223##272##287,394.68##414.0##416.76,3,10481165.72
2014,1,3,10,1,3,798,12,1,500000.0
2014,1,3,11,1,3,796##797,4##11,2,500600.0
2014,1,3,12,2,1,298,414.0,1,1000000.02
2014,1,3,12,2,2,213##269,259.44##414.0,2,4535993.56
2014,1,3,13,2,1,305##306##308,391.92##414.0##182.16,3,3199980.89
2014,10,3,3,1,3,488,4,1,139924.0
2014,10,3,4,1,3,483,7,1,899566.0
2014,10,3,6,1,3,482##486,5##2,2,1105390.0
2014,10,3,7,1,3,484##485,6##3,2,276600.0
2014,10,3,9,1,3,489,4,1,105718.0
2014,10,3,10,1,3,490,4,1,146866.0
2014,10,3,11,1,3,491,4,1,397988.0
2014,10,3,12,1,3,487,2,1,103250.0
2014,11,3,1,1,3,565,7,1,400032.0
2014,11,3,2,1,3,566,1,1,714760.0
2014,11,3,10,1,3,567,1,1,500000.0
2014,11,3,11,1,3,568,4,1,417514.0
2014,13,3,6,1,4,667##670,5##2,2,2078932.0
2014,13,3,7,1,4,671,3,1,450000.0
2014,13,3,9,1,4,669,4,1,700108.0
2014,13,3,13,1,4,668,11,1,699998.0
2014,14,3,4,1,3,469,7,1,383583.0
2014,14,3,6,1,3,467##468,5##2,2,992817.0
2014,14,3,9,1,3,465,4,1,98496.0
2014,14,3,10,1,3,464##470,4##11,2,413411.0
2014,14,3,11,1,3,466,4,1,90148.0
2014,16,3,3,1,3,936,4,1,311405.0
2014,16,3,6,1,3,941,5,1,357484.0
2014,16,3,6,1,4,672,5,1,304281.0
2014,16,3,7,1,3,519##548##939##990,3##4##6,4,2239341.0
2014,16,3,7,1,4,674##679,6##3,2,1647380.0
2014,16,3,9,1,3,520##547##938##947,2##4,4,2005906.0
2014,16,3,9,1,4,676##678,4##2,2,1049857.0
2014,16,3,10,1,3,518##549##935##940,17##4,4,1194834.0
2014,16,3,11,1,3,517##937,4,2,2088655.0
2014,16,3,11,1,4,677,4,1,705283.0
2014,16,3,13,1,3,515##516##933##934,7##11,4,5612045.0
2014,16,3,13,1,4,673##675,17##11,2,801904.0
2014,18,1,1,2,2,1090,75135.648,1,373002.47
2014,18,1,2,2,1,1079,77819.064,1,250000.0
2014,18,1,3,2,1,1102##1104##1058,72273.3376,3,324611.25
2014,18,1,3,2,2,1093##1056,72631.1264##72273.3376,2,474165.55
2014,18,1,4,2,1,1070##1074,93025.088##70663.288,2,600001.11
2014,18,1,4,2,2,1095##1101##1097##1082,75314.5424##72452.232##75135.648##69589.9216,4,2062629.35
2014,18,1,6,2,2,1094##1086##1082##1068,68337.6608##69589.9216##74777.8592,4,1584585.37
2014,18,1,7,2,2,1048##1050,93025.088##69232.1328,2,1010009.93
2014,18,1,9,2,2,1105##1088##1080##1051,72273.3376##67800.9776##74777.8592,4,1426853.97
2014,18,1,10,2,2,1369##1105##1096##1098##1097##1091##1093##1092##1082##1053##1055,75135.648##72273.3376##73883.3872##72631.1264##68695.4496##69589.9216##68874.344,11,3591829.94
2014,18,1,11,2,1,1063##1085,72273.3376##73346.704,2,450000.64
2014,18,1,11,2,2,1101##1097##1099##1089##1092##1082##1059##1061,72452.232##75135.648##71378.8656##70663.288##68695.4496##69589.9216##74598.9648##74777.8592,8,3858444.4
2014,18,2,3,2,1,1103,74956.7536,1,199999.44
2014,18,2,3,2,2,1076,77282.3808,1,50000.03
2014,18,2,6,2,2,1083,66906.5056,1,370228.56
2014,18,2,7,2,2,1083##1057##1081,66906.5056##77103.4864,3,726239.89
2014,18,2,10,2,2,1075##1081##1054,69053.2384##66906.5056##75851.2256,3,521887.29
2014,18,3,1,1,3,965,7,1,760920.0
2014,18,3,2,1,3,967,1,1,599949.0
2014,18,3,3,1,3,948,4,1,499997.0
2014,18,3,3,2,2,1060,71021.0768,1,499999.6
2014,18,3,4,1,3,345##962##963,11##4,3,2298041.0
2014,18,3,4,2,2,1064,71199.9712,1,300000.31
2014,18,3,5,2,1,1084,71557.76,1,219264.4
2014,18,3,6,1,3,343##347##955##970,5##2,4,6646039.0
2014,18,3,7,1,3,350##351##352##957##958##959##4324##4325##4326,4##6##3,9,3772813.0
2014,18,3,7,2,2,1100,71021.0768,1,1000004.88
2014,18,3,9,1,3,341##349##952##971,4##2,4,2000003.0
2014,18,3,9,2,2,1052,71021.0768,1,400000.24
2014,18,3,10,1,3,340##344##346##950##951##953##960,4##11##7##6,7,4469154.0
2014,18,3,11,1,3,342##954,4,2,2499980.0
2014,18,3,12,1,3,348##969,2,2,1591172.0
2014,18,3,12,2,2,1067,71021.0768,1,497550.0
2014,19,3,1,1,3,586,7,1,875275.0
2014,19,3,3,1,3,858,4,1,350008.0
2014,19,3,4,1,3,591##867,11,2,1205569.0
2014,19,3,6,1,3,868,2,1,1561867.0
2014,19,3,6,1,4,371##372##381,5##2,3,2299376.0
2014,19,3,7,1,3,323##324##588##589##864##865,3##4,6,2201382.0
2014,19,3,7,1,4,378##382,4##3,2,806567.0
2014,19,3,9,1,3,319##590##859,2##4,3,2019690.0
2014,19,3,9,1,4,377,4,1,999504.0
2014,19,3,10,1,3,318##321##860##861##862,7##4##11,5,1128140.0
2014,19,3,10,1,4,373##374##375##379,7##6##4,4,924943.0
2014,19,3,11,1,3,322##592##866,4,3,2848994.0
2014,19,3,11,1,4,380,4,1,2999831.0
2014,19,3,13,1,3,320,11,1,499937.0
2014,19,3,13,1,4,376,11,1,2000720.0
2014,22,1,3,2,1,177,149568.3436,1,156724.0
2014,22,1,4,2,1,263##450,198200.9952##149568.3436,2,383051.0
2014,22,1,7,2,1,338##456,95430.1088##91759.72,2,448107.61
2014,22,1,11,2,1,200##234##292##294##313##449,52303.0404##128463.608##75242.9704##51385.4432##4587.986##203706.5784,6,1394238.6
2014,22,2,10,2,1,172,36703.888,1,117970.56
2014,22,2,11,2,1,328,81666.1508,1,249995.94
2014,22,3,3,1,4,500,4,1,208217.0
2014,22,3,4,1,4,497,7,1,369668.0
2014,22,3,6,1,4,495##496,5##2,2,1165923.0
2014,22,3,7,1,4,502,3,1,387087.0
2014,22,3,9,1,4,499,4,1,194301.0
2014,22,3,10,1,4,494##501##504,11##4##1,3,1371173.0
2014,22,3,11,1,4,498##503,4##3,2,809540.0
2014,26,3,6,1,4,366,5,1,1000000.0
2014,26,3,7,1,4,367##370##492,6##3##4,3,1550273.0
2014,26,3,9,1,4,369##493,2##4,2,3547216.0
2014,26,3,11,1,4,368,4,1,399524.0
2014,27,1,4,2,2,34,210916.9584,1,720050.58
2014,27,1,6,2,1,17##27##28,3506.9328##2504.952##9017.8272,3,1312042.0
2014,27,1,6,2,2,32##36##31##38##37##26##39##123,229954.5936##197390.2176##206909.0352##226447.6608##205406.064##225946.6704##201899.1312,8,5185603.26
2014,27,1,7,2,1,25,5510.8944,1,500000.0
2014,27,1,7,2,2,32##35,229954.5936##233962.5168,2,1252969.2
2014,27,1,9,2,1,15##16,3506.9328,2,920000.0
2014,27,1,9,2,2,36##31##38##37##39,197390.2176##206909.0352##226447.6608##225946.6704,5,4397409.04
2014,27,1,10,2,1,20##23##24##6,8015.8464##10019.808##3506.9328##1502.9712,4,1318475.0
2014,27,1,10,2,2,31##38##35,206909.0352##233962.5168,3,1164038.2
2014,27,1,11,2,1,14##31,10520.7984##11522.7792,2,929864.0
2014,27,1,11,2,2,37##26##34##39##123,226447.6608##205406.064##210916.9584##225946.6704##201899.1312,5,2239916.07
2014,27,2,4,2,1,3384,18536.6448,1,509000.0
2014,27,2,4,2,2,40##33,231457.5648##232960.536,2,927389.05
2014,27,2,6,2,1,11,7514.856,1,603000.0
2014,27,2,6,2,2,27##40##33##98,230455.584##231457.5648##232960.536##245485.296,4,2742903.41
2014,27,2,7,2,2,27,230455.584,1,832779.72
2014,27,2,8,2,2,40,231457.5648,1,318082.34
2014,27,2,9,2,2,98,245485.296,1,844273.92
2014,27,2,10,2,1,12##13,8516.8368##6512.8752,2,445903.0
2014,27,2,11,2,1,18##30,6011.8848##7013.8656,2,721855.0
2014,27,2,11,2,2,27##98,230455.584##245485.296,2,993914.56
2014,27,3,3,2,1,5,1001.9808,1,912929.0
2014,27,3,3,2,2,124,198893.1888,1,392116.14
2014,27,3,4,2,1,26,5009.904,1,272342.0
2014,27,3,4,2,2,43##41,239974.4016##217429.8336,2,1052252.39
2014,27,3,6,1,3,831##832##833,5##11##2,3,5000917.0
2014,27,3,6,2,1,29##7,2003.9616##9518.8176,2,2100000.0
2014,27,3,6,2,2,4500##43##44##41,239974.4016##217429.8336,4,3607756.22
2014,27,3,7,1,3,772##773,4##3,2,1955395.0
2014,27,3,7,2,1,19,4007.9232,1,990634.0
2014,27,3,8,2,1,21##4,500.9904,2,5604249.0
2014,27,3,9,2,2,44,239974.4016,1,591600.0
2014,27,3,10,2,1,10,3005.9424,1,331805.0
2014,27,3,10,2,2,41##124,217429.8336##198893.1888,2,2801154.2
2014,27,3,11,2,2,44,239974.4016,1,448800.0
2014,27,3,12,2,1,2##22##32,4508.9136##11021.7888,3,3796969.75
2014,27,3,13,2,1,3##8##9,1001.9808##2003.9616,3,7814431.0
2014,28,3,6,1,4,431##432,2##5,2,650801.0
2014,28,3,7,1,4,428##430,3##19,2,596325.0
2014,28,3,9,1,4,426##427,4##2,2,1000154.0
2014,28,3,10,1,4,429,6,1,100001.0
2014,28,3,11,1,4,423##424##425,4##5##1,3,950000.0
2014,28,3,13,1,4,433##434,11##7,2,700229.0
2014,35,3,6,1,4,736##737,5##1,2,750216.0
2014,35,3,7,1,4,738##740,6##3,2,799901.0
2014,35,3,9,1,4,741,4,1,638521.0
2014,35,3,13,1,4,739,11,1,300613.0
2014,36,1,4,2,1,246,155375.8706,1,700000.0
2014,36,1,9,2,1,209##419##215##264##280##287##295##298##300##303##304##383##429##431##451##477##504,58146.7982##88650.0366##4766.131##89603.2628##40988.7266##9532.262##109621.013##48614.5362##192551.6924##59100.0244##175393.6208##247838.812,17,3948503.73
2014,36,1,11,2,1,258##326##356##378##421##433##436##437##438##465,69585.5126##243072.681##192551.6924##8579.0358##88650.0366##228774.288##44801.6314##160142.0016,10,4531485.04
2014,36,3,4,1,3,835,11,1,3250000.0
2014,36,3,4,1,4,731,7,1,700019.0
2014,36,3,4,2,1,501,110574.2392,1,1028037.4
2014,36,3,6,1,3,397##837,2,2,12799247.0
2014,36,3,6,1,4,729##732##733,2##5##1,3,3213154.0
2014,36,3,7,1,4,725##726##727,3##4##6,3,1596589.0
2014,36,3,7,2,1,333##509,240213.0024##219242.026,2,933180.11
2014,36,3,8,2,1,226,239259.7762,1,2026626.67
2014,36,3,9,1,4,723##724,2##4,2,2500049.0
2014,36,3,9,2,1,334##257##463,79117.7746##219242.026##239259.7762,3,2799249.42
2014,36,3,11,1,3,834,4,1,1000001.0
2014,36,3,11,1,4,728,4,1,1649673.0
2014,36,3,11,2,1,482,219242.026,1,1000000.0
2014,36,3,12,1,3,836,7,1,1000000.0
2014,36,3,12,1,4,734,2,1,500000.0
2014,36,3,13,1,3,398##399##400,4##7##11,3,2933452.0
2014,36,3,13,1,4,730,11,1,1434136.0
2014,38,3,6,1,4,680##684,5##2,2,1496279.0
2014,38,3,7,1,4,685,3,1,397997.0
2014,38,3,9,1,4,682##683,2##4,2,580148.0
2014,42,3,6,1,3,555##942,2,2,4155059.0
2014,42,3,7,1,3,944##945,4##3,2,787253.0
2014,42,3,9,1,3,553##554,4##3,2,503307.0
2014,43,3,6,1,3,545##745,2,2,2906857.0
2014,43,3,7,1,3,316##317##543##544##546##742##743##744,4##3##6,8,4182512.0
2014,43,3,12,1,3,659,2,1,1265381.0
2014,45,1,7,2,1,476##481##483,142493.6448##143483.184,3,351215.52
2014,45,1,9,2,1,249##253##302,107859.7728##34633.872##214730.0064,3,575350.29
2014,45,1,11,2,1,484##485,10884.9312##213740.4672,2,588814.82
2014,45,1,13,2,1,203,24738.48,1,249549.68
2014,45,2,7,2,1,204,94995.7632,1,186419.68
2014,45,2,9,2,1,288##289##291,137545.9488##80152.6752##207803.232,3,599000.27
2014,45,2,12,2,1,221##406##478##480,181085.6736##2968.6176##217698.624,4,764664.57
2014,45,3,7,1,3,550##551,4##3,2,2668206.0
2014,45,3,7,1,4,334##335##336,7##12##3,3,2692511.0
2014,45,3,7,2,1,222##357##508,114786.5472##175148.4384,3,779004.79
2014,45,3,11,1,4,337##338##339,4##7,3,3512721.0
2014,45,3,12,2,1,213,229573.0944,1,249363.5
2014,46,3,6,1,3,829##830,2##5,2,1800142.0
2014,46,3,7,1,3,824,3,1,271273.0
2014,46,3,9,1,3,826##827##828,4##3##2,3,233247.0
2014,46,3,11,1,3,823,4,1,295359.0
2014,49,3,4,1,3,300##301##605##606##929##930,7##11,6,9099889.0
2014,49,3,6,1,3,302##609##922##923,2##5,4,7334512.0
2014,49,3,7,1,3,305##307##562##563##918##919##920,3##6##4,7,4275318.0
2014,49,3,9,1,3,306,4,1,223898.0
2014,49,3,10,1,3,925##926##927,11##6##4,3,998569.0
2014,49,3,11,1,3,303##304##608##932,3##4,4,3743272.0
2014,52,3,3,1,3,325,4,1,217344.0
2014,52,3,3,1,4,718,4,1,746325.0
2014,52,3,4,1,4,715,7,1,2000000.0
2014,52,3,6,1,3,327##850,2,2,6312416.0
2014,52,3,6,1,4,720,2,1,4002109.0
2014,52,3,7,1,3,326##331##852##857,3##4,4,1390100.0
2014,52,3,7,1,4,721##722,3##4,2,506977.0
2014,52,3,9,1,3,853,4,1,500001.0
2014,52,3,9,1,4,717,4,1,1000001.0
2014,52,3,10,1,3,333##854##855,4##6,3,868740.0
2014,52,3,10,1,4,719,4,1,250000.0
2014,52,3,11,1,4,716,4,1,1500001.0
2014,52,3,13,1,3,329##330##851##856,7##11,4,4346477.0
2014,57,3,7,1,3,646##647,4##3,2,617535.0
2014,57,3,12,1,3,658,2,1,1289524.0
2014,58,3,6,1,3,983,2,1,2000000.0
2014,58,3,7,1,3,986,3,1,677693.0
2014,58,3,10,1,3,984##988,12##4,2,692803.0
2014,61,3,3,1,4,449,4,1,427351.0
2014,61,3,4,1,4,437##441,11##7,2,750000.0
2014,61,3,6,1,4,436##445,5##2,2,3963867.0
2014,61,3,7,1,4,442##443##448,3##6##4,3,1299848.0
2014,61,3,9,1,4,444##447,2##4,2,2800023.0
2014,61,3,10,1,4,438##439##446##450,11##7##6##4,4,1458112.0
2014,61,3,11,1,4,435##440,4##7,2,744163.0
2014,63,3,6,1,4,698##701##702##707,5##7##1##2,4,1440197.0
2014,63,3,9,1,4,704##706##708,6##4##3,3,869620.0
2014,63,3,10,1,4,700,20,1,100000.0
2014,63,3,13,1,4,699##703##705,11##6##4,3,1054659.0
2014,67,3,3,1,4,355,4,1,502430.0
2014,67,3,4,1,4,364,11,1,845835.0
2014,67,3,6,1,4,353##356,5##2,2,1898501.0
2014,67,3,7,1,4,354##357##359,6##3##4,3,499846.0
2014,67,3,9,1,4,358,4,1,500001.0
2014,67,3,10,1,4,361##362##363,6##4##20,3,586295.0
2014,67,3,11,1,4,365,4,1,700000.0
2014,69,3,4,1,3,802##803,4##6,2,282994.0
2014,69,3,6,1,3,799,2,1,1330830.0
2014,69,3,9,1,3,801,4,1,256377.0
2014,71,3,4,1,3,593,7,1,696000.0
2014,71,3,6,1,3,595,2,1,1900958.0
2014,71,3,6,1,4,686##692##693,5##2,3,4300009.0
2014,71,3,7,1,3,598##599,3##6,2,745741.0
2014,71,3,7,1,4,696,3,1,500303.0
2014,71,3,9,1,3,596,2,1,611325.0
2014,71,3,9,1,4,688##695##697,4##2##3,3,1312228.0
2014,71,3,10,1,4,687##689,7##4,2,579972.0
2014,71,3,11,1,4,690,4,1,340000.0
2014,71,3,12,1,4,694,2,1,600000.0
2014,71,3,13,1,3,594,11,1,1227257.0
2014,71,3,13,1,4,691,4,1,329988.0
2014,72,3,7,1,3,660##661,4##3,2,1458309.0
2014,72,3,7,1,4,747##750##753,6##4##3,3,808893.0
2014,72,3,10,1,4,746##748##749##752,7##6##11##4,4,1437752.0
2014,72,3,11,1,4,751,4,1,1300000.0
2014,73,1,3,2,1,206##387##397##466,185846.5162##187369.8483##364076.3719##106633.247,4,784971.06
2014,73,1,4,2,1,195##196##351##393,16756.6531##6093.3284##140146.5532,4,974070.6
2014,73,1,6,2,1,185##186##363##388##394##460##464##362,6093.3284##147763.2137##1523.3321##16756.6531##140146.5532##315329.7447##106633.247,8,3938816.93
2014,73,1,7,2,1,400##471,67026.6124##217836.4903,2,499419.26
2014,73,1,10,2,1,403##467,380833.025##30466.642,2,1863249.24
2014,73,1,11,2,1,175##308##354##391##402##458,307713.0842##185846.5162##6093.3284##76166.605##47223.2951##7616.6605,6,1336863.94
2014,73,2,3,2,1,202##210,342749.7225##27419.9778,2,273279.18
2014,73,2,6,2,1,180##181##182##183##184##187##188##189##190##191##192##193##374##386##389##455##462,24373.3136##260489.7891##262013.1212##118819.9038##266583.1175##18279.9852##41129.9667##205649.8335##341226.3904##347319.7188##42653.2988,17,4097658.24
2014,73,2,7,2,1,365##376##396,222406.4866##348843.0509##268106.4496,3,749233.93
2014,73,2,10,2,1,336##398##457##461##470,73119.9408##312283.0805##336656.3941##19803.3173,5,581668.05
2014,73,2,11,2,1,197##205##385##468##469,214789.8261##265059.7854##266583.1175,5,1174572.17
2014,73,3,4,2,1,174##448,361029.7077##353413.0472,2,499551.12
2014,73,3,6,1,3,654##655,2##13,2,4945672.0
2014,73,3,7,1,3,657,3,1,2000020.0
2014,73,3,7,2,1,207,353413.0472,1,249310.0
2014,73,3,10,1,3,651##656,4##12,2,2024794.0
2014,73,3,10,2,1,375##392,357983.0435##350366.383,2,498412.03
2014,73,3,11,1,3,650##652,1##4,2,1854659.0
2014,73,3,11,2,1,382,353413.0472,1,250000.0
2014,74,1,3,2,1,424##434,310298.592##144154.464,2,419137.86
2014,74,1,4,2,1,268##274##275,13438.128##151484.352##199128.624,3,630970.39
2014,74,1,6,2,1,272##426##427,204015.216##151484.352##189355.44,3,448713.3
2014,74,1,7,2,1,178##201##415,180803.904##64747.344##152706.0,3,484105.01
2014,74,1,9,2,1,271##446,180803.904,2,498459.61
2014,74,1,10,2,1,297,199128.624,1,102000.04
2014,74,1,11,2,1,361,13438.128,1,50000.03
2014,74,2,3,2,1,420##423##442,73298.88##218674.992##138046.224,3,304476.85
2014,74,2,4,2,1,267##276##282,96510.192##147819.408##260211.024,3,569686.0
2014,74,2,6,2,1,265##425,261432.672,2,301324.41
2014,74,2,7,2,1,217##219##412##413##414##416##428##443,70855.584##96510.192##59860.752##233334.768##46422.624##228448.176,8,977074.89
2014,74,2,9,2,1,266##269##273##284##441##445##473##474,106283.376##233334.768##222339.936##59860.752##258989.376##72077.232,8,1064542.94
2014,74,2,10,2,1,278##283##285##315##335##432##447##475,218674.992##207680.16##47644.272##156370.944##316406.832##125829.744##50087.568,8,903526.76
2014,74,2,11,2,1,430,266319.264,1,130774.97
2014,74,3,4,1,4,409##410##411,11##18##7,3,2382910.0
2014,74,3,6,1,3,616##617,2##5,2,2251751.0
2014,74,3,6,1,4,401##402,2##5,2,4279192.0
2014,74,3,7,1,3,635##636##637,6##4##3,3,679998.0
2014,74,3,7,1,4,403##404##405,3##4##6,3,1200109.0
2014,74,3,9,1,3,620##621,4##2,2,300353.0
2014,74,3,9,1,4,406##407##408,4##2##3,3,800637.0
2014,74,3,10,1,3,624##626##648,11##6##4,3,761667.0
2014,74,3,11,1,3,631##632##633,4##3##18,3,640160.0
2014,74,3,11,1,4,412##413##414,4##18##3,3,807428.0
2014,74,3,12,1,3,618##634,2##1,2,273710.0
2014,76,3,3,1,3,638,4,1,208295.0
2014,76,3,4,1,3,643,1,1,299824.0
2014,76,3,6,1,3,639##644,5##2,2,1279388.0
2014,76,3,7,1,3,642,3,1,314366.0
2014,76,3,11,1,3,640,3,1,715190.0
2014,79,3,3,1,3,979,4,1,108891.0
2014,79,3,6,1,3,513##989,2,2,578800.0
2014,79,3,7,1,3,510##512##514##529##972##973##978,4##6##3##11,7,1234069.0
2014,79,3,10,1,3,506##975##977,4##6,3,328460.0
2014,79,3,11,1,3,508,4,1,233040.0
2014,79,3,13,1,3,505##527##976,11##7,3,1277588.0
2014,80,1,2,2,2,525##908,4740.714##6177.294,2,590393.86
2014,80,1,3,2,1,1030,7182.9,1,137966.09
2014,80,1,3,2,2,384##390##461##477##787##817##827##870##1060##1062##1064,16377.012##19106.514##4740.714##9337.77##22123.332##14796.774##18388.224##22554.306,11,3636022.22
2014,80,1,4,2,1,1026##1039,48843.72##13791.168,2,179317.94
2014,80,1,4,2,2,327##469##683##861##876##1061##1072##1073,4740.714##9337.77##1723.896##12641.904##7757.532,8,1008293.13
2014,80,1,6,2,1,1040,22554.306,1,403508.47
2014,80,1,6,2,2,480##566##607##609##620##631##673##884##890##955##966,13791.168##6177.294##18675.54##14078.484##10056.06##9912.402##4022.424##7757.532##43097.4##22554.306##22266.99,11,2563360.75
2014,80,1,7,2,2,1337##1338##356##536##577##661##727##856##961##985##1048##1055,31030.128##1723.896##43672.032##16377.012##7182.9##22266.99##10056.06##4453.398##12641.904,12,2802759.65
2014,80,1,9,2,1,1024##1044,16089.696##18388.224,2,282178.25
2014,80,1,9,2,2,1339##1037##353##397##492##519##524##675##724##765##799##846##984##1066##1068##1070##1071,1723.896##31030.128##16377.012##5028.03##4022.424##18388.224##7182.9##22266.99##16089.696##9050.454##12641.904,17,3743334.96
2014,80,1,10,2,2,405##451##655##669##967##994,16377.012##7182.9##32610.366##7757.532##48843.72,6,1085352.82
2014,80,1,11,2,1,1035##1041,13791.168##12641.904,2,247524.75
2014,80,1,11,2,2,389##483##585##618##744##1049##1051,4740.714##1723.896##21979.674##7182.9##12641.904##13791.168,7,1650839.69
2014,80,1,12,2,2,462,4022.424,1,98712.95
2014,80,2,1,2,2,710##842,44390.322##47263.482,2,413127.4
2014,80,2,2,2,2,720,12929.22,1,198019.92
2014,80,2,3,2,2,570##588##635##703##875##1057,46976.166##47694.456##12929.22##44390.322##32897.682,6,1088205.26
2014,80,2,4,2,2,276##314##330##394##527##697##704##779##1067##1069##1074,46976.166##40798.872##40655.214##44964.954##46257.876##33041.34##44390.322##6895.584##15658.722,11,1108758.0
2014,80,2,6,2,2,614##695,47407.14##12929.22,2,430057.09
2014,80,2,7,2,2,326##582##950##964,30455.496##15946.038##43384.716##46545.192,4,975891.17
2014,80,2,9,2,2,433##862,1580.238##29162.574,2,394047.9
2014,80,2,10,2,2,425##552##573##708##849##1077##1080##1082##1084,1580.238##33041.34##47838.114##44390.322##32897.682##46976.166,9,1285653.5
2014,80,2,11,2,2,273##714##912##1053,40655.214##44390.322##29162.574##32897.682,4,805677.81
2014,80,3,1,2,1,1088,6033.636,1,800000.0
2014,80,3,1,2,2,689##824##840##886##1086,9481.428##19824.804##20399.436,5,1979126.18
2014,80,3,2,2,2,662,9481.428,1,200036.93
2014,80,3,3,1,3,530##869,4,2,638140.0
2014,80,3,3,1,4,463,4,1,1095851.0
2014,80,3,3,2,1,1018,20543.094,1,150267.59
2014,80,3,3,2,2,698,20543.094,1,604822.85
2014,80,3,4,1,3,531##870,11,2,1788866.0
2014,80,3,4,1,4,460,11,1,912122.0
2014,80,3,4,2,1,1038##1087,20399.436,2,517494.6
2014,80,3,4,2,2,1029##1065##1004,20399.436,3,2445998.92
2014,80,3,6,1,3,532##809##810##879,2##5,4,7496147.0
2014,80,3,6,1,4,451##452##480,5##2,3,6305720.0
2014,80,3,6,2,2,706##753##1075##1013##1014,6033.636,5,3492484.02
2014,80,3,7,1,3,533##535##812##813##814##886##887##888,4##3##6,8,3864950.0
2014,80,3,7,1,4,456##457##458##481,6##4##3,4,1730873.0
2014,80,3,7,2,1,1017##1020##1022##1045##1046##1047,19824.804##21692.358##20543.094,6,2113796.35
2014,80,3,7,2,2,242##603##832##1054##1056##1059##999,21692.358##20543.094##19824.804,7,3873112.19
2014,80,3,8,2,2,472##1010,20399.436##21548.7,2,3250684.95
2014,80,3,9,1,3,536##537##821##822##872##873,4##2,6,4026030.0
2014,80,3,9,1,4,471##472##473##474,4##2##3,4,4690046.0
2014,80,3,9,2,1,1025,21548.7,1,100000.0
2014,80,3,9,2,2,1034##1000,20543.094,2,1310056.0
2014,80,3,10,1,3,538##539##540##882##883##884,6##11##4,6,1969564.0
2014,80,3,10,1,4,459##461##475##476,6##11##4##12,4,1466213.0
2014,80,3,10,2,1,1019,20543.094,1,214636.65
2014,80,3,10,2,2,254##381##797##924##1078##1079##1081,20974.068##20399.436##20543.094##19824.804,7,2083607.16
2014,80,3,11,1,3,541##542##816##817##875##876##877,4##3##7,7,3448417.0
2014,80,3,11,1,4,453##454##455##477##478##479,7##4##3,6,2390299.0
2014,80,3,11,2,1,1032##1043,20543.094,2,500000.22
2014,80,3,11,2,2,1340##413##803##1050##1052##1012,20543.094##9481.428,6,3877409.35
2014,80,3,12,2,1,1027,9481.428,1,99999.85
2014,80,3,12,2,2,725##1076##995,9481.428##13503.852,3,1939685.71
2014,80,3,13,1,4,462,11,1,1395726.0
2014,80,4,4,2,2,810,17957.25,1,257424.18
2014,80,4,7,2,2,784,17957.25,1,173074.64
2014,83,3,6,1,4,663##665,5##2,2,3035527.0
2014,83,3,9,1,4,664,4,1,1464771.0
2014,84,3,1,1,3,570,7,1,116930.0
2014,84,3,6,1,3,569##574,5##2,2,1045492.0
2014,84,3,7,1,3,572##575,6##3,2,351028.0
2014,84,3,11,1,3,571##573,1##4,2,650828.0
2014,85,3,6,1,3,774,2,1,2999515.0
2014,85,3,7,1,3,577##579,4##3,2,234856.0
2014,85,3,12,1,3,714,2,1,1263228.0
2014,86,3,7,1,3,557##559,3##6,2,792007.0
2014,86,3,11,1,3,561,4,1,709054.0
2014,86,3,13,1,3,560,4,1,275062.0
2014,87,1,3,2,2,2248##2249##2142##2158##2167##2208,1244.3424##699.9426##2955.3132##1166.571,6,2223139.74
2014,87,1,4,2,2,2290##2293##2136##2231##2235,1244.3424##388.857##26286.7332,5,2964819.49
2014,87,1,6,2,2,2277##2278##2281##2282##2175##2177##2180##2182##2183##2203,11743.4814##311.0856##1166.571##4121.8842##37796.9004##2955.3132##1244.3424##4899.5982,10,3539267.12
2014,87,1,7,2,1,2237,622.1712,1,495723.09
2014,87,1,7,2,2,2268##2269##2098##2116##2124##2144##2161,2955.3132##26053.419##26286.7332##699.9426##4821.8268##622.1712,7,1995361.99
2014,87,1,9,2,2,2257##2261##2263##2146##2169##2178##2194##2204,233.3142##4121.8842##26053.419##2955.3132##1399.8852##11121.3102,8,2042247.93
2014,87,1,10,2,2,2296##2299##2122##2123##2135##2138,233.3142##388.857##14543.2518##4821.8268##699.9426##26286.7332,6,2267749.43
2014,87,1,11,2,1,2244##2310##2238##2239##2240,1166.571##26286.7332##16409.7654##388.857##4899.5982,5,1229753.26
2014,87,1,11,2,2,2254##2285##2294##2301##2302##2303##2307##2120##2140##2162##2210,1166.571##311.0856##26286.7332##388.857##1244.3424##9565.8822##4821.8268##11121.3102##4899.5982,11,3996920.47
2014,87,1,13,2,2,2086##2189##2230##2190##2197##2222,19987.2498##12210.1098##388.857##37796.9004##1244.3424,6,1495015.57
2014,87,2,3,2,2,2250,15787.5942,1,129799.95
2014,87,2,4,2,2,2292,21542.6778,1,399295.48
2014,87,2,6,2,2,2279##2286##2287##2289,5988.3978##13765.5378##30408.6174##8399.3112,4,900000.35
2014,87,2,7,2,2,2272##2276##2170,8321.5398##15632.0514,3,448514.96
2014,87,2,9,2,2,2255##2256##2258##2259##2260##2262##2264##2134##2152##2163##2166##2174,30408.6174##22164.849##26753.3616##23331.42##13843.3092##18976.2216##26597.8188##13609.995##8321.5398##16020.9084,12,1895363.75
2014,87,2,10,2,2,2297##2298,8399.3112##6532.7976,2,310758.08
2014,87,2,11,2,1,2247##2241,8399.3112##39896.7282,2,237331.0
2014,87,2,11,2,2,2253##2284##2295##2300##2306##2145,5988.3978##21542.6778##11665.71##8321.5398##3344.1702,6,1783205.58
2014,87,3,3,1,4,769,4,1,998638.0
2014,87,3,4,2,1,269,6999.426,1,317000.0
2014,87,3,4,2,2,2291,1710.9708,1,317000.0
2014,87,3,6,1,4,754##758##770##771,5##7##4##2,4,7996206.0
2014,87,3,6,2,1,2311##2312##229##234##271##272,7932.6828##1944.285##6377.2548##7388.283,6,10502105.74
2014,87,3,6,2,2,2280##2288##2111##2179##2220##248##249##250,7932.6828##1944.285##3888.57##6377.2548##6455.0262##7388.283,8,6002105.73
2014,87,3,7,1,3,614##615,3##4,2,1450242.0
2014,87,3,7,1,4,767##768,3##4,2,3500124.0
2014,87,3,7,2,1,2243##2242##230##241##264##265##266##267##268,1788.7422##2022.0564##6688.3404##7466.0544##6455.0262##7154.9688,9,2699940.3
2014,87,3,7,2,2,2267##2270##2271##2273##2274##2088##2103##2107##2165##251##252##253##254,3888.57##1555.428##1788.7422##2022.0564##6455.0262##7154.9688##7466.0544,13,6791594.43
2014,87,3,8,2,1,231##232##233##235##236##237##238##239##240##261,7388.283##6766.1118##6299.4834,10,5844626.01
2014,87,3,8,2,2,242##243##244##245##246##247,7466.0544##7388.283##6999.426##6377.2548,6,1896834.0
2014,87,3,9,1,4,764##765,4##2,2,3000000.0
2014,87,3,9,2,1,262##263,7388.283##6688.3404,2,1999999.0
2014,87,3,9,2,2,2265##2266##2112##2226##255##256,1944.285##1788.7422##6688.3404##7388.283,6,6498518.48
2014,87,3,10,1,4,760##761##762,6##4##11,3,998874.0
2014,87,3,11,1,4,756##757,7##4,2,3499915.0
2014,87,3,11,2,1,260##270,6688.3404##6455.0262,2,701194.0
2014,87,3,11,2,2,2251##2283##2092##2201##2225##257##258##259,1788.7422##3888.57##7932.6828##6455.0262##6377.2548##6688.3404,8,3388252.16
2014,87,3,13,2,1,2246##2305##2308##2309##2313##2082##2083##2227##2236,1944.285##61828.263##62061.5772,9,4844626.01
2014,87,3,13,2,2,2106##2131##2184##2185##2191##2228,2022.0564##1944.285##7932.6828##1710.9708,6,1896834.0
2014,88,3,1,1,3,295##296##524##901,7##11,4,21944244.0
2014,88,3,3,1,3,902,4,1,500001.0
2014,88,3,4,1,3,909,7,1,1000002.0
2014,88,3,6,1,3,903,2,1,2000018.0
2014,88,3,7,1,3,521##523##526##585##905##906##907##908,4##6##3##7,8,9096630.0
2014,88,3,9,1,3,522##525##910##911,4##2,4,3511039.0
2014,88,3,10,1,3,912##913##914,6##11##4,3,2000540.0
2014,88,3,11,1,3,584##915##916,4##7,3,5296070.0
2014,88,3,12,1,3,297##298##299##900##992,2##1,5,8322638.0
2014,89,3,6,1,3,582##583,5##2,2,1958476.0
2014,89,3,11,1,3,581,4,1,94204.0
2014,97,3,6,1,3,309##314##890##896,5##2,4,3851840.0
2014,97,3,6,1,4,415##421,5##2,2,1870633.0
2014,97,3,7,1,3,315##897,3,2,421809.0
2014,97,3,7,1,4,422,3,1,200030.0
2014,97,3,9,1,4,419,4,1,500181.0
2014,97,3,10,1,3,311##892,6##17,2,482005.0
2014,97,3,11,1,3,891,7,1,196837.0
2014,97,3,11,1,4,416,7,1,249988.0
2014,97,3,13,1,3,308##312##313##893##894##895,4##11##7##6,6,6966949.0
2014,97,3,13,1,4,417##418##420,6##11##4,3,1198478.0
2014,98,3,4,1,3,786##787,11##7,2,1094575.0
2014,98,3,6,1,3,776,2,1,867849.0
2014,98,3,7,1,3,778##779##780,4##6##3,3,810212.0
2014,98,3,10,1,3,782##783##784,4##20##11,3,603109.0
2014,98,3,11,1,3,775,4,1,599481.0
2014,105,1,3,2,1,301,282162.8544,1,470573.0
2014,105,1,4,2,1,306##331##395##495,226564.2624##62548.416##8339.7888,4,1369205.98
2014,105,1,6,2,1,348##366,226564.2624##15289.6128,2,550122.26
2014,105,1,7,2,1,198##208##309##418##486,152896.128##271043.136##8339.7888,5,1557064.34
2014,105,1,9,2,1,247##489,152896.128##169575.7056,2,403549.9
2014,105,1,10,2,1,214##330##384##422,165405.8112##101467.4304,4,1324904.87
2014,105,1,11,2,1,211##248##314##488##497,266873.2416##232124.1216##101467.4304##166795.776,5,1232193.58
2014,105,1,12,2,1,176,15289.6128,1,28872.58
2014,105,2,3,2,1,487,218224.4736,1,135026.3
2014,105,2,4,2,1,216##307##340##341##367##490##498,94517.6064##357220.9536##298842.432##277992.96##343321.3056,7,2335266.45
2014,105,2,6,2,1,349,357220.9536,1,249935.95
2014,105,2,7,2,1,224##225##405##505##506,158455.9872##357220.9536##218224.4736##94517.6064,5,1391995.51
2014,105,2,9,2,1,262##364,94517.6064,2,809645.98
2014,105,2,10,2,1,316##329##399##439##454##502,269653.1712##298842.432##104247.36##343321.3056,6,855988.17
2014,105,2,11,2,1,235,216834.5088,1,120000.5
2014,105,3,4,2,1,332,161235.9168,1,498919.58
2014,105,3,6,1,4,383,5,1,1799997.0
2014,105,3,6,2,1,401##500,348881.1648##115367.0784,2,668140.5
2014,105,3,7,1,4,384##387##395,7##6##3,3,2999696.0
2014,105,3,7,2,1,347##404##492##510,350271.1296,4,1795656.88
2014,105,3,8,2,1,325##507,348881.1648,2,992960.0
2014,105,3,9,1,4,391##393##396,4##2##3,3,2490386.0
2014,105,3,9,2,1,238##368,350271.1296##319691.904,2,823912.64
2014,105,3,10,1,4,386##388##389##390,1##6##11##4,4,3499941.0
2014,105,3,10,2,1,511##390##440##491##493,322471.8336##229344.192##319691.904,5,1386665.43
2014,105,3,11,1,4,385##392,7##4,2,2588756.0
2014,105,3,11,2,1,339##494,161235.9168,2,592484.63
2014,105,3,12,1,4,394,2,1,519057.0
2014,105,3,13,2,1,353,322471.8336,1,348525.75
2014,107,3,6,1,3,564,2,1,773181.0
2014,108,1,1,2,2,1125,8314.005,1,399741.89
2014,108,1,4,2,2,1104,621887.574,1,394292.22
2014,108,1,6,2,2,1084##1100,199536.12##621887.574,2,812695.86
2014,108,1,7,2,2,1072,581980.35,1,699972.6
2014,108,2,3,2,2,1121##1127,576991.947##593619.957,2,401959.41
2014,108,2,4,2,2,1120,576991.947,1,197971.4
2014,108,2,6,2,2,1096##1113##1122,593619.957##616899.171##576991.947,3,866065.06
2014,108,2,7,2,2,1065##1082##1101##1103##1108,608585.166##593619.957##1423357.656##585305.952,5,1801216.55
2014,108,2,10,2,2,1099##1123,583643.151##576991.947,2,399040.02
2014,108,2,11,2,2,1079##1102##1114##1115,2030280.021##576991.947##593619.957,4,829276.75
2014,108,3,4,2,2,1091,109744.866,1,1798199.2
2014,108,3,6,2,2,1095,69837.642,1,429866.59
2015,1,1,4,2,1,458##459##461##464##465##469##471##477,985.32##957.72##253.92##1021.2##433.32##954.96##309.12##935.64,8,2689457.14
2015,1,1,4,2,2,399##432##434,253.92##433.32##954.96,3,1495443.39
2015,1,1,6,2,2,406##440##401,314.64##954.96##957.72,3,1735818.57
2015,1,1,7,2,2,422##387##402##325##328##338##340##342##350,946.68##173.88##314.64##938.4##982.56##919.08##924.6,9,4425587.41
2015,1,1,9,2,2,327##364,935.64##932.88,2,1041503.37
2015,1,1,10,2,2,441##451##422,996.36##960.48##946.68,3,726164.03
2015,1,1,11,2,2,405##425##401##326##330##331##344##355##376,1018.44##963.24##957.72##935.64##314.64##932.88##988.08##977.04,9,4422983.26
2015,1,1,13,2,2,410##444##322##323##359##363,173.88##993.6##999.12##1010.16##253.92,6,3511733.1
2015,1,2,7,2,2,398##411##320,1043.28##941.16##905.28,3,1122293.17
2015,1,2,10,2,2,404,1001.88,1,349988.65
2015,1,3,4,1,4,1367,11,1,299942.0
2015,1,3,6,1,3,1506##1509,5##2,2,3931934.0
2015,1,3,6,1,4,1368,2,1,4000006.0
2015,1,3,7,1,3,1511##1512,3##6,2,1521385.0
2015,1,3,7,1,4,1370##1371##1372,3##4##6,3,983650.0
2015,1,3,7,2,2,332,416.76,1,2829646.57
2015,1,3,9,2,2,400##431##352##357,394.68##414.0,4,6201281.69
2015,1,3,10,1,3,1508,6,1,349539.0
2015,1,3,11,2,2,360##366,416.76##394.68,2,1152095.43
2015,1,3,12,2,1,454##312,414.0##259.44,2,3357883.78
2015,1,3,13,1,4,1365##1366,11##7,2,2700048.0
2015,1,3,13,2,2,450##367##372##381,182.16##391.92##414.0,4,2699124.51
2015,2,3,4,1,3,1514,11,1,1600000.0
2015,2,3,6,1,3,1515,2,1,3000000.0
2015,2,3,7,1,3,1513##1516,4##3,2,451640.0
2015,7,3,7,1,4,1377##1379##1380,6##7##11,3,1039041.0
2015,7,3,9,1,4,1373##1374,2##4,2,1012984.0
2015,7,3,10,1,4,1376,4,1,269997.0
2015,7,3,11,1,4,1375##1378,4##7,2,670937.0
2015,14,3,6,1,4,1012##1017,5##2,2,1196313.0
2015,14,3,9,1,4,1016,2,1,201029.0
2015,14,3,10,1,4,1013##1015,7##4,2,301824.0
2015,14,3,11,1,4,1014,4,1,796080.0
2015,16,3,4,1,3,1113,7,1,200796.0
2015,16,3,6,1,3,1118##1125##1556##1559,5##2,4,6711582.0
2015,16,3,7,1,3,1116##1117##1557,6##3,3,882067.0
2015,16,3,9,1,3,1121##1124##1554##1560,4##2,4,1725232.0
2015,16,3,10,1,3,1112##1114##1119##1555,7##17##4,4,1179320.0
2015,16,3,11,1,3,1122,4,1,200037.0
2015,16,3,13,1,3,1123##1558,11,2,3172234.0
2015,18,1,1,2,1,1125##1368,93025.088,2,341882.09
2015,18,1,2,2,2,1291##1320##1339##1166##1176##1177##1129,70663.288##75135.648##77819.064##71378.8656##69411.0272##69947.7104,7,2373477.63
2015,18,1,3,2,2,1354##1132##1152,73883.3872##70305.4992##72273.3376,3,1054349.1
2015,18,1,4,2,2,1332##1361##1173,72452.232##75314.5424,3,1312553.28
2015,18,1,6,2,2,1287##1293##1304##1357##1126,75135.648##75314.5424##73883.3872##77997.9584##68337.6608,5,1989055.59
2015,18,1,7,2,1,1208,68695.4496,1,0.0
2015,18,1,7,2,2,1243##1266##1260##1150##1189##1163##1131,68337.6608##71378.8656##81396.952##67264.2944##73525.5984##71736.6544,7,2794665.83
2015,18,1,8,2,2,1277,70663.288,1,581978.35
2015,18,1,9,2,1,1208,68695.4496,1,349322.15
2015,18,1,9,2,2,1246##1261##1276##1281##1288##1163##1141,68337.6608##81396.952##73525.5984##93025.088##74777.8592##72273.3376,7,1619213.52
2015,18,1,10,2,2,1260##1280##1321##1163##1131##1120##1161##1129,81396.952##72452.232##73883.3872##73525.5984##71736.6544##73704.4928##72631.1264##69947.7104,8,2020355.09
2015,18,1,11,2,2,1267##1303##1316##1322##1330##1128,69589.9216##74777.8592##70663.288##93025.088##77997.9584##70305.4992,6,2164341.64
2015,18,2,1,2,1,1211##1212,80323.5856,2,199500.0
2015,18,2,2,2,2,1258##1143,68158.7664,2,235970.1
2015,18,2,3,2,2,1252##1171,74956.7536,2,435066.25
2015,18,2,4,2,2,1274,78176.8528,1,46240.05
2015,18,2,6,2,2,1222##1112##1143,81575.8464##71915.5488##68158.7664,3,352068.85
2015,18,2,7,2,2,1188,74956.7536,1,58250.54
2015,18,2,10,2,2,1254##1188,74956.7536,2,406083.93
2015,18,2,11,2,2,1192,74956.7536,1,280374.61
2015,18,3,1,1,3,1495##1496,7##11,2,787446.0
2015,18,3,1,2,1,1210,71199.9712,1,1495204.09
2015,18,3,2,1,3,1498,1,1,200000.0
2015,18,3,3,2,2,1301,71021.0768,1,400000.24
2015,18,3,4,2,1,1215,71021.0768,1,1000466.05
2015,18,3,4,2,2,1273,71199.9712,1,350000.0
2015,18,3,6,1,3,1494##1500,5##2,2,1796900.0
2015,18,3,6,2,1,1220,74420.0704,1,1000000.01
2015,18,3,7,1,3,1490##1503##1504,4##3##6,3,1689501.0
2015,18,3,7,2,2,1335,74241.176,1,740051.59
2015,18,3,9,1,3,1493,4,1,600000.0
2015,18,3,9,2,2,1238,71021.0768,1,400000.67
2015,18,3,10,1,3,1491##1497##1501,4##11##6,3,1279592.0
2015,18,3,10,2,2,1338##1201,71021.0768,2,1215093.99
2015,18,3,11,1,3,1489,4,1,1856001.0
2015,18,3,12,1,3,1499##1522,2,2,3347150.0
2015,19,3,1,1,3,1529,4,1,749139.0
2015,19,3,3,1,3,1528,4,1,698350.0
2015,19,3,4,1,3,1154,7,1,401616.0
2015,19,3,6,1,3,1158##1523##1531,2##5,3,4844448.0
2015,19,3,6,1,4,1352##1353##1358,11##5##2,3,2996481.0
2015,19,3,7,1,3,1160##1161##1525##1526##1530,3##4##6,5,1925007.0
2015,19,3,7,1,4,1355##1356##1357,3##4##11,3,1201845.0
2015,19,3,9,1,3,1163,4,1,175005.0
2015,19,3,9,1,4,1363,4,1,800241.0
2015,19,3,10,1,3,1164##1165##1167##1524##1527,11##7##4,5,679829.0
2015,19,3,11,1,3,1168,4,1,400000.0
2015,19,3,11,1,4,1360##1361,4##11,2,1000000.0
2015,19,3,12,1,3,1155,1,1,167134.0
2015,19,3,13,1,3,1162,11,1,474947.0
2015,20,3,1,1,3,1172,7,1,338220.0
2015,20,3,7,1,3,1180,3,1,269985.0
2015,20,3,11,1,3,1179,3,1,169649.0
2015,22,1,2,2,1,1747,856118.1876,1,74999.37
2015,22,1,3,2,1,545,149568.3436,1,130209.0
2015,22,1,6,2,1,1747##548,856118.1876##97265.3032,2,283918.65
2015,22,1,6,2,2,2095##2097,915762.0056##2279311.4448,2,227017.09
2015,22,1,10,2,2,2095##2097,915762.0056##2279311.4448,2,86274.06
2015,22,1,11,2,1,1742##1747##536##585,891904.4784##856118.1876##75242.9704##80748.5536,4,615392.4
2015,22,1,11,2,2,2095##2097,915762.0056##2279311.4448,2,96461.36
2015,22,2,4,2,2,1743,855200.5904,1,249596.01
2015,22,2,6,2,1,584,82583.748,1,135398.59
2015,22,2,6,2,2,2091,854282.9932,1,215514.81
2015,22,3,6,1,4,1076##1083,5##2,2,882045.0
2015,22,3,7,1,4,1077,3,1,382500.0
2015,22,3,9,1,4,1081,4,1,200004.0
2015,22,3,10,1,4,1078##1079##1080,1##11##4,3,824832.0
2015,22,3,11,1,4,1082,4,1,705001.0
2015,26,3,6,1,4,1038,5,1,300000.0
2015,26,3,9,1,3,1273##1275,2##4,2,4529592.0
2015,26,3,9,1,4,1035##1036##1037,4##2##3,3,1700285.0
2015,26,3,11,1,3,1272##1274,3##4,2,1747109.0
2015,27,1,3,2,1,49##85##11##118,227449.6416##229453.6032##197390.2176,4,870038.62
2015,27,1,4,2,1,46##84##120##13,228952.6128##243982.3248,4,1434526.89
2015,27,1,6,2,1,18##19##10##137##22##6##77##9##96,242479.3536##194885.2656##192380.3136##206909.0352##240976.3824##202400.1216##226447.6608##197891.208,9,3736282.61
2015,27,1,7,2,1,56##57##58##102##73,226447.6608##193883.2848##206909.0352##199895.1696##242980.344,5,1403283.7
2015,27,1,8,2,1,109##94,197891.208,2,354999.99
2015,27,1,9,2,1,54##99##87##100,227950.632##214924.8816,4,807826.97
2015,27,1,10,2,1,82,229954.5936,1,330000.0
2015,27,1,11,2,1,53##110##23##74,208912.9968##197891.208##228952.6128##205406.064,4,2221327.58
2015,27,2,3,2,1,103,233461.5264,1,250000.15
2015,27,2,4,2,1,51##52##20##104##121##130##138##76,226948.6512##228451.6224##237970.44##241978.3632##235465.488##237469.4496##236467.4688,8,3400373.75
2015,27,2,6,2,1,3##116##141##79,237970.44##241978.3632##238972.4208##234964.4976,4,1101816.92
2015,27,2,7,2,1,55##83,230455.584,2,583983.0
2015,27,2,10,2,1,86##12,230956.5744##243481.3344,2,573001.0
2015,27,2,11,2,1,117##7,231958.5552##244483.3152,2,800001.98
2015,27,3,3,1,4,1061,4,1,2660470.0
2015,27,3,3,2,1,128,198893.1888,1,546000.0
2015,27,3,4,2,1,128,198893.1888,1,1911000.0
2015,27,3,6,1,3,1242##1243,5##2,2,1998441.0
2015,27,3,6,2,1,91##4,200396.16,2,1400000.01
2015,27,3,7,1,3,1245##1246,6##3,2,912967.0
2015,27,3,7,2,1,128##17##60##5,198893.1888##217429.8336##204905.0736,4,2731619.14
2015,27,3,8,2,1,129##154##150,200396.16,3,3343911.17
2015,27,3,9,1,3,1247,4,1,228784.0
2015,27,3,9,2,1,150,200396.16,1,90449.83
2015,27,3,10,1,3,1248,11,1,652730.0
2015,27,3,10,1,4,1060##1062##1063,11##4##12,3,5387200.0
2015,27,3,10,2,1,2,217429.8336,1,300000.0
2015,27,3,11,2,1,128,198893.1888,1,864500.0
2015,27,3,12,2,1,47##128,217429.8336##198893.1888,2,941500.0
2015,27,3,13,1,3,1249,11,1,3000001.0
2015,28,3,6,1,4,1029##1030,5##2,2,1299916.0
2015,28,3,9,1,4,1032,4,1,450000.0
2015,28,3,11,1,4,1028##1033,4##5,2,600000.0
2015,28,3,13,1,4,1027##1031,11##7,2,650143.0
2015,33,3,6,1,4,1024,2,1,3000000.0
2015,33,3,7,1,4,1025##1026,11##3,2,500065.0
2015,34,3,6,1,3,1532##1535,2##5,2,2210000.0
2015,34,3,9,1,3,1534,4,1,160000.0
2015,34,3,11,1,3,1533,1,1,340000.0
2015,35,3,6,1,4,1345##1346,5##1,2,897779.0
2015,35,3,7,1,4,1350,3,1,600041.0
2015,35,3,9,1,4,1347##1349,6##4,2,996076.0
2015,35,3,13,1,4,1348,11,1,500000.0
2015,36,1,4,2,1,546##552,155375.8706,2,1200000.21
2015,36,1,6,2,1,557##590##592##558,192551.6924##229727.5142##228774.288##101995.2034,4,1465125.22
2015,36,1,6,2,2,1766##2073##1865##1941##1843##1738##2136##2315##2146,612924.4466##2350655.8092##2744338.2298##192551.6924##2356375.1664##2449791.334##1443184.4668##2362094.5236,9,5326745.02
2015,36,1,9,2,1,534##551##562##567##569##572##574##576##579##589,192551.6924##109621.013##59100.0244##175393.6208##4766.131##40988.7266,10,2271661.01
2015,36,1,9,2,2,1766##1865##1941##1783##1813##1953##1960##2046##2068##2071##2072##1929##1938##1843##1735##1806##2136##2098##2103##2104##2123##2152##2227##2101##2102##2107##2108##2212##2269,612924.4466##2744338.2298##192551.6924##609111.5418##2354468.714##2570851.0614##2373533.238##2356375.1664##1443184.4668##2671893.0386##976103.6288,29,10131696.24
2015,36,1,11,2,1,555##561##565##566##568##577##578##580##583##588,112480.6916##4766.131##109621.013##88650.0366##40988.7266##234493.6452##216382.3474##89603.2628##172533.9422##63866.1554,10,3543243.09
2015,36,1,11,2,2,1766##1865##1941##1929##1938##1843##1735##1738##1806##2217##2237##2242##2257##2258##2263##2266##2267##2268##2291##2292##2293##2297##2303##2308##2309##2310##2136##2101##2102##2107##2108##2146##2212##2269##2282##2289,612924.4466##2744338.2298##192551.6924##2373533.238##2356375.1664##1443184.4668##2449791.334##2671893.0386##975150.4026##610064.768##976103.6288##2362094.5236##2345889.6782##2340170.321##2561318.7994##2350655.8092##2421194.548,36,11493876.47
2015,36,2,2,2,1,535,187785.5614,1,496051.15
2015,36,2,11,2,2,2294,611017.9942,1,513640.73
2015,36,3,3,2,2,2296,2516517.168,1,282686.51
2015,36,3,6,1,3,1488,2,1,17003929.0
2015,36,3,6,1,4,1320,5,1,1000000.0
2015,36,3,7,1,4,1322,4,1,500000.0
2015,36,3,7,2,2,1952,2516517.168,1,1000004.88
2015,36,3,9,1,4,1323##1325,4##2,2,5999918.0
2015,36,3,9,2,1,564##570,219242.026##239259.7762,2,2500776.2
2015,36,3,10,2,2,2296,2516517.168,1,282686.51
2015,36,3,11,1,4,1324,4,1,1016109.0
2015,36,3,12,2,2,2067,2539394.5968,1,738356.71
2015,36,3,13,1,4,1321,11,1,1499941.0
2015,45,1,7,2,1,560,148430.88,1,191644.15
2015,45,1,11,2,1,544##559,4947.696##10884.9312,2,529592.16
2015,45,1,12,2,1,554,113797.008,1,250000.0
2015,45,2,12,2,1,556##571,83121.2928##181085.6736,2,406803.3
2015,45,3,6,1,3,1291##1292,5##2,2,2025745.0
2015,45,3,7,1,3,1288##1290,3##7,2,1778849.0
2015,45,3,7,2,1,543##549,227594.016##232541.712,2,379969.73
2015,45,3,9,1,3,1293,4,1,1000022.0
2015,45,3,10,1,3,1519##1520##1521,7##11##4,3,1986864.0
2015,45,3,10,2,1,2162##2056##594,2480774.7744##2617331.184##114786.5472,3,244907.43
2015,45,3,11,1,3,1286,4,1,2366305.0
2015,45,3,11,2,1,2056,2617331.184,1,99629.84
2015,46,3,6,1,3,1482,2,1,1345382.0
2015,46,3,7,1,3,1483,3,1,315010.0
2015,46,3,9,1,3,1486##1487,2##4,2,227488.0
2015,46,3,11,1,3,1481,4,1,300028.0
2015,49,1,1,2,2,1759,4728665.088,1,751605.45
2015,49,1,2,2,2,1786##1788,4535155.728##4728665.088,2,550006.45
2015,49,1,3,2,2,1785,5068186.056,1,716499.93
2015,49,1,4,2,2,1822##1823##1965,4484139.624##4728665.088##4457751.984,3,1361815.26
2015,49,1,7,2,2,1746##1795##1815##1816,818016.84##4718110.032##4535155.728##277949.808,4,2312481.96
2015,49,1,10,2,2,1760##1808##1972,1672976.376##4309981.2##5068186.056,3,833241.18
2015,49,1,11,2,2,1770##1787##1791##1793##1794##1814##1819,4886990.928##5020688.304##5068186.056##4718110.032##4484139.624##4535155.728##1563907.464,7,4180374.97
2015,49,2,2,2,2,1778,1565666.64,1,253927.73
2015,49,2,3,2,2,1776,1490022.072,1,169948.1
2015,49,2,4,2,2,1779##1818,1351047.168##1551593.232,2,636598.51
2015,49,2,6,2,2,1756##1761,1351047.168##1572703.344,2,533158.13
2015,49,2,7,2,2,1745,1572703.344,1,374928.0
2015,49,2,10,2,2,1758##1807,1674735.552##1671217.2,2,647999.49
2015,49,2,11,2,2,1780##1817,1470671.136##1576221.696,2,851546.2
2015,49,3,3,2,2,1872,4651261.344,1,929463.63
2015,49,3,6,1,4,1086##1092,5##2,2,4999926.0
2015,49,3,6,2,2,1870,4974949.728,1,566860.32
2015,49,3,7,1,3,1475,3,1,2194741.0
2015,49,3,7,1,4,1087,6,1,199999.0
2015,49,3,7,2,2,1803##1871##1970,4711073.328##4408495.056##4651261.344,3,5109577.99
2015,49,3,10,1,4,1088##1091##1094##1095##1096,11##4##6##1,5,2087787.0
2015,49,3,11,1,3,1474,4,1,2295299.0
2015,49,3,11,1,4,1089##1090,11##4,2,701187.0
2015,49,3,11,2,2,1966,4651261.344,1,1500009.46
2015,51,1,2,2,2,2243,4940488.4228,1,302486.03
2015,51,1,3,2,2,2220##2250,4660189.8483##763135.4738,2,693513.72
2015,51,1,4,2,2,1131##1133##1134##1135##2229##2197##2222##2251##2211##2050##2051##2053##2057##2058##2061##2064,770368.9854##773985.7412##775794.1191##4540836.9069##4660189.8483##4510094.4826##5123134.5907##4940488.4228##1567863.6393##4580621.2207##4607746.8892,16,5602849.08
2015,51,1,7,2,2,2246##2131##2149##1675##1698,4918787.888##4540836.9069##4580621.2207##5171960.794,5,1526179.09
2015,51,1,10,2,1,2070,761327.0959,1,155136.09
2015,51,1,10,2,2,1687,4607746.8892,1,400000.0
2015,51,1,11,2,2,2204##1700,754093.5843##5159302.1487,2,792743.74
2015,51,1,13,2,1,1731,1696258.4702,1,225843.47
2015,51,2,7,2,1,1481##2110,755901.9622##1741467.9177,2,400038.72
2015,51,2,7,2,2,2238##2186##2214##2244,755901.9622##757710.3401##1573288.773,4,873304.28
2015,51,3,2,2,2,2247,4477543.6804,1,95000.06
2015,51,3,4,2,2,2287,4535411.7732,1,400008.8
2015,51,3,6,1,4,1039##1040,2##5,2,3500000.0
2015,51,3,13,1,4,1041##1042##1043##1044,1##4##13##11,4,5500346.0
2015,55,1,4,2,2,1662##1138##1139##1141##1144##1145,157380.0484##685971.7327##138562.8687##687682.3854##263440.5158,6,1251372.67
2015,55,1,7,2,2,1574,4889045.4166,1,100000.0
2015,55,1,10,2,2,1575##1576##1594##1626##1635##1657##1659,834798.5176##116324.3836##685971.7327##111192.4255##268572.4739##157380.0484##4223601.5163,7,1643334.62
2015,55,1,11,2,2,1147,5131.9581,1,211024.33
2015,55,2,2,2,2,1643##1624,708210.2178##656890.6368,2,126362.2
2015,55,2,3,2,2,1604,1301806.7047,1,96565.68
2015,55,2,4,2,2,1643##1142##1146,708210.2178##684261.08##863879.6135,3,413401.9
2015,55,2,7,2,2,1609##1617##1642,701367.607##4911283.9017##1418131.0883,3,308366.06
2015,55,2,10,2,2,1643##1555##1577##1580##1647##1655##1642##1624,708210.2178##1296674.7466##692814.3435##655179.9841##703078.2597##667154.553##1418131.0883##656890.6368,8,871733.91
2015,55,2,11,2,2,1606,684261.08,1,149859.92
2015,55,3,6,1,4,1064##1065,2,2,5000000.0
2015,55,3,6,2,2,1541,4232154.7798,1,148698.1
2015,55,3,7,1,4,1066##1067##1069,6##13##11,3,7004138.0
2015,55,3,10,2,2,1637,4728244.0628,1,149955.15
2015,55,3,11,1,4,1068,4,1,6000001.0
2015,58,3,10,1,3,987,11,1,1491012.0
2015,59,3,6,1,3,1142##1143,2##5,2,1360006.0
2015,59,3,9,1,3,1136##1137,2##4,2,830788.0
2015,59,3,11,1,3,1134,4,1,104004.0
2015,60,3,3,1,3,1004,4,1,248775.0
2015,60,3,4,1,3,1010##1011,7##11,2,1437454.0
2015,60,3,6,1,3,1002##1006##1446##1447,5##2,4,13276067.0
2015,60,3,9,1,3,1448##1449,4##2,2,762709.0
2015,60,3,11,1,3,1008,4,1,400000.0
2015,60,3,12,1,3,1007,2,1,800020.0
2015,63,3,9,1,3,1465##1466##1467##1468,4##6##3##2,4,2532163.0
2015,66,3,4,1,3,998,7,1,478825.0
2015,66,3,6,1,3,994##996,5##2,2,1172941.0
2015,66,3,7,1,3,1084##1085,4##3,2,748857.0
2015,66,3,10,1,3,999,4,1,174722.0
2015,66,3,11,1,3,995,4,1,533395.0
2015,66,3,12,1,3,997,2,1,887625.0
2015,67,1,3,2,2,1181##1789##1902,1136380.297##760736.914,3,1088975.33
2015,67,1,4,2,1,1752##1754,1136380.297##760736.914,2,278303.44
2015,67,1,4,2,2,1935,3057122.878,1,91703.32
2015,67,1,6,2,1,1765##1755##1767,1126930.149##640247.527##2895289.0935,3,254653.58
2015,67,1,6,2,2,1422,3279201.356,1,243819.77
2015,67,1,7,2,1,2045,2967346.472,1,16501.57
2015,67,1,7,2,2,1933##1936,2938996.028##2967346.472,2,599959.62
2015,67,1,9,2,2,1873##1937,93320.2115##760736.914,2,299998.54
2015,67,1,10,2,1,2045,2967346.472,1,66006.29
2015,67,1,10,2,2,1796,635522.453,1,99850.8
2015,67,1,11,2,1,1755##1767##2045##1754,640247.527##2895289.0935##2967346.472##760736.914,4,397161.78
2015,67,1,11,2,2,1422##1936##1934##1935,3279201.356##2967346.472##3057122.878,4,636010.78
2015,67,2,4,2,1,1150,598903.1295,1,218053.9
2015,67,2,6,2,1,1792,1134017.76,1,149997.59
2015,67,2,7,2,2,1149##1940##1950,600084.398##598903.1295##1145830.445,3,456668.38
2015,67,2,11,2,1,1769,1129292.686,1,123136.67
2015,67,3,1,1,3,1308,7,1,1065495.0
2015,67,3,4,1,3,1311,11,1,480289.0
2015,67,3,4,1,4,1399,11,1,497561.0
2015,67,3,6,1,3,1312##1476,2##5,2,4499245.0
2015,67,3,6,1,4,1393##1394,2##5,2,1672706.0
2015,67,3,7,1,3,1310##1314##1315,6##3##4,3,1402225.0
2015,67,3,7,1,4,1395##1396##1401,7##3##6,3,1199667.0
2015,67,3,9,1,4,1404##1405,4##2,2,496477.0
2015,67,3,10,1,3,1306##1309,4##6,2,653161.0
2015,67,3,10,1,4,1397##1398##1402,4##6,3,1101240.0
2015,67,3,11,1,3,1307,4,1,2304994.0
2015,67,3,11,1,4,1400,4,1,400000.0
2015,69,3,4,1,3,1190,7,1,3500000.0
2015,69,3,6,1,3,1184,2,1,2920199.0
2015,69,3,7,1,3,1187##1188##1189,3##4##6,3,2483427.0
2015,69,3,10,1,3,1192##1193,4##6,2,509320.0
2015,69,3,11,1,3,1194,4,1,3500770.0
2015,69,3,12,1,3,1185##1304##1477,2,3,6200000.0
2015,71,3,4,1,3,1110##1538,7,2,1868185.0
2015,71,3,6,1,3,1107##1539,2,2,3814083.0
2015,71,3,7,1,3,1100##1103##1111##1541,6##4##3,4,1224832.0
2015,71,3,9,1,3,1104##1108,4##2,2,899932.0
2015,71,3,10,1,3,1106##1536##1540,4##11,3,2616453.0
2015,71,3,11,1,3,1102##1537,4,2,1375513.0
2015,71,3,12,1,3,1109,2,1,499706.0
2015,71,3,13,1,3,1101,11,1,1442944.0
2015,72,3,4,1,3,1132,7,1,1479870.0
2015,72,3,6,1,3,1128,5,1,2199134.0
2015,72,3,9,1,3,1129,4,1,3295934.0
2015,72,3,10,1,3,1127##1131##1133,4##6##11,3,2014299.0
2015,72,3,12,1,3,1126##1130,1##2,2,899838.0
2015,73,1,3,2,2,1585,945989.2341,1,246956.0
2015,73,1,4,2,1,1137##1148,3727593.6487##3755013.6265,2,438470.67
2015,73,1,4,2,2,1547##2157##2224##2241##2262##2273,3875356.8624##4190686.6071##3727593.6487##4262283.2158##4109950.0058,6,1802899.76
2015,73,1,6,2,2,1549##2124##2130,993212.5292##961222.5551##4160219.9651,3,749046.36
2015,73,1,7,2,2,1628,4160219.9651,1,250000.0
2015,73,1,10,2,1,2094,3875356.8624,1,241513.53
2015,73,1,10,2,2,1570,4052063.386,1,244438.29
2015,73,1,11,2,1,1701,4262283.2158,1,249792.84
2015,73,1,11,2,2,1595##1680##2113##2140,763189.3821##4262283.2158##3875356.8624,4,894259.86
2015,73,2,3,2,2,1664,949035.8983,1,247500.0
2015,73,2,4,2,2,2240,1023679.1712,1,249957.86
2015,73,2,6,2,1,1265##1273,691592.7734##720536.0833,2,523793.35
2015,73,2,6,2,2,1559##2138,683976.1129##671789.4561,2,498533.5
2015,73,2,7,2,2,1668,676359.4524,1,249757.8
2015,73,2,10,2,2,1553,685499.445,1,108138.69
2015,73,3,6,2,1,1835,4265329.88,1,250062.0
2015,74,1,3,2,2,1449,106283.376,1,125008.9
2015,74,1,4,2,2,1445##1462,3434052.528##2990594.304,2,499295.93
2015,74,1,6,2,2,1426##2174,700004.304,2,699997.42
2015,74,1,7,2,1,517##521##523,152706.0##64747.344,3,340001.49
2015,74,1,10,2,1,524##530,122164.8,2,250000.53
2015,74,1,11,2,2,1456,107505.024,1,197634.56
2015,74,2,2,2,2,1434,643808.496,1,199990.49
2015,74,2,3,2,2,1420##2166##2175,648695.088##701225.952##692674.416,3,574909.99
2015,74,2,4,2,2,1437##1447,678014.64##673128.048,2,418409.82
2015,74,2,6,2,1,520,261432.672,1,199986.37
2015,74,2,6,2,2,1441##2137,643808.496,2,700379.2
2015,74,2,7,2,1,518##529,260211.024##304190.352,2,137636.6
2015,74,2,7,2,2,1442##1467##1469##2122##2141##2148##2178,724437.264##673128.048##701225.952##647473.44,7,1362135.41
2015,74,2,9,2,1,526##527##547,239443.008##222339.936,3,375176.13
2015,74,2,9,2,2,1430##2144##2195,647473.44##720772.32,3,649840.39
2015,74,2,10,2,1,519##522##525##528##531##581##582,218674.992##207680.16##125829.744##47644.272##316406.832##39092.736##161257.536,7,626262.61
2015,74,2,10,2,2,1460##1466##1419,717107.376##648695.088##674349.696,3,431769.82
2015,74,2,11,2,2,1421##2109##2118##2188,707334.192##702447.6##648695.088,4,1150690.7
2015,74,3,1,2,1,2536,3211712.592,1,277400.88
2015,74,3,3,1,3,1428,4,1,500071.0
2015,74,3,4,1,3,1438,11,1,2794145.0
2015,74,3,6,1,3,1440,2,1,1500000.0
2015,74,3,7,1,3,1429##1430##1431,6##4##3,3,2696246.0
2015,74,3,9,1,3,1432##1433##1434,4##2##3,3,1200000.0
2015,74,3,9,2,2,1451##1461##2120##2171,3253248.624##3223929.072,4,950452.71
2015,74,3,10,1,3,1435##1436##1437,6##4##11,3,1210070.0
2015,74,3,11,1,3,1439,4,1,1100015.0
2015,74,3,12,2,1,1682,3057784.944,1,49990.4
2015,77,3,4,1,3,1218,7,1,182827.0
2015,77,3,6,1,3,1217,5,1,183266.0
2015,77,3,11,1,3,1219##1220,6##4,2,548302.0
2015,78,3,6,1,3,1517,5,1,1111305.0
2015,78,3,7,1,3,1518,3,1,400769.0
2015,80,1,1,2,2,1123##1146##1229##1232##1419##1435,4022.424##4740.714##16377.012##2442.186,6,1189088.63
2015,80,1,2,2,2,1436,43097.4,1,181633.1
2015,80,1,3,2,2,1158##1165##1231##1239##1512,22554.306##19106.514##48843.72##4740.714##22266.99,5,1750518.71
2015,80,1,4,2,2,1120##1142##1153##1241##1280##1433##1458##1474,12641.904##18388.224##4740.714##7757.532##1723.896##18675.54##22123.332,8,1054658.8
2015,80,1,6,2,2,1312##1319##1322##1325##1330##1331,43097.4##18388.224##18675.54##29018.916##4022.424##22554.306,6,1823897.93
2015,80,1,7,2,1,1515,16377.012,1,99009.9
2015,80,1,7,2,2,1135##1136##1156##1178##1204##1211##1261##1416##1455,4022.424##9050.454##12641.904##1723.896##7182.9##21979.674##22266.99##43672.032##10056.06,9,2444655.04
2015,80,1,9,2,2,1127##1139##1157##1183##1199##1205##1224##1255##1257##1278##1296##1405##1423##1453,9050.454##18388.224##12641.904##4740.714##22266.99##7182.9##16377.012##5028.03##16089.696##1723.896##4022.424,14,3845603.72
2015,80,1,10,2,2,1162##1164##1295##1502,7757.532##7182.9##18388.224,4,589544.67
2015,80,1,11,2,1,1373,19106.514,1,274624.06
2015,80,1,11,2,2,1128##1141##1155##1166##1180##1185##1228##1279##1440##1475##1525,13791.168##18388.224##12641.904##18675.54##10056.06##22266.99##43097.4##1723.896##4022.424,11,3397376.53
2015,80,2,1,2,1,1377,13072.878,1,148514.93
2015,80,2,1,2,2,1130##1184##1267##1394##1449,46976.166##13072.878##1580.238##32897.682,5,772241.62
2015,80,2,2,2,2,1457##1510,53009.802##46976.166,2,363186.5
2015,80,2,3,2,2,1134##1263##1418##1494##1466,46976.166##32897.682##12929.22##47694.456,5,995392.18
2015,80,2,4,2,2,1132##1181##1223##1268##1410##1432##1471,46976.166##49274.694##6895.584##15658.722##5602.662##40798.872,7,585157.09
2015,80,2,6,2,2,1302##1304##1310##1336,47407.14##12929.22##13072.878##46832.508,4,970528.31
2015,80,2,7,2,2,1172##1176##1197##1221##1460,43384.716##47838.114##46545.192##44246.664##15946.038,5,1158792.31
2015,80,2,9,2,2,1193##1230##1481,1580.238##29162.574##13072.878,3,732749.48
2015,80,2,10,2,2,1152##1173##1174##1182##1187##1202##1212##1213##1242##1247##1262##1466##1454,1580.238##47838.114##49562.01##13072.878##12929.22##33041.34##32897.682##44390.322##48700.062##47694.456,13,1449816.36
2015,80,2,11,2,2,1145##1256##1404,53009.802##32897.682##13072.878,3,612591.2
2015,80,3,1,1,4,1326,7,1,200030.0
2015,80,3,1,2,1,1375##1380##1383,20399.436##21692.358##20543.094,3,537474.91
2015,80,3,1,2,2,1281##1413##1420##1421##1422##1477##1099##1109##1117,9481.428##19824.804##20399.436##6033.636##21692.358,9,3636421.46
2015,80,3,3,1,4,1327,4,1,1015729.0
2015,80,3,3,2,1,1326,20543.094,1,161024.0
2015,80,3,3,2,2,1093##1108,20543.094,2,538332.5
2015,80,3,4,1,3,1271,11,1,832844.0
2015,80,3,4,1,4,1328,11,1,900050.0
2015,80,3,4,2,2,1234##1102##1118,9481.428##20399.436,3,1998136.62
2015,80,3,6,1,3,1255,2,1,1548984.0
2015,80,3,6,1,4,1330##1331,5##2,2,4000000.0
2015,80,3,6,2,2,1462##1095##1103,6033.636,3,2549945.85
2015,80,3,7,1,3,1170##1171##1260##1261##1262,3##4##6,5,3321952.0
2015,80,3,7,1,4,1333##1334##1335,3##4##6,3,2457153.0
2015,80,3,7,2,1,1517##1516,20543.094##21692.358,2,822201.14
2015,80,3,7,2,2,1245##1401##1437##1443##1461##1412##1096##1110##1115##1116,21692.358##20543.094##9481.428##19824.804,10,6681422.39
2015,80,3,8,2,2,1388##1101,21548.7,2,3700000.0
2015,80,3,9,1,3,1257##1258,2##4,2,473511.0
2015,80,3,9,1,4,1336##1337##1338,4##2##3,3,2644591.0
2015,80,3,9,2,1,1327##1374,20543.094,2,379282.9
2015,80,3,9,2,2,1501##1097##1111,20543.094,3,1654150.45
2015,80,3,10,1,3,1264##1265##1266,11##6##4,3,1189892.0
2015,80,3,10,1,4,1339##1340##1341,6##11##4,3,1400000.0
2015,80,3,10,2,1,1119##1384,20543.094,2,320000.5
2015,80,3,10,2,2,1412##1456##1106##1114,19824.804##20543.094##20399.436,4,1212084.59
2015,80,3,11,1,3,1268##1269##1270,4##11##3,3,1711964.0
2015,80,3,11,1,4,1342##1343##1344,7##3##4,3,2499186.0
2015,80,3,11,2,1,1516,21692.358,1,281888.61
2015,80,3,11,2,2,1195##1406##1427##1100##1112,21692.358##9481.428##20543.094,5,2551293.97
2015,80,3,12,2,2,1282##1414##1113,9481.428##13503.852,3,1811158.08
2015,80,4,4,2,2,1403,17957.25,1,79998.42
2015,80,4,7,2,2,1194,17957.25,1,244077.7
2015,81,3,6,1,3,1197,2,1,1499768.0
2015,81,3,6,1,4,1075,2,1,999760.0
2015,81,3,7,1,3,1198##1199,3##6,2,240072.0
2015,81,3,7,1,4,1071,6,1,150000.0
2015,81,3,9,1,3,1202,4,1,162112.0
2015,81,3,10,1,3,1201,4,1,109461.0
2015,81,3,10,1,4,1074,17,1,100171.0
2015,81,3,11,1,4,1070##1072##1073,7##11##4,3,1248289.0
2015,81,3,13,1,3,1196,11,1,5973333.0
2015,87,1,3,2,2,2315##2391##2418##2436##2451,1244.3424##9565.8822##699.9426##233.3142##2955.3132,5,1690375.72
2015,87,1,4,2,2,2314##2433##2442##2444,1244.3424##26286.7332##35074.9014##388.857,4,1299158.14
2015,87,1,6,2,2,2321##2338##2342##2372##2384,388.857##311.0856##13221.138##11121.3102##1244.3424,5,1590659.47
2015,87,1,7,2,2,2364##2369##2378##2383##2462,4821.8268##699.9426##26053.419##26286.7332##2955.3132,5,1092526.33
2015,87,1,9,2,2,2323##2349##2388##2392##2467##2473,11121.3102##26053.419##699.9426##9799.1964##2955.3132##233.3142,6,1673064.16
2015,87,1,10,2,2,2404##2412##2415##2416,1399.8852##699.9426##26286.7332##4821.8268,4,942531.47
2015,87,1,11,2,1,4364##179,16409.7654##4432.9698,2,600000.0
2015,87,1,11,2,2,2325##2357##2363##2422##2428##2430##2445##2449,388.857##11121.3102##4899.5982##311.0856##4821.8268##1166.571##9876.9678##1244.3424,8,2845754.94
2015,87,1,13,2,2,2324##2407,12210.1098##388.857,2,675446.16
2015,87,2,3,2,2,2318,15787.5942,1,289999.48
2015,87,2,4,2,2,2375##2410,21542.6778##23331.42,2,499909.35
2015,87,2,6,2,2,2346##2380,5988.3978##30408.6174,2,499530.28
2015,87,2,7,2,2,2335##2365##2370,26131.1904##8321.5398##18976.2216,3,574310.54
2015,87,2,9,2,2,2466##2340##2371##2385##2468,20065.0212##18976.2216##8321.5398##23331.42##26753.3616,5,1255690.8
2015,87,2,11,2,2,2413##2424,5988.3978##8321.5398,2,599502.1
2015,87,3,3,1,4,1406,4,1,999854.0
2015,87,3,4,1,3,1382##1383,7##11,2,1223121.0
2015,87,3,4,1,4,1418##1419,7##11,2,1398396.0
2015,87,3,4,2,2,2455,1710.9708,1,191316.0
2015,87,3,6,1,3,1388,2,1,1878788.0
2015,87,3,6,1,4,1408##1409##1410##1411,5##7##2##4,4,5500835.0
2015,87,3,6,2,2,2355##2356##2358##2419,3888.57##1944.285##1788.7422##7932.6828,4,3400000.13
2015,87,3,7,1,3,1390##1391,3##6,2,666627.0
2015,87,3,7,1,4,1413##1414##1415##1416,3##4##6##7,4,3293652.0
2015,87,3,7,2,2,2320##2353##2376##2465,3888.57##1788.7422##1555.428##2022.0564,4,3074590.02
2015,87,3,9,1,3,1387,2,1,164389.0
2015,87,3,9,1,4,1417,2,1,1999613.0
2015,87,3,9,2,2,2334##2453,1944.285##1788.7422,2,1749999.42
2015,87,3,10,1,3,1385##1386,11##7,2,1367159.0
2015,87,3,10,1,4,1424##1425##1426##1427,6##7##4##11,4,2296884.0
2015,87,3,10,2,2,2402##2420##2425,1555.428##1788.7422##1710.9708,3,1249905.21
2015,87,3,11,1,4,1421##1422,4##7,2,3500000.0
2015,87,3,11,2,2,2382##2408##2443##2447,3888.57##7932.6828##1788.7422,4,1849949.72
2015,87,3,12,1,4,1407,2,1,1000000.0
2015,87,3,13,2,1,2477,61828.263,1,388700.0
2015,87,3,13,2,2,2406##2414##2463,7932.6828##1944.285,3,1847066.07
2015,88,1,1,2,1,659,5596.925,1,891328.19
2015,88,1,1,2,2,635##161##281##359##402,12760.989##16790.775##13656.497##5596.925,5,2007143.02
2015,88,1,3,2,1,668,5149.171,1,499966.83
2015,88,1,3,2,2,243##265##282##307,14104.251##10522.219##9850.588##9178.957,4,983860.17
2015,88,1,4,2,2,609##614##628##652##222##294##308##321,9178.957##26641.363##5596.925##19029.545##2686.524,8,4625010.64
2015,88,1,6,2,2,510##597##638##233##242##275##310##396,14552.005##3134.278##30671.149##37387.459##4477.54,8,1905480.77
2015,88,1,7,2,1,662##666,11417.727##11193.85,2,302525.47
2015,88,1,7,2,2,519##528##531##620##643##166##216##314##322##369##390##391##411##245,14552.005##15671.39##8731.203##21268.315##2686.524##11417.727##11865.481##5373.048##7611.818,14,3332125.83
2015,88,1,9,2,2,514##517##526##530##583##607##626##630##642##654##338##345##362##365##368##379##392,2686.524##14552.005##15671.39##8731.203##21939.946##4925.294##5373.048##21268.315##13880.374##19029.545##11193.85##7611.818,17,4825469.2
2015,88,1,10,2,1,664##665,5820.802##5373.048,2,397884.57
2015,88,1,10,2,2,649##157##316##324##385##400##419,22163.823##5373.048##28432.379##9178.957##6492.433##3134.278,7,2263755.82
2015,88,1,11,2,1,667,3582.032,1,612670.06
2015,88,1,11,2,2,559##579##581##582##617##621##632##204##331##373##375,2686.524##3582.032##21939.946##12537.112##4925.294##19029.545##5373.048##8507.326##15895.267,11,5290372.97
2015,88,2,1,2,2,192,34477.058,1,71262.0
2015,88,2,3,2,2,509##539##543##593##603##220##267##268##339,36715.828##23283.208##68730.239##20148.93##22835.454##36491.951##24626.47,9,1785644.05
2015,88,2,4,2,2,589##300,19477.299,2,109241.05
2015,88,2,6,2,2,511##527##616##640##210##423,23283.208##18357.914##22611.577##38506.844##27984.625##35148.689,6,1253744.03
2015,88,2,7,2,1,661,68730.239,1,75006.25
2015,88,2,7,2,2,504##529##547##548##549##596##167##223##234##341##346,27984.625##25969.732##36044.197##18357.914##68730.239##28208.502,11,2148327.75
2015,88,2,9,2,1,663,68730.239,1,495042.3
2015,88,2,9,2,2,506##545##575##586##250##342,27984.625##18357.914##68730.239##22835.454,6,1457376.94
2015,88,2,10,2,2,566##600##613##191##235##262##272##292,18357.914##27089.117##31342.78##68730.239##24850.347##19701.176,8,1558200.85
2015,88,2,11,2,2,515##535##550##558##605##188##199##226##298,27984.625##18357.914##23283.208##20820.561##26417.486##68730.239,9,1295526.3
2015,88,3,1,2,1,669,1343.262,1,790013.1
2015,88,3,1,2,2,491##518##394,1343.262,3,2999980.56
2015,88,3,3,1,3,1223,4,1,285668.0
2015,88,3,3,2,2,287##293,1119.385,2,2391742.83
2015,88,3,4,1,3,1251,7,1,1532689.0
2015,88,3,4,2,2,516##326##336,1343.262##447.754,3,7218009.91
2015,88,3,5,2,2,251,1567.139,1,899880.7
2015,88,3,6,1,3,1250,5,1,203086.0
2015,88,3,6,2,2,536##147##244,895.508##1567.139,3,7852830.51
2015,88,3,7,1,3,1224,4,1,214638.0
2015,88,3,7,2,2,513##523##570##651##195##255##356##387##426,1343.262##2014.893##671.631##1119.385,9,4962014.45
2015,88,3,8,2,1,502##655##656##657,9626.711##1343.262##1567.139,4,4334911.33
2015,88,3,8,2,2,507##512##631##291##320,1567.139##1343.262##9626.711,5,7999814.39
2015,88,3,9,1,3,1253,4,1,1317078.0
2015,88,3,9,2,2,214##256##303##374,1119.385##1567.139,4,5345190.67
2015,88,3,10,2,1,492,1119.385,1,497193.5
2015,88,3,10,2,2,608##619##288##377##389##420,2014.893##1119.385##447.754,6,1923055.61
2015,88,3,11,1,3,1225##1284##1285,4##3,3,3482946.0
2015,88,3,11,2,1,142,1343.262,1,286546.0
2015,88,3,11,2,2,520##598##305##323##332##398,1343.262##1119.385,6,6366998.84
2015,88,3,12,1,3,1254,2,1,2140000.0
2015,88,3,12,2,2,618,9402.834,1,500000.0
2015,88,3,13,1,3,1221##1222##1228,11##2##12,3,4270389.0
2015,91,1,6,2,1,2213,3679850.629,1,504887.63
2015,91,1,11,2,2,2049##2079,3681155.078##3622454.873,2,1287699.47
2015,91,2,4,2,2,2314,1305753.449,1,751129.39
2015,91,2,7,2,1,2331,656137.847,1,342442.8
2015,91,3,4,1,4,1053##1054##1055,4##7##11,3,7000139.0
2015,91,3,6,1,4,1045##1046,2##5,2,7500002.0
2015,91,3,7,1,4,1047##1048##1049##1050##1051,7##6##11##3##4,5,7499434.0
2015,91,3,8,2,1,2333##2341,3476356.585,2,3009579.37
2015,91,3,11,1,4,1056##1057##1058,4##6##3,3,4176445.0
2015,91,3,11,2,1,2161,3446354.258,1,603993.6
2015,91,3,11,2,2,2047##2048,3446354.258##3489401.075,2,1489604.75
2015,91,3,12,2,2,2320,3407220.788,1,399431.0
2015,91,3,13,1,4,1059,13,1,3750001.0
2015,91,4,6,2,1,2335,3673328.384,1,1200908.32
2015,96,3,4,1,4,1018##1019,11##7,2,1679600.0
2015,96,3,6,1,4,1022,2,1,4800393.0
2015,96,3,7,1,4,1020##1021,6##3,2,1679851.0
2015,96,3,10,1,4,1023,4,1,840000.0
2015,97,3,6,1,3,1295,2,1,770843.0
2015,97,3,7,1,3,1294##1297,3##6,2,317678.0
2015,97,3,9,1,3,1301,4,1,229941.0
2015,97,3,11,1,3,1296##1302,7##4,2,427661.0
2015,97,3,13,1,3,1300,11,1,1492665.0
2015,98,3,6,1,3,1233,2,1,435226.0
2015,98,3,7,1,3,1232,3,1,1687699.0
2015,98,3,11,1,3,1229,4,1,2493132.0
2015,98,3,12,1,3,1230,2,1,304115.0
2015,99,3,4,1,3,1209,11,1,1500579.0
2015,99,3,6,1,3,1203,2,1,2302922.0
2015,99,3,7,1,3,1205##1206##1207##1208##1480,3##4##11##6,5,1699502.0
2015,99,3,10,1,3,1214##1215##1216,11##7##4,3,1856628.0
2015,99,3,11,1,3,1211##1212##1479,11##4,3,1796688.0
2015,101,3,3,1,3,1153,4,1,484041.0
2015,101,3,4,1,3,1152,7,1,446376.0
2015,101,3,6,1,3,1144##1145,2##5,2,1411859.0
2015,101,3,7,1,3,1147##1148##1151,6##4##3,3,1156718.0
2015,101,3,11,1,3,1146,4,1,907914.0
2015,101,3,12,1,3,1149##1150,2,2,631500.0
2015,105,1,4,2,1,1300##1523##1525##1533,3568039.6416##840928.704##3534680.4864##155676.0576,4,2669898.01
2015,105,1,6,2,1,1289##1351##1373##1401##1957##2008##2041,3534680.4864##3873831.8976##3568039.6416##4003098.624##3747345.1008,7,5165394.44
2015,105,1,7,2,1,1280##1299##1393##1406##1484##1490##1506##1942##1982##1991##2016##2038,419769.3696##137606.5152##3467962.176##4003098.624##3494371.5072##3761244.7488##3901631.1936,12,4628365.55
2015,105,1,9,2,1,1382,3873831.8976,1,500000.0
2015,105,1,10,2,1,1367##1504##2002##2006,3733445.4528##4003098.624,4,1848403.33
2015,105,1,11,2,1,1349##1381##1405##1488##1505##1511##1526##1528##1951##1973##2027,3568039.6416##3873831.8976##3802943.6928##3494371.5072##3747345.1008##3404023.7952##4003098.624##3534680.4864,11,7451882.67
2015,105,2,4,2,1,1496##1519##1510,839538.7392##845098.5984##722781.696,3,483847.05
2015,105,2,6,2,1,2007,722781.696,1,321698.35
2015,105,2,7,2,1,1283##1326##1520##1527##1503##1516##1958##1995,722781.696##715831.872##718611.8016##847878.528##871507.9296,8,2460736.11
2015,105,2,10,2,1,1510##2037,722781.696##845098.5984,2,697143.52
2015,105,2,11,2,1,1520##1527##1503##1516##1983,718611.8016##847878.528##722781.696##871507.9296,5,573589.3
2015,105,3,1,1,3,1452##1459,7##11,2,3990126.0
2015,105,3,2,1,3,1454,1,1,1476374.0
2015,105,3,4,1,3,1235,11,1,3000014.0
2015,105,3,4,2,1,1384##1398##2272##2278,3651437.5296##3476301.9648,4,3558456.47
2015,105,3,6,1,3,1226,2,1,1440633.0
2015,105,3,6,2,1,1961##2239##2279,3440162.88##3698696.3328,3,4651627.86
2015,105,3,7,1,3,1240##1450##1456##1461##1463,3##7##6##4,5,10521337.0
2015,105,3,7,2,1,2277##2281##2284,3711206.016##3637537.8816##3665337.1776,3,10270358.99
2015,105,3,8,2,1,1286##2252,3698696.3328,2,1244179.5
2015,105,3,9,1,3,1234##1236##1239##1241,7##4##2##3,4,2992546.0
2015,105,3,9,2,1,2009##2044,3476301.9648##3665337.1776,2,1449976.13
2015,105,3,10,1,3,1455##1458##1460,6##11##4,3,1979724.0
2015,105,3,10,2,1,1325,3651437.5296,1,222839.51
2015,105,3,11,1,3,1237##1453##1462,4##7,3,8999169.0
2015,105,3,11,2,1,2015##2274##2275,3476301.9648##3665337.1776,3,1790040.0
2015,105,3,12,1,3,1238##1277##1280##1281##1282##1392,2##4##11##1,6,8853191.0
2015,105,3,13,1,3,1451##1457,7##11,2,996990.0
2015,107,3,6,1,3,1469##1470,2##5,2,6378136.0
2015,107,3,9,1,3,1472,4,1,573445.0
2015,107,3,11,1,3,1471,4,1,1159131.0
2015,108,1,1,2,1,2321,4501202.307,1,200000.0
2015,108,1,1,2,2,1918##1926,4456306.68##8314.005,2,712609.01
2015,108,1,3,2,2,1174##1904,631864.38##58198.035,2,478028.75
2015,108,1,4,2,1,1275##2088,621887.574,2,2168504.56
2015,108,1,4,2,2,1892,631864.38,1,743121.69
2015,108,1,6,2,1,1279##2089,8314.005##83140.05,2,2204563.63
2015,108,1,6,2,2,1175##1188##1863##1912,199536.12##189559.314##625213.176,4,2726418.89
2015,108,1,7,2,2,1866##1913,4283375.376##581980.35,2,981294.6
2015,108,1,9,2,2,1189##1910,189559.314##581980.35,2,1377868.77
2015,108,1,10,2,2,1166##1883##1909##1898,4456306.68##4775564.472##630201.579##581980.35,4,782459.08
2015,108,1,11,2,1,1277##2081,83140.05##4283375.376,2,2310366.49
2015,108,1,11,2,2,1838##1895##1900##1922,8314.005##58198.035##631864.38##625213.176,4,1497319.47
2015,108,1,12,2,1,2078,1654486.995,1,2085310.05
2015,108,2,1,2,2,1826##1842##1917,989366.595##591957.156,3,785493.81
2015,108,2,3,2,2,1187##1234##1256##1828##1914##1915,867982.122##578654.748##596945.559##1114076.67##1341880.407,6,1517336.54
2015,108,2,4,2,2,1777,2317944.594,1,268207.91
2015,108,2,6,2,1,1274,2030280.021,1,396455.33
2015,108,2,6,2,2,1160##1163##1164##1192##1196##1214##1244##1260##1830##1880##1921,596945.559##593619.957##613573.569##575329.146##576991.947##991029.396##616899.171##2030280.021##605259.564##1105762.665,11,4570982.24
2015,108,2,7,2,1,1268##1270##1278,608585.166##583643.151##585305.952,3,1012916.57
2015,108,2,7,2,2,1153##1171##1179##1191##1223##1229##1245##1246##1263##1901,590294.355##583643.151##608585.166##593619.957##585305.952##1423357.656##2030280.021##987703.794##605259.564,10,6194013.36
2015,108,2,9,2,2,1204##1226##1232##1821,605259.564##616899.171##1725987.438##585305.952,4,1501726.02
2015,108,2,10,2,2,1169##1178##1210##1849##1850,583643.151##593619.957##608585.166##591957.156##1105762.665,5,1179210.87
2015,108,2,11,2,1,1271,576991.947,1,690342.6
2015,108,2,11,2,2,1889,613573.569,1,502049.35
2015,108,3,1,2,1,2077,109744.866,1,2411255.7
2015,108,3,4,2,1,1269,109744.866,1,599820.6
2015,108,3,6,2,1,1272,249420.15,1,599997.37
2015,108,3,6,2,2,1165##1202,109744.866##69837.642,2,1346125.27
2015,108,3,7,2,1,2082,251082.951,1,2008313.5
2015,108,3,10,2,1,2290,4409748.252,1,3174352.69
2015,108,3,12,2,1,1557,224478.135,1,301253.15
2015,108,4,1,2,1,2261,1075832.247,1,1376852.63
2015,108,4,6,2,2,1162,628538.778,1,500011.0
2015,108,4,7,2,2,1182##1206##1885,628538.778,3,1766056.98
2015,108,4,8,2,1,1732,1075832.247,1,1258925.83
2016,1,1,4,2,1,3856##3811,253.92##924.6,2,862709.56
2016,1,1,4,2,2,492##493##491##511##514##3259##3266##3420##3504##3535##3658,309.12##1070.88##954.96##253.92##1007.4##957.72##1087.44##993.6,11,4028835.14
2016,1,1,6,2,1,3812,309.12,1,359526.96
2016,1,1,6,2,2,493##491##511##514##531##3267##3347##3357##3421##3662,1070.88##954.96##253.92##314.64##932.88##309.12##957.72##990.84,10,3091680.75
2016,1,1,7,2,1,3829##3811,946.68##924.6,2,1122537.36
2016,1,1,7,2,2,481##485##505##515##3487##3327##3448##3571##3342,173.88##938.4##946.68##919.08##314.64,9,4499527.98
2016,1,1,9,2,2,491##511##514##486##3605##3606##3607##3666,954.96##253.92##935.64##977.04,8,2432791.67
2016,1,1,10,2,1,3784##3865##3829,996.36##957.72##946.68,3,845783.89
2016,1,1,10,2,2,507##491##511##514##3294##3301##3334##3487##3571,173.88##954.96##253.92##433.32##999.12##946.68,9,1911623.04
2016,1,1,11,2,1,3811,924.6,1,88092.41
2016,1,1,11,2,2,491##511##514##531##3397##3613##3342,954.96##253.92##314.64##1018.44##988.08##173.88,7,1864531.59
2016,1,1,13,2,1,4491,253.92,1,50000.01
2016,1,2,4,2,1,3833,921.84,1,877408.56
2016,1,2,4,2,2,517,1046.04,1,101269.91
2016,1,2,6,2,1,3839,921.84,1,342619.63
2016,1,2,6,2,2,517,1046.04,1,494435.47
2016,1,2,7,2,2,488##502##506##509##518##3285##3423,1043.28##1051.56##905.28##941.16##1004.64,7,2702068.08
2016,1,2,9,2,1,3816,941.16,1,214880.03
2016,1,2,10,2,2,3272##3328##3598##3667,1004.64##1012.92##1029.48##908.04,4,1213608.59
2016,1,2,11,2,2,3534,910.8,1,362895.38
2016,1,3,4,1,3,2011,7,1,600000.0
2016,1,3,6,1,3,2013,2,1,3312409.0
2016,1,3,6,2,2,3425,115.92,1,983859.65
2016,1,3,7,1,3,2015##2016,6##3,2,343108.0
2016,1,3,7,2,2,482##3412,416.76,2,5632879.2
2016,1,3,9,2,2,3264##3488,416.76##414.0,2,4356517.66
2016,1,3,10,1,3,2017,12,1,232232.0
2016,1,3,12,2,1,478##4432,259.44##414.0,2,1314127.99
2016,1,3,13,1,3,2012,11,1,5294649.0
2016,3,3,6,1,3,1566,5,1,833373.0
2016,3,3,7,1,3,1571##1730,3,2,3286149.0
2016,3,3,9,1,3,1569,4,1,2795003.0
2016,3,3,11,1,3,1570,4,1,1074861.0
2016,7,3,4,1,3,1843##2057,1##7,2,1591391.0
2016,7,3,6,1,3,1840##2048,2,2,1340302.0
2016,7,3,7,1,3,1842##2055##2056,6##7,3,702257.0
2016,7,3,9,1,3,2053,4,1,282667.0
2016,7,3,10,1,3,1841##2051##2052,6##4,3,421872.0
2016,7,3,11,1,3,1844##2050,4##7,2,551549.0
2016,14,3,4,1,4,1614##1617,7##11,2,1840000.0
2016,14,3,6,1,4,1612##1621,5##2,2,4499749.0
2016,14,3,7,1,4,1616##1623,6##3,2,1929996.0
2016,14,3,9,1,4,1619##1622,4##2,2,1701929.0
2016,14,3,10,1,4,1613##1615##1618,7##20##4,3,1829975.0
2016,14,3,11,1,4,1620,4,1,1184306.0
2016,16,3,6,1,3,1971,2,1,2485459.0
2016,16,3,7,1,3,1973##1974,3##6,2,600240.0
2016,16,3,10,1,3,1969,4,1,501413.0
2016,16,3,11,1,3,1970,4,1,600431.0
2016,18,1,1,2,2,1422,93025.088,1,243999.61
2016,18,1,2,2,1,3612,77819.064,1,100000.0
2016,18,1,2,2,2,4067##4033,77997.9584##72452.232,2,872000.3
2016,18,1,3,2,2,1395##3908##4092##4068##4057,70305.4992##72631.1264##75135.648##73883.3872,5,1479690.59
2016,18,1,4,2,2,1437##1469##1476,72452.232##70663.288##69589.9216,3,535001.67
2016,18,1,6,2,2,1426##1443##4062,71378.8656##72273.3376,3,1249999.6
2016,18,1,7,2,2,1406##1424##1432##1446##1492##1483##3918##4005##4097##4108##3994##4032,67264.2944##67085.4##73525.5984##74062.2816##74777.8592##71736.6544##93025.088##68337.6608##67800.9776,12,2893801.3
2016,18,1,8,2,1,1506##3172,83722.5792##70663.288,2,399999.71
2016,18,1,8,2,2,4016,68874.344,1,190000.0
2016,18,1,9,2,2,1393##1492##1483##4108##4099##3994##4032,73525.5984##74777.8592##68337.6608##67800.9776,7,2137786.55
2016,18,1,10,2,2,1410##1415##1451##1501##4068##4067##4033##4062##4057,68874.344##73704.4928##72631.1264##69589.9216##70305.4992##77997.9584##72452.232##71378.8656##73883.3872,9,1841387.14
2016,18,1,11,2,1,1504##3610,77997.9584##74777.8592,2,410000.0
2016,18,1,11,2,2,1416##1474##1482##1494##1483##4033##4069##4085##4093##4111,72094.4432##69589.9216##74777.8592##70663.288##72452.232##78355.7472##77997.9584##70305.4992,10,3477321.23
2016,18,2,1,2,2,4006##4018,80323.5856,2,369634.07
2016,18,2,3,2,2,1388##1454,84438.1568##80860.2688,2,99999.99
2016,18,2,4,2,2,1481,80323.5856,1,219582.19
2016,18,2,6,2,2,1390##1418##3964,71915.5488##81575.8464,3,780000.4
2016,18,2,7,2,2,1497,84617.0512,1,49998.96
2016,18,2,10,2,2,1374##1391##3910##4013,75851.2256##68158.7664,4,1072172.1
2016,18,2,11,2,2,1384,74956.7536,1,275112.86
2016,18,3,1,1,4,1919,7,1,750000.0
2016,18,3,3,1,3,1948,4,1,230831.0
2016,18,3,4,1,4,1917,11,1,1150003.0
2016,18,3,6,1,3,1953,2,1,814776.0
2016,18,3,6,1,4,1918##1920,5##2,2,2550000.0
2016,18,3,6,2,1,4482,71557.76,1,1000010.09
2016,18,3,6,2,2,1431##4106,74420.0704##71557.76,2,740050.26
2016,18,3,7,1,4,1915##1916,6##3,2,2100000.0
2016,18,3,7,2,1,1505##3608,74241.176,2,749997.72
2016,18,3,7,2,2,1455,73167.8096,1,79978.65
2016,18,3,9,1,4,1911##1921,4##2,2,849838.0
2016,18,3,10,1,3,1949,4,1,258859.0
2016,18,3,10,1,4,1912,4,1,400000.0
2016,18,3,10,2,2,1455,73167.8096,1,319914.59
2016,18,3,11,1,3,1950,4,1,307826.0
2016,18,3,11,1,4,1913,4,1,1199974.0
2016,18,3,11,2,1,3609##3616,71021.0768##71199.9712,2,720000.02
2016,18,3,11,2,2,1387,71021.0768,1,350444.81
2016,18,3,13,1,3,1952,11,1,1373271.0
2016,19,3,1,1,3,1802,7,1,200000.0
2016,19,3,3,1,4,1960,4,1,200022.0
2016,19,3,4,1,3,1800##1801,11##4,2,1201327.0
2016,19,3,4,1,4,1946,7,1,199999.0
2016,19,3,6,1,3,1811,2,1,3990302.0
2016,19,3,6,1,4,1939##1940,2##5,2,4600407.0
2016,19,3,7,1,3,1804##1805##1806,3##4##6,3,1400000.0
2016,19,3,7,1,4,1942##1943##1944##1945,3##4##6##11,4,1900000.0
2016,19,3,9,1,3,1797##1798,4##2,2,1500006.0
2016,19,3,9,1,4,1957##1958##1959,4##2##11,3,1500123.0
2016,19,3,10,1,3,1809##1810,11##4,2,699917.0
2016,19,3,11,1,3,1807,4,1,1000000.0
2016,19,3,11,1,4,1955,4,1,600000.0
2016,19,3,12,1,4,1947,2,1,1000000.0
2016,22,1,2,2,2,3993,856118.1876,1,90000.0
2016,22,1,3,2,2,3810##4195,896492.4644##1140573.3196,2,162000.66
2016,22,1,4,2,2,2799,896492.4644,1,241349.78
2016,22,1,6,2,2,3900,891904.4784,1,91000.0
2016,22,1,10,2,2,3810##3993##2864,896492.4644##856118.1876##915762.0056,3,284478.56
2016,22,1,11,2,2,4195##2864##3900##2878,1140573.3196##915762.0056##891904.4784,4,304985.99
2016,22,2,3,2,2,4029,898327.6588,1,54997.76
2016,22,2,4,2,1,4367,854282.9932,1,54075.02
2016,22,2,6,2,1,4367##3140,854282.9932##900162.8532,2,97099.52
2016,22,2,6,2,2,4234,855200.5904,1,52684.99
2016,22,2,7,2,1,3140,900162.8532,1,99998.0
2016,22,2,7,2,2,2881,900162.8532,1,149759.12
2016,22,2,10,2,2,4029##4234,898327.6588##855200.5904,2,109279.27
2016,22,2,11,2,1,4367##3140,854282.9932##900162.8532,2,179072.51
2016,22,2,11,2,2,2881##4234,900162.8532##855200.5904,2,152524.41
2016,24,3,6,1,3,1966,2,1,1228025.0
2016,24,3,7,1,3,1968,6,1,187304.0
2016,24,3,11,1,3,1967,4,1,550087.0
2016,25,3,3,1,3,1988,4,1,255868.0
2016,25,3,4,1,3,1992,1,1,1632301.0
2016,25,3,6,1,3,1990##1993,5##2,2,2056743.0
2016,25,3,7,1,3,1991##1994,6##3,2,389487.0
2016,25,3,11,1,3,1989,4,1,1018337.0
2016,26,3,6,1,3,1976##1980,5##2,2,1593187.0
2016,26,3,6,1,4,1595,5,1,784000.0
2016,26,3,7,1,3,1977##1982,6##3,2,1000113.0
2016,26,3,7,1,4,1596##1597##1598,6##4##3,3,2695960.0
2016,26,3,9,1,3,1978##1981,4##2,2,1252868.0
2016,26,3,9,1,4,1599##1600,4##2,2,4520732.0
2016,26,3,11,1,3,1979,4,1,1208351.0
2016,27,1,3,2,1,4350##4359##4354,229453.6032##228952.6128##194885.2656,3,1091201.14
2016,27,1,3,2,2,159,229453.6032,1,577831.12
2016,27,1,4,2,1,146##4434##4356,248491.2384##201899.1312,3,1266513.76
2016,27,1,6,2,1,4341##4348##4402##4356,194885.2656##197891.208##214924.8816##248491.2384,4,3711884.05
2016,27,1,6,2,2,175##3973,206909.0352,2,990944.43
2016,27,1,7,2,1,145##149##4329##4366##4347##4365##4404##4360##4402##4363##4349,245986.2864##226447.6608##193883.2848##229954.5936##272037.7872##276045.7104##214924.8816##199895.1696##206909.0352,11,8030186.82
2016,27,1,7,2,2,175##170##4137##4132,206909.0352##214924.8816##226447.6608,4,2124123.42
2016,27,1,8,2,1,4434##4401,201899.1312##273540.7584,2,1632632.51
2016,27,1,8,2,2,159##202##4142,229453.6032##197891.208,3,1127725.95
2016,27,1,9,2,1,4400##4404##4389,209413.9872##226447.6608##227950.632,3,1211303.96
2016,27,1,9,2,2,175##170##3973##4132,206909.0352##214924.8816,4,1775377.96
2016,27,1,10,2,1,4402##4363##4401##4342##4349,214924.8816##199895.1696##273540.7584##229954.5936##206909.0352,5,1918817.4
2016,27,1,10,2,2,175##170##159,206909.0352##214924.8816##229453.6032,3,676905.7
2016,27,1,11,2,1,148##146##4434##4400##4403,208912.9968##248491.2384##201899.1312##209413.9872,5,3707068.42
2016,27,1,11,2,2,202##4137##4142,197891.208##226447.6608,3,1942703.09
2016,27,1,13,2,1,4336,206408.0448,1,715000.0
2016,27,2,3,2,1,4392##4407##4395,230455.584##233461.5264,3,1200031.17
2016,27,2,3,2,2,193##4065##3925,230455.584##268530.8544,3,831729.58
2016,27,2,4,2,1,143##4416##4346##4385##4334##4386,237970.44##226948.6512##237469.4496##231457.5648##247990.248,6,2159203.48
2016,27,2,6,2,1,4385##4386,231457.5648##247990.248,2,1150462.77
2016,27,2,6,2,2,166##193##3925,238972.4208##230455.584,3,1909659.13
2016,27,2,8,2,1,4416##4415,226948.6512##251998.1712,2,592690.46
2016,27,2,10,2,1,4393##4387##4406##4411##4385##4335##4369##8968##9198,249994.2096##270534.816##274041.7488##256006.0944##231457.5648##273039.768,9,2321489.78
2016,27,2,11,2,1,4415##4391##4397##4418,251998.1712##275043.7296##275544.72##231958.5552,4,1836671.42
2016,27,3,3,1,4,1936,4,1,1056917.0
2016,27,3,3,2,1,134,198893.1888,1,516000.0
2016,27,3,4,1,4,1923##1925,11##4,2,4045831.0
2016,27,3,4,2,1,134,198893.1888,1,1806000.0
2016,27,3,6,1,3,2036##2039,5##2,2,1950002.0
2016,27,3,6,1,4,1922##1926##1931,5##2,3,2396358.0
2016,27,3,6,2,1,107,200396.16,1,959994.61
2016,27,3,7,1,3,1857##1858##2037##2040,3##4##6,4,2105780.0
2016,27,3,7,2,1,134##147,198893.1888,2,889150.7
2016,27,3,8,2,1,105##4388,200396.16,2,3255456.51
2016,27,3,9,1,4,1924,4,1,796399.0
2016,27,3,11,2,1,134##147,198893.1888,2,1247726.06
2016,27,3,12,2,1,4624##134##151##152##147,267027.8832##198893.1888##248992.2288##216928.8432,5,4215677.07
2016,27,3,13,1,3,2038,11,1,1538397.0
2016,27,3,13,1,4,1933##1935,11##2,2,2700000.0
2016,27,4,11,2,2,171,339170.5008,1,477377.11
2016,28,3,6,1,3,1737##1739,2##5,2,1269902.0
2016,28,3,7,1,3,1734##1738,7##3,2,500113.0
2016,28,3,9,1,3,1735,4,1,100003.0
2016,28,3,11,1,3,1736,4,1,102036.0
2016,32,3,4,1,3,1775##1776,7##11,2,2000000.0
2016,32,3,6,1,3,1773,2,1,2000000.0
2016,32,3,7,1,3,1777##1778##1779,6##4##3,3,989862.0
2016,32,3,10,1,3,1781##1782##1783,11##4##17,3,499842.0
2016,32,3,11,1,3,1784##1785,4##3,2,2011645.0
2016,35,3,7,1,4,1910,3,1,552598.0
2016,35,3,9,1,4,1907##1909,6##4,2,1100001.0
2016,35,3,13,1,4,1908,11,1,350000.0
2016,36,1,4,2,2,2400##2418##2459##4427##3143,975150.4026##2427867.1314##148703.2872##2583243.002,5,3329916.55
2016,36,1,6,2,2,2490##2508##2517##2519##2522##2428##2520##2863##2424##2459##2963,2362094.5236##612924.4466##610064.768##2682378.5268##2356375.1664##2366860.6546##2583243.002##2744338.2298##148703.2872,11,9770686.37
2016,36,1,7,2,2,2863##2415##2445##2452##3387##2423##2742##2424##2450##3446##3483##3543##4427,2744338.2298##1443184.4668##2373533.238##2682378.5268##2671893.0386##2583243.002,13,3203399.88
2016,36,1,8,2,2,3755,2350655.8092,1,244108.58
2016,36,1,9,2,2,2428##2863##2322##2417##2554##2423##2742##2424##2324##2577##2450##2459##2332##2804##2992##3175,2366860.6546##2744338.2298##612924.4466##976103.6288##2362094.5236##2373533.238##1443184.4668##148703.2872##609111.5418##2354468.714,16,10644545.05
2016,36,1,10,2,2,3145,975150.4026,1,200000.05
2016,36,1,11,2,2,2428##2520##2863##3387##2424##2324##2577##2450##2459##2332##2440##3451##3506##3512##3557##3446##3483##3543##4427##2323##2326,2366860.6546##2583243.002##2744338.2298##2373533.238##612924.4466##1443184.4668##148703.2872##990402.0218##2449791.334##2345889.6782##2671893.0386##2427867.1314##609111.5418,21,7494334.86
2016,36,3,4,1,4,1624,7,1,1000000.0
2016,36,3,4,2,2,2349,2386878.4048,1,2344407.34
2016,36,3,6,1,3,1998,2,1,2170297.0
2016,36,3,6,1,4,1627,2,1,5791119.0
2016,36,3,6,2,2,2526##3133,2668080.1338,2,2535829.98
2016,36,3,7,1,4,1625,11,1,2400000.0
2016,36,3,7,2,2,2154##2392##3767##3141,2516517.168##2386878.4048##2547973.6326,4,5776143.66
2016,36,3,8,2,2,3480##4431,2539394.5968,2,654920.83
2016,36,3,9,2,2,2345##2358,2539394.5968,2,11502645.84
2016,36,3,10,2,2,3142,2497452.644,1,299999.15
2016,36,3,11,1,3,1996,4,1,2990796.0
2016,36,3,11,1,4,1626,4,1,1800000.0
2016,36,3,11,2,2,2734,2516517.168,1,1476626.32
2016,36,3,12,2,2,3152,2539394.5968,1,1045694.95
2016,36,3,13,1,3,1995##1997,11##7,2,4330770.0
2016,37,3,2,1,3,1678,1,1,124174.0
2016,37,3,3,1,3,1669,4,1,798719.0
2016,37,3,4,1,3,1667,7,1,1100067.0
2016,37,3,6,1,3,1677##1680,5##2,2,2564466.0
2016,37,3,7,1,3,1668##1671,3##6,2,973171.0
2016,37,3,9,1,3,1670,4,1,328383.0
2016,37,3,10,1,3,1674##1675##1681##1682,4##17##7##6,4,797237.0
2016,37,3,11,1,3,1672,4,1,1082575.0
2016,37,3,12,1,3,1665##1666,2,2,253590.0
2016,42,3,6,1,3,1564,2,1,3632115.0
2016,42,3,7,1,3,1565,3,1,697561.0
2016,42,3,9,1,3,1563,4,1,500014.0
2016,43,3,7,1,3,1787##1788##1789,4##3##1,3,2971319.0
2016,45,3,3,1,3,2046,4,1,579741.0
2016,45,3,4,1,3,2047,7,1,2964970.0
2016,45,3,6,1,3,2003##2005,5##2,2,2643967.0
2016,45,3,7,1,3,2008##2009##2010,4##3##6,3,1309106.0
2016,45,3,9,1,3,2002,4,1,510754.0
2016,45,3,10,1,3,2006,17,1,207952.0
2016,45,3,11,1,3,2001,4,1,986754.0
2016,45,3,13,1,3,2004,7,1,1179996.0
2016,49,1,1,2,1,3154,4728665.088,1,399986.8
2016,49,1,1,2,2,3710##3733##2675##2685,4309981.2,4,1382486.62
2016,49,1,2,2,2,2568##2795##2798,4535155.728##4309981.2##4466547.864,3,1488414.67
2016,49,1,3,2,2,3536##3746##3944##3965##3971##3693,4392662.472##4769126.136##4749775.2##5068186.056##1577980.872##228692.88,6,1990439.62
2016,49,1,4,2,2,3720##3656##3689##3707##3708##3727##3953##3671##3709##3549##2649##2661##2672,5062908.528##1592054.28##5136793.92##2369610.072##4309981.2##4769126.136##5068186.056##5101610.4##5048835.12##4904582.688##4484139.624##4728665.088,13,6684401.28
2016,49,1,6,2,2,3646##3720##3671##3549##2690,4886990.928##5062908.528##5101610.4##4904582.688##4466547.864,5,1452882.24
2016,49,1,7,2,2,3509##3528##3776##3892##3650##3671##3549##2569##2575##2578##3132,1998423.936##4392662.472##4457751.984##277949.808##4763848.608##5101610.4##4904582.688##4535155.728##818016.84,11,3772977.84
2016,49,1,10,2,2,3536##3650##3579##3664##3959##3693##2610##2633##2634##2657##3131,4392662.472##4763848.608##5119202.16##5068186.056##228692.88##1577980.872##5033002.536##4309981.2,11,4384861.67
2016,49,1,11,2,2,3709##3694##3717##3718##3729##3731##3735##3954##3977##3549##2556##2593##2632##2647##2656##2662##2668##2670##2674,5048835.12##4886990.928##225174.528##2369610.072##4309981.2##1563907.464##198786.888##5068186.056##5061149.352##4904582.688##4535155.728##4484139.624##4728665.088,19,11071151.82
2016,49,1,12,2,2,4207##2695,1792600.344##4309981.2,2,564190.67
2016,49,1,13,2,1,2401##2402##2430,4886990.928##4484139.624##4535155.728,3,988662.27
2016,49,1,13,2,2,3551##3683##3956##2655##2666,4886990.928##225174.528##4728665.088##4749775.2,5,3199519.21
2016,49,2,3,2,2,3673,1569184.992,1,299990.55
2016,49,2,4,2,2,3699##3550##3888##2611,1572703.344##1551593.232##1991387.232,4,1516514.13
2016,49,2,6,2,2,3486##3503##3566##3702##3740##3907##3699##2541##2570##2619,1576221.696##2007219.816##1470671.136##2366091.72##2357295.84##2350259.136##1572703.344,10,3667155.13
2016,49,2,7,2,2,3494##3545##3932##2540##2609,1767971.88##1572703.344##2413589.472,5,946307.46
2016,49,2,10,2,2,3722,2357295.84,1,148901.2
2016,49,2,11,2,2,3674##3931##3966##3984##2542##2573,1572703.344##2350259.136##2357295.84##1769731.056##1470671.136,6,2034003.67
2016,49,3,1,1,3,1866,11,1,600000.0
2016,49,3,1,2,1,3158,4408495.056,1,399887.25
2016,49,3,1,2,2,2594,4408495.056,1,399998.78
2016,49,3,3,2,2,2869,4651261.344,1,1650207.03
2016,49,3,4,1,3,1872##1873##2042##2043,11##7,4,12154000.0
2016,49,3,4,2,2,3936##3967##2589##2639,4631910.408##5080500.288##4408495.056,4,8426161.64
2016,49,3,6,2,2,3619##2582,4691722.392##4974949.728,2,1400000.25
2016,49,3,7,1,3,1867##1868##2041##2045,6##3,4,16499642.0
2016,49,3,7,2,1,3394##3404##3361,4711073.328##4651261.344##4614318.648,3,2444787.3
2016,49,3,7,2,2,3680##3714##2588##2590##2669##2691,4614318.648##4711073.328##4408495.056##4651261.344,6,13196639.53
2016,49,3,10,1,3,1869##1870,6##11,2,1100108.0
2016,49,3,10,2,2,3660##3665##3950##2576##2673,4651261.344##4614318.648,5,3210825.82
2016,49,3,11,1,3,1874,4,1,3000494.0
2016,49,3,11,2,1,3366,4651261.344,1,999075.56
2016,49,3,11,2,2,3581##3975##4419##2703,4651261.344##5080500.288,4,5429093.71
2016,49,3,12,2,2,2543##2630,4667093.928##4408495.056,2,1170580.0
2016,49,3,13,2,1,3361##3403,4614318.648##4691722.392,2,814925.61
2016,49,3,13,2,2,3668,4614318.648,1,1000000.18
2016,49,4,4,2,2,3695##2681,4820142.24##1585017.576,2,854856.97
2016,49,4,11,2,2,3951##2682,4820142.24##1585017.576,2,896840.05
2016,51,1,4,2,2,2790##2806##2853##2896##2791##2815##2875##3978##4008##4010##4130##3970##3981##4039##4054##4134,775794.1191##4580621.2207##4607746.8892##5123134.5907##4510094.4826##1567863.6393##4423292.3434##4853686.2836##1811994.6558##4940488.4228##4660189.8483,16,6193565.33
2016,51,1,6,2,2,2838,4423292.3434,1,386417.5
2016,51,1,7,2,1,2555,4918787.888,1,172373.58
2016,51,1,7,2,2,2833##2897##2901##4175,5171960.794##761327.0959##4918787.888,4,1185049.78
2016,51,1,10,2,2,2897##3970##4039##4124,761327.0959##4853686.2836##4940488.4228##4871770.0626,4,706865.8
2016,51,1,11,2,2,4009,4423292.3434,1,380109.56
2016,51,2,4,2,2,4185,2448543.6766,1,295704.81
2016,51,2,7,2,2,2836##2884##2854##4059##4136,755901.9622##1573288.773,5,1895242.19
2016,51,2,9,2,2,2861##4123,5153877.015,2,292442.13
2016,51,2,10,2,2,4044,5271421.5785,1,349999.38
2016,51,3,7,1,3,2030##2033##2034##2035,4##6##3##11,4,3768617.0
2016,51,3,9,1,3,2031,4,1,500018.0
2016,51,3,10,1,3,2032,4,1,200227.0
2016,51,3,11,1,3,1890,4,1,4000015.0
2016,51,3,12,1,3,1891##2029,1##7,2,908643.0
2016,52,3,6,1,4,1605,2,1,1500004.0
2016,52,3,7,1,3,1732##1733,3##4,2,962943.0
2016,52,3,7,1,4,1601##1604##1606,6##4##3,3,748742.0
2016,52,3,9,1,4,1603,4,1,350000.0
2016,52,3,13,1,4,1602,11,1,1400000.0
2016,54,3,6,1,3,1660,5,1,328811.0
2016,55,1,2,2,1,2518,696235.6489,1,52732.63
2016,55,1,2,2,2,3250##3333,4885624.1112##4430590.493,2,1060767.08
2016,55,1,4,2,1,4435##4486##4495##4496##2518,5131.9581##675707.8165##157380.0484##4404930.7025##696235.6489,5,1649388.62
2016,55,1,4,2,2,2351##2352##2480##2493##2498##3333,675707.8165##5131.9581##4404930.7025##4918126.5125##157380.0484##4430590.493,6,5474763.42
2016,55,1,6,2,1,2514,4182545.8515,1,250000.0
2016,55,1,6,2,2,2353##2395,111192.4255##834798.5176,2,373679.77
2016,55,1,7,2,2,2380##3226##3280##3231,691103.6908##4404930.7025##369500.9832##673997.1638,4,2724571.85
2016,55,1,10,2,1,2509##2528##2534,679129.1219##1279568.2196##271993.7793,3,1135291.02
2016,55,1,10,2,2,2395##2362##2488##3225##3239##3297##3311##3316,834798.5176##116324.3836##111192.4255##677418.4692##268572.4739##4204784.3366,8,2433975.02
2016,55,1,11,2,1,2539##2545##3134,5131.9581##165933.3119##138562.8687,3,754507.01
2016,55,1,11,2,2,3333##3252##3258##3325##3339##3231,4430590.493##670575.8584##1305228.0101##5131.9581##4182545.8515##673997.1638,6,5112488.87
2016,55,2,2,2,2,2502##3180##3230##3256##2453,1897113.8443##2240955.037##1289832.1358##2039098.0184##684261.08,5,1346165.62
2016,55,2,4,2,1,3200,662022.5949,1,98050.62
2016,55,2,4,2,2,2364,667154.553,1,1171517.43
2016,55,2,10,2,1,2511,663733.2476,1,130850.03
2016,55,2,10,2,2,2389##2436##2504##3279##3287##3222,1418131.0883##1296674.7466##655179.9841##1419841.741##667154.553,6,1310831.27
2016,55,2,11,2,1,2513##2547,663733.2476##863879.6135,2,380817.07
2016,55,2,11,2,2,2453,684261.08,1,199709.94
2016,55,3,7,2,2,3317,4276631.75,1,231850.21
2016,55,3,10,2,2,3288,4728244.0628,1,385548.64
2016,55,3,11,2,2,3249,4521255.0861,1,1167463.15
2016,56,3,6,1,3,1687##1688##1690,4##5##2,3,4250091.0
2016,56,3,7,1,3,1684,3,1,128800.0
2016,56,3,9,1,3,1686##1689,4##2,2,229996.0
2016,56,3,11,1,3,1685,4,1,174031.0
2016,58,3,2,1,4,1657,1,1,1000001.0
2016,58,3,4,1,4,1658,11,1,800000.0
2016,58,3,6,1,4,1650,2,1,2487750.0
2016,58,3,7,1,4,1648##1649,3##6,2,2500000.0
2016,58,3,10,1,4,1652##1653##1654,6##4##12,3,1801274.0
2016,58,3,11,1,4,1651,4,1,999994.0
2016,58,3,13,1,4,1655##1656##1659,7##11,3,2400005.0
2016,59,3,6,1,3,1771##1772,5##2,2,3003766.0
2016,59,3,7,1,3,1765##1766,3##6,2,941449.0
2016,59,3,9,1,3,1761##1763,4##2,2,1433051.0
2016,59,3,11,1,3,1762,4,1,610622.0
2016,60,3,4,1,3,1845,11,1,662186.0
2016,60,3,6,1,3,1847,2,1,608270.0
2016,60,3,7,1,3,1846,4,1,167047.0
2016,61,3,3,1,4,1637,4,1,1080000.0
2016,61,3,4,1,4,1632##1633,11##7,2,700010.0
2016,61,3,6,1,4,1628##1629,5##2,2,4200000.0
2016,61,3,7,1,4,1643##1644##1646##1647,3##6##7##4,4,1499970.0
2016,61,3,9,1,4,1630##1631,4##2,2,4220000.0
2016,61,3,10,1,4,1638##1639##1640##1641,7##11##4##12,4,2000000.0
2016,61,3,11,1,4,1634##1635##1636,4##11##7,3,2300000.0
2016,65,3,2,1,3,1662,1,1,500285.0
2016,65,3,6,1,3,1661,5,1,854787.0
2016,65,3,7,1,3,1663,6,1,478131.0
2016,65,3,9,1,3,1664,4,1,609771.0
2016,66,3,6,1,3,1694##1696,2##5,2,3833454.0
2016,66,3,9,1,3,1692##1695,4##2,2,522374.0
2016,66,3,11,1,3,1691,4,1,323975.0
2016,67,1,3,2,1,3937##4191,1136380.297##3012234.675,2,642601.26
2016,67,1,4,2,1,4078,3057122.878,1,94197.43
2016,67,1,7,2,1,4157##4214,1542736.661##2967346.472,2,584804.18
2016,67,1,10,2,1,4007##4025##4050##4313,562283.806##635522.453##3171705.9225##640247.527,4,686977.71
2016,67,1,11,2,1,3136##3138##4078,3279201.356##3046491.4615##3057122.878,3,397931.84
2016,67,2,3,2,1,4246##4190,1605343.8915##1579355.9845,2,226217.35
2016,67,2,4,2,1,4172##4026##4247##4320,636703.7215##602446.935##598903.1295##507945.455,4,636485.94
2016,67,2,6,2,1,4319##4172##4509,507945.455##636703.7215##598903.1295,3,875947.72
2016,67,2,7,2,1,4024##4027,1145830.445##598903.1295,2,248541.94
2016,67,2,9,2,1,4172,636703.7215,1,19607.6
2016,67,2,10,2,1,4190,1579355.9845,1,121335.29
2016,67,2,11,2,1,4172,636703.7215,1,21115.88
2016,67,3,4,2,1,3120,3104373.618,1,999465.48
2016,67,3,6,1,3,1964##1965,5##2,2,2497252.0
2016,67,3,7,1,3,1961,6,1,623195.0
2016,67,3,10,1,3,1962,6,1,450010.0
2016,69,3,6,1,3,1875##1878,2##5,2,1119240.0
2016,69,3,9,1,3,1876##1877,2##4,2,823759.0
2016,71,3,4,1,3,1886##1888,7##11,2,1297238.0
2016,71,3,7,1,3,1885##1887,3##6,2,442637.0
2016,71,3,9,1,3,1881##1883,4##2,2,1165023.0
2016,71,3,10,1,3,1880##1889,4##11,2,452275.0
2016,71,3,11,1,3,1882,4,1,727096.0
2016,71,3,12,1,3,1884,2,1,905006.0
2016,72,3,4,1,3,1549##1550,7##11,2,3985228.0
2016,72,3,6,1,3,1849##1851,5##2,2,7495509.0
2016,72,3,7,1,3,1543##1547##1553##1786,4##6##3,4,1404215.0
2016,72,3,9,1,3,1545##1848,4,2,4000749.0
2016,72,3,10,1,3,1542##1546##1548##1551##1552##1850##1852##1853,4##6##7##11,8,3325659.0
2016,72,3,11,1,3,1544,4,1,2000000.0
2016,72,3,12,1,3,1854##1855,2##1,2,1272409.0
2016,73,1,4,2,2,2966##3032##3121##3129##4398##4399,763189.3821##3727593.6487##4109950.0058##3875356.8624,6,1647831.06
2016,73,1,6,2,2,3029##3119##3127##3128,961222.5551##4109950.0058##3727593.6487##4262283.2158,4,1174394.69
2016,73,1,7,2,2,2998,4160219.9651,1,250000.05
2016,73,1,10,2,2,2984##3118##3125,1812765.199##4109950.0058##719012.7512,3,411986.05
2016,73,1,11,2,2,2976##4423##4424,4285133.1973##4262283.2158##3875356.8624,3,996139.29
2016,73,2,4,2,2,2991##4410,720536.0833##667219.4598,2,708852.79
2016,73,2,6,2,2,3053,691592.7734,1,299451.48
2016,73,2,10,2,1,2336,939895.9057,1,137462.39
2016,73,2,10,2,2,3055,685499.445,1,152140.0
2016,73,3,4,2,2,4420##4426,3968280.1205##4301889.8504,2,704460.18
2016,73,3,6,2,1,2339,4064250.0428,1,200256.93
2016,73,3,10,2,2,3008,4023120.0761,1,246795.5
2016,73,3,11,2,1,3146##4351,4023120.0761,2,748586.45
2016,73,3,11,2,2,4396,4023120.0761,1,480550.64
2016,74,1,4,2,2,3016,3434052.528,1,249994.8
2016,74,1,10,2,2,3057##3065##3068,3478031.856##3030908.688,3,293083.7
2016,74,2,3,2,2,2964##3054##3062##3072,1315714.896##1314493.248##724437.264##1318158.192,4,849950.18
2016,74,2,4,2,2,2972##3025##3064##3086##3096,835607.232##675571.344##1332817.968##723215.616,5,1249733.13
2016,74,2,7,2,2,3007##3059##3111,1310828.304##1308385.008##1348699.392,3,749988.65
2016,74,2,9,2,2,2999##3043,671906.4##698782.656,2,224002.19
2016,74,2,10,2,2,3012##3033##3047##3069,702447.6##1312049.952##1351142.688##882029.856,4,545180.81
2016,74,2,11,2,2,2974##3020##3089##3100##3110##3112,1370689.056##678014.64##1125137.808##1320601.488##1332817.968##1303498.416,6,999152.95
2016,74,3,7,2,2,3066,3199496.112,1,250064.02
2016,74,3,9,2,2,3070##3104##3106,3253248.624##3264243.456##3223929.072,3,425267.03
2016,74,3,10,2,2,3102,3199496.112,1,125057.32
2016,74,3,12,2,1,4429##4430,3057784.944,2,324284.52
2016,75,3,6,1,3,1759,2,1,3999485.0
2016,75,3,9,1,3,1760,4,1,736670.0
2016,79,3,4,1,3,2028,11,1,798710.0
2016,79,3,6,1,3,2027,2,1,477815.0
2016,79,3,7,1,3,2021##2024##2026,4##3##6,3,520767.0
2016,79,3,10,1,3,2022##2025,4##6,2,426143.0
2016,79,3,11,1,3,2023,4,1,143480.0
2016,80,1,1,2,1,1782##1783##3191##3193##3204##4147##4151,19106.514##10056.06##12641.904##5028.03##4022.424##1723.896,7,1988694.04
2016,80,1,1,2,2,1649,48843.72,1,258000.54
2016,80,1,3,2,2,1552##1592##1679,4740.714##48843.72##861.948,3,1048766.94
2016,80,1,4,2,2,1618,12641.904,1,200712.31
2016,80,1,6,2,2,1718##1734##1646,29018.916##22554.306##8619.48,3,1935033.06
2016,80,1,7,2,2,1580##1590##1728##1632##1542##1546##1646,21979.674##12641.904##10056.06##9050.454##1723.896##7182.9##8619.48,7,2087544.82
2016,80,1,9,2,2,1632##1542##1546##1534##1584##1635##1700##1646##1633,9050.454##1723.896##7182.9##16089.696##22266.99##43672.032##8619.48##4022.424,9,1820351.43
2016,80,1,10,2,2,3276,4022.424,1,93817.6
2016,80,1,11,2,1,1787,19106.514,1,74897.86
2016,80,1,11,2,2,1542##1546##1646##1550##1575##1579##1582##1712##1633,1723.896##7182.9##8619.48##13791.168##21979.674##4309.74##18675.54##48843.72##4022.424,9,2156029.75
2016,80,2,1,2,1,3195##3202##4143,5602.662##47838.114,3,724474.3
2016,80,2,1,2,2,1536##1764##1559##1631##1694##1721,44390.322##47838.114##13072.878##32897.682##5602.662##30455.496,6,1635882.2
2016,80,2,3,2,2,1645##1764,32897.682##47838.114,2,411981.39
2016,80,2,4,2,1,4121,51142.248,1,126638.14
2016,80,2,4,2,2,1566##1630##1660##1776##1535##1764,46976.166##44964.954##46257.876##5602.662##44390.322##47838.114,6,1116738.65
2016,80,2,6,2,2,1595,50711.274,1,174992.02
2016,80,2,7,2,2,1589##1779##1764,46545.192##47838.114,3,1141611.6
2016,80,2,9,2,2,1598##1663##1707##1708##1744##1764,1580.238##50567.616##30455.496##29162.574##52004.196##47838.114,6,1119006.86
2016,80,2,10,2,1,3670,13072.878,1,271673.0
2016,80,2,10,2,2,1558##1574##1603##1711##1730##1535##1764,13072.878##33041.34##49562.01##50136.642##32897.682##44390.322##47838.114,7,2011745.81
2016,80,2,11,2,2,1764##1626##1726,47838.114##53009.802##29162.574,3,1164953.41
2016,80,3,1,2,1,4150##1781##1786##3213##4103##4152##4154##1780,21692.358##20399.436##20543.094##19824.804,8,2938322.82
2016,80,3,1,2,2,1624##1675##1687##1760,9481.428##19824.804##20399.436##20543.094,4,923133.61
2016,80,3,3,1,3,1832,4,1,650000.0
2016,80,3,3,1,4,1609,4,1,2535000.0
2016,80,3,3,2,1,1524,20543.094,1,81453.11
2016,80,3,3,2,2,1748,20543.094,1,570000.0
2016,80,3,4,1,3,1717##1718##1820,11##7,3,1699398.0
2016,80,3,4,2,1,1520,20399.436,1,80164.4
2016,80,3,4,2,2,1636,20399.436,1,1191488.87
2016,80,3,6,1,3,1710##1711##1821,5##2,3,5063270.0
2016,80,3,6,2,1,1529,6033.636,1,79672.2
2016,80,3,6,2,2,1622,6033.636,1,852000.1
2016,80,3,7,1,3,1724##1725##1726##1823##1824##1825,3##4##6,6,2427873.0
2016,80,3,7,1,4,1611,3,1,706430.0
2016,80,3,7,2,1,1528##4299##4314,21692.358##20543.094,3,916144.7
2016,80,3,7,2,2,1732##1733##1674,20543.094##21692.358##19824.804,3,1092998.56
2016,80,3,9,1,3,1712##1727##1834##1835,4##2,4,2234640.0
2016,80,3,9,1,4,1610,2,1,1000000.0
2016,80,3,9,2,1,1522##1754##4237,20543.094,3,846260.78
2016,80,3,9,2,2,1544##1666##1729##1737,21692.358##20543.094##9481.428,4,1825468.36
2016,80,3,10,1,3,1709##1827##1829,4##6,3,1529533.0
2016,80,3,10,1,4,1607,6,1,350000.0
2016,80,3,10,2,1,1523##3432,20399.436##20543.094,2,480166.62
2016,80,3,10,2,2,1674##1715##1741##1777,19824.804##20399.436##20543.094,4,782184.25
2016,80,3,11,1,3,1713##1714##1831,7##4,3,2590759.0
2016,80,3,11,2,1,1521##1780##3189##4330##4332##4333,20543.094##21692.358##9481.428,6,1548111.7
2016,80,3,11,2,2,1556##1602##1746,21692.358##9481.428##20543.094,3,1140185.75
2016,80,3,12,2,1,1576##1705##1713,19393.83##9481.428,3,1100007.72
2016,80,3,13,1,3,1828##1830,11,2,1448534.0
2016,80,3,13,1,4,1608,11,1,2399995.0
2016,80,4,6,2,2,1743,17957.25,1,69144.56
2016,80,4,7,2,2,1743,17957.25,1,115240.93
2016,80,4,9,2,2,1743,17957.25,1,514742.8
2016,80,4,11,2,2,1743,17957.25,1,69144.56
2016,81,3,2,1,3,1863,1,1,728135.0
2016,81,3,4,1,3,1859,7,1,1000780.0
2016,81,3,6,1,3,1861##1862,2##5,2,1821772.0
2016,81,3,6,1,4,1906,2,1,1499759.0
2016,81,3,7,1,3,1860##1864,6##3,2,220462.0
2016,81,3,7,1,4,1901##1902##1904,3##6##4,3,999019.0
2016,81,3,11,1,3,1865,4,1,447795.0
2016,81,3,13,1,4,1903,11,1,2500000.0
2016,87,1,3,2,1,2530##2577##3168##3777##3929##4449##4455,9565.8822##699.9426##1244.3424##35074.9014##2955.3132##1399.8852,7,1973766.06
2016,87,1,4,2,1,2526##2534##3880##3930,1244.3424##26286.7332##388.857,4,964669.12
2016,87,1,6,2,1,2502##2503##2509##2527##2539##2551##2567##3817##3896##3901##4458##4468##4483,12210.1098##1244.3424##11121.3102##311.0856##11743.4814##2955.3132##9799.1964,13,4333293.19
2016,87,1,7,2,1,2500##2537##2543##3774##3911##4460,16098.6798##26053.419##26286.7332##11121.3102##9799.1964##1399.8852,6,1180024.24
2016,87,1,9,2,1,2485##2486##2487##2558##2569##3759##3893,2955.3132##16098.6798##12210.1098##11121.3102,7,1874548.26
2016,87,1,10,2,1,2512##2514##2544##2547##2575##2579##3824##3905##3948,388.857##2955.3132##26286.7332##699.9426##1244.3424,9,1698368.32
2016,87,1,11,2,1,2479##2481##2488##2489##2491##4449##2557##2570##3713##4155##4456##4455,1244.3424##26286.7332##12210.1098##388.857##1166.571##1399.8852##699.9426##16409.7654##9799.1964##2955.3132,12,2906297.74
2016,87,1,13,2,1,4128##4328,11743.4814##12210.1098,2,449999.7
2016,87,2,3,2,1,3706,15787.5942,1,279999.08
2016,87,2,4,2,1,2529##2552##3898,23331.42##21542.6778,3,672017.64
2016,87,2,6,2,1,2553##3891,21542.6778##5988.3978,2,408705.16
2016,87,2,7,2,1,2501##2561##2540##3752##3845##4463##4478,9721.425##22164.849##23331.42##18976.2216##8321.5398,7,1184257.89
2016,87,2,9,2,1,2560##3826##2546##2556##3751##3848,20065.0212##30408.6174##26131.1904##18976.2216##8321.5398,6,757095.44
2016,87,2,10,2,1,2532##3801##3897,23331.42##8399.3112##8321.5398,3,269581.91
2016,87,2,11,2,1,2494##2520##2554##3783##3789,9721.425##11665.71##21542.6778##8321.5398##5988.3978,5,1193782.75
2016,87,3,3,2,1,4470,1788.7422,1,225000.02
2016,87,3,4,2,1,2516##2521##3903,1710.9708##3888.57,3,1150529.27
2016,87,3,6,1,3,1697##1699,5##2,2,3504812.0
2016,87,3,6,2,1,2506##2507##2582##3895##3902,7932.6828##1944.285##3888.57,5,3129894.8
2016,87,3,7,1,3,1698##1700##1701##1702##1837,6##4##3##7,5,2082113.0
2016,87,3,7,2,1,2574##3885,3888.57,2,340000.04
2016,87,3,8,2,1,2564,1944.285,1,1000000.0
2016,87,3,9,1,3,1706,2,1,3000004.0
2016,87,3,9,2,1,4479,1788.7422,1,800000.48
2016,87,3,10,2,1,2511##2578##3916,1555.428,3,364396.1
2016,87,3,11,1,3,1704##1705##1838,4##7,3,3919375.0
2016,87,3,11,2,1,2482##2548##4470,3888.57##1788.7422,3,725033.26
2016,87,3,12,1,3,1839,2,1,379028.0
2016,87,3,13,2,1,2510##2515##2518##2519##2588##3492,61828.263##61983.8058##62061.5772##7932.6828,6,3102668.57
2016,88,1,1,2,2,722##786##880##881##3469,5596.925##12760.989,5,2195045.65
2016,88,1,3,2,1,3165,42088.876,1,84999.73
2016,88,1,3,2,2,788##797##862##875##3413##3596##3601,9178.957##7164.064##6940.187##14104.251##11193.85,7,1591138.49
2016,88,1,4,2,2,712##725##763##776##812##828##831##3411##3449##3459##3508##3538,2686.524##5596.925##7164.064##9178.957##19029.545##12537.112##26641.363##7387.941,12,3742336.32
2016,88,1,6,2,2,702##728##739##759##839##843##859##865##3408##3554##3591##3620,5373.048##5596.925##15671.39##7164.064##10522.219##30671.149##3134.278##8731.203##7387.941##12313.235,12,3919765.48
2016,88,1,7,2,2,678##731##738##775##784##817##829##3493##3569##3588##3589##3595##3628,5373.048##15671.39##2686.524##11865.481##21268.315##13880.374##14328.128##14552.005,13,3734903.13
2016,88,1,9,2,2,704##733##795##810##811##823##825##847##869##3458##3558##3573##3597##3603##3604##3617##3631,5373.048##15671.39##8731.203##11193.85##19029.545##7611.818##21268.315##21939.946##11641.604##26641.363##14552.005##13880.374##4925.294##2686.524,17,6548680.4
2016,88,1,10,2,1,3160,21268.315,1,150000.0
2016,88,1,10,2,2,755##778##850##3414##3456##3514##3593##3653##3719,5820.802##22163.823##21268.315##9178.957##6492.433##38282.967##5596.925##6268.556,9,2698377.98
2016,88,1,11,2,1,3164,3582.032,1,530000.0
2016,88,1,11,2,2,679##701##737##747##751##792##804##827##845##870##3574##3586##3600##3618##3622##3633,2686.524##12313.235##9178.957##15671.39##8507.326##14552.005##26641.363##19029.545##21939.946##3582.032,16,4842246.46
2016,88,2,3,2,2,673##695##715##724##848##3402##3426##3443##3540,27984.625##36715.828##22835.454##31790.534##36491.951##23283.208,9,1307248.74
2016,88,2,4,2,2,694##765##3453##3599,23730.962##19477.299,4,424879.88
2016,88,2,6,2,2,783##3539##3555##3575,18357.914##22611.577##38506.844##42760.507,4,780626.8
2016,88,2,7,2,2,693##766##773##815##3410##3417##3441##3455##3462,25969.732##68730.239##28208.502##18357.914##27984.625,9,1921589.94
2016,88,2,9,2,1,3163,34477.058,1,156862.0
2016,88,2,9,2,2,675##713##736##771##3429##3461##3481,27984.625##22835.454##68730.239##18357.914,7,1924428.68
2016,88,2,10,2,2,748##774##824##853##3427##3447##3450##3537##3572,24850.347##18357.914##31342.78##19701.176##22835.454##68730.239##28208.502,9,1150006.43
2016,88,2,11,2,2,671##683##690##692##698##761##779##3395##3431##3437##3442##3457##3471##3472##3583##3627,20820.561##27984.625##23730.962##26417.486##18357.914##22611.577##68730.239##20372.807##23283.208##20148.93##40073.983,16,2261579.85
2016,88,3,1,1,3,1751,7,1,1000000.0
2016,88,3,3,1,3,1740,4,1,750000.0
2016,88,3,3,2,1,4437,1119.385,1,449990.64
2016,88,3,3,2,2,807##3585,1119.385,2,901382.12
2016,88,3,4,1,3,1752,7,1,3000000.0
2016,88,3,4,2,1,4453##3150,1343.262,2,2079202.09
2016,88,3,4,2,2,687##709##3544##3547,1343.262,4,3840014.29
2016,88,3,5,2,2,785##882,1567.139,2,663373.28
2016,88,3,6,1,3,1749##1750,5##2,2,2924997.0
2016,88,3,6,2,1,4438,895.508,1,800000.0
2016,88,3,6,2,2,706##3775,895.508,2,3300000.13
2016,88,3,7,1,3,1754##1755##1756##1757,7##6##4##3,4,2389393.0
2016,88,3,7,2,1,4439##4440##4441##3156##3161##3162##3166,1119.385##2014.893##671.631##1343.262,7,2864816.73
2016,88,3,7,2,2,685##750##806##3445##3560##3570##3636,1343.262##1119.385##671.631##2014.893,7,3367176.56
2016,88,3,8,2,2,686##688##754##780##3479##3517,1343.262##1567.139,6,9050060.33
2016,88,3,9,1,3,1746##1747,4##2,2,1273768.0
2016,88,3,9,2,1,4442##4443##3157,1119.385##1567.139,3,2570274.48
2016,88,3,9,2,2,711##721##767##3594,1119.385##1567.139,4,2872677.71
2016,88,3,10,1,3,1743##1744,4##6,2,648822.0
2016,88,3,10,2,1,4444##4445##3155,2014.893##1119.385##1343.262,3,1369883.55
2016,88,3,10,2,2,672##732##842##3495##3576##3635,2014.893##1119.385##447.754,6,1398729.51
2016,88,3,11,1,3,1741,4,1,2500000.0
2016,88,3,11,2,1,4446##4447,1343.262##1119.385,2,2329996.49
2016,88,3,11,2,2,794##813##814##3520##3638##3640,1343.262##1119.385,6,3444012.24
2016,88,3,12,1,3,1758,2,1,347322.0
2016,88,3,12,2,1,884,223.877,1,1122505.07
2016,88,3,13,1,3,1683,11,1,5989321.0
2016,89,3,4,1,3,1813##1815,7##18,2,1827073.0
2016,89,3,6,1,3,1819,2,1,756343.0
2016,89,3,7,1,3,1817##1818,6##3,2,728456.0
2016,89,3,11,1,3,1814,4,1,1008208.0
2016,90,3,6,1,3,1728,2,1,2801868.0
2016,90,3,11,1,3,1729,4,1,340040.0
2016,91,1,3,2,2,2457##4158##4290##4178,3203726.744##3681155.078##3690286.221,4,2808699.94
2016,91,1,4,2,2,4301##4304##4164##4293,845282.952##3591148.097##3306778.215##3773770.957,4,1140034.96
2016,91,1,6,2,2,2512##4282##4287##4301,3674632.833##3679850.629##845282.952,4,3573762.29
2016,91,1,10,2,2,4287##4294##4311##4304##4293,3679850.629##3773770.957##3674632.833##3591148.097,5,1095049.49
2016,91,1,11,2,1,2552##3715,3690286.221,2,1043007.22
2016,91,1,11,2,2,4178##4301##4164##4293##2403##2506##4161##4206##4305,3690286.221##845282.952##3306778.215##3773770.957##3622454.873##3751595.324,9,5738275.87
2016,91,2,3,2,2,2449##4291,632657.765##1385324.838,2,721251.85
2016,91,2,4,2,1,2343##2405##2788##3147##3804,628744.418##1363149.205##1368367.001##624831.071,5,2723327.5
2016,91,2,4,2,2,4224##4288##4306##2406,1363149.205##1745352.762##1305753.449##623526.622,4,2600244.93
2016,91,2,6,2,1,3424,656137.847,1,606690.0
2016,91,2,6,2,2,2476##2501##4196##4279##2406,1361844.756##1369671.45##1365758.103##623526.622,5,1957491.83
2016,91,2,7,2,1,2561##2562##2563##3137##3814,649615.602##627439.969##1360540.307##1368367.001##1364453.654,5,2128447.78
2016,91,2,7,2,2,2447##2499##2516##4187##4202##4216##4228##4295##4298,627439.969##1360540.307##1451851.737##656137.847##649615.602##1805357.416##647006.704,9,3328905.51
2016,91,2,11,2,2,4292,1810575.212,1,159103.65
2016,91,3,4,2,2,2355##4281##4262,644397.806##3446354.258,3,2073197.4
2016,91,3,6,2,1,3151,3687677.323,1,1500000.0
2016,91,3,6,2,2,2464##2525##2355##4281,3476356.585##3687677.323##644397.806,4,5355775.6
2016,91,3,7,2,1,2327##2574,3489401.075,2,1765500.0
2016,91,3,7,2,2,2521##4180##4307,3489401.075##3267644.745##3422874.176,3,2458697.51
2016,91,3,8,2,1,4361,3476356.585,1,2000000.1
2016,91,3,9,2,2,2515##4210##4215,3446354.258##3476356.585,3,2249638.2
2016,91,3,10,2,2,4307,3422874.176,1,1171712.53
2016,91,3,11,2,2,4307,3422874.176,1,278979.17
2016,91,4,6,2,1,2936,3673328.384,1,512797.5
2016,93,3,9,1,3,1879,2,1,846703.0
2016,97,3,4,1,3,1930,11,1,3524605.0
2016,97,3,6,1,3,1934,2,1,3875434.0
2016,97,3,6,1,4,1587##1593,5##2,2,6300000.0
2016,97,3,7,1,3,1937,3,1,201267.0
2016,97,3,7,1,4,1590##1594,6##3,2,1300028.0
2016,97,3,10,1,3,1927##1929,17##6,2,1006191.0
2016,97,3,10,1,4,1589,17,1,250000.0
2016,97,3,11,1,4,1588##1592,7##4,2,2774999.0
2016,97,3,13,1,3,1932,4,1,1690000.0
2016,97,3,13,1,4,1591,11,1,7375000.0
2016,99,3,3,1,3,1983,4,1,449935.0
2016,99,3,4,1,3,1986##1987,4##7,2,850152.0
2016,99,3,4,1,4,1578##1582,11,2,3150000.0
2016,99,3,6,1,4,1573,2,1,2000000.0
2016,99,3,7,1,4,1572##1575##1576,3##4##6,3,1194675.0
2016,99,3,10,1,3,1984,4,1,198010.0
2016,99,3,10,1,4,1579##1580##1581,4##17##6,3,1299993.0
2016,99,3,11,1,4,1585##1586,4##11,2,2349999.0
2016,99,3,12,1,4,1583,7,1,999997.0
2016,104,3,6,1,3,1795,5,1,665005.0
2016,104,3,7,1,3,1794,3,1,556079.0
2016,104,3,9,1,3,1793,4,1,542321.0
2016,104,3,11,1,3,1790##1791##1792,17##1##4,3,2134459.0
2016,105,1,4,2,2,2904##2800##2842##2957##4181##4163##4248##4209##4204,3802943.6928##3404023.7952##3534680.4864##3733445.4528##8339.7888##878457.7536,9,7409520.27
2016,105,1,6,2,2,2904##2954##2800##2842##2956##2909##4181##4163##4212##4263##4209##4265##4204,3802943.6928##3733445.4528##3404023.7952##3534680.4864##3568039.6416##3873831.8976##870117.9648##3747345.1008##878457.7536,13,10613383.44
2016,105,1,7,2,1,4321,4003098.624,1,160000.08
2016,105,1,7,2,2,2802##2883##2848##4148##4272##4716##4276##4212##4255##4179,155676.0576##3467962.176##3494371.5072##8339.7888##4003098.624##870117.9648##3873831.8976,10,6057214.08
2016,105,1,9,2,2,2895##2909##4148##4272##4716##4276##4212##4263##4255##4179##4193,3506881.1904##3873831.8976##3494371.5072##3467962.176##8339.7888##4003098.624##870117.9648##3747345.1008##155676.0576,11,7090682.3
2016,105,1,10,2,2,2954,3733445.4528,1,512400.12
2016,105,1,11,2,1,4321##4315##4318##4327,4003098.624##3733445.4528##3802943.6928##3568039.6416,4,1540412.88
2016,105,1,11,2,2,2954##2800##2842##2811##2947##2956##2909##2848##2957##4181##4163##4276##4263##4179##4193##4209##4265##4204,3733445.4528##3404023.7952##3534680.4864##3568039.6416##3747345.1008##3873831.8976##3494371.5072##3802943.6928##4003098.624##155676.0576##3506881.1904##878457.7536,18,12707141.44
2016,105,2,4,2,2,2946##2850##2868##2927##2867##4226,718611.8016##715831.872##845098.5984##1182860.0448##836758.8096,6,3520482.61
2016,105,2,6,2,2,2920##2867##2813##4232##4267,718611.8016##845098.5984##722781.696##1594289.6256##1182860.0448,5,2460786.26
2016,105,2,7,2,1,4317,722781.696,1,162653.89
2016,105,2,7,2,2,2805##2852##2829##2902##4259##4220##4245##4171##4235,722781.696##871507.9296##1035523.776##718611.8016##715831.872##1110581.8752,9,4566148.82
2016,105,2,9,2,2,2905##4220##4245##4235,715831.872##718611.8016##1110581.8752,4,1407196.99
2016,105,2,10,2,2,2829##2902##2830##2857##2874##2946,1035523.776##718611.8016##722781.696##871507.9296##715831.872,6,2164473.63
2016,105,2,11,2,1,4317,722781.696,1,243980.84
2016,105,2,11,2,2,2813##4220##4245##4171##4192##4244,722781.696##718611.8016##715831.872##871507.9296##711661.9776,6,2070015.63
2016,105,3,4,1,4,1895,11,1,2890537.0
2016,105,3,4,2,2,2962##4233,3476301.9648,2,3212500.0
2016,105,3,6,2,2,2894##4201##4236,3440162.88##3698696.3328,3,7159301.91
2016,105,3,7,1,3,2000,3,1,700000.0
2016,105,3,7,1,4,1897##1900,6##3,2,3425000.0
2016,105,3,7,2,2,2845##4238##4283##4227##4233,3637537.8816##3665337.1776##3711206.016##3476301.9648,5,6008793.13
2016,105,3,8,2,2,2960,3698696.3328,1,999498.77
2016,105,3,9,1,4,1899,2,1,1400001.0
2016,105,3,9,2,2,2959##4283##4227##4236##4233,3665337.1776##3711206.016##3698696.3328##3476301.9648,5,9586675.45
2016,105,3,10,2,2,2893##2917,3651437.5296##3476301.9648,2,1200073.03
2016,105,3,11,1,3,1999,4,1,1300000.0
2016,105,3,11,1,4,1896,7,1,897582.0
2016,105,3,11,2,2,2877##2915##4227##4233,3476301.9648##3665337.1776##3711206.016,4,3220558.49
2016,105,3,13,1,4,1898,4,1,4375717.0
2016,108,1,1,2,1,2460##2473##2530,4492888.302##4456306.68##4501202.307,3,2999451.86
2016,108,1,1,2,2,2758##3792##3861##3758,4185270.117##8314.005##1682754.612##2015314.812,4,2554933.83
2016,108,1,3,2,2,2707,377455.827,1,414562.62
2016,108,1,4,2,1,2421##2455##2456,4767250.467##4492888.302##621887.574,3,1764648.09
2016,108,1,4,2,2,2776##3770,8314.005##1682754.612,2,1020814.36
2016,108,1,6,2,1,2408##2412##2433##2441##2442,631864.38##625213.176##630201.579##83140.05##377455.827,5,2249297.28
2016,108,1,6,2,2,2725##2733##3788,631864.38##4775564.472##621887.574,3,1530235.05
2016,108,1,7,2,1,2398##2548##2467,625213.176##4501202.307##581980.35,3,2353278.69
2016,108,1,7,2,2,2599##2752##2739##3874##3876##3444,631864.38##581980.35##4753948.059,6,2457383.0
2016,108,1,9,2,2,2739##3444,581980.35,2,153368.71
2016,108,1,10,2,1,2431,4680784.815,1,354610.84
2016,108,1,10,2,2,2586##2749##2769##2770##3773##3782##3821##3867##3868##3882,1218833.133##4477923.093##4725680.442##630201.579##4680784.815##621887.574##4753948.059##4185270.117,10,5211484.29
2016,108,1,11,2,1,2427##2434##2466##2524##2527##4493,4456306.68##8314.005##4501202.307##4767250.467##1104099.864,6,4290677.65
2016,108,1,11,2,2,2729##3769##3799##3808,199536.12##1104099.864##63186.438,4,2225505.01
2016,108,2,1,2,1,2471,989366.595,1,500000.0
2016,108,2,1,2,2,2719##2783##3651##3781,1102437.063##1674440.607##2036931.225,4,1654625.18
2016,108,2,3,2,2,2612##2720##2738##2750##2785##2746##3428##3794##3813##3835##3842##3866##3878##3883##3669,1114076.67##576991.947##6566401.149##867982.122##1341880.407##575329.146##1714347.831##2025291.618##1102437.063##593619.957##1687743.015##2317944.594##1724324.637##2026954.419,15,5587822.81
2016,108,2,4,2,2,2762##2765##2775##3875,991029.396##906226.545##869644.923##1687743.015,4,1448220.34
2016,108,2,6,2,1,2429##2443,1676103.408##1341880.407,2,741176.77
2016,108,2,6,2,2,2755##2760##2771##3393##3649##3754##3843##3852##3859##3879,1105762.665##613573.569##578654.748##616899.171##576991.947##2030280.021##1719336.234##1072506.645,10,5006069.8
2016,108,2,7,2,1,2432##2531##2546,1725987.438##583643.151,3,945358.91
2016,108,2,7,2,2,2712##2736##2757##2778##2754##2767##3761##3780##3837##3860##3862##3869##3877##3716##3790##3834##3737,906226.545##987703.794##583643.151##588631.554##1725987.438##590294.355##6622936.383##1681091.811##1900581.543##1072506.645,17,7025046.72
2016,108,2,9,2,2,2754##2767##3716##3834##3737,1725987.438##590294.355##1900581.543##1681091.811##6622936.383,5,582142.6
2016,108,2,10,2,2,2600##3669##3756##3785##3857##3871,1114076.67##2026954.419##576991.947##1669452.204##1689405.816##1227147.138,6,2247044.63
2016,108,2,11,2,1,2507##2529##4488,616899.171##575329.146##588631.554,3,1364879.29
2016,108,2,11,2,2,2721##2723##2766##2780##2746##3489##3858##3881,869644.923##1341880.407##613573.569##588631.554##575329.146##1691068.617##578654.748##2317944.594,8,3804947.45
2016,108,3,1,2,1,3174##4459##4490,109744.866,3,6534378.28
2016,108,3,1,2,2,3818,109744.866,1,579590.28
2016,108,3,4,2,1,2439##3173##3177##4489,109744.866##237780.543,4,5239367.89
2016,108,3,4,2,2,3818,109744.866,1,2980750.02
2016,108,3,6,2,1,3179##4503,69837.642##249420.15,2,3700058.23
2016,108,3,6,2,2,2779##3818##3757,69837.642##109744.866,3,1869450.14
2016,108,3,7,2,1,3178##4492,251082.951,2,4508999.51
2016,108,3,11,2,1,3171,237780.543,1,2001897.24
2016,108,4,1,2,1,2448##4457,628538.778##1075832.247,2,3198763.06
2016,108,4,6,2,1,2414,628538.778,1,500008.32
2016,108,4,7,2,1,2468,628538.778,1,800930.25
2016,108,4,7,2,2,2706,628538.778,1,412212.3
2016,108,4,11,2,1,2444,628538.778,1,499905.07
2017,1,1,4,2,2,5015##5024##5075##4961##5032##5014##6861,433.32##974.28##1087.44##253.92##954.96##1070.88##309.12,7,2262175.57
2017,1,1,6,2,1,7611,977.04,1,400000.0
2017,1,1,6,2,2,5031##5172##5032##6739##6794##6861##6749,993.6##935.64##954.96##916.32##309.12,7,2722546.44
2017,1,1,7,2,1,7609,938.4,1,380803.37
2017,1,1,7,2,2,4985##5000##5005##5022##6797##6777##6861##6860##6787,996.36##919.08##938.4##924.6##946.68##971.52##309.12##173.88,9,4148876.94
2017,1,1,9,2,2,5032##5040##5146##6797##6860##6749##6849,954.96##932.88##935.64##946.68##924.6##988.08,7,2058796.04
2017,1,1,10,2,1,6304,1054.32,1,102640.61
2017,1,1,10,2,2,4980##5006##4985##4961##5032##5014##6739##6797##6794##6777##6861##6860##6787##6749##6849,314.64##954.96##996.36##253.92##1070.88##946.68##916.32##971.52##309.12##924.6##173.88##935.64##988.08,15,4813172.62
2017,1,1,11,2,2,5032##5023##5014##6739##6794##6777##6861##6787##6749##6849,954.96##1018.44##1070.88##916.32##971.52##309.12##173.88##935.64##988.08,10,3273392.04
2017,1,1,12,2,2,6852##6861##6749,954.96##309.12##935.64,3,1009467.16
2017,1,2,4,2,2,6863,908.04,1,245802.54
2017,1,2,6,2,2,6788##6784##6825,1046.04##910.8##921.84,3,1000951.4
2017,1,2,7,2,2,4966##6792##6764##6817,905.28##1004.64##1043.28##1051.56,4,1825624.01
2017,1,2,9,2,2,6792##6764##6817,1004.64##1043.28##1051.56,3,261220.07
2017,1,2,10,2,2,5020##5131##6821##6828##6863##6788##6784##6792##6764##6817##6825,1012.92##1029.48##1001.88##908.04##1046.04##910.8##1004.64##1043.28##1051.56##921.84,11,3126503.19
2017,1,2,11,2,2,5042##6863##6784##6825,910.8##908.04##921.84,4,1473720.88
2017,1,2,12,2,2,6788,1046.04,1,104090.79
2017,1,3,4,1,4,2454##2455,7##11,2,3786235.0
2017,1,3,6,1,4,2450##2451,5##2,2,4600042.0
2017,1,3,7,1,4,2452,3,1,810628.0
2017,1,3,7,2,1,6886,416.76,1,46897.84
2017,1,3,7,2,2,4987##5183##6829,380.88##416.76,3,5741966.1
2017,1,3,9,2,1,7319,394.68,1,2501675.52
2017,1,3,9,2,2,5194##5212##6829,394.68##414.0##416.76,3,5842793.18
2017,1,3,10,2,1,7613,405.72,1,668178.11
2017,1,3,10,2,2,6829,416.76,1,218831.08
2017,1,3,11,1,4,2453,4,1,800000.0
2017,1,3,11,2,2,6829,416.76,1,437662.15
2017,1,3,12,2,2,6829,416.76,1,218831.08
2017,3,3,4,1,3,2307,11,1,3522964.0
2017,3,3,6,1,3,2312##2313,2##11,2,1921828.0
2017,3,3,7,1,3,2315##2316##2317,3##6##4,3,1693398.0
2017,3,3,10,1,3,2309##2310,11##4,2,2047220.0
2017,3,3,11,1,3,2304,4,1,1000000.0
2017,3,3,12,1,3,2306,1,1,260096.0
2017,3,3,13,1,3,2305,7,1,100002.0
2017,4,3,2,1,3,2461,1,1,300007.0
2017,4,3,3,1,3,2460,4,1,396300.0
2017,4,3,4,1,3,2458,7,1,180006.0
2017,4,3,7,1,3,2459,6,1,197860.0
2017,4,3,10,1,3,2457,17,1,248975.0
2017,4,3,12,1,3,2456,2,1,831313.0
2017,7,3,4,1,3,2326##2340##2397##2400##2475,7##1,5,4778404.0
2017,7,3,6,1,3,2333##2395##2408##2472,2,4,6088657.0
2017,7,3,7,1,3,2325##2328##2399##2477##2479,7##6##3##11,5,2511693.0
2017,7,3,9,1,3,2409,4,1,399413.0
2017,7,3,10,1,3,2329##2330##2341##2394##2396##2401##2403##2473##2474,6##4##11,9,3786781.0
2017,7,3,11,1,3,2327##2331##2339##2398##2405##2406##2476##2481,7##4,8,5497272.0
2017,7,3,13,1,3,2332##2402,11,2,1102634.0
2017,14,3,6,1,3,2061##2062,2##5,2,3000011.0
2017,14,3,10,1,3,2063,7,1,500000.0
2017,16,3,4,1,4,2158,11,1,850001.0
2017,16,3,6,1,4,2164##2165##2166,2##5,3,4003769.0
2017,16,3,7,1,4,2152,3,1,1000183.0
2017,16,3,9,1,4,2160##2161,2##4,2,1000217.0
2017,16,3,10,1,4,2154##2155##2156##2157,6##4##7##11,4,2150991.0
2017,16,3,11,1,4,2162,4,1,1000252.0
2017,18,1,2,2,2,6229##5970,75135.648##77997.9584,2,584999.18
2017,18,1,3,2,2,5956##6064##7385##7339##7396,73883.3872##69947.7104##69589.9216##72631.1264,5,1109224.6
2017,18,1,4,2,1,5549##5567,93025.088##70663.288,2,552000.02
2017,18,1,4,2,2,6210##6237##7378##7391##7371,74062.2816##70663.288##72094.4432##93025.088##69589.9216,5,1195459.49
2017,18,1,6,2,2,6230##6229##5970##7369##7391##7371,70663.288##75135.648##77997.9584##71378.8656##93025.088##69589.9216,6,1263903.88
2017,18,1,7,2,1,4640##6128##6578##6601,85690.4176##67264.2944##67800.9776##68337.6608,4,795568.74
2017,18,1,7,2,2,6007##6090##6202##6209##6226##7354##7370##7394,67800.9776##68337.6608##81396.952##74777.8592##67443.1888,8,977562.96
2017,18,1,8,2,1,4711##4713,83722.5792##70663.288,2,768164.57
2017,18,1,8,2,2,5955##6223,83722.5792##93025.088,2,970000.38
2017,18,1,9,2,1,6578##6601,67800.9776##68337.6608,2,279437.29
2017,18,1,9,2,2,6090##6202##6209##6226##7354##7370##7394,68337.6608##81396.952##74777.8592##67443.1888,7,1457800.26
2017,18,1,10,2,1,6618,77997.9584,1,89999.88
2017,18,1,10,2,2,5956##5970##6213##6236##6064##7339##7369##7391##7371##7368##7380##7396,73883.3872##77997.9584##69589.9216##75135.648##69947.7104##71378.8656##93025.088##68874.344##72631.1264,12,2179063.16
2017,18,1,11,2,1,4712##5365##7332##6619##6621##6618,77997.9584##70305.4992##74062.2816##70663.288,6,2027492.79
2017,18,1,11,2,2,6221##6227##6237##7394##7347##7361,72094.4432##74777.8592##70663.288##74062.2816,6,1854165.73
2017,18,2,1,2,1,7331,80323.5856,1,133197.67
2017,18,2,2,2,2,7379##7341,82649.2128##68158.7664,2,242001.47
2017,18,2,3,2,2,6195,78713.536,1,49998.96
2017,18,2,6,2,2,6160##7341,71915.5488##68158.7664,2,451266.25
2017,18,2,11,2,2,6228,85511.5232,1,50000.0
2017,18,3,1,2,1,4710##6607,77640.1696,2,117783.32
2017,18,3,3,2,2,6115##7393,71021.0768,2,1000001.5
2017,18,3,4,1,4,2440##2448,7##11,2,2030032.0
2017,18,3,4,2,1,4701##4710,71021.0768##77640.1696,2,1027499.75
2017,18,3,4,2,2,6232,71199.9712,1,445955.49
2017,18,3,6,1,3,2060,2,1,6000028.0
2017,18,3,6,1,4,2439##2447,5##2,2,1619923.0
2017,18,3,7,1,4,2445,3,1,460002.0
2017,18,3,8,2,1,6736,71557.76,1,653995.77
2017,18,3,8,2,2,6150,71557.76,1,500118.0
2017,18,3,9,1,4,2449,4,1,890000.0
2017,18,3,10,1,4,2442##2443##2444,6##4##11,3,2000005.0
2017,18,3,10,2,1,4710##4694##6607,77640.1696##71021.0768,3,522327.7
2017,18,3,11,2,1,6129##4694,71021.0768,2,444999.99
2017,18,3,11,2,2,6212,71021.0768,1,400000.0
2017,18,3,12,1,4,2446,2,1,2995664.0
2017,19,3,3,1,4,2482,4,1,396705.0
2017,19,3,6,1,3,2277##2278,5##2,2,1838506.0
2017,19,3,7,1,3,2273##2274##2275,3##4##6,3,543453.0
2017,19,3,7,1,4,2488##2489##2490,3##4##6,3,1599999.0
2017,19,3,9,1,4,2485##2486,4##11,2,1000014.0
2017,19,3,10,1,3,2270##2271##2272,11##4##6,3,633129.0
2017,19,3,11,1,3,2269,4,1,546753.0
2017,19,3,12,1,4,2483,2,1,1500000.0
2017,19,3,13,1,4,2492##2493##2494##2495##2496,2##5##6##11##4,5,6498245.0
2017,22,1,3,2,1,5777,896492.4644,1,45000.0
2017,22,1,4,2,1,5777,896492.4644,1,45000.0
2017,22,1,6,2,2,7060,891904.4784,1,105000.0
2017,22,1,7,2,2,7004,856118.1876,1,14797.38
2017,22,1,10,2,1,5777,896492.4644,1,60000.0
2017,22,1,10,2,2,7004,856118.1876,1,59189.54
2017,22,1,11,2,2,7060##7004,891904.4784##856118.1876,2,118986.92
2017,22,2,2,2,1,6398,889151.6868,1,30000.0
2017,22,2,2,2,2,7033,900162.8532,1,74999.35
2017,22,2,6,2,1,5853,854282.9932,1,60000.0
2017,22,2,7,2,1,5853##6398,854282.9932##889151.6868,2,90000.0
2017,22,2,7,2,2,7021##7033,900162.8532,2,89999.74
2017,22,2,10,2,1,7657##5853,898327.6588##854282.9932,2,149645.62
2017,22,2,10,2,2,7021,900162.8532,1,60000.0
2017,22,2,11,2,1,6398,889151.6868,1,90000.0
2017,22,2,11,2,2,7021##7033,900162.8532,2,74999.61
2017,25,3,3,1,3,2437,4,1,209573.0
2017,25,3,4,1,3,2435,1,1,2550000.0
2017,25,3,6,1,3,2431##2432,2##5,2,2305892.0
2017,25,3,7,1,3,2433##2434,3##6,2,1354991.0
2017,25,3,11,1,3,2438,4,1,1579013.0
2017,26,3,6,1,3,2377,5,1,209951.0
2017,26,3,6,1,4,2117,5,1,556180.0
2017,26,3,7,1,3,2372##2375##2378,4##3##6,3,1169581.0
2017,26,3,7,1,4,2118##2119##2122,6##4##3,3,2130581.0
2017,26,3,9,1,3,2373##2374,4##2,2,4795514.0
2017,26,3,9,1,4,2120##2121,4##2,2,3309984.0
2017,26,3,11,1,3,2376,3,1,175967.0
2017,27,1,3,2,1,5564##6653,229453.6032##194885.2656,2,805000.94
2017,27,1,3,2,2,5850,242980.344,1,79951.46
2017,27,1,4,2,1,7432,199895.1696,1,1397039.29
2017,27,1,6,2,1,7431##7465##7466##7526##7543##7559,206909.0352##225946.6704##197390.2176##226447.6608##192380.3136##194885.2656,6,5234659.94
2017,27,1,6,2,2,5702,227950.632,1,735274.4
2017,27,1,7,2,1,7482,276045.7104,1,849600.0
2017,27,1,7,2,2,5850,242980.344,1,319805.83
2017,27,1,8,2,1,6284##7426##7448,273540.7584##197891.208,3,2079580.57
2017,27,1,9,2,1,7508,279051.6528,1,276740.52
2017,27,1,9,2,2,5702,227950.632,1,735274.4
2017,27,1,10,2,1,6284##6653##6656##7438##7568,273540.7584##194885.2656##206909.0352##233962.5168##194384.2752,5,2120559.86
2017,27,1,10,2,2,5850##5702,242980.344##227950.632,2,317071.03
2017,27,1,11,2,1,7547,208912.9968,1,1300000.0
2017,27,1,11,2,2,5702,227950.632,1,183818.6
2017,27,2,3,2,1,6687,230455.584,1,616804.53
2017,27,2,4,2,1,5710##7430##7451,235465.488##237469.4496##231457.5648,3,3908990.51
2017,27,2,6,2,1,7428##7486##7498##7500##7506##7542,232960.536##245485.296##274542.7392##251497.1808##278550.6624##260515.008,6,4193931.95
2017,27,2,7,2,1,7439,230455.584,1,159399.51
2017,27,2,8,2,2,5849,226948.6512,1,1384097.28
2017,27,2,10,2,1,6881##5605##5697##6687##7470,272538.7776##270534.816##264021.9408##230455.584,5,1073117.1
2017,27,2,10,2,2,5849,226948.6512,1,81417.49
2017,27,2,11,2,1,5695##7433##7462##7511,230455.584##275544.72##278049.672##251998.1712,4,2145313.78
2017,27,2,11,2,2,5849,226948.6512,1,162834.97
2017,27,3,1,1,3,2429,7,1,875000.0
2017,27,3,3,1,3,2422,4,1,1497230.0
2017,27,3,4,1,3,2138,4,1,1848628.0
2017,27,3,6,1,3,2135##2140##2426##2430,5##2,4,6219273.0
2017,27,3,7,1,3,2133##2142##2420##2423,3##6##4,4,3994015.0
2017,27,3,8,2,1,6293##7405,200396.16,2,1918924.63
2017,27,3,9,1,3,2136,4,1,704991.0
2017,27,3,9,2,1,7443,198893.1888,1,3749219.03
2017,27,3,10,1,3,2134##2139##2428,6##4##11,3,2043491.0
2017,27,3,11,1,3,2137##2425,4,2,2415630.0
2017,27,3,13,1,3,2421##2424##2427,11##4##6,3,6966287.0
2017,29,3,2,1,3,2467,1,1,300007.0
2017,29,3,3,1,3,2462,4,1,205615.0
2017,29,3,4,1,3,2466,7,1,355615.0
2017,29,3,6,1,3,2464##2468,5##2,2,699459.0
2017,29,3,7,1,3,2465##2470,6##3,2,349927.0
2017,29,3,10,1,3,2471,6,1,100000.0
2017,29,3,11,1,3,2463,4,1,201215.0
2017,29,3,12,1,3,2469,2,1,800000.0
2017,36,1,3,2,2,6726,975150.4026,1,988672.31
2017,36,1,4,2,1,7660##7663##7679,2362094.5236##2427867.1314##2744338.2298,3,733598.04
2017,36,1,4,2,2,5348##6725##6769,2427867.1314##975150.4026,3,2321909.46
2017,36,1,6,2,2,4465##4467##4481##4501##4506##4513##4826##4834##5414##5421##5455##5457##5459##5465##4485##6625##6722##6723##6741##6743##6754##6770##6799,976103.6288##1443184.4668##2671893.0386##2570851.0614##990402.0218##2682378.5268##192551.6924##2345889.6782##2744338.2298##2362094.5236##2805344.7066,23,9574038.38
2017,36,1,7,2,2,4485##4512##5312##5344##6033##6724##6775##6869##6773,2744338.2298##2373533.238##975150.4026##2449791.334##2671893.0386,9,4803591.2
2017,36,1,9,2,1,7328##7612##7628##7637,2570851.0614##2362094.5236##324096.908##2744338.2298,4,2687840.36
2017,36,1,9,2,2,4515##4516##4778##4787##4791##4896##4948##5307##5310##5326##5386##5392##5451##5460##5480##6685##6730##6737##6768##6781##6798##6800##6803##6873,2354468.714##2671893.0386##2744338.2298##1443184.4668##324096.908##2570851.0614##976103.6288##609111.5418##2362094.5236,24,9272509.07
2017,36,1,10,2,2,4476##5068##5334##5336##5358##6732##6897##6916##6917,2373533.238##975150.4026##2561318.7994##2449791.334##2427867.1314##2366860.6546,9,2012586.33
2017,36,1,11,2,1,7660##7663##7679,2362094.5236##2427867.1314##2744338.2298,3,1218835.93
2017,36,1,11,2,2,4485##4504##4505##4507##4514##5303##5380##5814##6033##6684##6686##6716##6735##6759##6760##6761##6785##6819##6820##6773,2744338.2298##975150.4026##2449791.334##1443184.4668##2427867.1314##612924.4466##2362094.5236##2561318.7994##2340170.321##2366860.6546##2671893.0386,20,15968579.47
2017,36,2,6,2,2,4508##5337,1356440.8826,2,780826.94
2017,36,2,7,2,2,6793,1515629.658,1,420000.01
2017,36,2,9,2,1,7632,1515629.658,1,239999.4
2017,36,2,9,2,2,6791##6838,1515629.658,2,319997.3
2017,36,3,4,2,1,7661,2386878.4048,1,1545334.77
2017,36,3,4,2,2,5479##5481##6765,2386878.4048,3,2176499.47
2017,36,3,6,1,3,2080,5,1,3000004.0
2017,36,3,6,2,2,4452##6744,2668080.1338,2,1500010.1
2017,36,3,7,1,3,2081,4,1,2499963.0
2017,36,3,7,2,1,7608##7607,2531768.7872##2547973.6326,2,1948528.61
2017,36,3,7,2,2,4448##4511##5784##6712##6738##6745,2547973.6326##2516517.168##2531768.7872,6,11049276.95
2017,36,3,9,1,3,2079##2379,2,2,15011684.0
2017,36,3,9,2,1,7607##7664,2547973.6326##2516517.168,2,1220798.32
2017,36,3,9,2,2,5306##5790##6588##6779,2516517.168##2539394.5968,4,11913650.62
2017,36,3,10,2,2,6757,2386878.4048,1,1000000.0
2017,36,3,11,1,3,2082,4,1,8001039.0
2017,36,3,11,2,1,7680,2516517.168,1,533499.33
2017,36,3,11,2,2,4451##5442##6674,2516517.168,3,6956237.19
2017,36,3,12,2,1,7329,2486967.1558,1,498559.87
2017,36,3,12,2,2,6822,2506984.906,1,650219.69
2017,49,1,1,2,2,5493##5596,4309981.2##2506825.8,2,802048.8
2017,49,1,2,2,2,5577##5720##5735,4728665.088##4846529.88##4886990.928,3,999933.62
2017,49,1,3,2,1,7300##7299,4769126.136##5068186.056,2,708782.95
2017,49,1,3,2,2,5545##5653##5686##5703##5775##5744##5757##5546##5456,5048835.12##5110406.28##4769126.136##5068186.056##1563907.464##4392662.472##5166699.912##4572098.424##5062908.528,9,3329501.96
2017,49,1,4,2,1,7221##7230##7695##7699,4309981.2##225174.528##4728665.088##4886990.928,4,2542010.73
2017,49,1,4,2,2,5434##5505##5582##5645##5721,5062908.528##4728665.088##4309981.2##4769126.136##225174.528,5,3062120.44
2017,49,1,6,2,2,5453##5487##5675,5062908.528##5101610.4##5048835.12,3,1763098.3
2017,49,1,7,2,1,7174,4718110.032,1,124999.65
2017,49,1,7,2,2,5393##5423##5644##5648##5671##5694##5754,2373128.424##4535155.728##277949.808##2536731.792##4322295.432##2675706.696##4392662.472,7,2059237.07
2017,49,1,10,2,1,6864##7107##7225##7267##7268##7316##7299,228692.88##5110406.28##4728665.088##5166699.912##4392662.472##4572098.424##5068186.056,7,2189936.36
2017,49,1,10,2,2,5744##5757##5377##5466##5470##5573##5654##5656##5736##5752##5753##5755##5546,4392662.472##5166699.912##1831302.216##4851807.408##4728665.088##228692.88##1577980.872##4309981.2##4886990.928##5033002.536##5068186.056##4572098.424,13,4098262.34
2017,49,1,11,2,1,5069##7100##7232##7293,1563907.464##2506825.8##225174.528,4,4914264.78
2017,49,1,11,2,2,5757##5364##5456##5486##5491##5509##5538##5626##5628##5650##5678##5706##5739,5166699.912##4886990.928##5062908.528##4728665.088##4535155.728##4559784.192##4904582.688##225174.528##4309981.2##5110406.28##4769126.136##4895786.808##5068186.056,13,6407939.8
2017,49,1,12,2,1,7720,1792600.344,1,299685.26
2017,49,1,12,2,2,5543,5119202.16,1,246300.6
2017,49,1,13,2,1,7200##7229,4749775.2##225174.528,2,1700000.0
2017,49,1,13,2,2,5636##5658##5709,5110406.28##225174.528##4749775.2,3,3300000.27
2017,49,2,1,2,2,5483,2350259.136,1,377645.8
2017,49,2,2,2,1,4943##4957,2374887.6##1509373.008,2,238713.3
2017,49,2,2,2,2,5728,2357295.84,1,317747.2
2017,49,2,3,2,1,4951##7154,2531454.264##1569184.992,2,452165.0
2017,49,2,3,2,2,5435##5571,1569184.992##1991387.232,2,681884.55
2017,49,2,4,2,1,4953##7697,2531454.264##2505066.624,2,659663.7
2017,49,2,4,2,2,5723,2505066.624,1,340112.34
2017,49,2,6,2,1,4719,1509373.008,1,321814.5
2017,49,2,7,2,1,4974,2559601.08,1,230404.17
2017,49,2,7,2,2,5411##5440##5631##5663,1572703.344##2413589.472##1767971.88##2559601.08,4,1526053.6
2017,49,2,10,2,1,4757##4967##4971##4972##4976,1993146.408##1534001.472##1583258.4##2534972.616##2549046.024,5,715144.55
2017,49,2,10,2,2,5673,1993146.408,1,57662.14
2017,49,2,11,2,1,4851##4949##7134,2543768.496##2577192.84##1569184.992,3,534299.15
2017,49,2,11,2,2,5504,2350259.136,1,500749.3
2017,49,3,1,2,1,7683,4408495.056,1,3000000.0
2017,49,3,4,2,1,6417##7283##6876##7689,4631910.408##4408495.056,4,4689430.65
2017,49,3,4,2,2,5717##5760,5080500.288##4408495.056,2,1022599.86
2017,49,3,5,2,2,5632,4691722.392,1,1472499.29
2017,49,3,6,1,3,2283,2,1,10000001.0
2017,49,3,6,2,2,5693,4974949.728,1,2005677.66
2017,49,3,7,2,1,6872##7141##7172##7184##7191,4711073.328##4614318.648##4408495.056##4651261.344,5,3283670.98
2017,49,3,7,2,2,5490##5579##5640,4408495.056##4614318.648##4711073.328,3,4749996.79
2017,49,3,8,2,1,5502,4691722.392,1,313794.96
2017,49,3,8,2,2,5627,4691722.392,1,1149989.05
2017,49,3,10,2,1,6876##6862##7183##6206,4631910.408##4614318.648,4,1943265.88
2017,49,3,10,2,2,5535##5770,4614318.648##5080500.288,2,1377933.86
2017,49,3,11,2,2,5724##5751,5080500.288##4651261.344,2,2600070.44
2017,49,3,12,2,2,5541,4667093.928,1,652498.84
2017,49,3,13,2,2,5767,4651261.344,1,1000000.0
2017,49,4,4,2,2,5683,1585017.576,1,539347.11
2017,49,4,7,2,2,5668,4820142.24,1,110000.28
2017,49,4,11,2,1,6875,4820142.24,1,620000.8
2017,49,4,11,2,2,5558,4820142.24,1,499893.3
2017,51,1,4,2,2,6882##6899##6912##6870##5422##5800##5620##6890##5747,2661932.2688##4973039.225##4510094.4826##4607746.8892##4660189.8483,9,3135998.0
2017,51,1,6,2,2,5815,4423292.3434,1,149877.95
2017,51,1,7,2,2,5415##5681##5788##5700##5794,4580621.2207##763135.4738##5171960.794##4566154.1975##2689057.9373,5,1381085.26
2017,51,1,10,2,2,5363##5620,5249721.0437##4973039.225,2,570196.8
2017,51,1,11,2,2,5771##5824,4510094.4826##4423292.3434,2,799325.75
2017,51,2,3,2,2,5811,2448543.6766,1,204522.45
2017,51,2,4,2,2,5806,2142927.8115,1,198232.28
2017,51,2,6,2,2,5634,5153877.015,1,166666.86
2017,51,2,7,2,2,6958##5812,1573288.773,2,649582.02
2017,51,2,10,2,2,5475##5500,1546163.1045##1649240.6448,2,610541.53
2017,51,3,6,2,2,5816,4477543.6804,1,339213.54
2017,51,4,7,2,1,7620,4956763.8239,1,249972.87
2017,52,3,6,1,3,2205,5,1,1500000.0
2017,52,3,7,1,3,2207##2208##2209,4##6##3,3,1038735.0
2017,52,3,9,1,3,2201##2210,4##2,2,5500180.0
2017,52,3,10,1,3,2203##2204,4##6,2,490225.0
2017,52,3,11,1,3,2202,4,1,1800128.0
2017,55,1,3,2,2,6341,696235.6489,1,187070.24
2017,55,1,4,2,1,5439##5521,675707.8165##5131.9581,2,591779.98
2017,55,1,4,2,2,6333##6363##6359,752687.188##111192.4255##138562.8687,3,509858.55
2017,55,1,7,2,1,5594,4654685.9967,1,159087.6
2017,55,1,7,2,2,6317,696235.6489,1,110686.91
2017,55,1,10,2,1,7623##7648,834798.5176##111192.4255,2,185963.88
2017,55,1,10,2,2,6319##6333##6363,116324.3836##752687.188##111192.4255,3,732791.04
2017,55,1,11,2,2,6359,138562.8687,1,85142.81
2017,55,2,2,2,2,6371,1436948.268,1,236666.88
2017,55,2,3,2,2,6332,663733.2476,1,154395.7
2017,55,2,7,2,1,5547,2299117.2288,1,104432.0
2017,55,2,7,2,2,6301##6342,662022.5949##4911283.9017,2,604627.16
2017,55,2,10,2,1,5492##5563##7386,1404445.8667##655179.9841##1296674.7466,3,550008.3
2017,55,2,10,2,2,6310##6346##6385,2603613.4094##667154.553##532012.9897,3,1049905.62
2017,55,2,11,2,2,6348,684261.08,1,125692.9
2017,55,3,10,2,1,5444,4728244.0628,1,99799.97
2017,55,4,4,2,2,6354,4683767.0926,1,114371.87
2017,55,4,7,2,1,5485,4683767.0926,1,145622.75
2017,58,3,4,1,4,2131,11,1,1000340.0
2017,58,3,6,1,4,2124##2125,5##2,2,950000.0
2017,58,3,7,1,4,2126##2127,6##3,2,1449908.0
2017,58,3,10,1,4,2123##2129##2130,4##6##12,3,797570.0
2017,58,3,11,1,4,2132,4,1,950001.0
2017,58,3,12,1,3,2497,1,1,357812.0
2017,58,3,13,1,4,2128,7,1,849996.0
2017,59,3,2,1,4,2103,1,1,400346.0
2017,59,3,4,1,3,2214,7,1,999969.0
2017,59,3,6,1,3,2217##2218,2##5,2,1751073.0
2017,59,3,6,1,4,2095##2096,5##2,2,3400001.0
2017,59,3,7,1,3,2220##2221##2222,3##4##6,3,1000041.0
2017,59,3,7,1,4,2100##2101##2102,3##4##6,3,1015657.0
2017,59,3,9,1,4,2092##2093,4##2,2,850425.0
2017,59,3,11,1,3,2215,4,1,1000001.0
2017,59,3,11,1,4,2097,4,1,294393.0
2017,59,3,12,1,3,2213,2,1,248517.0
2017,61,3,4,1,4,2183##2184,7##11,2,262548.0
2017,61,3,6,1,4,2179##2189,5##2,2,3855936.0
2017,61,3,7,1,4,2186##2187,3##6,2,487406.0
2017,61,3,9,1,4,2178##2190,4##2,2,1637033.0
2017,61,3,10,1,4,2180##2181##2188,6##11##12,3,662901.0
2017,65,3,6,1,3,2058##2059,5##1,2,1107613.0
2017,66,3,3,1,3,2196,4,1,400137.0
2017,66,3,4,1,3,2193,7,1,400000.0
2017,66,3,6,1,3,2192##2195,2##5,2,599884.0
2017,66,3,7,1,3,2191##2194,3##6,2,600074.0
2017,67,1,3,2,1,4977##5161##6407,760736.914##1136380.297##3012234.675,3,842331.97
2017,67,1,3,2,2,7310,3012234.675,1,200000.13
2017,67,1,4,2,2,6842##6839,3171705.9225##3057122.878,2,206221.09
2017,67,1,6,2,2,6805##7321,760736.914##3169343.3855,2,584113.68
2017,67,1,7,2,2,7323##7320,2967346.472##3046491.4615,2,370433.6
2017,67,1,9,2,1,5007,3294557.8465,1,749985.65
2017,67,1,9,2,2,6853,1954999.3675,1,159705.35
2017,67,1,10,2,1,5153##5161,760736.914##1136380.297,2,291256.95
2017,67,1,10,2,2,6847##6842##6805##7323##7320##7086,562283.806##3171705.9225##760736.914##2967346.472##3046491.4615,6,1766443.05
2017,67,1,11,2,1,5007##5161##6435,3294557.8465##1136380.297##3171705.9225,3,783452.76
2017,67,1,11,2,2,6805##6839##7086,760736.914##3057122.878,3,879284.09
2017,67,2,3,2,2,6843##7180,598903.1295##1605343.8915,2,290001.12
2017,67,2,4,2,1,5165##5171,598903.1295##507945.455,2,399423.91
2017,67,2,4,2,2,6843##6845##6840,598903.1295##636703.7215##507945.455,3,908348.24
2017,67,2,6,2,2,6843##6845,598903.1295##636703.7215,2,370524.35
2017,67,2,7,2,2,6843,598903.1295,1,200000.01
2017,67,2,9,2,2,6845,636703.7215,1,33683.95
2017,67,2,11,2,2,6843##6845,598903.1295##636703.7215,2,98946.91
2017,67,3,3,1,3,2336,4,1,322102.0
2017,67,3,4,1,3,2335,11,1,1300001.0
2017,67,3,6,1,3,2084##2085,5##2,2,2421022.0
2017,67,3,6,2,2,7315,3144536.747,1,287294.15
2017,67,3,7,1,3,2087,3,1,368936.0
2017,67,3,7,2,2,6815##7326,3092560.933,2,373834.46
2017,67,3,10,1,3,2086##2090##2334,6##20,3,772294.0
2017,67,3,11,1,3,2337,4,1,396027.0
2017,67,3,13,1,3,2089,11,1,946466.0
2017,69,3,2,1,3,2389,1,1,451124.0
2017,69,3,4,1,3,2388,7,1,450149.0
2017,69,3,6,1,3,2387##2391,5##2,2,1399852.0
2017,69,3,7,1,3,2383##2393,4##6,2,236984.0
2017,69,3,9,1,3,2384##2392,4##2,2,1005971.0
2017,69,3,10,1,3,2385##2390,4##6,2,243479.0
2017,69,3,11,1,3,2386,4,1,1000322.0
2017,71,3,3,1,4,2176,4,1,578410.0
2017,71,3,4,1,4,2174,7,1,1000001.0
2017,71,3,6,1,4,2168##2172,5##2,2,4000311.0
2017,71,3,7,1,4,2169##2173,6##3,2,1007123.0
2017,71,3,10,1,4,2167##2170##2175,11##6##4,3,1672993.0
2017,71,3,11,1,4,2177,4,1,1200000.0
2017,71,3,12,1,4,2171,2,1,600010.0
2017,72,1,1,2,2,6907##7304,4682347.725##4768244.85,2,472869.42
2017,72,1,3,2,2,7297,5186277.525,1,400000.0
2017,72,1,4,2,2,6376##6406##6907##7249##7304,4873230.225##4682347.725##4768244.85,5,2914109.89
2017,72,1,10,2,2,7278##7281##7306,5144283.375##3193464.225##5186277.525,3,1302743.41
2017,72,1,11,2,2,6420##7090##7284,3042667.05##5443968.9##3120928.875,3,1245375.6
2017,72,2,3,2,2,7148##7307,3203008.35##3088478.85,2,230401.82
2017,72,2,4,2,2,7270,3101840.625,1,249318.83
2017,72,2,7,2,2,6408,3033122.925,1,217205.33
2017,72,2,10,2,2,7140##7157,3036940.575##2939590.5,2,476611.68
2017,72,3,1,2,2,7314,4789241.925,1,784883.52
2017,72,3,2,2,2,6905,4978215.6,1,1300000.59
2017,72,3,3,1,4,2109,4,1,1525595.0
2017,72,3,3,2,2,6925,5050750.95,1,503728.18
2017,72,3,4,1,4,2112##2113,7##11,2,3144298.0
2017,72,3,4,2,2,6427,4789241.925,1,1336804.5
2017,72,3,5,2,2,6397,5094653.925,1,476127.58
2017,72,3,6,1,4,2104##2105,2##5,2,6402178.0
2017,72,3,7,1,3,2362##2363##2364,6##4##3,3,1706170.0
2017,72,3,7,1,4,2107##2111##2116,4##3##6,3,3313683.0
2017,72,3,7,2,2,6411##6422##7211##7243##7253,5113742.175##5010665.625##5050750.95,5,3971712.11
2017,72,3,8,2,2,6403##6405,4789241.925##5094653.925,2,2385218.38
2017,72,3,9,1,3,2357##2358,4##3,2,1900001.0
2017,72,3,9,1,4,2106,4,1,1902005.0
2017,72,3,9,2,2,6888##7277,5050750.95,2,1007098.46
2017,72,3,10,1,4,2110##2114##2115,4##11##6,3,2363401.0
2017,72,3,10,2,2,6419##6423##7260,5415336.525##5010665.625,3,2248073.21
2017,72,3,11,1,3,2355,4,1,2000001.0
2017,72,3,11,1,4,2108,4,1,3345997.0
2017,72,3,11,2,2,6429##6910,5050750.95,2,2436866.7
2017,72,3,12,1,3,2359##2360##2361,7##1##2,3,4283299.0
2017,73,1,3,2,2,5878,1835615.1805,1,250052.25
2017,73,1,4,2,2,5872##5876##5966,4109950.0058##4262283.2158##3727593.6487,3,1037520.14
2017,73,1,6,2,1,6650##6710##7614,763189.3821##4109950.0058##4343019.8171,3,862000.32
2017,73,1,6,2,2,5901,3727593.6487,1,250339.77
2017,73,1,7,2,2,5855##5903##5930,4205919.9281##4160219.9651##4352159.8097,3,689664.53
2017,73,1,10,2,2,5847##5895##5939##5987,719012.7512##1022155.8391##4277516.5368##2288044.8142,4,298661.36
2017,73,2,3,2,2,5881,949035.8983,1,199995.84
2017,73,2,6,2,1,6658##6661##7616##7618,1814288.5311##996259.1934##671789.4561##720536.0833,4,1190330.6
2017,73,2,6,2,2,5835##5836##5866##5919,691592.7734##683976.1129##1814288.5311##671789.4561,4,1000632.12
2017,73,2,7,2,2,5888##5969,676359.4524##1654338.6606,2,263548.81
2017,73,2,10,2,2,5859##5875##5915##5932##5983##5984,706826.0944##1200385.6948##1163825.7244##682452.7808##1710701.9483##1837138.5126,6,496140.91
2017,73,2,11,2,2,5864##5941,709872.7586##667219.4598,2,486007.89
2017,73,3,6,2,1,5556,4265329.88,1,632156.0
2017,73,3,7,1,3,2381,3,1,1034241.0
2017,73,3,7,2,1,6681##7615##7617##6717##5614,4073390.0354##4023120.0761##4301889.8504,5,2789339.13
2017,73,3,7,2,2,5896,4073390.0354,1,100002.2
2017,73,3,11,1,3,2380##2382,13##4,2,3204178.0
2017,73,3,11,2,1,6717##6260,4301889.8504##4023120.0761,2,792051.6
2017,73,3,11,2,2,5947,4023120.0761,1,400000.15
2017,74,1,11,2,2,6045,1347477.744,1,500000.0
2017,74,2,3,2,2,5829##5904,1315714.896##724437.264,2,999443.99
2017,74,2,4,2,2,6192,768416.592,1,300002.31
2017,74,2,7,2,2,6028##6080##6082,1348699.392##701225.952##1308385.008,3,1499986.83
2017,74,2,9,2,2,5882##5943,698782.656##647473.44,2,443091.94
2017,74,2,11,2,2,5870##5880##6054,648695.088##1125137.808##678014.64,3,1499998.0
2017,74,3,9,2,2,5926##6044,3223929.072##3253248.624,2,556981.6
2017,77,3,2,1,3,2224,1,1,250016.0
2017,77,3,3,1,3,2225,4,1,416518.0
2017,77,3,4,1,3,2223,7,1,1140181.0
2017,77,3,6,1,3,2226,5,1,288286.0
2017,77,3,7,1,3,2228##2231##2232,3##4##6,3,1324671.0
2017,77,3,11,1,3,2234##2235,3##4,2,1748290.0
2017,78,3,1,1,3,2345,7,1,500460.0
2017,78,3,7,1,3,2342##2343,3##6,2,676194.0
2017,78,3,10,1,3,2346##2347,11##6,2,700350.0
2017,78,3,11,1,3,2344,4,1,600270.0
2017,79,3,6,1,3,2366,2,1,2243835.0
2017,79,3,7,1,3,2365##2367##2371,3##6##4,3,871479.0
2017,79,3,9,1,3,2369,4,1,610307.0
2017,79,3,10,1,3,2370,4,1,146350.0
2017,79,3,11,1,3,2368,4,1,499577.0
2017,80,1,2,2,1,6246,4740.714,1,277147.85
2017,80,1,2,2,2,4785##4820##4910,4309.74##18675.54##4740.714,3,934757.6
2017,80,1,3,2,1,7336##6909,18675.54##22266.99,2,649974.15
2017,80,1,3,2,2,4849##4930##4888,16377.012##22554.306##10056.06,3,777755.76
2017,80,1,4,2,2,4822##4863,4740.714##12641.904,2,352522.92
2017,80,1,6,2,1,7336##6933##6955##6909,18675.54##29018.916##43097.4##22266.99,4,3076373.33
2017,80,1,6,2,2,4783##4848,43097.4##14078.484,2,998511.68
2017,80,1,7,2,1,7334##6249##6395##6254,16377.012##7182.9##4022.424,4,573985.85
2017,80,1,7,2,2,4754##4775##4792##4804##4788,1723.896##21979.674##12641.904##43672.032##5028.03,5,1841893.61
2017,80,1,9,2,1,6249##6395,7182.9##4022.424,2,224000.23
2017,80,1,9,2,2,4788##4758##4765##4805##4915##4888##4760##4934,5028.03##16377.012##21979.674##43672.032##1723.896##10056.06##22266.99,8,1288925.84
2017,80,1,10,2,1,6532,22554.306,1,199938.02
2017,80,1,10,2,2,4849##4930,16377.012##22554.306,2,417669.53
2017,80,1,11,2,1,6249##6296##7336##6887##6895##6978##6909##6395##6245##7622##6255,7182.9##13791.168##18675.54##8619.48##43097.4##4022.424##22266.99##861.948##4309.74,11,3856415.49
2017,80,1,11,2,2,4760##4934##4753##4755##4807##4830##4844##4913##4923##4935,16377.012##22266.99##21979.674##13791.168##5028.03##4022.424##18675.54##1723.896##10056.06##12641.904,10,3160002.47
2017,80,1,13,2,1,6254##6255,16377.012##4309.74,2,389985.61
2017,80,1,13,2,2,4782##4827##4928,10056.06##4022.424##1723.896,3,828272.35
2017,80,2,2,2,2,4751,49274.694,1,149999.98
2017,80,2,3,2,2,4871,47694.456,1,203298.93
2017,80,2,4,2,1,6396##6256,47838.114##44964.954,2,188373.65
2017,80,2,4,2,2,4750,49274.694,1,158600.75
2017,80,2,7,2,1,6247##6921,47838.114##30455.496,2,540243.86
2017,80,2,7,2,2,4841,30455.496,1,267318.53
2017,80,2,9,2,2,4803##4900,50567.616##1580.238,2,410132.11
2017,80,2,10,2,1,7309##6952##6396,47838.114##33041.34,3,395074.49
2017,80,2,10,2,2,4847##4877,33041.34##50136.642,2,618187.48
2017,80,2,13,2,1,6256,44964.954,1,97204.77
2017,80,2,13,2,2,4921,1580.238,1,199317.61
2017,80,3,2,2,2,4840,19250.172,1,150000.3
2017,80,3,3,1,4,2411,4,1,1177767.0
2017,80,3,3,2,2,4893,20543.094,1,419484.65
2017,80,3,4,1,3,2291,11,1,1624137.0
2017,80,3,4,1,4,2415,7,1,699999.0
2017,80,3,4,2,2,4796##4858,20399.436##9481.428,2,695726.08
2017,80,3,6,1,3,2288##2349##2351,2##5,3,4256496.0
2017,80,3,6,1,4,2417,2,1,4499671.0
2017,80,3,6,2,1,7337,21548.7,1,750244.27
2017,80,3,6,2,2,4789,6033.636,1,420003.7
2017,80,3,7,1,3,2286##2290##2292##2350##2353,4##6##3,5,3174529.0
2017,80,3,7,1,4,2419,3,1,1250001.0
2017,80,3,7,2,1,6415##6416,20543.094##21692.358,2,404937.89
2017,80,3,7,2,2,4759##4876,19824.804##21692.358,2,1029017.93
2017,80,3,9,1,3,2287##2293##2294##2348##2352,4##2##3,5,4604543.0
2017,80,3,9,1,4,2410##2418,4##2,2,3401486.0
2017,80,3,9,2,2,4799##4867,21692.358##20543.094,2,1000070.21
2017,80,3,10,1,4,2413,6,1,300000.0
2017,80,3,10,2,1,6931,20974.068,1,247200.0
2017,80,3,10,2,2,4893##4739,20543.094##19824.804,2,382207.73
2017,80,3,11,1,3,2295##2296##2297##2298,4##11##7##3,4,1796855.0
2017,80,3,11,1,4,2412##2416,4##7,2,1241052.0
2017,80,3,11,2,1,6415##6416,20543.094##21692.358,2,494958.59
2017,80,3,12,2,1,4740##4741##4742##4743##4744##4746##6972,9481.428##20543.094##21692.358##6033.636##20399.436##21548.7,7,1244802.08
2017,80,3,13,1,4,2414,11,1,1600007.0
2017,80,3,13,2,1,7285,20399.436,1,749997.24
2017,80,3,13,2,2,4731##4801,19824.804##20399.436,2,478816.92
2017,80,4,7,2,1,6913##6971,17957.25,2,654444.1
2017,87,1,1,2,1,6641##6289,1244.3424##388.857,2,624177.38
2017,87,1,1,2,2,7425,388.857,1,283726.26
2017,87,1,3,2,1,6668##6669##6676##6677##6813##6278##6283,16098.6798##2955.3132##9799.1964##233.3142##64628.0334##62917.0626,7,734060.73
2017,87,1,3,2,2,4563##4577##4591##4616##4620##4638##4639##4672##5037##7581##7531##7551##7464,699.9426##9565.8822##2955.3132##1244.3424##1166.571##37796.9004##1399.8852##16098.6798##233.3142,13,3415034.61
2017,87,1,4,2,1,6286##6638##6289,35074.9014##388.857,3,1108257.32
2017,87,1,4,2,2,4609##7425##7587,1244.3424##388.857,3,1042416.07
2017,87,1,6,2,1,6668##6669##6676##6677##6813##6278##6283##6688,16098.6798##2955.3132##9799.1964##233.3142##64628.0334##62917.0626##4121.8842,8,1912278.71
2017,87,1,6,2,2,4564##4569##4587##4608##4625##4633##4652##4706##5041##7531##7419##7583##7551##7464,26053.419##311.0856##51951.2952##388.857##1244.3424##16098.6798##1399.8852##11743.4814##233.3142,14,4175568.32
2017,87,1,7,2,1,6668##6669##6676##6677##6813##4518##6250,16098.6798##2955.3132##9799.1964##233.3142##64628.0334##26053.419,7,1317454.12
2017,87,1,7,2,2,4549##4583##4770##5048##7531##7551##7435##7596##7464,26053.419##699.9426##26286.7332##233.3142##16098.6798##1399.8852##2955.3132,9,2013043.59
2017,87,1,9,2,1,6668##6669##6676##6677##6813##6250,16098.6798##2955.3132##9799.1964##233.3142##64628.0334##26053.419,6,860573.49
2017,87,1,9,2,2,4540##4550##4607##4667##4674##4693##4707##7531##7551##7596##7464##7588##7646,699.9426##26053.419##12210.1098##16098.6798##11121.3102##9799.1964##2955.3132##1399.8852##233.3142,13,2159318.56
2017,87,1,10,2,1,6634##6289,233.3142##388.857,2,611415.79
2017,87,1,10,2,2,4554##4594##4612##4642##4678##4683##4690##5298##7425##7472,699.9426##4821.8268##14543.2518##1244.3424##388.857##233.3142##1166.571,10,3695503.85
2017,87,1,11,2,1,6668##6669##6676##6677##6813##6278##6283##6250##6289##6688,16098.6798##2955.3132##9799.1964##233.3142##64628.0334##62917.0626##26053.419##388.857##4121.8842,10,1880612.23
2017,87,1,11,2,2,4529##4543##4548##4555##4574##4586##4677##4682##4691##4704##7531##7551##7596##7464##7407##7512,1244.3424##388.857##311.0856##699.9426##16409.7654##11121.3102##1166.571##35074.9014##26286.7332##11743.4814##16098.6798##1399.8852##2955.3132##233.3142##51951.2952,16,4363342.0
2017,87,1,13,2,1,4978##5899##6901##6902,19987.2498##11743.4814##63150.3768##12210.1098,4,702893.09
2017,87,2,1,2,2,7549##7575##7553##7590,4199.6556##64316.9478##62683.7484##62839.2912,4,247562.76
2017,87,2,3,2,1,6662##6663##6672##6776##6918##6751,5988.3978##62839.2912##16020.9084##65405.7474##65250.2046##65327.976,6,284003.94
2017,87,2,3,2,2,5039##5280##7402##7572##7477,62372.6628##64394.7192##18976.2216##8321.5398,5,791324.67
2017,87,2,4,2,1,6758##6290##6627##6629,65094.6618##62683.7484##21542.6778,4,1096684.01
2017,87,2,4,2,2,4580##7549##7575##7553##7590,21542.6778##4199.6556##64316.9478##62683.7484##62839.2912,5,1030212.67
2017,87,2,6,2,1,6662##6663##6672##6776##6918##6751,5988.3978##62839.2912##16020.9084##65405.7474##65250.2046##65327.976,6,888652.67
2017,87,2,6,2,2,4559##4568##4570##4575##4630##4636##4659##7402##7572##7414##7554##7477,19209.5358##8399.3112##5988.3978##17187.4794##8321.5398##30408.6174##2877.5418##18976.2216##62372.6628##62994.834,12,3107587.05
2017,87,2,7,2,1,6662##6663##6672##6776##6918##6751##6251##6252##6253##6273,5988.3978##62839.2912##16020.9084##65405.7474##65250.2046##65327.976##18976.2216##11665.71##63694.7766##65016.8904,10,1005895.92
2017,87,2,7,2,2,4536##4542##4603##4622##4628##4645##4687##4988##7402##7572##7477##7484##7410##7413##7476,9721.425##8321.5398##26597.8188##26131.1904##22164.849##27608.847##15632.0514##11665.71##18976.2216##62372.6628##8399.3112,15,2758833.49
2017,87,2,9,2,1,6662##6663##6672##6776##6918##6751##6251##6252##6253##6273,5988.3978##62839.2912##16020.9084##65405.7474##65250.2046##65327.976##18976.2216##11665.71##63694.7766##65016.8904,10,823419.29
2017,87,2,9,2,2,4663##4538##4561##4588##4589##4604##4605##4618##4676##4679##5010##5038##7402##7572##7477##7410##7413##7497##7476,20065.0212##23331.42##8399.3112##26597.8188##22164.849##30408.6174##7621.5972##26131.1904##16020.9084##15632.0514##27064.4472##63694.7766##18976.2216##62372.6628##8321.5398##11665.71##62839.2912,19,3173099.31
2017,87,2,10,2,1,6291##6292##6631##6643##6758,4199.6556##64316.9478##63928.0908##65094.6618,5,1427888.22
2017,87,2,10,2,2,4547##4572##4606##4699##4997##7549##7575##7553##7590,8399.3112##8321.5398##4199.6556##64316.9478##62683.7484##62839.2912,9,1004610.95
2017,87,2,11,2,1,6662##6663##6672##6776##6918##6751##6251##6252##6253##6273##6747,5988.3978##62839.2912##16020.9084##65405.7474##65250.2046##65327.976##18976.2216##11665.71##63694.7766##65016.8904##65172.4332,11,1333801.59
2017,87,2,11,2,2,4541##4560##4571##4593##4646##4653##4662##7402##7572##7477##7410##7413##7476,8399.3112##5988.3978##21542.6778##8321.5398##9721.425##22164.849##27608.847##18976.2216##62372.6628##11665.71,13,2953755.62
2017,87,3,3,1,4,2069,4,1,599904.0
2017,87,3,4,1,3,2239,11,1,2500034.0
2017,87,3,4,1,4,2066##2078,7##11,2,700000.0
2017,87,3,6,1,4,2064##2075,5##2,2,7500750.0
2017,87,3,7,1,3,2236##2238##2240##2244,7##6##4##3,4,3027630.0
2017,87,3,7,1,4,2065##2070##2076,7##4##3,3,1499999.0
2017,87,3,7,2,1,6830,2022.0564,1,999999.53
2017,87,3,8,2,2,7647,1944.285,1,250000.26
2017,87,3,9,1,3,2241##2243,4##2,2,3705060.0
2017,87,3,9,1,4,2074##2077,2##4,2,3300001.0
2017,87,3,10,1,4,2068##2072,6##4,2,395179.0
2017,87,3,11,1,3,2237##2242,7##4,2,4995441.0
2017,87,3,11,1,4,2067##2071,7##4,2,3213461.0
2017,87,3,12,1,3,2245,2,1,805376.0
2017,87,3,12,1,4,2073,2,1,750000.0
2017,87,3,13,2,1,4734##5906##6837##7610,7932.6828##61828.263##62139.3486,4,2575139.59
2017,87,4,6,2,1,6664,62294.8914,1,237779.91
2017,87,4,7,2,1,6664,62294.8914,1,181831.7
2017,87,4,7,2,2,5002,62294.8914,1,396878.18
2017,87,4,9,2,1,6664,62294.8914,1,97909.38
2017,87,4,11,2,1,6664,62294.8914,1,181831.7
2017,88,1,1,2,2,5080##5088##5222##6880,5596.925##16790.775##12760.989,4,1049959.97
2017,88,1,3,2,2,5082##5095##5158##6451##6571##6577,10522.219##5149.171##11193.85##9178.957##9850.588,6,2234709.83
2017,88,1,4,2,2,5138##5223##5238##5260##6446##6512##6555##6568,12537.112##9178.957##26641.363##7387.941##10522.219,8,2230068.58
2017,88,1,6,2,2,5060##5103##5228,3134.278##11193.85##7387.941,3,731576.15
2017,88,1,7,2,2,5079##5089##5105##5117##5174##5263##6450##6456##6479##6499##6508##6556,26641.363##11865.481##11193.85##5373.048##14552.005##8731.203##13880.374##11641.604##21268.315,12,2317131.91
2017,88,1,9,2,2,5076##5090##5104##5119##5266##5268##5276##6495##6509##6534##6542##6557,26641.363##11865.481##11193.85##5373.048##21939.946##21268.315##8731.203##11641.604##41641.122,12,4349300.95
2017,88,1,10,2,2,5086##5096##5122##5147##5235##6452##6492##6502##6550##6574##6598##6604,5820.802##11641.604##5373.048##38282.967##22163.823##9178.957##3134.278##8731.203##30895.026,12,3599119.34
2017,88,1,11,2,2,5063##5132##5156##5203##5216##5233##5234##5253##6480##6503##6519##6527##6535,21939.946##5149.171##12537.112##10522.219##14552.005##9178.957##7835.695##17014.652##26641.363,13,3264599.29
2017,88,2,3,2,2,5073##6439##6567##6572,23283.208##18357.914##20148.93,4,1574212.83
2017,88,2,4,2,2,5058##5184##5224##6438##6470##6486##6494##6504,19477.299##43208.261##23730.962##22611.577##34253.181,8,770777.02
2017,88,2,6,2,2,5113##5116##5164##5230##5239##5243##5259##6441##6454##6490##6500##6547##6559##6581,40297.86##22611.577##18357.914##45223.154##38506.844##32462.165##25298.101##23283.208##33133.796##23730.962##34029.304,14,2977702.02
2017,88,2,7,2,2,5097##5098##5107##5125##5157##5180##5191##5261##5262##6442##6449##6461##6467##6471##6472##6474##6482##6507,23283.208##28208.502##68730.239##27984.625##18357.914##22835.454##32909.919##21044.438##20820.561##25969.732##44775.4##40073.983##43879.892,18,3001562.78
2017,88,2,9,2,2,5121##5155##5177##6460##6478##6501##6518##6596,68730.239##22835.454##18357.914##43432.138##21044.438##27984.625##34477.058,8,1945619.17
2017,88,2,10,2,2,5064##5137##5206##6491##6493##6517##6537##6544##6546##6573##6584,68730.239##22835.454##18357.914##31342.78##19701.176##38730.721##48133.555##43432.138,11,1479960.16
2017,88,2,11,2,2,5056##5059##5065##5071##5078##5109##5185##5215##6440##6444##6445##6468##6483##6513##6545##6593,40073.983##27984.625##68730.239##23283.208##18357.914##22611.577##44999.277##20820.561##19477.299##43879.892##45447.031,16,2485354.28
2017,88,3,1,1,3,2248,7,1,250000.0
2017,88,3,3,1,3,2246,4,1,700060.0
2017,88,3,3,2,1,7638,1119.385,1,900000.54
2017,88,3,4,1,3,2249,7,1,2000819.0
2017,88,3,4,2,1,7641,1343.262,1,1700047.08
2017,88,3,4,2,2,6539,1343.262,1,1989185.06
2017,88,3,6,1,3,2247,5,1,1199901.0
2017,88,3,6,2,1,7639,895.508,1,1000000.77
2017,88,3,6,2,2,6590,895.508,1,1620000.01
2017,88,3,7,1,3,2260##2261##2262##2263,7##6##4##3,4,2704176.0
2017,88,3,7,2,1,7621##7624##7625,1119.385##2014.893##671.631,3,1999678.92
2017,88,3,7,2,2,5093##5190##5232##6489##6521##6580,1343.262##1119.385##671.631##2014.893,6,2875180.63
2017,88,3,8,2,2,5061##5087##5108##5559##6457##6525##6536,1567.139##1343.262,7,5850001.14
2017,88,3,9,1,3,2265##2266,4##2,2,2669498.0
2017,88,3,9,2,1,7627##7642,1119.385##1567.139,2,2050001.58
2017,88,3,9,2,2,5173##5283##6587,1119.385##1567.139,3,1495495.07
2017,88,3,10,1,3,2254##2255,4##6,2,1600014.0
2017,88,3,10,2,1,7629##7640,2014.893##1119.385,2,1200002.86
2017,88,3,10,2,2,5236##6515##6554,1119.385##2014.893,3,719999.79
2017,88,3,11,1,3,2251##2252,4##7,2,2800122.0
2017,88,3,11,2,1,7626##7630,1343.262##1119.385,2,2151009.63
2017,88,3,11,2,2,5196##6462##6465,1119.385##1343.262,3,2000000.97
2017,88,3,12,1,3,2257##2258,7##2,2,1599999.0
2017,88,3,12,2,1,4902##7122,223.877,2,1386079.98
2017,88,3,12,2,2,6463,1343.262,1,250000.0
2017,89,3,4,1,3,2318##2319,7##18,2,1675000.0
2017,89,3,6,1,3,2197##2199##2321,5##2,3,3249836.0
2017,89,3,7,1,3,2323##2324,3##6,2,520555.0
2017,89,3,11,1,3,2198##2320,4,2,1750882.0
2017,91,1,3,2,2,4551##4585##4634##4647,3681155.078##3203726.744##3751595.324##3591148.097,4,1690517.94
2017,91,1,4,2,2,4623##4566,3773770.957##3622454.873,2,1868207.08
2017,91,1,7,2,2,4614##4658##7574,3306778.215##3591148.097##1986675.827,3,974598.59
2017,91,1,9,2,2,4614,3306778.215,1,103569.42
2017,91,1,10,2,2,4634##4647,3751595.324##3591148.097,2,203480.41
2017,91,1,11,2,2,4658##4595##4596##4566##7365##7532,3591148.097##3681155.078##845282.952##3622454.873##3533752.341,6,3439206.9
2017,91,2,2,2,2,4657,632657.765,1,216880.74
2017,91,2,4,2,2,4531##4532##4649##4660##7398,623526.622##632657.765##1305753.449,5,3381815.61
2017,91,2,6,2,2,4519##7499,656137.847##623526.622,2,659445.8
2017,91,2,7,2,1,5170,1367062.552,1,187586.62
2017,91,2,7,2,2,4730,1377498.144,1,396627.6
2017,91,3,2,2,2,4648##6447,3399394.094,2,3145335.5
2017,91,3,4,2,1,6646,3765944.263,1,299707.0
2017,91,3,4,2,2,4726##4654##7503##7521##7562,3432005.319##3765944.263##3446354.258,5,5427582.68
2017,91,3,6,2,2,4661,3687677.323,1,1000000.17
2017,91,3,7,2,1,7327,3489401.075,1,332235.0
2017,91,3,7,2,2,4650##4735##4643##7577,3489401.075##3432005.319##3422874.176,4,2499021.67
2017,91,3,8,2,1,5291##5324##6295,3476356.585,3,4782000.1
2017,91,3,9,2,2,4737##7561,3446354.258,2,1998822.4
2017,91,3,10,2,2,4643##7578,3422874.176,2,738728.0
2017,91,3,11,2,2,4643##4654,3422874.176##3765944.263,2,1022498.44
2017,91,3,12,2,1,4968,3399394.094,1,250273.0
2017,97,3,2,1,4,2145,1,1,400000.0
2017,97,3,6,1,4,2143##2150,5##2,2,5800003.0
2017,97,3,7,1,4,2151,3,1,300000.0
2017,97,3,10,1,4,2146##2149,6##17,2,1251513.0
2017,97,3,11,1,4,2144,7,1,400000.0
2017,97,3,13,1,4,2147##2148,11##4,2,6835188.0
2017,104,3,4,1,3,2499##2500,7##1,2,2101743.0
2017,104,3,6,1,3,2498,5,1,1000000.0
2017,104,3,11,1,3,2502,4,1,1111516.0
2017,105,1,4,2,2,6020##5861##6970,3534680.4864##3733445.4528,3,1221358.72
2017,105,1,6,2,2,6019##6116##6166##5838##6140##5861##7158##7017##7105##6970##7160##6983##7103##7008,3534680.4864##3568039.6416##3802943.6928##3494371.5072##3747345.1008##3733445.4528##3404023.7952##870117.9648##3595838.9376##2105796.672##878457.7536,14,15977356.84
2017,105,1,7,2,1,6261##6258##6264##6277##6280##4526,3467962.176##155676.0576##3494371.5072##840928.704##4003098.624,6,1972666.0
2017,105,1,7,2,2,6165##5887##6012##5838##7017##7160##6966,3467962.176##155676.0576##4003098.624##3494371.5072##870117.9648##2105796.672,7,5407571.14
2017,105,1,9,2,2,6165##5887##6012##5838##6159##6140##7017##7160##6966,3467962.176##155676.0576##4003098.624##3494371.5072##3506881.1904##3747345.1008##870117.9648##2105796.672,9,5336100.65
2017,105,1,10,2,2,6970##6966##7007,3733445.4528##4003098.624##3467962.176,3,1996669.35
2017,105,1,11,2,1,6258##6264##6277##6280##6268##6272##6279##6282##4526##4530##4533,155676.0576##3494371.5072##840928.704##4003098.624##3733445.4528##3404023.7952##3568039.6416##3802943.6928,11,4540227.2
2017,105,1,11,2,2,6019##6116##6166##5887##6012##5838##6140##6020##6114##5861##7105##6970##6974##6983##7103##7008,3534680.4864##3568039.6416##3802943.6928##155676.0576##4003098.624##3494371.5072##3747345.1008##878457.7536##3733445.4528##3595838.9376##8339.7888,16,13155323.66
2017,105,2,4,2,2,6014##6164##5834##6172##7082##6969##7015##7161##7023##7042##7043,871507.9296##833978.88##836758.8096##1591509.696##845098.5984##715831.872##1043863.5648##1182860.0448,11,4400932.94
2017,105,2,6,2,2,5953##6016##6025##6132##5998##6014##5982##6107##6163##6979##7018##7061##7121##7044##7118##7035##7082##6975##7014##6990##6947##6926##6981,1594289.6256##846488.5632##1110581.8752##1356605.6448##718611.8016##871507.9296##1182860.0448##1590119.7312##847878.528##1043863.5648##2069657.5872##2304561.6384##845098.5984##722781.696##1922321.3184##711661.9776,23,18067313.08
2017,105,2,7,2,1,6276##6262##6265##6267##6271##4537##4521,715831.872##722781.696##1884792.2688##846488.5632##718611.8016,7,1912492.83
2017,105,2,7,2,2,6138##5977##5933##6142##5999##6172##7044##7118##6990##7079##7150##6998##7024##7080##7130##7067##6969##6926,722781.696##871507.9296##1110581.8752##833978.88##715831.872##1591509.696##2304561.6384##1388574.8352##1021624.128##1884792.2688##718611.8016##868728.0,18,7639395.0
2017,105,2,9,2,2,5998##5933##6142##6163##5999##6998##7067##6947##6926,718611.8016##1110581.8752##833978.88##847878.528##715831.872##1021624.128##868728.0##1922321.3184,9,2746644.57
2017,105,2,10,2,2,6014##6172##7035##7082##7164##7168##7169##7015##7023##7088,871507.9296##1591509.696##846488.5632##845098.5984##1388574.8352##1027183.9872##1111971.84##715831.872##1182860.0448,10,3469930.84
2017,105,2,11,2,1,6262##6265##6267##6271##6263##6269##6270##4537##4521,722781.696##1884792.2688##846488.5632##718611.8016##1590119.7312##1182860.0448##836758.8096,9,2620477.3
2017,105,2,11,2,2,5998##5982##5977##6142##5834##6096##6137##6107##6163##5999##6172##6975##7014##6990##7024##7080##7130##7067##6969##7023##7042##7043##6934##7076##6981##7088,718611.8016##1182860.0448##871507.9296##833978.88##836758.8096##711661.9776##1035523.776##1590119.7312##847878.528##715831.872##1591509.696##722781.696##1884792.2688##868728.0##1313516.736,26,10552418.88
2017,105,3,4,2,1,6308,3651437.5296,1,1044213.0
2017,105,3,4,2,2,7152##7009,3476301.9648##3651437.5296,2,3473920.76
2017,105,3,6,1,3,2301,2,1,14751543.0
2017,105,3,6,2,2,6005##7002##7152,3440162.88##3476301.9648,3,4750000.02
2017,105,3,7,2,2,6069##6120##6097,3711206.016##3637537.8816##3476301.9648,3,2328863.13
2017,105,3,8,2,1,6303,3698696.3328,1,1777884.18
2017,105,3,9,1,3,2299##2302,4##3,2,9577035.0
2017,105,3,9,2,2,6097##7135,3476301.9648##3665337.1776,2,3040000.63
2017,105,3,10,2,2,5995##7152##7009,3665337.1776##3476301.9648##3651437.5296,3,2633419.59
2017,105,3,11,2,1,6275##4522,3665337.1776,2,972034.01
2017,105,3,11,2,2,6097##5995##7135,3476301.9648##3665337.1776,3,2958743.23
2017,105,3,12,1,3,2300##2303##2354,2##1,3,1224529.0
2017,105,4,7,2,2,7098,3804333.6576,1,593008.34
2017,105,4,9,2,2,7098,3804333.6576,1,1383686.12
2017,107,3,3,1,3,2280,4,1,297388.0
2017,107,3,4,1,3,2279,7,1,391446.0
2017,107,3,10,1,3,2282##2285,4##6,2,452103.0
2017,107,3,11,1,3,2281,4,1,444264.0
2017,108,1,1,2,2,5321##5340##7237##7239,621887.574##2015314.812##631864.38##8314.005,4,2570829.88
2017,108,1,2,2,2,5345,2362840.221,1,300000.0
2017,108,1,4,2,2,5353##6985##7185##7198,2362840.221##1682754.612##621887.574##8314.005,4,2171122.12
2017,108,1,6,2,2,5297##5333##7045##7064##7124,199536.12##4767250.467##1104099.864##631864.38##621887.574,5,1846328.04
2017,108,1,7,2,2,7006##7110##7266,631864.38##581980.35##4501202.307,3,1236528.19
2017,108,1,10,2,2,5396##5412,4725680.442##4185270.117,2,730448.09
2017,108,1,11,2,1,7653,4767250.467,1,400016.16
2017,108,1,11,2,2,5311##5323##5366,2336235.405##1104099.864##4767250.467,3,1645961.15
2017,108,2,1,2,2,5315##5354##7020##7219,1691068.617##2349537.813##1674440.607##2036931.225,4,1120754.21
2017,108,2,2,2,2,5328,2036931.225,1,300017.1
2017,108,2,3,2,2,5299##5347##5371##5373##5378##5399##7001##7071##7111##7197##7273,2344549.41##1724324.637##2013652.011##2331247.002##2342886.609##1689405.816##2025291.618##4878658.134##2668795.605##613573.569,11,3136926.7
2017,108,2,4,2,2,5294##5335##5350##5379##7213##7236,2351200.614##2013652.011##2025291.618##2342886.609##1687743.015##1712685.03,6,2225239.85
2017,108,2,6,2,2,5288##5308##5375##7040##7178##7193##7262,2329584.201##606922.365##2334572.604##1717673.433##4878658.134##2347875.012,7,1959815.62
2017,108,2,7,2,2,5300##5331##5401##5314##5390##6988##7000##7010##7068##7176##7201##7220##7250,2344549.41##6622936.383##906226.545##1900581.543##1691068.617##2607271.968##608585.166##1725987.438##583643.151##590294.355##593619.957##616899.171,13,4988091.16
2017,108,2,9,2,2,5314##5390,1900581.543##1691068.617,2,280711.47
2017,108,2,10,2,1,6297,591957.156,1,99884.5
2017,108,2,10,2,2,5318##5338##5359##5384##5432##6995##7012##7057##7066##7087##7196##7233,1679429.01##1669452.204##2352863.415##1114076.67##1689405.816##2334572.604##1105762.665##2598957.963##906226.545##591957.156,12,3291024.88
2017,108,2,11,2,1,7655,590294.355,1,347430.07
2017,108,2,11,2,2,5400##5405##5468,1102437.063##2356189.017##1719336.234,3,1118172.87
2017,108,2,12,2,1,6401,2510829.51,1,482932.23
2017,108,3,1,2,1,6367,109744.866,1,1886440.28
2017,108,3,1,2,2,7031,109744.866,1,692433.3
2017,108,3,2,2,2,5352##5327,4334922.207##109744.866,2,905379.52
2017,108,3,4,2,2,5327##7031,109744.866,2,4312382.27
2017,108,3,6,2,2,5407##7248,69837.642,2,925472.96
2017,108,3,7,2,2,5409,251082.951,1,1801856.27
2017,108,3,9,2,1,7658,237780.543,1,500000.3
2017,108,3,9,2,2,5409,251082.951,1,200206.25
2017,108,3,10,2,1,6248,4409748.252,1,1200000.39
2017,108,3,10,2,2,5302,109744.866,1,300093.27
2017,108,3,11,2,1,7654,237780.543,1,249960.71
2017,108,3,12,2,1,4766,109744.866,1,188647.42
2017,108,4,4,2,2,7222,628538.778,1,412612.04
2017,108,4,12,2,1,5030,1075832.247,1,1992648.8
2018,1,1,3,2,2,7706##7670,253.92##314.64,2,1779120.81
2018,1,1,4,2,1,10481##10483##10484##11271##11273##11279##11280##11284##11292,433.32##1070.88##253.92##963.24##957.72,9,6349912.07
2018,1,1,4,2,2,7690##7693##7703##7682##7713##7694,966.0##954.96##309.12##1007.4##1059.84##993.6,6,1481743.6
2018,1,1,6,2,1,10790##10805,935.64##977.04,2,1499999.9
2018,1,1,6,2,2,9723##9739##9744##9751##9731,433.32##966.0##977.04##314.64##932.88,5,3879963.03
2018,1,1,7,2,1,11417##11415##10482##10491##10492##10495,1023.96##977.04##946.68##919.08##935.64,6,1499516.8
2018,1,1,7,2,2,7685##7705##7691##7671,938.4##982.56##946.68##173.88,4,1815444.7
2018,1,1,9,2,1,11415,977.04,1,286000.0
2018,1,1,9,2,2,7691##7687##9745##9750##9716##9731##9711,946.68##935.64##977.04##314.64##932.88,7,3255466.7
2018,1,1,10,2,2,7670##7705##7691##7687##7694##9760##9716##9711##9714##9736,314.64##982.56##946.68##935.64##993.6##1070.88##173.88##990.84,10,2008138.48
2018,1,1,11,2,1,11414##8807,1018.44##977.04,2,867000.32
2018,1,1,11,2,2,7671##7687##7701##7711##7682##7713##7694##9731##9711##9703##9746##9714##9736,173.88##935.64##977.04##1018.44##1007.4##1059.84##993.6##932.88##963.24##990.84,13,5048601.22
2018,1,1,12,2,1,9487,954.96,1,399871.99
2018,1,2,4,2,1,10485##11276##11277##11278,1079.16##910.8##921.84,4,1740396.14
2018,1,2,4,2,2,7669##7688##7714,910.8##921.84##908.04,3,929418.71
2018,1,2,6,2,2,9713,910.8,1,559111.67
2018,1,2,7,2,1,11412##11413##11416##11418##11424##10486##10487,941.16##905.28##1051.56##1004.64##1115.04##1043.28,7,1384203.16
2018,1,2,7,2,2,7702,941.16,1,257720.51
2018,1,2,9,2,1,11412##11413##11416##11418##11424,941.16##905.28##1051.56##1004.64##1115.04,5,586524.01
2018,1,2,9,2,2,7702##9712##9743,941.16##1043.28,3,772994.45
2018,1,2,10,2,2,7714##7700##9759##9732##9763,908.04##1079.16##1046.04,5,1460479.58
2018,1,2,11,2,2,7688##9713##9756##9732##9763,921.84##910.8##1046.04##1079.16,5,1748996.87
2018,1,3,4,2,1,11275##11282,182.16##391.92,2,9008844.05
2018,1,3,6,1,3,2786##2787,5##2,2,7000000.0
2018,1,3,6,2,1,10816,115.92,1,1500000.15
2018,1,3,7,2,1,11419##10498,416.76,2,1702361.4
2018,1,3,7,2,2,7678,416.76,1,830618.64
2018,1,3,9,1,3,2790##2791##2792,2##4##3,3,2737540.0
2018,1,3,9,2,1,11421,394.68,1,1009443.17
2018,1,3,9,2,2,7665##7668##9708,394.68##414.0,3,6586055.19
2018,1,3,11,1,3,2788,4,1,2199929.0
2018,1,3,11,2,1,11422,394.68,1,1499990.2
2018,1,3,12,2,1,9472,405.72,1,836832.42
2018,3,3,6,1,4,2818,2,1,900003.0
2018,3,3,7,1,4,2815##2816,6##11,2,600000.0
2018,3,3,11,1,4,2817,11,1,500947.0
2018,7,3,6,1,4,2836,2,1,4750011.0
2018,7,3,7,1,4,2839##2840##2841##2842##2843,7##17##6##4##3,5,5799857.0
2018,7,3,9,1,4,2837,4,1,749997.0
2018,7,3,11,1,4,2846##2847,4##7,2,3800094.0
2018,7,3,13,1,4,2844,11,1,2902556.0
2018,12,3,10,1,3,2893##2895,17##6,2,580107.0
2018,12,3,13,1,3,2891##2894,7##4,2,922428.0
2018,13,3,6,1,3,2723##2726,5##2,2,4034638.0
2018,13,3,9,1,3,2724##2727,4##2,2,4980392.0
2018,14,3,4,1,4,2832,7,1,900001.0
2018,14,3,6,1,3,2633,2,1,615018.0
2018,14,3,6,1,4,2829##2831,2##5,2,1459518.0
2018,14,3,10,1,3,2634##2635,6##4,2,447607.0
2018,14,3,10,1,4,2833,6,1,399951.0
2018,14,3,11,1,3,2636,4,1,299953.0
2018,14,3,11,1,4,2834,4,1,699821.0
2018,14,3,13,1,3,2632,11,1,987994.0
2018,14,3,13,1,4,2830,11,1,1540005.0
2018,16,3,4,1,3,2802,11,1,949970.0
2018,16,3,6,1,3,2799##2805,5##2,2,1487473.0
2018,16,3,6,1,4,2591##2592,2##5,2,2002121.0
2018,16,3,7,1,3,2803,3,1,599906.0
2018,16,3,7,1,4,2584##2585,3##6,2,1601483.0
2018,16,3,10,1,3,2796##2797##2800##2801,4##6##17##7,4,1059296.0
2018,16,3,10,1,4,2586##2587##2588##2589,17##4##11##7,4,2806442.0
2018,16,3,11,1,3,2798,4,1,899876.0
2018,16,3,11,1,4,2590,4,1,1000001.0
2018,16,3,12,1,3,2804,1,1,100473.0
2018,16,3,13,1,4,2593,2,1,2474440.0
2018,18,1,1,2,2,10528,73883.3872,1,120640.01
2018,18,1,2,2,2,9107##9163##9177##10600,77997.9584##74777.8592##70663.288,4,959000.93
2018,18,1,3,2,2,9172##10588##10538##10528,70305.4992##72273.3376##69589.9216##73883.3872,4,1007760.02
2018,18,1,4,2,1,8016,75135.648,1,298363.09
2018,18,1,4,2,2,9177##9164##10538,70663.288##73883.3872##69589.9216,3,724869.02
2018,18,1,6,2,2,9107##10528##10564##10602##10838##10554##10587,77997.9584##73883.3872##74062.2816##86405.9952##70663.288##74777.8592,7,2002961.65
2018,18,1,7,2,1,8019,67085.4,1,79795.25
2018,18,1,7,2,2,9044##9550##9004##9075##9077##10610##10563##10536##10565##10579##10583,84259.2624##81396.952##67800.9776##68337.6608##69232.1328##67443.1888##67085.4,11,1721407.17
2018,18,1,8,2,1,8014,83722.5792,1,75000.05
2018,18,1,8,2,2,9000##9170##10522##10545##10596,83722.5792##70663.288##93025.088,5,2227498.46
2018,18,1,9,2,2,9550##9547##9004##9075##9077##10563##10536##10565##10579##10583,81396.952##67800.9776##68337.6608##67443.1888##67085.4,10,1877172.57
2018,18,1,10,2,1,8016,75135.648,1,207337.06
2018,18,1,10,2,2,9164##9155##9162##9548##10538##10528##10561##10578##10580,73883.3872##73704.4928##75135.648##69589.9216##71378.8656##77997.9584,9,1844155.61
2018,18,1,11,2,1,8021,77997.9584,1,300000.0
2018,18,1,11,2,2,9163##9080##9119##9135##9178##9215##10538##10587##10525##10527##10581##10589##10580,74777.8592##69589.9216##77997.9584##74062.2816##70305.4992##67800.9776##70663.288##72452.232,13,3385703.73
2018,18,2,1,2,2,9149##10573,80323.5856,2,299619.79
2018,18,2,2,2,2,10537##10582,68158.7664##85511.5232,2,530029.17
2018,18,2,7,2,2,9144,86584.8896,1,30000.0
2018,18,2,9,2,2,9144,86584.8896,1,20000.0
2018,18,2,10,2,2,9087##10568,78713.536##75851.2256,2,337767.97
2018,18,2,11,2,2,9078##10577,85511.5232,2,464652.73
2018,18,3,1,1,4,2820##2822,7##11,2,1739819.0
2018,18,3,1,2,2,10567,77640.1696,1,150000.12
2018,18,3,3,1,4,2823,4,1,600929.0
2018,18,3,3,2,2,9528##9008##10539,71021.0768,3,819045.12
2018,18,3,4,2,1,8010,71199.9712,1,100000.17
2018,18,3,4,2,2,9082##9174##10590##10567,77640.1696##71199.9712,4,1280350.24
2018,18,3,5,2,2,10576,71557.76,1,400000.01
2018,18,3,6,1,4,2819##2826,5##2,2,3298518.0
2018,18,3,6,2,2,9142##10601,74420.0704,2,1549999.9
2018,18,3,7,1,4,2828,3,1,550134.0
2018,18,3,7,2,1,8018,74241.176,1,320000.4
2018,18,3,7,2,2,9123##9183##10592##10607,73167.8096##74241.176,4,1169942.67
2018,18,3,8,2,2,9160##10559,71557.76,2,838671.24
2018,18,3,9,1,4,2824##2827,4##2,2,1394600.0
2018,18,3,9,2,2,9029##9106##10572##10609,71557.76##71021.0768,4,2100050.32
2018,18,3,10,1,4,2821,6,1,847836.0
2018,18,3,10,2,1,8017,71021.0768,1,280000.81
2018,18,3,10,2,2,9008##10567##10603##10606,71021.0768##77640.1696##71199.9712,4,871024.7
2018,18,3,11,1,4,2825,4,1,1500322.0
2018,19,3,3,1,3,2652,4,1,116997.0
2018,19,3,6,1,3,2660##2661##2718##2719,5##2,4,7822925.0
2018,19,3,7,1,3,2663##2664##2665,3##4##6,3,847088.0
2018,19,3,9,1,3,2667##2668##2721##2722,4##2,4,4923455.0
2018,19,3,10,1,3,2657##2658,4##6,2,481479.0
2018,19,3,11,1,3,2653,4,1,421006.0
2018,19,3,12,1,3,2654,2,1,227825.0
2018,19,3,13,1,3,2655,11,1,2141563.0
2018,22,3,3,1,3,2762,4,1,649754.0
2018,22,3,4,1,3,2759,7,1,233146.0
2018,22,3,6,1,3,2769##2771,5##2,2,2014143.0
2018,22,3,7,1,3,2760##2761,3##6,2,1251512.0
2018,22,3,9,1,3,2770,4,1,235935.0
2018,22,3,10,1,3,2763##2766,4##17,2,745003.0
2018,22,3,11,1,3,2764,4,1,800000.0
2018,26,3,6,1,4,2934,5,1,500000.0
2018,26,3,7,1,4,2929##2933,4##3,2,5003458.0
2018,26,3,9,1,4,2930##2932,4##2,2,3899949.0
2018,26,3,11,1,4,2931,4,1,600361.0
2018,27,1,3,2,1,8789##8804##8908##8776##9302##9401##10984##10976##11126,228952.6128##281055.6144##229453.6032##195887.2464##199895.1696##197390.2176##194885.2656##206909.0352,9,2475744.61
2018,27,1,3,2,2,9813,229453.6032,1,548962.58
2018,27,1,4,2,1,10898##8891##9232##9408##9306##9227##9370##10993,194885.2656##201899.1312##243982.3248##197891.208,8,2774496.17
2018,27,1,4,2,2,10378##9851,226447.6608##201899.1312,2,976180.7
2018,27,1,6,2,1,10898##8770##8777##8786##8819##9280##9312##9232##9408##9306##9227##10976##11092##11078,194885.2656##201899.1312##262518.9696##240976.3824##192380.3136##227950.632##243982.3248##197891.208##225946.6704##206909.0352,14,7557348.02
2018,27,1,6,2,2,10463,214924.8816,1,2400000.0
2018,27,1,7,2,1,10116##10902##8782##8788##8791##8799##8805##8887##8956##8899##9408##9260##9230##9354##9401##9403##9386##9368##11062##11126,226447.6608##227950.632##205907.0544##214924.8816##277047.6912##282057.5952##199895.1696##276045.7104##243982.3248##272037.7872##206909.0352,20,6654175.49
2018,27,1,7,2,2,10148,214924.8816,1,962000.0
2018,27,1,8,2,1,11429##8810##8890##9340##9306,273540.7584##197891.208,5,1715244.36
2018,27,1,8,2,2,9813,229453.6032,1,270384.56
2018,27,1,9,2,1,10902##8899##8775##8797##8864##9230##9354##9403##9333##9386##9368##9381##11078,227950.632##276045.7104##206909.0352##279051.6528##226447.6608##282057.5952##199895.1696##229453.6032,13,3440022.55
2018,27,1,10,2,1,8776##8896##8958##9401##9403##9368##9381##10984##11078##11126,195887.2464##233962.5168##206909.0352##199895.1696##229453.6032##197390.2176,10,2604037.79
2018,27,1,11,2,1,10079##10124##10128##10909##8856##9227##9370##9247##9252##11092##10993,201899.1312##246988.2672##281055.6144##271035.8064##206408.0448##197891.208##205406.064##225946.6704,11,4089494.04
2018,27,1,11,2,2,10378##9851,226447.6608##201899.1312,2,1553419.74
2018,27,1,13,2,1,9653##9686##9718,197891.208##273540.7584##197390.2176,3,3349640.92
2018,27,2,3,2,1,8778##8769##9286##11072,230455.584##237970.44##233461.5264##256507.0848,4,1524073.14
2018,27,2,3,2,2,10475,230455.584,1,1135299.26
2018,27,2,4,2,1,8773##8774##8796##9268##9337##9253##11002,235465.488##232960.536##274542.7392##237970.44##231457.5648,7,3213301.04
2018,27,2,6,2,1,8779##8780##8792##8793##8871##9253,228451.6224##260515.008##249994.2096##251497.1808##247990.248##231457.5648,6,3248297.33
2018,27,2,6,2,2,9893,230455.584,1,1146923.09
2018,27,2,7,2,1,10136##10899##8808##9357,230455.584##281556.6048,4,1668610.51
2018,27,2,8,2,1,10924##11425##11426##8798##8855##9294##9253##11109,288069.48##278550.6624##251497.1808##251998.1712##231457.5648,8,1971657.28
2018,27,2,9,2,1,8808##8783##8784##11047,281556.6048##244483.3152##269532.8352,4,2920532.4
2018,27,2,10,2,1,10934##10899##8769##8772##8801##8806##8847##9291##9336##9347##9402##11040##11049,256006.0944##230455.584##237970.44##272538.7776##234964.4976##241477.3728##231958.5552##270534.816##249994.2096##243481.3344,13,2577058.25
2018,27,2,10,2,2,10475##9893,230455.584,2,1331854.19
2018,27,2,11,2,1,10132##8808##8790##8800##8809##8957##9294##9276##9357,245485.296##281556.6048##250495.2##278550.6624##256507.0848##231958.5552##251998.1712##275544.72##230455.584,9,2181570.14
2018,27,2,13,2,1,9666,244483.3152,1,1124984.07
2018,27,3,3,1,4,2605,4,1,6084537.0
2018,27,3,4,1,3,2524##2963,4##11,2,2114219.0
2018,27,3,4,1,4,2598##2601##2604,7##11##4,3,5474139.0
2018,27,3,6,1,3,2530##2531##2961,5##2,3,9482357.0
2018,27,3,6,1,4,2596##2597,5##2,2,7861914.0
2018,27,3,7,1,3,2522##2702##2793,3,3,4277358.0
2018,27,3,7,1,4,2600##2609,6##3,2,1710403.0
2018,27,3,8,2,1,8795##9274,200396.16,2,471272.87
2018,27,3,9,1,3,2960,4,1,371399.0
2018,27,3,9,1,4,2607,4,1,1410608.0
2018,27,3,10,1,3,2525##2526##2669##2955##2957,4##6##11,5,3291017.0
2018,27,3,10,1,4,2602##2608,11##12,2,750312.0
2018,27,3,10,2,1,11110,204905.0736,1,500000.3
2018,27,3,11,1,3,2523##2704##2958,4,3,3367585.0
2018,27,3,11,1,4,2606,4,1,2548230.0
2018,27,3,12,1,3,2539##2703##2794,2,3,3756117.0
2018,27,3,12,1,4,2599,2,1,999853.0
2018,27,3,13,1,3,2528##2795##2959,7##4,3,3850895.0
2018,27,3,13,1,4,2603,11,1,1000108.0
2018,27,3,13,2,1,9684,204905.0736,1,845556.8
2018,27,4,6,2,1,8771,339170.5008,1,725497.45
2018,27,4,10,2,1,10904##11088,339170.5008,2,402949.69
2018,27,4,11,2,1,10904,339170.5008,1,160434.35
2018,28,3,7,1,3,2736##2737,3##7,2,280000.0
2018,28,3,11,1,3,2734,4,1,916791.0
2018,32,3,6,1,3,2867,2,1,536002.0
2018,32,3,7,1,3,2871##2878##2880,6##3##4,3,459781.0
2018,32,3,10,1,3,2870##2875##2881,6##17##4,3,330340.0
2018,32,3,11,1,3,2879,4,1,173792.0
2018,35,3,6,1,4,2547##2548,5##1,2,1032694.0
2018,35,3,7,1,4,2552,3,1,508440.0
2018,35,3,9,1,4,2549##2551,6##4,2,3045442.0
2018,35,3,13,1,4,2550,11,1,407719.0
2018,36,1,3,2,1,10223##10277##10962##10966,612924.4466##2427867.1314##975150.4026,4,999705.55
2018,36,1,3,2,2,9105##9115,2427867.1314##324096.908,2,987658.73
2018,36,1,4,2,1,10209##10218##10264##10299##10315##10319##10330##10957##10963##11514,2427867.1314##148703.2872##2362094.5236##2350655.8092##2744338.2298##612924.4466##2671893.0386,10,8029886.94
2018,36,1,4,2,2,9604##9620##9632##9641##9664,2427867.1314##975150.4026##2583243.002##2362094.5236##2373533.238,5,1837866.72
2018,36,1,6,2,1,10262##10270##10950##10952,2362094.5236##2651875.2884##612924.4466##2744338.2298,4,1698315.82
2018,36,1,6,2,2,8982##8985##9207##9607##9618##9619##9647##9665,192551.6924##2712881.7652##2340170.321##990402.0218##610064.768##2682378.5268##976103.6288,8,3202462.87
2018,36,1,7,2,1,10269##10326##10329##11514,975150.4026##2373533.238##2744338.2298,4,3087001.43
2018,36,1,7,2,2,9089##8964##8993##9111##9621##9674##9596##9631,2744338.2298##2362094.5236##2570851.0614##2373533.238##975150.4026,8,2106803.22
2018,36,1,9,2,1,10258##10263##10292##10305##10362##11506##11511##11533##11565,2354468.714##2362094.5236##2744338.2298##976103.6288##324096.908##2373533.238##2570851.0614##1443184.4668,9,3127655.0
2018,36,1,9,2,2,8960##8961##9043##9063##9064##9093##8964##8993##9111##9627##9649##9671##9672##9682##9719##9596##9631##9664,612924.4466##2671893.0386##324096.908##1443184.4668##976103.6288##2744338.2298##2362094.5236##2570851.0614##2373533.238##2354468.714,18,8950806.7
2018,36,1,10,2,1,10224##10295##10917,612924.4466##2744338.2298##2350655.8092,3,1074899.51
2018,36,1,10,2,2,9018##9096##9634##9661##9679,2561318.7994##2366860.6546##2427867.1314##2744338.2298,5,1504672.25
2018,36,1,11,2,1,10205##10208##10233##10267##10307##10317##10948##10951##11514,2350655.8092##2427867.1314##2651875.2884##2340170.321##612924.4466##2449791.334##2744338.2298,9,6100129.87
2018,36,1,11,2,2,9098##9111##8962##8980##9019##9090##9100##9622##9628##9635##9637##9651##9656##9667##9668##9670##9673##9632##9641##9664,2427867.1314##2373533.238##2671893.0386##2354468.714##2561318.7994##2744338.2298##2651875.2884##975150.4026##612924.4466##976103.6288##2449791.334##2350655.8092##2583243.002##2362094.5236,20,8692742.24
2018,36,2,6,2,1,10296,1515629.658,1,400113.66
2018,36,2,7,2,1,10959,1515629.658,1,159911.11
2018,36,2,7,2,2,9049##9633##9659,1515629.658,3,503232.22
2018,36,2,9,2,1,10285##10961##11548,1515629.658,3,748622.24
2018,36,2,9,2,2,8991##8992##9645##9663,1515629.658,4,913115.9
2018,36,3,4,1,3,2629##2728##2775,7##11,3,16343438.0
2018,36,3,4,2,2,9662,2386878.4048,1,2305567.23
2018,36,3,6,2,1,10321,2668080.1338,1,399994.65
2018,36,3,7,1,3,2774##2777,3##4,2,2498392.0
2018,36,3,7,2,1,10236##10318##10325##10337##10344##10348##10352,2547973.6326##2531768.7872##2516517.168##2497452.644,7,5208915.54
2018,36,3,7,2,2,9025##9041##9097##9625##9630##9640,2547973.6326##2531768.7872##2497452.644,6,4206221.29
2018,36,3,9,1,3,2772,2,1,1496790.0
2018,36,3,9,2,1,10255##10301##10331##10954##11528##11540##11551,2547973.6326##2539394.5968##2516517.168,7,11805289.6
2018,36,3,9,2,2,9629##9687,2547973.6326##2516517.168,2,707614.01
2018,36,3,10,2,1,10704##10705##10791##10846##11626,2497452.644##2506984.906##2705255.9556##2516517.168##2666173.6814,5,1215647.34
2018,36,3,10,2,2,9662##9616,2386878.4048##2506984.906,2,2468736.75
2018,36,3,11,1,3,2631##2773,4,2,9950274.0
2018,36,3,11,2,1,10265##10328##10964,2386878.4048##2516517.168,3,1826435.86
2018,36,3,11,2,2,9662,2386878.4048,1,397511.59
2018,42,3,1,1,3,2741,7,1,319980.0
2018,42,3,3,1,3,2748,4,1,117576.0
2018,42,3,6,1,3,2750,2,1,154598.0
2018,42,3,7,1,3,2752,3,1,311786.0
2018,42,3,9,1,3,2747,4,1,111280.0
2018,42,3,10,1,3,2743##2749,11##4,2,371664.0
2018,42,3,11,1,3,2739,4,1,173083.0
2018,45,3,3,1,3,2970,4,1,2119579.0
2018,45,3,4,1,3,2971,7,1,648661.0
2018,45,3,4,1,4,2610,7,1,2779840.0
2018,45,3,6,1,4,2611##2617,5##2,2,1734470.0
2018,45,3,7,1,3,2969,6,1,389420.0
2018,45,3,7,1,4,2612##2613##2614,3##6##4,3,3520890.0
2018,45,3,9,1,4,2615,4,1,699977.0
2018,45,3,11,1,4,2616,4,1,250000.0
2018,47,3,2,1,3,2855,1,1,443729.0
2018,47,3,4,1,3,2853,1,1,1357563.0
2018,47,3,6,1,3,2856,5,1,716790.0
2018,47,3,7,1,3,2865##2866,4##3,2,1340698.0
2018,47,3,11,1,3,2852,4,1,1120406.0
2018,48,3,2,1,3,2919,1,1,785760.0
2018,48,3,4,1,3,2927,11,1,1070000.0
2018,48,3,6,1,3,2918,5,1,999926.0
2018,48,3,7,1,3,2920##2921##2922,6##4##3,3,2757488.0
2018,48,3,10,1,3,2924##2925,6##4,2,1470462.0
2018,48,3,11,1,3,2928,4,1,3141895.0
2018,48,3,12,1,3,2923,2,1,1200212.0
2018,48,3,13,1,3,2926,7,1,2999277.0
2018,49,1,1,2,2,8011##8442##8413##8250,2506825.8##5110406.28##4309981.2,4,970898.32
2018,49,1,2,2,2,8200##8554##8582,4535155.728##4886990.928##5166699.912,3,363998.59
2018,49,1,3,2,2,8183##8431##8500##8516##8382##8483,5068186.056##4392662.472##4484139.624##4769126.136##4572098.424##1577980.872,6,1843935.6
2018,49,1,4,2,2,8268##8325##8364##8380##8437##8250,4457751.984##5062908.528##4728665.088##4769126.136##4484139.624##4309981.2,6,2262985.39
2018,49,1,6,2,2,8430##8466##8582,5101610.4##5048835.12##5166699.912,3,1635200.64
2018,49,1,7,2,2,7986##8180##8251##8421##8436##8438##8532##8570##8334,4457751.984##4535155.728##5101610.4##277949.808##4392662.472##2373128.424##2675706.696##198786.888##4904582.688,9,1501274.49
2018,49,1,10,2,2,8334##7992##8281##8358##8400##8402##8440##8441##8446##8584##8382##8483,4904582.688##5068186.056##5101610.4##4851807.408##4728665.088##4763848.608##5110406.28##4392662.472##4878195.048##5166699.912##4572098.424##1577980.872,12,4338087.05
2018,49,1,11,2,2,8341##8363##8412##8424##8450##8464##8471##8597,4904582.688##4728665.088##4886990.928##4309981.2##5110406.28##4484139.624##4559784.192##1563907.464,8,3484225.24
2018,49,1,12,2,2,8543##8413,5119202.16##4309981.2,2,1016379.99
2018,49,1,13,2,2,8308##8397##8513,2369610.072##4749775.2##225174.528,3,3604641.49
2018,49,2,2,2,2,8447,2357295.84,1,134000.38
2018,49,2,3,2,2,8098##8486,2512103.328##1535760.648,2,313016.55
2018,49,2,7,2,2,8369##8482##8508##8567,1572703.344##2413589.472##1767971.88##2559601.08,4,725368.94
2018,49,2,10,2,2,8024##8420##8427##8484##8578##8585,2524417.56##2007219.816##1993146.408##1572703.344##1583258.4##1534001.472,6,1183052.98
2018,49,2,11,2,2,8066##8439,3059207.064##2543768.496,2,505237.95
2018,49,2,13,2,2,8235,2512103.328,1,295210.0
2018,49,3,1,2,2,8429,4408495.056,1,150000.0
2018,49,3,4,2,2,8416##8576,4408495.056##5080500.288,2,2094894.2
2018,49,3,7,2,1,10494##10499,4711073.328##4651261.344,2,2631581.11
2018,49,3,7,2,2,8007##8419##8553##8581,4614318.648##4408495.056##4711073.328##4651261.344,4,2587549.94
2018,49,3,8,2,2,8468,4691722.392,1,858970.8
2018,49,3,11,2,2,8574##8586,4651261.344##5080500.288,2,1049752.39
2018,49,3,12,2,2,8277,4667093.928,1,1364998.99
2018,49,3,13,2,2,8248##8575,4614318.648##4651261.344,2,545999.8
2018,49,4,4,2,2,8377,4820142.24,1,499960.32
2018,49,4,7,2,2,8213,4820142.24,1,329739.87
2018,49,4,11,2,2,8379,4820142.24,1,299976.64
2018,51,1,3,2,1,11435,4660189.8483,1,600003.04
2018,51,1,4,2,2,8967##10646##10658##10662##10758##10774##10660,4607746.8892##5123134.5907##1567863.6393##1811994.6558##4510094.4826##5188236.1951##2661932.2688,7,2400047.19
2018,51,1,7,2,2,8970##10671##10675##9088,4580621.2207##5171960.794##4566154.1975,4,1505968.13
2018,51,1,10,2,2,8976##8986##9138##8967,4853686.2836##763135.4738##5249721.0437##4607746.8892,4,1088999.96
2018,51,1,11,2,2,9110##9152,775794.1191##754093.5843,2,800000.0
2018,51,2,4,2,2,10720##10814##9005,1207996.4372##3164661.325##3173703.2145,3,695100.49
2018,51,2,6,2,2,9005,3173703.2145,1,55241.76
2018,51,2,7,2,1,9615,1573288.773,1,399997.03
2018,51,2,7,2,2,9036##10768,1573288.773,2,798799.51
2018,51,2,10,2,2,8971##10748,1649240.6448##1455744.2095,2,719378.78
2018,51,2,11,2,2,9005,3173703.2145,1,55241.76
2018,51,3,4,2,1,8361,752285.2064,1,856000.0
2018,51,4,7,2,2,9102,4956763.8239,1,397740.08
2018,52,3,4,1,3,2707##2708,7##4,2,1284617.0
2018,52,3,7,1,3,2713##2714##2715##2716,3##4##6##7,4,1865624.0
2018,52,3,10,1,3,2710##2711,4##6,2,463197.0
2018,52,3,11,1,3,2705,4,1,1332064.0
2018,54,3,2,1,3,2915,1,1,812899.0
2018,54,3,6,1,3,2916##2917,5##2,2,2549555.0
2018,54,3,7,1,3,2914,3,1,146956.0
2018,55,1,4,2,1,11420##11423,138562.8687##685971.7327,2,804877.2
2018,55,1,4,2,2,10851##10919##8889,138562.8687##4918126.5125,3,1152634.79
2018,55,1,7,2,2,10845##10897##8918##8928##8889,691103.6908##4404930.7025##2586506.8824##92375.2458##138562.8687,5,1138517.25
2018,55,1,10,2,2,10920##8903##8930##8938##8948##8928,116324.3836##679129.1219##4204784.3366##2755861.4997##92375.2458,6,1754952.97
2018,55,2,4,2,2,10914##8942,672286.5111,2,340976.36
2018,55,2,7,2,1,9592,2251218.9532,1,49327.0
2018,55,2,7,2,2,10918##10878##10923##8920##8940,2299117.2288##2603613.4094##667154.553##662022.5949,5,2042668.59
2018,55,2,10,2,1,9594##9669##9592,2945743.9494##3017591.3628##2251218.9532,3,250928.34
2018,55,2,10,2,2,10878##10921##10923##10914##8841##8906##8934##8949##8954,2603613.4094##2299117.2288##667154.553##672286.5111##655179.9841##1404445.8667##1418131.0883,9,2638018.5
2018,55,2,12,2,1,10706,3096281.387,1,53125.5
2018,55,3,4,2,1,11388,4728244.0628,1,3970322.79
2018,55,3,7,1,3,2692,4,1,1127942.0
2018,55,3,10,2,1,8650,4728244.0628,1,499573.37
2018,58,3,6,1,4,2902##2910,5##2,2,1605986.0
2018,58,3,7,1,3,2890,4,1,2500000.0
2018,58,3,7,1,4,2903##2905##2907##2911,7##6##4##3,4,3149267.0
2018,58,3,10,1,4,2906##2908,11##12,2,2000000.0
2018,58,3,11,1,4,2909,4,1,499910.0
2018,58,3,12,1,3,2687,2,1,1153061.0
2018,58,3,12,1,4,2904,2,1,850167.0
2018,59,3,7,1,3,2947##2948##2949,3##4##7,3,1000000.0
2018,61,3,6,1,3,2729##2732,5##2,2,4200000.0
2018,61,3,6,1,4,2562##2563,5##2,2,2799801.0
2018,61,3,9,1,3,2730##2731##2733,3##2##4,3,2797663.0
2018,61,3,9,1,4,2554##2564,2##4,2,2400000.0
2018,61,3,11,1,4,2553##2565,4##7,2,2799999.0
2018,63,3,6,1,3,2637##2640,2##5,2,1975875.0
2018,63,3,9,1,3,2639,4,1,1000000.0
2018,63,3,12,1,3,2638,2,1,999998.0
2018,67,1,3,2,1,10370##10403##10358,93320.2115##1946730.488##3012234.675,3,331793.14
2018,67,1,3,2,2,9991##11217##11299##11300,1136380.297##3203600.172##3012234.675##3072479.3685,4,776546.07
2018,67,1,4,2,1,10403##10358,1946730.488##3012234.675,2,225057.98
2018,67,1,4,2,2,9642##11300##11254##11323,3012234.675##3072479.3685##3205962.709##3057122.878,4,415673.31
2018,67,1,6,2,1,10356##10403,3194150.024##1946730.488,2,439088.15
2018,67,1,6,2,2,11300##11218##11228##11323,3072479.3685##3203600.172##760736.914##3057122.878,4,677840.48
2018,67,1,7,2,2,9701##9775##11300##11220##11223##11236,1542736.661##2967346.472##3072479.3685##1333652.1365##3046491.4615,6,1111869.16
2018,67,1,9,2,2,9906##11300##11223##11305##11218,1954999.3675##3072479.3685##1333652.1365##3294557.8465##3203600.172,5,565004.9
2018,67,1,10,2,2,9775##10180##10181##9757##11300##11236##11218##11228,2967346.472##3171705.9225##562283.806##3072479.3685##3046491.4615##3203600.172##760736.914,8,1660145.46
2018,67,1,11,2,2,10055##10067##9753##11305##11228##11306##11323,3057122.878##603628.2035##3294557.8465##760736.914##3171705.9225,7,1450109.11
2018,67,2,1,2,2,9688,598903.1295,1,48000.0
2018,67,2,3,2,2,9688##9894,598903.1295##636703.7215,2,276779.99
2018,67,2,4,2,2,9688##9894##9623##11313##11208##11249,598903.1295##636703.7215##507945.455##602446.935,6,1965800.68
2018,67,2,6,2,2,9688##9894##11313,598903.1295##636703.7215,3,851999.3
2018,67,2,7,2,2,9688,598903.1295,1,191999.99
2018,67,2,9,2,2,9688##9894##11313,598903.1295##636703.7215,3,105944.69
2018,67,2,10,2,2,9688,598903.1295,1,36000.0
2018,67,2,11,2,2,9688##9894##11249,598903.1295##636703.7215##602446.935,3,334616.63
2018,67,3,6,1,3,2505##2506##2812##2813,2##5,4,5680052.0
2018,67,3,6,2,2,9762,584727.9075,1,599203.42
2018,67,3,7,1,3,2503##2814,3,2,387535.0
2018,67,3,7,2,2,9652##9706##11309,2955533.787##3092560.933,3,642904.09
2018,67,3,10,1,3,2508##2509##2807##2808##2809,4##6##7,5,739449.0
2018,67,3,10,2,2,9706##11309,3092560.933,2,109476.0
2018,67,3,11,1,3,2810,4,1,399217.0
2018,71,3,4,1,3,2783,7,1,1550001.0
2018,71,3,6,1,3,2778##2784,2##5,2,2365883.0
2018,71,3,7,1,3,2939,3,1,993790.0
2018,71,3,10,1,3,2780##2781##2782,4##11##6,3,1159278.0
2018,71,3,11,1,3,2779##2938,4,2,1756980.0
2018,71,3,12,1,3,2912##2940,2,2,1560975.0
2018,72,1,1,2,1,8244##9608,4682347.725##4768244.85,2,375999.72
2018,72,1,1,2,2,10864##10832,4768244.85##4682347.725,2,599999.78
2018,72,1,3,2,2,10740,5186277.525,1,449999.3
2018,72,1,4,2,1,8150##8244,4873230.225##4682347.725,2,1316890.39
2018,72,1,4,2,2,10832,4682347.725,1,300000.32
2018,72,1,7,2,1,8161##8279##9597,4768244.85##5604310.2,3,760000.0
2018,72,1,7,2,2,10842,4768244.85,1,299999.76
2018,72,1,9,2,1,8143##8279,4768244.85##5604310.2,2,451012.37
2018,72,1,9,2,2,10794,5186277.525,1,600000.0
2018,72,1,10,2,2,10726##10741##10799##10852,3193464.225##5144283.375##5186277.525##4852233.15,4,1364803.73
2018,72,1,11,2,1,8279##8642##9211##9602,5604310.2##4873230.225##4951492.05,4,1233000.0
2018,72,1,11,2,2,10852##10729##10840,4852233.15##3042667.05##5621489.625,3,910957.59
2018,72,2,3,2,2,10709##10751,3203008.35##3088478.85,2,387613.45
2018,72,2,4,2,2,10796,3101840.625,1,200000.0
2018,72,2,6,2,2,10710##10867##10804,3203008.35##3212552.475##3248820.15,3,1099631.85
2018,72,2,7,2,2,10749,3033122.925,1,350028.04
2018,72,2,9,2,2,10844,3212552.475,1,196220.85
2018,72,2,10,2,2,10713##10763,3036940.575##3092296.5,2,462322.57
2018,72,2,11,2,2,10804##10711##10833,3248820.15##3203008.35##3208734.825,3,297544.73
2018,72,3,1,2,1,8233##9430##9600,4789241.925,3,2183433.35
2018,72,3,1,2,2,10841,4789241.925,1,440000.0
2018,72,3,3,2,1,9442,5050750.95,1,499315.5
2018,72,3,3,2,2,10875,5050750.95,1,680500.61
2018,72,3,4,1,3,2950,7,1,1100003.0
2018,72,3,4,2,1,8233##8307##9600##9612,4789241.925##5027845.05,4,2444411.84
2018,72,3,4,2,2,10841##10865,4789241.925##5027845.05,2,1359451.55
2018,72,3,7,1,3,2688##2935##2936##2951##2952,3##4##6,5,3298704.0
2018,72,3,7,2,1,8207##9212##9424##9441##9598##9601##9636,5113742.175##5010665.625##5050750.95,7,3956623.75
2018,72,3,7,2,2,10754##10872,5113742.175##5050750.95,2,1498073.57
2018,72,3,8,2,1,8329,5094653.925,1,1999680.48
2018,72,3,8,2,2,10857,5094653.925,1,2199947.53
2018,72,3,9,2,2,10786##10866,5113742.175##5050750.95,2,1042605.45
2018,72,3,10,2,1,8296##8716##8768##9367##9431##9434##9599##9610,5027845.05##5010665.625##5415336.525##5050750.95,8,2459661.26
2018,72,3,10,2,2,10870,5027845.05,1,397515.1
2018,72,3,11,1,3,2937##2954,4,2,2468170.0
2018,72,3,11,2,1,8175##8652##9213##9440##9600##9603,5050750.95##4789241.925,6,2361097.79
2018,72,3,11,2,2,10752##10817,5050750.95##4789241.925,2,888581.29
2018,73,1,3,2,2,10680,1835615.1805,1,340635.76
2018,73,1,4,2,1,7709,3727593.6487,1,234899.24
2018,73,1,4,2,2,9031##9034##9139##9184##10747,763189.3821##4190686.6071##3727593.6487##4271423.2084##4262283.2158,5,1481121.27
2018,73,1,6,2,2,10653##10701##10721,3755013.6265##763189.3821##4343019.8171,3,1572714.31
2018,73,1,7,2,1,9171##9182##9196##9451##9457,4205919.9281##3850983.5488##4352159.8097,5,2835225.22
2018,73,1,7,2,2,10762,4285133.1973,1,721996.37
2018,73,1,10,2,1,9456##9521##9536,1812765.199##4052063.386##4285133.1973,3,757738.28
2018,73,1,10,2,2,9079##9156##10777,4423756.4184##719012.7512##4277516.5368,3,734923.28
2018,73,1,11,2,2,8994##9134##10722##10724##10793,4271423.2084##4262283.2158##4343019.8171,5,1852926.41
2018,73,2,4,2,2,9030,667219.4598,1,282532.86
2018,73,2,6,2,2,10737##10757##10764,709872.7586##720536.0833##691592.7734,3,1132268.89
2018,73,2,7,2,1,9202##9489,676359.4524,2,800000.18
2018,73,2,7,2,2,10652##10725##10807,2630794.5367##700732.766##2632317.8688,3,826798.79
2018,73,2,10,2,1,9200##9203##9448##9512,682452.7808##1163825.7244##1824951.8558##685499.445,4,958429.41
2018,73,2,10,2,2,9094##9159,1200385.6948##682452.7808,2,449724.19
2018,73,2,11,2,2,8999##9067##10714,709872.7586##668742.7919,3,1293644.01
2018,73,3,3,2,2,10778,4023120.0761,1,244558.23
2018,73,3,6,1,3,2628,13,1,15005129.0
2018,73,3,6,2,1,7749,4301889.8504,1,287991.27
2018,73,3,7,1,3,2690##2691,3##4,2,1260080.0
2018,73,3,7,2,1,7749##9458##9468##9535##10516,4301889.8504##4073390.0354##4023120.0761,5,3064368.73
2018,73,3,11,2,1,10516,4301889.8504,1,506489.85
2018,73,3,11,2,2,10769,4023120.0761,1,793946.9
2018,74,1,11,2,2,7754##7812##7868,1347477.744##700004.304##890581.392,3,1585649.85
2018,74,2,4,2,2,7783##7849,835607.232##768416.592,2,649943.34
2018,74,2,7,2,1,8794,2139105.648,1,125054.32
2018,74,2,7,2,2,7832##7853##7918,724437.264##673128.048##701225.952,3,1499942.25
2018,74,2,11,2,2,7962##7969##7995,648695.088##1320601.488##678014.64,3,1497582.7
2018,74,3,3,1,4,2575##2576,1##4,2,2495190.0
2018,74,3,6,1,4,2578##2579,5##2,2,4000368.0
2018,74,3,9,1,4,2581##2582##2583,4##2##3,3,1498247.0
2018,75,3,4,1,3,2646,7,1,997881.0
2018,75,3,6,1,3,2649,2,1,3235587.0
2018,75,3,7,1,3,2641##2645##2651,4##6##3,3,1275184.0
2018,75,3,9,1,3,2642,4,1,1333351.0
2018,75,3,10,1,3,2643##2648,4##17,2,604954.0
2018,75,3,11,1,3,2644##2647,4##7,2,1254233.0
2018,75,3,12,1,3,2650##2670,2##1,2,485520.0
2018,77,3,7,1,3,2869##2872,3##6,2,419601.0
2018,77,3,9,1,3,2874,4,1,121750.0
2018,77,3,10,1,3,2873##2876,6##4,2,315028.0
2018,77,3,11,1,3,2877,4,1,560108.0
2018,77,3,13,1,3,2868,7,1,558709.0
2018,78,3,2,1,4,2569,1,1,691923.0
2018,78,3,6,1,4,2568##2572,5##2,2,2049997.0
2018,78,3,7,1,4,2567##2573,6##3,2,935999.0
2018,78,3,9,1,4,2571,4,1,453766.0
2018,78,3,10,1,4,2566##2570,6##11,2,900018.0
2018,79,3,6,1,4,2858##2863,1##5,2,902122.0
2018,79,3,7,1,4,2859##2861##2862,4##6##3,3,1474787.0
2018,79,3,9,1,4,2857,2,1,700001.0
2018,79,3,13,1,4,2860,11,1,899972.0
2018,80,1,2,2,2,8368##8697,18675.54##4740.714,2,951998.48
2018,80,1,3,2,2,8053##8219##7838,48843.72##4740.714##22554.306,3,918847.92
2018,80,1,4,2,1,9210##10466,1723.896##10056.06,2,343278.37
2018,80,1,6,2,2,7820##7830##7865##8037##8803##8168##8381##10888##10933##10892##10896##10908##10938,14078.484##4309.74##18675.54##43097.4##7182.9##22554.306##22266.99##9050.454##29018.916##13791.168,13,8581393.56
2018,80,1,7,2,1,10459##9217##9210,5028.03##4022.424##1723.896,3,758249.74
2018,80,1,7,2,2,7734##8327##7718##7785##7798##7825##7834##7855##7861##8561##10888##10933##10892##10896##10908##10938,5028.03##48843.72##16377.012##43672.032##21979.674##1723.896##9050.454##7182.9##22266.99##4309.74##29018.916##14078.484##13791.168,16,5312897.17
2018,80,1,9,2,1,10459##9217##9210,5028.03##4022.424##1723.896,3,460395.56
2018,80,1,9,2,2,7798##7825##7834##7855##7861##8561##10888##10933##10892##10896##10908##10938,21979.674##1723.896##9050.454##7182.9##43672.032##22266.99##4309.74##29018.916##14078.484##13791.168,12,3447647.4
2018,80,1,10,2,1,10466##9218,10056.06##43097.4,2,234388.81
2018,80,1,10,2,2,7838##8168##7907,22554.306##16377.012,3,522853.46
2018,80,1,11,2,1,9210##9226##10466##9218,1723.896##13791.168##10056.06##43097.4,4,881029.72
2018,80,1,11,2,2,7734##8327##7718##8381##7796##7807##7822##7824##7856##7951##8038##10888##10933##10892##10896##10908##10938,5028.03##48843.72##16377.012##14078.484##4309.74##21979.674##1723.896##18675.54##7182.9##13791.168##43097.4##22266.99##9050.454##29018.916,17,6744016.76
2018,80,1,13,2,1,10829##10830,19106.514##4022.424,2,1097488.49
2018,80,1,13,2,2,7726##7743##7775##7791##7805##7823##8199,861.948##48843.72##22266.99##5028.03##19106.514##1723.896##10056.06,7,3943947.08
2018,80,2,2,2,2,8208,49274.694,1,150000.09
2018,80,2,3,2,2,7803##8012,32897.682##47694.456,2,403748.19
2018,80,2,7,2,2,7846,47838.114,1,374811.9
2018,80,2,9,2,2,8055,50567.616,1,237807.5
2018,80,2,10,2,2,7846##8186##8884,47838.114##12929.22,3,531716.71
2018,80,2,13,2,1,10828##10831,50136.642##1580.238,2,433251.56
2018,80,2,13,2,2,7723##8217,32897.682##44390.322,2,556722.02
2018,80,3,2,2,2,8714,19250.172,1,150000.54
2018,80,3,3,1,4,2885,4,1,962378.0
2018,80,3,4,2,2,7858,9481.428,1,204001.06
2018,80,3,6,1,4,2887##2889,2##5,2,7790748.0
2018,80,3,6,2,2,8022,6033.636,1,500000.0
2018,80,3,7,1,4,2888,3,1,2575700.0
2018,80,3,7,2,1,11359##11360,21692.358##20543.094,2,1000231.72
2018,80,3,7,2,2,7862,21692.358,1,546668.8
2018,80,3,8,2,1,10939,21548.7,1,1000000.0
2018,80,3,9,1,4,2884,4,1,3920000.0
2018,80,3,9,2,2,7862##8225,21692.358##20543.094,2,1396452.05
2018,80,3,11,1,4,2882##2886,7##4,2,2000000.0
2018,80,3,11,2,2,7858,9481.428,1,306001.59
2018,80,3,12,2,2,10873,9481.428,1,500000.3
2018,80,3,13,1,4,2883,11,1,2749050.0
2018,81,3,6,1,4,2850,2,1,2200000.0
2018,81,3,7,1,4,2848,6,1,125067.0
2018,81,3,13,1,4,2849,11,1,675000.0
2018,87,1,1,2,1,10140##10162,388.857##11743.4814,2,518875.92
2018,87,1,1,2,2,8629##8673##8505##8671##11119##11158##11160##11193,11743.4814##388.857##1244.3424,8,1705750.63
2018,87,1,3,2,1,9502##10089,9565.8822##1399.8852,2,613106.16
2018,87,1,3,2,2,8512##8577##8625##11031##11084##11206,699.9426##1399.8852##1244.3424##233.3142##9565.8822##2955.3132,6,2265753.15
2018,87,1,4,2,1,10162##10139##10956,11743.4814##1244.3424##388.857,3,1339475.4
2018,87,1,4,2,2,8505##8671##8506##11160##11193,388.857##11743.4814##1244.3424,5,1874542.76
2018,87,1,6,2,1,10011##10125,4821.8268##51951.2952,2,863604.27
2018,87,1,6,2,2,8465##8529##8612##8618##11059##11151##11204,311.0856##1244.3424##51951.2952##388.857##65794.6044##13221.138,7,3275448.72
2018,87,1,7,2,1,9502##9578##9912##9974,9565.8822##16098.6798##2955.3132,4,870636.25
2018,87,1,7,2,2,8649##8654##8628##11156##11211,11121.3102##699.9426##2955.3132,5,1732879.45
2018,87,1,9,2,1,9502##9578##10125##9912##9974,9565.8822##16098.6798##51951.2952##2955.3132,5,879299.14
2018,87,1,9,2,2,8628##8759##11156##11211,699.9426##2955.3132,4,1348173.57
2018,87,1,10,2,1,10140##10089,388.857##1399.8852,2,279909.66
2018,87,1,10,2,2,8505##8609##11206##11146##11154,388.857##2955.3132##1244.3424,5,1289671.25
2018,87,1,11,2,1,9502##9578##10162##10089##9912##9974##10139##10126##10143,9565.8822##16098.6798##11743.4814##1399.8852##2955.3132##1244.3424##51951.2952,9,2715153.92
2018,87,1,11,2,2,8505##8671##8628##8692##8766##11193##11156##11211##11130##11210##11154,388.857##11743.4814##699.9426##2955.3132##62917.0626##64705.8048,11,4233787.86
2018,87,1,13,2,2,11213##11214,63150.3768##12210.1098,2,499999.53
2018,87,2,1,2,2,8658##8682##11050,64316.9478##62683.7484##4199.6556,3,364986.24
2018,87,2,3,2,1,9224##9216##9221##10145,66416.7756##27919.9326##62372.6628##64083.6336,4,698761.67
2018,87,2,3,2,2,8641##8703##8496##8624##8758##11076##10992,62372.6628##64394.7192##5988.3978##62839.2912##63539.2338,7,1396005.69
2018,87,2,4,2,1,9590##10955,65094.6618##62683.7484,2,869516.03
2018,87,2,4,2,2,8658##8653##8681##8682##11050##11010##11086,64316.9478##62839.2912##62683.7484##4199.6556,7,2527975.53
2018,87,2,6,2,1,9579##9580##9998,65405.7474##17187.4794##63305.9196,3,1165946.42
2018,87,2,6,2,2,8596##8694##8496##8624##8758##10991##11017##11039,65327.976##2877.5418##5988.3978##62839.2912##63539.2338,8,2744133.24
2018,87,2,7,2,1,9985,65016.8904,1,123607.95
2018,87,2,7,2,2,8496##8624##8758##8470##8748##8738##8493##8538##8539##8619##8455##8750##11139##11111##11162##11058##11079##11080##11025##11185,5988.3978##62839.2912##63539.2338##23331.42##27608.847##30408.6174##65250.2046##11665.71##22164.849##8321.5398##18976.2216##26597.8188##66416.7756##63461.4624##64005.8622##63694.7766,20,3543318.2
2018,87,2,9,2,1,9985,65016.8904,1,123607.95
2018,87,2,9,2,2,8496##8624##8758##8738##8493##8538##8539##8619##8472##8503##8723##8749##8455##8750##11058##11079##11080##11057##11025##11185,5988.3978##62839.2912##63539.2338##30408.6174##65250.2046##11665.71##22164.849##8321.5398##23331.42##8399.3112##62605.977##15632.0514##18976.2216##26597.8188##63461.4624##64005.8622##63694.7766,20,3365653.92
2018,87,2,10,2,1,9224##9216##9221##9214##9590##10145##10154,66416.7756##27919.9326##62372.6628##63772.548##65094.6618##64083.6336##65327.976,7,1103456.31
2018,87,2,10,2,2,8477##8533##8651##8672##8676##8658##8682##10992##11008##11027,22164.849##4199.6556##8399.3112##23331.42##64316.9478##62683.7484##63539.2338##18976.2216,10,2306054.44
2018,87,2,11,2,1,10145##9985,64083.6336##65016.8904,2,307009.86
2018,87,2,11,2,2,8496##8624##8758##8493##8538##8539##8619##8455##8658##8682##8675##8711##8750##11058##11079##11080##11025##11185##11032##11034##11173##11027,5988.3978##62839.2912##63539.2338##65250.2046##11665.71##22164.849##8321.5398##18976.2216##64316.9478##62683.7484##19909.4784##26597.8188##63461.4624##64005.8622##63694.7766##63928.0908##15632.0514,22,4187329.79
2018,87,3,4,1,3,2695,11,1,970705.0
2018,87,3,6,1,3,2673##2686##2697,5##2,3,8166120.0
2018,87,3,7,1,3,2677##2683##2684##2685##2699,3##4##7##6,5,2483910.0
2018,87,3,8,2,2,8898##11149,1944.285,2,1100000.03
2018,87,3,9,1,3,2679##2680,4##2,2,2000979.0
2018,87,3,11,1,3,2671##2681##2698,4##7,3,3047317.0
2018,87,3,12,1,3,2696,2,1,600000.0
2018,87,4,6,2,1,9973,62294.8914,1,363615.37
2018,87,4,7,2,1,9577,65639.0616,1,89106.42
2018,87,4,9,2,1,9577,65639.0616,1,89106.42
2018,87,4,9,2,2,11013,62294.8914,1,147477.03
2018,87,4,11,2,1,9577,65639.0616,1,44553.21
2018,88,1,1,2,2,9776##9780##9963,12760.989##5596.925##16790.775,3,884670.37
2018,88,1,3,2,2,7954##7997##8126##8191##9810##9832##9889,10522.219##11641.604##11193.85##9178.957,7,2562842.88
2018,88,1,4,2,2,7919##7937##7953##8009##8035##8220##8258##10038##10041##10087##9771##9784##9874##9938,5596.925##19029.545##10522.219##26641.363##12537.112##7387.941##9178.957##12760.989,14,2800933.23
2018,88,1,6,2,2,7965##8008##8190##8255##10046##9996,3134.278##8507.326##26641.363##5373.048##30671.149##53954.357,6,1185986.96
2018,88,1,7,2,1,11268##11297##11427##11428,26641.363##21268.315##53954.357##68506.362,4,1603421.39
2018,88,1,7,2,2,7924##7941##8099##8205##10080##9782##9787##9873##9890##9921##9953,8283.449##11641.604##11865.481##21268.315##6492.433##60670.667##26641.363##11193.85,11,2039747.36
2018,88,1,9,2,2,7917##7978##8074##8114##10040##10070##9774##9825##9827##9833##9847##9902##9944##9955##9965,26641.363##11641.604##1791.016##11865.481##21268.315##7387.941##41641.122##11193.85##4925.294##14552.005##14328.128##30671.149,15,3939704.06
2018,88,1,10,2,2,7987##8101##8108##8129##8152##8182##8184##10009##10034##10072##9792##9840##9896##9897##9900##9939##9946##9987##9997,11641.604##22163.823##5820.802##5596.925##20596.684##8731.203##9178.957##26641.363##38282.967##8283.449,19,5151148.25
2018,88,1,11,2,2,7915##8118##8146##8212##9841##9989,12537.112##8507.326##7835.695##9178.957,6,1585355.62
2018,88,2,1,2,2,7921##8266##9918,28208.502##34477.058,3,815003.24
2018,88,2,3,2,2,7880##8036##8144##9795##9796##9959,23283.208##22611.577##18357.914,6,2551898.55
2018,88,2,4,2,2,7916##7988##7998##8078##8094##8110##10056##9783##9859##9924,48357.432##19477.299##43208.261##22611.577##41417.245##23730.962,10,991358.27
2018,88,2,6,2,2,7929##7947##8046##8069##8089##8252##8259##8300##10015##10077##9789##9830##9903##9920##9966,45223.154##38506.844##18357.914##27984.625##20148.93##34029.304##58879.651##59999.036##22611.577##39178.475,15,2563252.0
2018,88,2,7,2,2,7883##7931##7976##7977##7979##7985##8049##8064##8081##8137##8157##8169##8301##10030##10032##9790##9798##9820##9824##9836##9869##9910##9954##9981,23283.208##25969.732##22611.577##44775.4##27984.625##28208.502##68730.239##32909.919##43879.892##48805.186##18357.914##40073.983##20820.561##22835.454##19925.053,24,3371483.44
2018,88,2,9,2,2,7911##7926##7944##8289##10057##9773##9870##9891##9951,51491.71##68730.239##18357.914##34477.058##22835.454,9,2048311.82
2018,88,2,10,2,2,7948##7980##8060##8072##8090##8092##8096##8113##8179##8204##8241##8256##8306##10005##10020##10043##10073##9769##9770##9772##9777##9804##9834##9842##9849##9861##9919##9979##9982##9983,19701.176##68730.239##18357.914##38730.721##32686.042##31342.78##48133.555##28208.502##43432.138##22835.454##39850.106##55745.373##54625.988##55521.496##49700.694##47238.047##48357.432##54849.865,30,3282684.59
2018,88,2,11,2,2,7881##7892##7893##7894##7981##7984##8005##8189##8238##10014##10039##10081##10099##9786##9791##9797##9801##9845##9885##9907##9945,23283.208##26417.486##52611.095##22611.577##68730.239##18357.914##19477.299##20820.561##40073.983##45447.031##50820.079##39850.106##40297.86##43879.892##34253.181,21,4719618.41
2018,88,3,1,2,2,7890,1343.262,1,200000.0
2018,88,3,6,2,2,10025,895.508,1,1450000.01
2018,88,3,7,2,2,7897##8088##8121##10071##9860##9932##9933##9934##9935,1343.262##671.631##1119.385##2014.893,9,3502648.72
2018,88,3,8,2,1,11248,1567.139,1,360000.0
2018,88,3,8,2,2,7900##7904##10026,1343.262##1567.139,3,3200000.03
2018,88,3,9,2,2,8176##8178##8314##10045##9848,1119.385##671.631##1567.139,5,2280400.48
2018,88,3,10,2,2,9812,1119.385,1,199469.72
2018,88,3,11,2,2,8174,671.631,1,76028.85
2018,91,1,3,2,2,10509##10543##10550##10682,3203726.744##3751595.324##3690286.221##845282.952,4,1732997.76
2018,91,1,4,2,1,8842##8867##8820##8826##8812,3690286.221##3507663.361##3751595.324##3203726.744##3622454.873,5,1094522.26
2018,91,1,4,2,2,10519##10625##10681,3306778.215##3591148.097##2231912.239,3,1776534.02
2018,91,1,6,2,1,8846,2106685.135,1,392790.17
2018,91,1,7,2,1,8869,3533752.341,1,95015.11
2018,91,1,7,2,2,10638,1986675.827,1,299998.58
2018,91,1,10,2,1,8869##8826,3533752.341##3203726.744,2,200799.52
2018,91,1,10,2,2,10636,3674632.833,1,275400.88
2018,91,1,11,2,1,10958##8869##8820##8826##8868##8812,2239738.933##3533752.341##3751595.324##3203726.744##3507663.361##3622454.873,6,1933579.49
2018,91,1,11,2,2,10501##10513##10514##10621##10642##10654,2239738.933##3203726.744##3690286.221##3751595.324##845282.952##3533752.341,6,4077583.43
2018,91,2,4,2,1,8823,623526.622,1,684051.0
2018,91,2,4,2,2,10530##10542,623526.622##656137.847,2,1329799.21
2018,91,2,7,2,2,10620,656137.847,1,299992.03
2018,91,2,10,2,2,10504,2243652.28,1,319340.22
2018,91,3,4,2,1,9223##9265##8845##8852##8850,3432005.319##644397.806##3446354.258,5,5554283.78
2018,91,3,4,2,2,10511##10517,3765944.263##644397.806,2,1374172.2
2018,91,3,6,2,1,10953##9265,3687677.323##644397.806,2,3108256.26
2018,91,3,7,2,1,9265##8813##8814##8849##8877,644397.806##3489401.075##3422874.176##3446354.258,5,1808959.12
2018,91,3,7,2,2,10544##10635##10656##10672##10683,3422874.176##644397.806##3446354.258##3432005.319##3489401.075,5,2489110.68
2018,91,3,9,2,1,8838,3446354.258,1,999953.95
2018,91,3,10,2,1,8848##8854##8850,3422874.176##3446354.258##3432005.319,3,2708461.3
2018,91,3,10,2,2,10618,3422874.176,1,847493.5
2018,91,3,11,2,1,9265##8840,644397.806##3446354.258,2,2077772.5
2018,91,3,11,2,2,10637,3446354.258,1,499786.73
2018,91,4,6,2,1,8818,3673328.384,1,113762.4
2018,91,4,7,2,1,8866,3673328.384,1,281770.09
2018,91,4,11,2,1,8866,3673328.384,1,598761.44
2018,97,3,6,1,4,2625,5,1,784555.0
2018,97,3,7,1,3,2542##2546,6##3,2,699003.0
2018,97,3,7,1,4,2623,3,1,500088.0
2018,97,3,10,1,4,2619##2620##2626,4##6##17,3,2595766.0
2018,97,3,11,1,4,2618,7,1,1100000.0
2018,97,3,13,1,3,2541##2543##2544##2545,7##11##4##2,4,5399616.0
2018,97,3,13,1,4,2621##2622##2624##2627,2##11##4##1,4,12007783.0
2018,98,3,3,1,3,2757,4,1,1910750.0
2018,98,3,4,1,3,2754,7,1,2170039.0
2018,98,3,7,1,3,2758,3,1,624666.0
2018,98,3,10,1,3,2755##2756,20##11,2,1199157.0
2018,99,3,6,1,4,2560,2,1,3792763.0
2018,99,3,7,1,4,2555##2557,4##6,2,751647.0
2018,99,3,10,1,4,2556##2558,7##4,2,853914.0
2018,99,3,11,1,4,2559,4,1,450470.0
2018,99,3,13,1,4,2561,11,1,4146664.0
2018,102,3,7,1,3,2943##2944,6##3,2,5378385.0
2018,102,3,9,1,3,2941,4,1,2662108.0
2018,102,3,13,1,3,2942##2945,11##7,2,1162268.0
2018,103,3,13,1,3,2700##2701,11##7,2,6203340.0
2018,105,1,3,2,1,9529,3534680.4864,1,974495.5
2018,105,1,3,2,2,10280,4003098.624,1,2247919.65
2018,105,1,4,2,1,9518##11169,3733445.4528##3534680.4864,2,6334244.85
2018,105,1,4,2,2,10388,3534680.4864,1,2000000.0
2018,105,1,6,2,2,10261##10322##10377##10387##10409,3802943.6928##3568039.6416##4040627.6736##3534680.4864##2105796.672,5,11926498.43
2018,105,1,7,2,2,10276##10332##10345##10392##10416##10283,3467962.176##155676.0576##878457.7536##3873831.8976##3761244.7488##4003098.624,6,5985486.18
2018,105,1,9,2,2,10283##10259##10293##10333##10361,4003098.624##3506881.1904##3873831.8976##155676.0576##878457.7536,5,5522018.61
2018,105,1,10,2,1,9540##9563,8339.7888##3568039.6416,2,860225.53
2018,105,1,10,2,2,10182##10275##10281,3568039.6416##3467962.176##4003098.624,3,4591838.69
2018,105,1,11,2,1,9530,3802943.6928,1,1999998.56
2018,105,1,11,2,2,10243##10260##10279##10320##10391,3506881.1904##3802943.6928##878457.7536##3568039.6416##3873831.8976,5,6017028.42
2018,105,2,3,2,2,10310##10376,722781.696##849268.4928,2,1449922.2
2018,105,2,4,2,1,9520##11183,715831.872##871507.9296,2,993363.39
2018,105,2,4,2,2,10249##10257##10303##10339##10342##10382##10402,1043863.5648##833978.88##836758.8096##1591509.696##2296221.8496##1021624.128##1111971.84,7,6690377.95
2018,105,2,6,2,2,10239##10343##10350##10354##10355##10365##10366##10371##10383##10393##10408##10413##10446##10380##10309,1043863.5648##718611.8016##1356605.6448##1021624.128##1922321.3184##871507.9296##2296221.8496##1110581.8752##1182860.0448##711661.9776##2069657.5872##847878.528##1388574.8352##2328191.04##722781.696,15,16274540.44
2018,105,2,7,2,1,9527##9554##9556##9561##9564##9538##9865,718611.8016##1388574.8352##715831.872##1884792.2688##1110581.8752##1021624.128##722781.696,7,4051938.69
2018,105,2,7,2,2,10384##10400##10421##10241##10338##10417##10368,1021624.128##1035523.776##868728.0##833978.88##1922321.3184##1884792.2688##718611.8016,7,4585692.93
2018,105,2,9,2,2,10241##10338,833978.88##1922321.3184,2,807522.88
2018,105,2,10,2,1,9568##10013,2069657.5872##846488.5632,2,1198640.09
2018,105,2,10,2,2,10254##10271##10286##10311##10316##10336##10340##10351##10431,1877842.4448##846488.5632##1182860.0448##722781.696##715831.872##2285102.1312##1111971.84##835368.8448##1388574.8352,9,5718614.77
2018,105,2,11,2,2,10380##10338##10417##10274##10289##10298##10367##10395##10398##10405##10309##10368,2328191.04##1922321.3184##1884792.2688##1035523.776##1043863.5648##1313516.736##2296221.8496##1182860.0448##836758.8096##847878.528##722781.696##718611.8016,12,7545206.96
2018,105,3,4,2,1,9950##11189,3476301.9648##3651437.5296,2,3326030.8
2018,105,3,5,2,1,9517,3698696.3328,1,667722.78
2018,105,3,6,1,3,2534,2,1,19989834.0
2018,105,3,6,2,1,9514##9557,3698696.3328##3440162.88,2,20749899.41
2018,105,3,7,1,3,2532,3,1,9169997.0
2018,105,3,7,2,1,9519##9543##9846,3711206.016##3476301.9648##3637537.8816,3,12870834.35
2018,105,3,8,2,1,9516,3698696.3328,1,3967127.13
2018,105,3,9,1,3,2536,4,1,2729299.0
2018,105,3,9,2,1,9515##9534##9573,3698696.3328##3665337.1776,3,24960928.18
2018,105,3,10,1,3,2537,11,1,5970599.0
2018,105,3,10,2,1,9551##9864##9881,3637537.8816##3616688.4096,3,5480828.82
2018,105,3,10,2,2,10240##10420,721391.7312##3637537.8816,2,3567490.21
2018,105,3,11,1,3,2535,4,1,6434013.0
2018,105,3,11,2,1,9523,3665337.1776,1,4998483.6
2018,105,3,12,1,3,2533##2538,2##1,2,5615548.0
2018,105,3,13,2,1,9553##9559,3476301.9648##3651437.5296,2,6403501.51
2018,105,4,4,2,1,11167,3804333.6576,1,695199.33
2018,105,4,7,2,1,9558,3804333.6576,1,698558.06
2018,105,4,7,2,2,10290,3804333.6576,1,1999168.42
2018,106,3,3,1,3,2511,4,1,257620.0
2018,106,3,6,1,3,2516,2,1,1058885.0
2018,106,3,7,1,3,2518##2519##2520,4##3##6,3,595310.0
2018,106,3,9,1,3,2512,4,1,113685.0
2018,106,3,10,1,3,2510,4,1,125704.0
2018,106,3,11,1,3,2513,4,1,1823045.0
2018,106,3,13,1,3,2514##2515,11##7,2,2585523.0
2018,107,3,6,1,3,2899,2,1,230175.0
2018,107,3,7,1,3,2897##2901,4##3,2,1772568.0
2018,107,3,11,1,3,2896,4,1,1096628.0
2018,108,1,1,2,2,10198,8314.005,1,554360.24
2018,108,1,4,2,1,9014,621887.574,1,299971.24
2018,108,1,4,2,2,10172##10242,1682754.612##621887.574,2,1496919.72
2018,108,1,6,2,1,8293##8350##8359##11283##11312##11366,1682754.612##377455.827##83140.05##2015314.812,6,4613621.64
2018,108,1,7,2,1,8362##11352,581980.35##2336235.405,2,2495444.03
2018,108,1,7,2,2,10171,631864.38,1,302680.21
2018,108,1,9,2,1,8339,631864.38,1,246656.4
2018,108,1,9,2,2,10171,631864.38,1,162981.65
2018,108,1,10,2,1,8335##11244,621887.574,2,595453.16
2018,108,1,10,2,2,9465,4725680.442,1,341875.7
2018,108,1,11,2,1,11144##11148,8314.005##621887.574,2,3749623.26
2018,108,1,11,2,2,9373##10221##10252,4767250.467##1104099.864##199536.12,3,2008932.79
2018,108,2,1,2,1,9453,1674440.607,1,352055.68
2018,108,2,1,2,2,10183##10210,613573.569##2030280.021,2,549175.12
2018,108,2,3,2,1,11269##11281##11303##11326##11329,6566401.149##4878658.134##1674440.607##1687743.015##613573.569,5,4966741.95
2018,108,2,3,2,2,9387##9432##9443##9485##9461##9470##9313##9446,991029.396##593619.957##6566401.149##2344549.41##2334572.604##591957.156##1689405.816##4878658.134,8,4016821.36
2018,108,2,4,2,1,8320##11253##11255,989366.595##6622936.383##613573.569,3,1858074.96
2018,108,2,4,2,2,10217##10230##10238##10183,6622936.383##578654.748##1687743.015##613573.569,4,1297509.02
2018,108,2,6,2,1,8337##8354##9020##9021##9023##11288##11304##11314##11320##11334##11343##11348##11361##11368,1687743.015##1506497.706##1674440.607##590294.355##575329.146##989366.595##2607271.968##991029.396##1691068.617##2025291.618##616899.171##2344549.41,14,5458448.67
2018,108,2,6,2,2,10168##10196##10200##10202##10231##10234,2334572.604##596945.559##4878658.134##606922.365##575329.146##6566401.149,6,1704199.46
2018,108,2,7,2,1,8346##8367##8332##8406##8407##11261##11286##11290##11311##11321##11325##11331##11340,1423357.656##906226.545##583643.151##2344549.41##1900581.543##2607271.968##1725987.438##585305.952##616899.171##593619.957,13,6221130.34
2018,108,2,7,2,2,9485##9454##9503##9494##10232##10176##10185##10211##10214##10229##10175,2344549.41##1725987.438##616899.171##906226.545##593619.957##583643.151##1900581.543##608585.166##590294.355,11,3074327.04
2018,108,2,9,2,1,8332##8360##11355,583643.151##585305.952,3,932815.67
2018,108,2,9,2,2,10176##10185##10211##10214##10229##10228,616899.171##1725987.438##583643.151##1900581.543##608585.166##585305.952,6,835731.12
2018,108,2,10,2,1,8344##8373##11262##11307##11251,576991.947##593619.957##608585.166,5,2001920.98
2018,108,2,10,2,2,9461##9503##9297##9476##9484##9313##9446##9494,2334572.604##616899.171##1105762.665##583643.151##590294.355##1689405.816##4878658.134##906226.545,8,2200190.95
2018,108,2,11,2,1,8280##8370##11251##11302,869644.923##578654.748##576991.947##590294.355,4,3521649.48
2018,108,2,11,2,2,9397##9425##9496##10175##10219##10220##10210,1691068.617##613573.569##575329.146##590294.355##591957.156##576991.947##2030280.021,7,3064369.58
2018,108,3,1,2,1,7767##9455##8990,109744.866,3,4558785.08
2018,108,3,1,2,2,10169,109744.866,1,1803302.96
2018,108,3,4,2,1,7767##9001##11350,109744.866##236117.742,3,6170678.76
2018,108,3,4,2,2,9505##10169,109744.866,2,5696620.52
2018,108,3,6,2,2,10222,69837.642,1,295859.28
2018,108,3,7,2,1,11310,251082.951,1,600000.0
2018,108,3,10,2,2,9505,109744.866,1,430067.44
2018,108,3,12,2,1,8990,109744.866,1,194898.46
2018,108,4,1,2,1,8330,1075832.247,1,299493.1
2018,108,4,1,2,2,10199,1075832.247,1,218986.2
2018,108,4,4,2,1,11365,628538.778,1,496514.25
2018,108,4,4,2,2,9488,628538.778,1,333000.0
2018,108,4,6,2,1,9024,628538.778,1,297133.12
2018,108,4,9,2,1,8365,628538.778,1,218176.11
2018,108,4,12,2,1,9219,1075832.247,1,1171051.17
2019,1,1,3,2,2,13329##13338##13302##13342##13304,977.04##979.8##314.64##1131.6##1070.88,5,3379198.29
2019,1,1,4,2,1,11914##11919##11921##14213##14216##14222##14223##14228##14302##14315##14319##14321##14341##14348##14356##14373,433.32##1070.88##966.0##974.28##957.72##963.24##253.92##935.64##954.96##173.88##1007.4##1087.44##979.8,16,11471504.79
2019,1,1,4,2,2,13310##13311##13312##13313##13317##13331##13344##13306,173.88##433.32##1087.44##1007.4##963.24##253.92##1070.88##990.84,8,5883399.13
2019,1,1,6,2,1,14265##14359##14367##14393,954.96##977.04##990.84##309.12,4,1491871.41
2019,1,1,6,2,2,13301##13327##13328##13306,433.32##1007.4##977.04##990.84,4,2878493.82
2019,1,1,7,2,1,11893,938.4,1,1200000.0
2019,1,1,10,2,1,14849##14854##14862##14846,253.92##1070.88##999.12##946.68,4,1709913.12
2019,1,1,10,2,2,13302##13342##13306##13305,314.64##1131.6##990.84##935.64,4,1032203.35
2019,1,1,11,2,1,14312##14316,977.04##1018.44,2,2427245.15
2019,1,1,11,2,2,13304,1070.88,1,228693.53
2019,1,2,3,2,2,13303,910.8,1,442784.21
2019,1,2,4,2,1,14204##14304,1043.28##921.84,2,593857.33
2019,1,2,6,2,2,13307,921.84,1,643391.0
2019,1,2,10,2,1,14847##14848,1115.04##1079.16,2,646225.43
2019,1,2,10,2,2,13314##13303,1046.04##910.8,2,327602.61
2019,1,2,11,2,1,14253,910.8,1,660290.24
2019,1,2,11,2,2,13303,910.8,1,83022.04
2019,1,3,4,2,1,14358##14362,391.92##182.16,2,3994516.92
2019,1,3,6,2,1,14366##14864,115.92,2,9668664.41
2019,1,3,6,2,2,13323,115.92,1,2320000.75
2019,1,3,7,1,4,3332##3334##3337,7##4##3,3,7904101.0
2019,1,3,7,2,1,14224,416.76,1,999711.27
2019,1,3,9,1,4,3334##3336##3337,4##2##3,3,2035142.0
2019,1,3,9,2,1,14357##14361##14855##14863,394.68##414.0,4,6998445.7
2019,1,3,9,2,2,13340,394.68,1,2000069.93
2019,1,3,10,1,4,3332##3333##3334##3335,7##11##4##12,4,2019065.0
2019,1,3,10,2,1,14851,405.72,1,600000.0
2019,1,3,10,2,2,13334,405.72,1,100000.0
2019,1,3,11,1,4,3334,4,1,4041689.0
2019,1,3,12,2,1,12434,414.0,1,2000000.0
2019,3,3,6,1,3,3217,5,1,743083.0
2019,3,3,7,1,3,3218##3219,6##3,2,738206.0
2019,3,3,9,1,3,3215,4,1,2799851.0
2019,3,3,10,1,3,3218,6,1,293323.0
2019,3,3,11,1,3,3216,4,1,1768269.0
2019,6,3,1,1,3,3374,7,1,196000.0
2019,6,3,4,1,3,3374,7,1,204001.0
2019,6,3,10,1,3,3375,6,1,202150.0
2019,6,3,12,1,3,3373,2,1,400000.0
2019,7,3,3,1,4,3327##3328,4##11,2,5104491.0
2019,7,3,4,1,3,3314,1,1,750000.0
2019,7,3,4,1,4,3329##3330,11##7,2,957454.0
2019,7,3,6,1,3,3313##3315##3318,17##5##2,3,2500002.0
2019,7,3,7,1,3,3316,6,1,510146.0
2019,7,3,7,1,4,3330##3331,7##6,2,1846604.0
2019,7,3,10,1,3,3316,6,1,490140.0
2019,7,3,10,1,4,3329##3331,11##6,2,947836.0
2019,7,3,11,1,3,3317,4,1,988948.0
2019,7,3,11,1,4,3329##3330,11##7,2,1248138.0
2019,13,3,4,1,3,3045,11,1,996400.0
2019,13,3,4,1,4,3360##3361,11##7,2,1993829.0
2019,13,3,6,1,3,3047,2,1,1289088.0
2019,13,3,6,1,4,3359##3364,5##2,2,1000020.0
2019,13,3,7,1,3,3043##3044##3046,3##6##4,3,330719.0
2019,13,3,7,1,4,3362##3363##3365,6##4##3,3,1007443.0
2019,13,3,10,1,3,3044##3045##3046,6##11##4,3,513104.0
2019,13,3,10,1,4,3360##3361##3362##3363,11##7##6##4,4,769591.0
2019,13,3,11,1,3,3046,4,1,869336.0
2019,13,3,11,1,4,3363,4,1,1241000.0
2019,14,3,7,1,3,2993##2994##2996,7##3##11,3,1225085.0
2019,14,3,11,1,3,2995,4,1,600000.0
2019,14,3,12,1,3,2992,2,1,559796.0
2019,16,3,3,1,4,3202##3366##3369,4##14,3,2008046.0
2019,16,3,4,1,4,3200,11,1,1024923.0
2019,16,3,6,1,4,3194##3203,5##2,2,3657138.0
2019,16,3,7,1,4,3198##3371,6##3,2,1807242.0
2019,16,3,9,1,4,3367,4,1,500039.0
2019,16,3,10,1,4,3195##3196##3198##3199##3200##3201##3368,7##17##6##11##4,7,6193074.0
2019,16,3,12,1,4,3197,1,1,104617.0
2019,16,3,14,1,4,3370,2,1,1002597.0
2019,18,1,1,2,2,12635,73883.3872,1,66000.0
2019,18,1,3,2,2,12629##12666##12693##12625##14199##14205##14327##14215,70305.4992##87837.1504##87658.256##70663.288##91951.7216##72273.3376,8,1748972.68
2019,18,1,4,2,2,12625##12668##14215,70663.288##69589.9216,3,763320.0
2019,18,1,6,2,2,12617##12643##12645##12657##12935##14230##14256##14278,70663.288##77997.9584##86405.9952##69589.9216##68337.6608,8,2629020.3
2019,18,1,7,2,1,13613##13708,69232.1328##71378.8656,2,524417.89
2019,18,1,7,2,2,12623##12685##12672##12710##12930##12671##12738##12658##14227##14258##14286##14237##14299,67443.1888##68337.6608##81396.952##84259.2624##74777.8592##67800.9776##71736.6544##73525.5984,13,2089454.25
2019,18,1,8,2,2,12620##12642##14194##14346,70663.288##93025.088##83722.5792,4,1722930.76
2019,18,1,9,2,1,13613,69232.1328,1,149750.76
2019,18,1,9,2,2,12672##12710##12930##12624##12718##12671##12738##12658##14227##14258##14286##14237##14235##14207##14242,81396.952##84259.2624##67443.1888##68337.6608##74777.8592##67800.9776##71736.6544##73525.5984##89626.0944,15,2237455.64
2019,18,1,10,2,1,13708,71378.8656,1,324998.99
2019,18,1,10,2,2,12622##12649##12653##12635##12627##12637##14286##14187##14255##14264##14338##14399,71378.8656##75135.648##69589.9216##73883.3872##73704.4928##77997.9584##73525.5984##69947.7104##72631.1264##92130.616,12,2632995.65
2019,18,1,11,2,1,11740,74777.8592,1,277000.53
2019,18,1,11,2,2,12625##12658##12627##12626##12631##12638##12708##12739##12668##12637##14237##14299##14207##14242##14217##14266##14272##14311##14360##14215,70663.288##67800.9776##73704.4928##72094.4432##78355.7472##74062.2816##70305.4992##84259.2624##69589.9216##77997.9584##81396.952##67443.1888##87837.1504##74777.8592,20,4524716.04
2019,18,1,12,2,2,12735##14186##14349,70663.288##83722.5792,3,949975.24
2019,18,2,1,2,2,12756,80323.5856,1,109946.78
2019,18,2,2,2,2,12644##12679##12706##12734##12743,68158.7664##75851.2256##82649.2128##88552.728##85511.5232,5,1000099.06
2019,18,2,3,2,2,12676##12712##14249,88194.9392##88373.8336##78713.536,3,200027.14
2019,18,2,4,2,2,14328,82649.2128,1,105007.5
2019,18,2,6,2,2,14218##14277##14291,75851.2256##82291.424##84617.0512,3,311763.78
2019,18,2,7,2,2,12737##12684##14221,66906.5056##86584.8896,3,429999.05
2019,18,2,9,2,2,12684##12669##14221##14283,86584.8896,4,369999.62
2019,18,2,10,2,2,12632##14195##14261,75851.2256##91772.8272##68158.7664,3,450080.39
2019,18,2,11,2,2,12678##14342##14328,85511.5232##82649.2128,3,440992.5
2019,18,3,1,2,2,12754##12765##12733##14197,71199.9712##77640.1696,4,386041.1
2019,18,3,3,2,2,12647,71021.0768,1,455000.24
2019,18,3,4,2,2,12754##12765##12733##14193##14197,71199.9712##77640.1696,5,1662444.58
2019,18,3,5,2,2,12741##12770,71557.76,2,605905.98
2019,18,3,6,2,2,12728##12758##14274,74420.0704##71557.76,3,2099155.73
2019,18,3,7,2,1,11739,74241.176,1,270059.44
2019,18,3,7,2,2,12674##12768##14287##14344,74241.176##73167.8096,4,1329953.84
2019,18,3,8,2,1,11738##14144,71557.76,2,1400365.05
2019,18,3,8,2,2,12652##14184,71557.76,2,2177077.26
2019,18,3,9,2,2,12729##12750##14325##14333,71021.0768##71557.76,4,2477841.9
2019,18,3,10,2,2,12754##12733##12647##14197,71199.9712##77640.1696##71021.0768,4,764488.79
2019,18,3,11,2,1,14896,71021.0768,1,350000.0
2019,18,3,11,2,2,14225,71021.0768,1,350000.0
2019,18,3,12,2,2,12691,71021.0768,1,299197.36
2019,18,4,7,2,1,13681,91415.0384,1,311966.19
2019,19,3,6,1,4,3102##3107,5##2,2,3467750.0
2019,19,3,7,1,4,3103,3,1,200181.0
2019,19,3,9,1,4,3106##3107,4##2,2,2237582.0
2019,19,3,10,1,4,3104##3109,6##4,2,942528.0
2019,19,3,11,1,4,3106,4,1,980833.0
2019,19,3,12,1,4,3108,2,1,999866.0
2019,19,3,13,1,4,3105##3110,11,2,2150573.0
2019,22,3,3,1,4,3117,4,1,903477.0
2019,22,3,6,1,4,3114##3121,5##2,2,1501005.0
2019,22,3,7,1,4,3115##3122##3124,6##3##4,3,1777317.0
2019,22,3,10,1,4,3115##3116##3120##3123,6##11##12##17,4,2610046.0
2019,22,3,11,1,4,3119,4,1,1200000.0
2019,23,3,3,1,3,3241,4,1,295050.0
2019,23,3,4,1,3,3243,1,1,436288.0
2019,23,3,6,1,3,3242##3244##3245,5##1##2,3,965185.0
2019,23,3,7,1,3,3241##3247##3248,4##3##6,3,726086.0
2019,23,3,9,1,3,3241,4,1,0.0
2019,23,3,10,1,3,3241,4,1,0.0
2019,23,3,11,1,3,3241,4,1,442575.0
2019,23,3,12,1,3,3246,2,1,129000.0
2019,25,3,3,1,3,3051,4,1,177636.0
2019,25,3,4,1,3,3048##3049,7##1,2,1105728.0
2019,25,3,6,1,3,3053,2,1,149962.0
2019,25,3,7,1,3,3050##3054,6##3,2,310000.0
2019,25,3,11,1,3,3052,4,1,251895.0
2019,26,3,6,1,3,3378##3379,5##2,2,2499890.0
2019,26,3,9,1,3,3376##3379,4##2,2,2500008.0
2019,26,3,11,1,3,3377,4,1,1000000.0
2019,27,1,3,2,2,12062##11831##11959##13127##11891,229453.6032##206909.0352##195887.2464##197390.2176,5,2609113.74
2019,27,1,4,2,1,13791,197891.208,1,730000.0
2019,27,1,4,2,2,12069##12114##13113##12048##11969##11835,219433.7952##194885.2656##197891.208##226447.6608,6,3113141.99
2019,27,1,6,2,1,13849##13863##14423,194885.2656##209413.9872##206909.0352,3,1612951.46
2019,27,1,6,2,2,12069##12114##13113##12048##11902##11930##12150##11835##11845##11891,219433.7952##194885.2656##197891.208##226447.6608##201899.1312##240976.3824##225946.6704##227950.632##206909.0352,10,6156172.18
2019,27,1,7,2,1,12233##13239##13242##13238##14042##14421##13869##13790##13848##14737##14440##14494,205907.0544##199895.1696##197390.2176##219433.7952##214924.8816##308109.096##246988.2672##242980.344##193883.2848,12,8171153.6
2019,27,1,7,2,2,13125##11969##12089##12030##12164##12133##11845##12001##12016,246988.2672##226447.6608##214924.8816##199895.1696##227950.632##242980.344##233962.5168,9,4090793.61
2019,27,1,8,2,1,13762,273540.7584,1,149999.23
2019,27,1,8,2,2,11832##12023##12031##12149##13123,273540.7584##197891.208,5,4093494.93
2019,27,1,9,2,1,12233##13869##14422##13790##13848##14737,205907.0544##308109.096##209413.9872##246988.2672##242980.344,6,3733231.13
2019,27,1,9,2,2,12089##12030##12164##12098##13130##11845##12001,214924.8816##199895.1696##279051.6528##206909.0352##227950.632##242980.344,7,2571478.2
2019,27,1,10,2,1,13239##13242##13840##13865##14737##14735,199895.1696##197390.2176##202400.1216##242980.344##210415.968,6,2314748.49
2019,27,1,10,2,2,12062##12030##12164##11890##13115##11831##11959##13127##11891##12001##12016,229453.6032##199895.1696##227449.6416##194885.2656##206909.0352##195887.2464##197390.2176##242980.344##233962.5168,11,4521688.06
2019,27,1,11,2,1,12241##13242##13236##13241##13238##13842##14419##14737,208912.9968##197390.2176##277047.6912##206408.0448##219433.7952##271035.8064##201899.1312##242980.344,8,7903837.8
2019,27,1,11,2,2,12048##11902##11930##12150##12133##12169##13142,226447.6608##201899.1312##240976.3824##225946.6704##209413.9872,7,2598370.88
2019,27,1,12,2,2,13200,206408.0448,1,197999.21
2019,27,2,3,2,1,13864##14425##13891,233461.5264##317126.9232##311616.0288,3,1505508.26
2019,27,2,3,2,2,12146,230455.584,1,1400000.01
2019,27,2,4,2,1,13844##13862##14426,230455.584##231457.5648##237970.44,3,1663096.42
2019,27,2,4,2,2,11910##12073##11946##12163,232960.536##245485.296##247990.248##230455.584,4,1429772.82
2019,27,2,6,2,2,11910##12093##11946,232960.536##228451.6224##247990.248,3,1362070.08
2019,27,2,7,2,1,13871##14437,236467.4688##300594.24,2,457980.47
2019,27,2,7,2,2,12074##11839,230455.584,2,1668250.59
2019,27,2,8,2,1,13847,288069.48,1,500000.79
2019,27,2,8,2,2,11850##11978##12096,278550.6624##288069.48##284562.5472,3,1089573.47
2019,27,2,9,2,1,13871,236467.4688,1,153954.94
2019,27,2,10,2,1,13891##13845##14424##14433##13871##14736,311616.0288##288570.4704##249994.2096##309612.0672##236467.4688##291075.4224,6,1371739.4
2019,27,2,10,2,2,12093##12163##11947##12036##12043##12061##12140##12059,228451.6224##230455.584##270534.816##241477.3728##285564.528##283560.5664##299091.2688##275043.7296,8,2676266.38
2019,27,2,11,2,1,14420,231958.5552,1,700000.0
2019,27,2,11,2,2,12074##12163##11900##11990##12113##11839##12059,230455.584##231958.5552##275544.72##256507.0848##275043.7296,7,2402501.31
2019,27,3,2,1,3,3321,4,1,983984.0
2019,27,3,3,1,4,3135,4,1,4550968.0
2019,27,3,4,1,4,3136##3137,4##11,2,2105288.0
2019,27,3,6,1,4,3130##3131,2##5,2,5248487.0
2019,27,3,7,1,3,2966##2967##2968##3319##3320##3321,3##4##6##7,6,8590918.0
2019,27,3,7,1,4,3133##3134,3##6,2,5448115.0
2019,27,3,7,2,1,13897##13898##14441##14442,198893.1888##207911.016,4,2548717.53
2019,27,3,8,2,1,13870,199394.1792,1,493000.0
2019,27,3,9,1,3,3321,4,1,354234.0
2019,27,3,9,1,4,3132,4,1,4075672.0
2019,27,3,10,1,3,2956##3321,7##4,2,2590391.0
2019,27,3,10,1,4,3127##3128##3129##3134##3137,11##4##12##6,5,5768582.0
2019,27,3,10,2,1,14897,204905.0736,1,423148.62
2019,27,3,11,1,3,3321,4,1,1416937.0
2019,27,3,11,1,4,3136,4,1,1107554.0
2019,27,3,11,2,1,13870,199394.1792,1,957000.01
2019,27,3,12,1,4,3138,2,1,2745023.0
2019,27,3,14,1,4,3137,11,1,703764.0
2019,27,4,10,2,2,12014,339170.5008,1,255000.47
2019,27,4,11,2,2,11879,339170.5008,1,821199.75
2019,28,3,3,1,3,3434,4,1,142800.0
2019,28,3,4,1,3,3434##3436,4##7,2,532245.0
2019,28,3,6,1,3,3435,5,1,300000.0
2019,28,3,6,1,4,3139,5,1,800000.0
2019,28,3,7,1,4,3142##3146##3147,4##3,3,819968.0
2019,28,3,9,1,4,3144##3145,2##3,2,880000.0
2019,28,3,10,1,4,3140,11,1,150000.0
2019,28,3,11,1,3,3434##3437,4##1,2,273424.0
2019,28,3,11,1,4,3141##3143,7##4,2,1353157.0
2019,34,3,6,1,3,3283##3284,2##5,2,1303859.0
2019,34,3,7,1,3,3286,3,1,215000.0
2019,34,3,9,1,3,3285,4,1,264000.0
2019,34,3,11,1,3,3285,4,1,216000.0
2019,35,3,6,1,4,3323##3325,5##1,2,900270.0
2019,35,3,7,1,4,3322##3324##3326,4##6##3,3,541989.0
2019,35,3,9,1,4,3322,4,1,437885.0
2019,35,3,11,1,4,3322,4,1,119968.0
2019,36,1,3,2,2,12960##13048##13080##13094##13099##13221##14656##14673##14696##14702##14766,975150.4026##612924.4466##324096.908##2744338.2298##2427867.1314,11,3790002.26
2019,36,1,4,2,2,12965##13030##13046##13058##13061##13064##14587##14623##14691##14711##14751##14777##14781##14898##14603##14604,975150.4026##2427867.1314##2350655.8092##2671893.0386##2362094.5236##148703.2872##612924.4466##2366860.6546##2744338.2298##2373533.238##2345889.6782,16,8087363.13
2019,36,1,6,2,2,13057##13082##13086##13088##13089##14662##14671##14745##14786##14712,2427867.1314##192551.6924##2671893.0386##2362094.5236##990402.0218##612924.4466##1443184.4668,10,3522983.64
2019,36,1,7,2,2,13013##13063##12990##12992##13076##14555##14898##14547##14648##14782##14603,975150.4026##2744338.2298##2362094.5236##2570851.0614##2373533.238,11,4184494.66
2019,36,1,9,2,2,13050##13053##13066##13071##13084##13090##13096##13098##12990##12992##13076##13052##14667##14674##14747##14752##14759##14792##14547##14648##14782##14603##14712,612924.4466##1443184.4668##324096.908##976103.6288##2354468.714##2744338.2298##2362094.5236##2570851.0614##2373533.238##2671893.0386,23,9833832.56
2019,36,1,10,2,2,13076##12966##13035##13036##13045##13051##13059##13067##14603##14643##14679##14693##14695##14698##14773##14780##14579##14779,2373533.238##975150.4026##2427867.1314##2350655.8092##612924.4466##2744338.2298##1443184.4668##2561318.7994##976103.6288,18,3291675.2
2019,36,1,11,2,2,13052##12962##12972##13032##13044##13055##13056##13062##13068##13072##13074##13083##13087##13102##13103##13105##14898##14603##14678##14743##14785##14712##14604##14579##14779,2671893.0386##975150.4026##2421194.548##2350655.8092##2449791.334##2427867.1314##612924.4466##2744338.2298##976103.6288##2366860.6546##2373533.238##2340170.321##2561318.7994##2583243.002##2651875.2884##2362094.5236##148703.2872##1443184.4668##2345889.6782,25,9348180.1
2019,36,2,6,2,2,14664,1515629.658,1,445632.02
2019,36,2,7,2,2,13075##14729,1515629.658,2,929985.25
2019,36,2,9,2,2,13097##14666,1515629.658,2,1309852.92
2019,36,3,4,1,3,3287##3290,7##4,2,6214736.0
2019,36,3,4,2,2,13091##13081##13093##14676##14784,2386878.4048##2506984.906,5,3938465.88
2019,36,3,6,1,3,3268,5,1,6500000.0
2019,36,3,7,1,3,3288##3291##3308,6##3##7,3,3060592.0
2019,36,3,7,2,2,12918##12998##13085##13100##14578##14739##14775##14801,2547973.6326##2497452.644##2531768.7872##2386878.4048,8,5413551.61
2019,36,3,9,2,2,13078##13106##14742##14758,2547973.6326##2531768.7872,4,886774.23
2019,36,3,10,1,3,3288##3289##3290,6##11##4,3,1641453.0
2019,36,3,10,2,2,13081##13109##13228##13230##13093##14655##14687##14757##14783,2386878.4048##2705255.9556##2497452.644##2516517.168##2506984.906,9,1945483.53
2019,36,3,11,1,3,3269,4,1,3498667.0
2019,36,3,11,2,2,13081##13054##14784##14549,2386878.4048##2516517.168,4,3808090.89
2019,36,3,12,1,3,3312,1,1,194312.0
2019,36,3,12,2,2,13231,2488873.6082,1,296122.54
2019,42,3,6,1,3,3270##3272,5##2,2,1011259.0
2019,42,3,7,1,3,3273,3,1,370629.0
2019,42,3,9,1,3,3271,4,1,604711.0
2019,45,3,6,1,3,3310##3311,5##2,2,4625000.0
2019,45,3,7,1,4,3126,3,1,1617652.0
2019,45,3,9,1,3,3309,4,1,456432.0
2019,45,3,11,1,4,3125,4,1,3400714.0
2019,45,3,12,1,3,3390,2,1,1054807.0
2019,46,3,6,1,4,3111##3113,5##2,2,2559924.0
2019,46,3,11,1,4,3112,4,1,440000.0
2019,49,1,1,2,2,11295##11358##11369##11265##11245##13825##13899##13805,5110406.28##2506825.8##4484139.624##4309981.2##4728665.088##5237066.952##4559784.192,8,3470909.49
2019,49,1,2,2,2,11372##13901,5062908.528##225174.528,2,1470431.03
2019,49,1,3,2,2,11371##11333##11351##13828##13867##13892##13918,4484139.624##5068186.056##4392662.472##4769126.136##4572098.424,7,5141985.34
2019,49,1,4,2,1,12367,4728665.088,1,589604.64
2019,49,1,4,2,2,11265##11245##13807##13878##13879,4309981.2##4728665.088##592842.312##5062908.528##2886807.816,5,8300310.93
2019,49,1,6,2,2,11409##13894##13812,4718110.032##5048835.12##5101610.4,3,2986779.55
2019,49,1,7,2,2,13860##14654,4718110.032##2675706.696,2,3720137.15
2019,49,1,10,2,2,11333##11351##11222##11263##11322##11345##11346##11347##11357##11370##11373##11400##13820##13822##13829##13836##13856##13874##13882##13886##13812,5068186.056##4392662.472##4728665.088##5110406.28##5033002.536##5101610.4##228692.88##4878195.048##4484139.624##4763848.608##1577980.872##4426086.816##5048835.12,21,15683702.08
2019,49,1,11,2,2,11245##11270##11431##13903##13805,4728665.088##4559784.192##5110406.28,5,10248786.54
2019,49,1,12,2,1,13288,1792600.344,1,338000.0
2019,49,1,12,2,2,13779,5119202.16,1,740833.24
2019,49,1,13,2,2,11247##11386##13837##13900,4749775.2##225174.528,4,7309481.56
2019,49,2,2,2,2,13895,5142071.448,1,614812.58
2019,49,2,7,2,2,13833,2559601.08,1,3195364.43
2019,49,3,1,2,2,11389,4408495.056,1,199999.92
2019,49,3,2,2,2,11379,4408495.056,1,1250000.04
2019,49,3,4,2,1,12344,4408495.056,1,8461001.4
2019,49,3,4,2,2,13888,5080500.288,1,433000.54
2019,49,3,5,2,2,11396,4691722.392,1,137000.01
2019,49,3,6,2,2,11332,4974949.728,1,2000268.7
2019,49,3,7,2,2,11234##11317##11387##11410,4614318.648##4711073.328##4408495.056##4651261.344,4,4678432.7
2019,49,3,12,2,2,13875,4667093.928,1,1379641.18
2019,50,3,4,1,3,3231,11,1,685705.0
2019,50,3,7,1,3,3232##3233##3234,6##4##3,3,656158.0
2019,50,3,11,1,3,3232##3235,6##4,2,629613.0
2019,51,1,4,2,2,12742##12968##14826##14839##14845##14881##14816##14827##14856,2661932.2688##4607746.8892##1567863.6393##1811994.6558##4940488.4228##5188236.1951##4973039.225,9,2691462.47
2019,51,1,7,2,2,12663##12878##12775##14878,4973039.225##4580621.2207##763135.4738##5072500.0095,4,1089147.69
2019,51,1,10,2,1,14394,5249721.0437,1,40320.81
2019,51,1,10,2,2,12775##12661##12782##12950##14884,763135.4738##4853686.2836##5307589.1365##5249721.0437##4510094.4826,5,1122633.96
2019,51,1,11,2,2,12699##12907##12952,775794.1191##4510094.4826##4423292.3434,3,956305.34
2019,51,2,4,2,2,14882,1207996.4372,1,299999.93
2019,51,2,7,2,2,12700##12894##14869,1573288.773##3314756.6907,3,752963.53
2019,51,2,10,2,2,12894##12721##12880##12955,3314756.6907##1649240.6448##5271421.5785##3164661.325,4,789547.09
2019,51,3,4,2,1,14918##12261,752285.2064,2,595444.86
2019,51,4,7,2,2,14868,4956763.8239,1,415965.18
2019,52,3,4,1,3,3402##3405,4##7,2,399999.0
2019,52,3,6,1,3,3278##3404##3406,5##2,3,1696000.0
2019,52,3,7,1,3,3275##3280##3282##3401##3407##3411,4##6##3,6,1508413.0
2019,52,3,9,1,3,3276##3281,4##2,2,2000190.0
2019,52,3,10,1,3,3274##3279,4##6,2,499984.0
2019,52,3,11,1,3,3277##3403,4,2,1400003.0
2019,52,3,12,1,3,3406,2,1,504000.0
2019,55,1,3,2,2,13129##13165,834798.5176##254887.2523,2,1045022.51
2019,55,1,4,2,2,13194,138562.8687,1,691588.84
2019,55,1,7,2,2,13169##13184##13211##13214,660311.9422##4404930.7025##1305228.0101##4654685.9967,4,1890124.68
2019,55,1,10,2,2,13207##13152##13118,2755861.4997##268572.4739##157380.0484,3,916365.04
2019,55,2,4,2,2,13183##13191##13219,672286.5111##2256350.9113##684261.08,3,886815.43
2019,55,2,7,2,2,13180,704788.9124,1,612900.19
2019,55,2,10,2,2,13227##13186##13187##13183##13191,1296674.7466##2523212.7325##2603613.4094##672286.5111##2256350.9113,5,1084542.26
2019,55,3,4,2,1,14844,4728244.0628,1,2525325.0
2019,55,3,7,2,1,13155,4521255.0861,1,590722.6
2019,55,3,7,2,2,13131,4728244.0628,1,529840.07
2019,55,3,10,2,2,13132,4728244.0628,1,190952.2
2019,56,3,6,1,3,2972##2973##3430##3432,5##2,4,6029853.0
2019,56,3,7,1,3,2974##3433,3,2,250339.0
2019,56,3,9,1,3,2975,4,1,157427.0
2019,56,3,10,1,3,2978##2979##2980##3431,6##7##4,4,821734.0
2019,56,3,11,1,3,2976,4,1,591175.0
2019,58,3,4,1,3,3237,11,1,137500.0
2019,58,3,6,1,3,3239,2,1,300000.0
2019,58,3,7,1,3,3240,3,1,800000.0
2019,58,3,10,1,3,3236##3237,6##11,2,362500.0
2019,58,3,11,1,3,3238,4,1,400001.0
2019,58,3,12,1,3,3267##3372,1##2,2,1758397.0
2019,59,3,6,1,4,3038##3041,5##2,2,2900977.0
2019,59,3,7,1,4,3036##3037##3039,4##3##6,3,1400000.0
2019,59,3,9,1,4,3040##3041,4##2,2,397960.0
2019,59,3,11,1,4,3040,4,1,199983.0
2019,59,3,14,1,4,3042,1,1,100000.0
2019,60,3,1,1,3,3211,7,1,56628.0
2019,60,3,3,1,3,3204,4,1,300938.0
2019,60,3,4,1,3,3210##3211,11##7,2,396514.0
2019,60,3,6,1,3,2997##3213,2,2,6996866.0
2019,60,3,7,1,3,2998##3206,3##4,2,956523.0
2019,60,3,9,1,3,2989##2991##3207##3214,4##2,4,2800331.0
2019,60,3,10,1,3,2988##3205##3208##3209##3210,6##4##17##11,5,1044606.0
2019,60,3,11,1,3,2990,4,1,599995.0
2019,60,3,12,1,3,3212,2,1,200070.0
2019,61,3,3,1,4,3345,4,1,600000.0
2019,61,3,4,1,4,3342##3343,7##11,2,566717.0
2019,61,3,6,1,4,3338##3339,5##2,2,1905000.0
2019,61,3,7,1,4,3341,6,1,221996.0
2019,61,3,9,1,4,3339##3344,2##4,2,1095068.0
2019,61,3,10,1,4,3340##3341##3342##3343##3345,12##6##7##11##4,5,1611305.0
2019,66,3,3,1,3,3178,4,1,699058.0
2019,66,3,4,1,3,3188##3256,7,2,3837763.0
2019,66,3,6,1,3,3022##3026##3181##3182##3249,5##2,5,10067448.0
2019,66,3,7,1,3,3183##3184##3185##3186##3188##3252##3255##3259,19##6##4##3##7,8,2478262.0
2019,66,3,9,1,3,3024##3027##3187##3190,4##2,4,813539.0
2019,66,3,10,1,3,3023##3188##3191##3192##3193##3254##3257##3260,6##7##11##4,8,2113518.0
2019,66,3,11,1,3,3025##3189##3258,4,3,4442587.0
2019,66,3,12,1,3,3179##3180##3250##3251,2,4,4494511.0
2019,67,1,1,2,2,14840,3203600.172,1,50537.3
2019,67,1,3,2,1,13141##13229,3203600.172##760736.914,2,259818.69
2019,67,1,3,2,2,13729##13682##13607##14859,1333652.1365##3072479.3685##3203600.172,4,557730.89
2019,67,1,4,2,1,13141,3203600.172,1,99918.03
2019,67,1,4,2,2,13729##13603##13717##14720##14891,1333652.1365##3205962.709##3012234.675##1843960.1285,5,1381540.7
2019,67,1,6,2,2,13729##13682##13672##13678##14859##14894##14892,1333652.1365##3072479.3685##3203600.172##3169343.3855##3347714.929##3057122.878,7,1273414.82
2019,67,1,7,2,1,13149,1542736.661,1,139232.36
2019,67,1,7,2,2,13729##13682##13505##13724##13725##13705##13424##14803##14894##14879##14813,1333652.1365##3072479.3685##1542736.661##1606525.16##2270398.057##2967346.472##3347714.929##3046491.4615,11,2221405.19
2019,67,1,9,2,1,13141,3203600.172,1,180083.59
2019,67,1,9,2,2,13729##13725##13424##14840##14879##14825,1333652.1365##2967346.472##3203600.172##1954999.3675,6,717323.38
2019,67,1,10,2,1,13141##13229,3203600.172##760736.914,2,329790.27
2019,67,1,10,2,2,13729##13682##13607##13705##13413##13677##13424##14840##14859##14860##14886##14887##14813,1333652.1365##3072479.3685##3203600.172##2270398.057##562283.806##1901842.285##2967346.472##3169343.3855##3171705.9225##3012234.675##3046491.4615,13,2235010.06
2019,67,1,11,2,1,13141##13229,3203600.172##760736.914,2,480465.52
2019,67,1,11,2,2,13729##13682##13607##14840##14892,1333652.1365##3072479.3685##3203600.172##3057122.878,5,937360.76
2019,67,2,1,2,2,13490##13703##14858,598903.1295##602446.935,3,229110.38
2019,67,2,3,2,2,13564##13703##14829##14857,636703.7215##602446.935##2211334.632,4,1094353.11
2019,67,2,4,2,2,13490##13564##13703##14857,598903.1295##636703.7215##602446.935,4,1201850.85
2019,67,2,6,2,2,13564##13679##14857,636703.7215##598903.1295,3,676182.63
2019,67,2,7,2,2,13667,598903.1295,1,133964.4
2019,67,2,9,2,2,13667,598903.1295,1,133964.4
2019,67,2,10,2,2,13490##14829,598903.1295##2211334.632,2,79232.85
2019,67,2,11,2,2,13490##13703##14829##14857,598903.1295##602446.935##2211334.632##636703.7215,4,607838.42
2019,67,3,4,1,3,3264,11,1,295979.0
2019,67,3,6,1,3,3262##3265,5##2,2,1250000.0
2019,67,3,7,1,3,3263##3266,6##3,2,337084.0
2019,67,3,7,2,2,13704##13593,2955533.787##3092560.933,2,431697.42
2019,67,3,9,1,3,3265,2,1,300000.0
2019,67,3,10,1,3,3261##3263##3264,4##6##11,3,813457.0
2019,67,3,10,2,2,13593,3092560.933,1,44049.35
2019,67,3,11,1,3,3261,4,1,497877.0
2019,71,3,3,1,4,3158,4,1,751494.0
2019,71,3,4,1,3,3381,7,1,680624.0
2019,71,3,4,1,4,3155,7,1,750007.0
2019,71,3,6,1,3,3388,2,1,900000.0
2019,71,3,6,1,4,3154##3161,5##2,2,1750916.0
2019,71,3,7,1,3,3386,3,1,532887.0
2019,71,3,7,1,4,3156##3162,6##3,2,1253991.0
2019,71,3,9,1,3,3388,2,1,300000.0
2019,71,3,9,1,4,3159##3161,4##2,2,1000248.0
2019,71,3,10,1,3,3384##3387##3389,6##11##4,3,1883766.0
2019,71,3,10,1,4,3156##3157##3158,6##11##4,3,1023123.0
2019,71,3,11,1,3,3389,4,1,704000.0
2019,71,3,11,1,4,3160,4,1,500008.0
2019,71,3,12,1,3,3385##3418,2,2,1147294.0
2019,71,3,13,1,3,3387,11,1,2797111.0
2019,71,3,13,1,4,3157,11,1,960000.0
2019,72,1,1,2,1,12257##12281##14374##14231##14364,4768244.85##4682347.725##4873230.225,5,1741255.41
2019,72,1,4,2,1,12267##13034##12281##14231##14263##14364,4873230.225##4951492.05##4682347.725,6,3963601.12
2019,72,1,7,2,1,12256##12900##12942##14192##14379,4806421.35##5218727.55##5621489.625,5,2197025.13
2019,72,1,9,2,1,12861##12890##14171##14176,4806421.35##5186277.525##4768244.85,4,1670161.08
2019,72,1,10,2,1,12255##14178##14203##14294##14383##14377,4806421.35##3193464.225##5562316.05##5144283.375##5621489.625##4852233.15,6,1166570.97
2019,72,1,11,2,1,12258##12268##12291##12304##12314##14377##14182##14246##14368,4806421.35##4873230.225##3120928.875##3042667.05##4951492.05##4852233.15##5621489.625,9,2950503.31
2019,72,1,12,2,1,14231,4682347.725,1,199999.97
2019,72,2,1,2,1,14200,3533235.075,1,200000.0
2019,72,2,4,2,1,12295##12312##14387##14200##14370,3101840.625##3212552.475##3533235.075,5,748948.93
2019,72,2,7,2,1,12280##14229##14352,3033122.925##3224005.425,3,549553.05
2019,72,2,9,2,1,14243,3212552.475,1,130000.36
2019,72,2,10,2,1,12297##12309##14352##14189##14236##14370,3088478.85##3092296.5##3224005.425##3109475.925##3044575.875##3101840.625,6,797287.27
2019,72,2,11,2,1,12286##12294##12296##14352##14177,3038849.4##3208734.825##3212552.475##3224005.425,5,1249417.95
2019,72,3,1,2,1,12308##14343,4789241.925,2,1237919.94
2019,72,3,4,2,1,12311##12308##14343##14198,5027845.05##4789241.925,4,3112022.73
2019,72,3,7,2,1,12302##14232##14340,5113742.175##5050750.95,3,1747770.31
2019,72,3,9,2,1,14353##14385,5113742.175##5050750.95,2,400026.44
2019,72,3,10,2,1,12276##12279##14389,5027845.05##5010665.625,3,1236720.29
2019,72,3,11,2,1,12308##14181##14381,4789241.925##5050750.95,3,1894060.28
2019,72,3,12,2,1,14281,4789241.925,1,499999.99
2019,73,1,3,2,2,14072##14056##14012,4262283.2158##4277516.5368##4423756.4184,3,413737.39
2019,73,1,4,2,2,12373##12458##13938##13952##13963##13995##14061##14092##14025,4271423.2084##3727593.6487##3875356.8624##763189.3821##4262283.2158##4190686.6071,9,3317942.17
2019,73,1,6,2,2,13931##13993##14006##14043##14101##14120##13930##14012##14025,3755013.6265##4109950.0058##4343019.8171##4160219.9651##763189.3821##4262283.2158##4423756.4184##3727593.6487,9,3614814.47
2019,73,1,7,2,2,12289##12339##12378##12465##14088,4352159.8097##4205919.9281##2813594.3887##4285133.1973,5,4646799.2
2019,73,1,10,2,2,12306##12328##12365##13930##13960##14056##14012,4052063.386##3875356.8624##4423756.4184##4262283.2158##4277516.5368,7,1779955.87
2019,73,1,11,2,2,12270##14025##13936##13937##13964##13980##14106,4262283.2158##3727593.6487##3875356.8624##4271423.2084##4343019.8171,7,2757769.69
2019,73,2,3,2,2,14093,2700867.8133,1,230378.49
2019,73,2,4,2,2,12284##12310,667219.4598,2,925350.12
2019,73,2,6,2,2,12322##12409##13998##14022,720536.0833##667219.4598,4,1517007.73
2019,73,2,7,2,2,12323##12316##13988##14071,676359.4524##682452.7808##700732.766,4,1556278.86
2019,73,2,10,2,2,12409##12264##12272##12318##12326##12395##12316##14008##14051,667219.4598##2703914.4775##706826.0944##1200385.6948##1824951.8558##1163825.7244##682452.7808##685499.445,9,2417764.11
2019,73,2,11,2,2,12363##14057##14075,709872.7586##720536.0833##671789.4561,3,943004.04
2019,73,3,3,1,4,3152##3153,4,2,638404.0
2019,73,3,3,2,2,14119,4301889.8504,1,174403.55
2019,73,3,6,1,4,3148##3149,5##2,2,2283409.0
2019,73,3,6,2,2,13929,4064250.0428,1,571583.57
2019,73,3,7,1,4,3150##3151##3152##3153##3172,3##13##4##6,5,3490238.0
2019,73,3,7,2,2,12387##13944,4073390.0354##3992653.4341,2,1471270.93
2019,73,3,10,1,4,3152##3153,4,2,344820.0
2019,73,3,10,2,2,12325##12330##14119,4253143.2232##4301889.8504,3,1048403.54
2019,73,3,11,1,4,3152##3153,4,2,991612.0
2019,73,4,7,2,2,14069,4172406.6219,1,369062.26
2019,74,1,6,2,2,12011,106283.376,1,299895.13
2019,74,1,7,2,1,11795,1347477.744,1,215000.0
2019,74,1,11,2,1,11795##13687##13693,1347477.744##700004.304##890581.392,3,753293.56
2019,74,1,11,2,2,12011##12239,106283.376##107505.024,2,622585.93
2019,74,2,6,2,1,11796,1141019.232,1,249986.12
2019,74,2,6,2,2,11956##12136##12228,2246610.672##693896.064##858818.544,3,678964.77
2019,74,2,7,2,1,11765##13689##13690,2139105.648##673128.048,3,623632.64
2019,74,2,7,2,2,12228,858818.544,1,170339.08
2019,74,2,11,2,1,11796##13692,1141019.232##1320601.488,2,499823.62
2019,74,2,11,2,2,12136##12228##12006##12012,693896.064##858818.544##2240502.432##748870.224,4,1078155.23
2019,74,3,6,1,3,2999##3000,5##2,2,5000000.0
2019,74,3,6,2,2,12235,3452377.248,1,699932.88
2019,74,3,7,1,3,3002##3003##3004,6##4##3,3,1380494.0
2019,74,3,7,2,2,12222,3223929.072,1,243067.12
2019,74,3,9,1,3,3005##3006##3007,4##3##2,3,2433334.0
2019,74,3,9,2,1,13688##13696##13698,3223929.072##3264243.456##3253248.624,3,1498308.7
2019,74,3,9,2,2,12222##12231##12232,3223929.072##3264243.456##3253248.624,3,1014366.24
2019,74,3,10,1,3,3001,6,1,518201.0
2019,74,3,11,1,3,3008,4,1,948619.0
2019,74,3,11,2,2,12222,3223929.072,1,243067.12
2019,78,3,1,1,3,3408,7,1,431486.0
2019,78,3,3,1,3,3409,4,1,380356.0
2019,78,3,4,1,3,3408,7,1,647229.0
2019,78,3,7,1,3,3410,6,1,385199.0
2019,78,3,10,1,3,3409##3410,4##6,2,710292.0
2019,78,3,11,1,3,3409,4,1,511513.0
2019,79,3,4,1,3,3019,11,1,412014.0
2019,79,3,6,1,3,3016##3017,5##2,2,645280.0
2019,79,3,7,1,3,3018##3021,6##3,2,446179.0
2019,79,3,9,1,3,3017##3020,2##4,2,640706.0
2019,79,3,10,1,3,3019,11,1,395857.0
2019,79,3,11,1,3,3020,4,1,447386.0
2019,80,1,3,2,1,14397,18675.54,1,195000.0
2019,80,1,3,2,2,12985##12804##12667##14139##14165##14138##14155,4740.714##48843.72##22266.99##16377.012##10056.06,7,2703705.94
2019,80,1,4,2,1,13249,12641.904,1,200016.1
2019,80,1,6,2,1,14060##14397,4309.74##18675.54,2,395000.0
2019,80,1,6,2,2,12804##12847##12987##13001##12939##12959##12688##12726##12848##12717##12862##12667##12723##12933##14152##14126##14138##14141##14132##14324,48843.72##5028.03##29018.916##4740.714##18675.54##12641.904##21979.674##1723.896##7182.9##22266.99##43097.4##16089.696##13791.168,20,8864922.1
2019,80,1,7,2,1,14233,16377.012,1,99486.4
2019,80,1,7,2,2,12804##12688##12690##12726##12848##12717##12862##12667##12639##14152##14138##14141##14125##14145##14324##14068##14129##14157##14166,48843.72##21979.674##1723.896##5028.03##7182.9##22266.99##16377.012##16089.696##29018.916##9050.454##4022.424,19,7960988.6
2019,80,1,9,2,2,12804##12688##12690##12726##12848##12717##12862##12667##12639##14152##14126##14138##14141##14125##14145##14324##14068##14129##14157##14166,48843.72##21979.674##1723.896##5028.03##7182.9##22266.99##16377.012##16089.696##29018.916##9050.454##4022.424,20,5947838.36
2019,80,1,10,2,1,13953,16377.012,1,486935.58
2019,80,1,10,2,2,12804##12667##12639##12636##12971##13298##12933##12986##14126##14138##14141##14132##14324##14150##14151,48843.72##22266.99##16377.012##22554.306##2442.186##43097.4##8619.48##21979.674##29018.916##13791.168##7182.9,15,3067428.62
2019,80,1,11,2,1,14038##14149##14154##14206##14397,16377.012##10056.06##4309.74##18675.54,5,1632061.84
2019,80,1,11,2,2,12939##12959##12688##12717##12862##12868##13000##12723##12933##12986##14152##14126##14138##14141##14132##14068##14129##14157##14155##14166,18675.54##12641.904##21979.674##1723.896##7182.9##8619.48##10056.06##43097.4##16089.696##22266.99##29018.916##13791.168##9050.454##4022.424,20,9751789.49
2019,80,2,3,2,2,12988##12817##14131##14164,47694.456##44390.322##47838.114,4,1315233.94
2019,80,2,6,2,2,12854##12858,33041.34##46832.508,2,424224.49
2019,80,2,7,2,2,14159,47838.114,1,345022.11
2019,80,2,9,2,1,14293,1580.238,1,201337.42
2019,80,2,9,2,2,14159,47838.114,1,135008.65
2019,80,2,10,2,2,12817##12946##14164##14159##14115##14156,44390.322##40798.872##47838.114##49274.694##50136.642,6,1206810.7
2019,80,2,11,2,1,14143##14398,44390.322##47838.114,2,449981.01
2019,80,3,3,1,4,3353,4,1,506249.0
2019,80,3,3,2,1,14146,20543.094,1,500289.2
2019,80,3,3,2,2,12906,20543.094,1,279386.46
2019,80,3,4,2,1,14133,20399.436,1,1500000.0
2019,80,3,6,1,3,3076,5,1,4749999.0
2019,80,3,6,1,4,3355,5,1,2000000.0
2019,80,3,6,2,1,14240,21548.7,1,750010.72
2019,80,3,7,1,3,3069##3070##3082##3380##3383,6##3##4,5,7236453.0
2019,80,3,7,1,4,3353##3354##3358,4##6##3,3,3494570.0
2019,80,3,7,2,1,13111##13122##13877##13911##14147##14047##14136,21692.358##20543.094##19824.804,7,4660213.41
2019,80,3,7,2,2,13038##13330,21692.358##9481.428,2,721972.34
2019,80,3,8,2,2,12724,21548.7,1,1000000.0
2019,80,3,9,1,3,3065##3071##3072##3383,3##4##2,4,9645022.0
2019,80,3,9,1,4,3353##3357##3358,4##2##3,3,4508835.0
2019,80,3,9,2,2,13038##13330,21692.358##9481.428,2,280189.4
2019,80,3,10,1,3,3380,4,1,43500.0
2019,80,3,10,1,4,3353##3354##3356,4##6##11,3,1505605.0
2019,80,3,10,2,2,12906##13330##13009,20543.094##9481.428##19824.804,3,959298.01
2019,80,3,11,1,3,3075##3083##3084##3380##3382##3383,3##4##7##11,6,7687736.0
2019,80,3,11,1,4,3353##3358,4##3,2,1988335.0
2019,80,3,11,2,1,14047##14134##14136,21692.358##9481.428##20543.094,3,2553457.96
2019,81,3,7,1,3,2981,3,1,1400000.0
2019,81,3,11,1,3,2982,4,1,398007.0
2019,82,3,7,1,3,3425##3426##3427##3428,1##4##3##6,4,2577330.0
2019,82,3,10,1,3,3426,4,1,64869.0
2019,82,3,11,1,3,3426,4,1,64869.0
2019,87,1,1,2,1,14521##13265,388.857,2,341317.03
2019,87,1,1,2,2,12385,11743.4814,1,450000.0
2019,87,1,3,2,2,12352##12463##12388##12530,699.9426##1244.3424##1399.8852##233.3142,4,2324125.91
2019,87,1,4,2,1,14521,388.857,1,805339.03
2019,87,1,4,2,2,12500,1244.3424,1,899925.99
2019,87,1,6,2,1,14568##14601##13263##13266##13269##13293,388.857##1399.8852##65794.6044##11121.3102##11743.4814##62917.0626,6,2650178.87
2019,87,1,6,2,2,12348##12430##12471##12507##12532##12581,16098.6798##37796.9004##65950.1472##311.0856##11121.3102##13221.138,6,2349999.25
2019,87,1,7,2,1,14605##14582,699.9426##2955.3132,2,632508.59
2019,87,1,7,2,2,12472##12502##12542##12552,12210.1098##16098.6798##64628.0334##11121.3102,4,1683061.91
2019,87,1,9,2,1,14605##14582,699.9426##2955.3132,2,416788.82
2019,87,1,9,2,2,12560,2955.3132,1,1476246.23
2019,87,1,10,2,1,13255,699.9426,1,350063.89
2019,87,1,10,2,2,12388##12530##12362##12376##12469,1399.8852##233.3142##699.9426##4821.8268##388.857,5,2723986.69
2019,87,1,11,2,1,14510##14532##14546##14571##14582##13253,64705.8048##699.9426##65794.6044##1399.8852##2955.3132,6,3318335.44
2019,87,1,11,2,2,12397##12410##12411##12470,11743.4814##2955.3132##4121.8842##388.857,4,4100003.4
2019,87,1,13,2,1,13245##14833##14835,11743.4814##12210.1098##63150.3768,3,720000.01
2019,87,2,1,2,1,13273##13287,65872.3758##4199.6556,2,449925.76
2019,87,2,1,2,2,12351##12443##12484,65872.3758##62683.7484##4199.6556,3,749603.61
2019,87,2,3,2,1,14508##13826##13787##13283,27919.9326##66416.7756##22164.849##62839.2912,4,1264107.74
2019,87,2,3,2,2,12346##12357##12429##12413##12511,15787.5942##63928.0908##63539.2338##65250.2046##64083.6336,5,1700764.92
2019,87,2,4,2,1,14511##14529##13254##13285,23331.42##62683.7484##62839.2912,4,1894836.68
2019,87,2,4,2,2,12383##12461##12483,62683.7484##62839.2912##4199.6556,3,2086420.18
2019,87,2,6,2,1,13282,62839.2912,1,250000.0
2019,87,2,6,2,2,12477##12488##12491##12495##12522##12533##12558,2877.5418##63305.9196##65405.7474##26597.8188##63228.1482##19909.4784##5988.3978,7,2148481.36
2019,87,2,7,2,1,14877##14533##13268##13289##13260##13261,63461.4624##22164.849##18976.2216##15632.0514##66339.0042##8399.3112,6,1184481.83
2019,87,2,7,2,2,12547##12425##12442##12476##12521,20065.0212##22164.849##65250.2046##5988.3978##9721.425,5,2063895.75
2019,87,2,9,2,1,14533##13268##13289##13260##13261,22164.849##18976.2216##15632.0514##66339.0042##8399.3112,5,1078621.1
2019,87,2,9,2,2,12478##12494##12516##12525##12569,20065.0212##26597.8188##13609.995##62605.977##16020.9084,5,2854572.28
2019,87,2,10,2,1,14508##14535##14540##13283##13267##13287,27919.9326##65250.2046##62839.2912##18976.2216##4199.6556,6,1443616.96
2019,87,2,10,2,2,12413##12511##12396##12404##12462##12559,65250.2046##64083.6336##63694.7766##63772.548##65872.3758,6,1720328.81
2019,87,2,11,2,1,14533##14509##14524##14543##14566##13277,22164.849##63539.2338##63928.0908##19909.4784##15632.0514,6,2421225.51
2019,87,2,11,2,2,12405##12428##12554##12557,8399.3112##63694.7766##65172.4332##9721.425,4,1870661.85
2019,87,3,1,1,3,3292##3300,7##11,2,1007002.0
2019,87,3,3,1,3,3303,4,1,999976.0
2019,87,3,4,1,3,3292##3300##3420##3421,7##11,4,4058011.0
2019,87,3,6,1,3,3085##3092##3295##3296##3422,5##2,5,14465659.0
2019,87,3,7,1,3,3086##3088##3090##3094##3293##3299##3304##3306##3424,7##6##4##3,9,6118917.0
2019,87,3,9,1,3,3091##3093##3297##3305,4##2,4,9785497.0
2019,87,3,10,1,3,3300##3302##3306##3420,11##4##6,4,3334384.0
2019,87,3,11,1,3,3087##3089##3294##3301##3419,7##4,5,8900226.0
2019,87,3,11,2,1,12984,1788.7422,1,1000286.29
2019,87,3,12,1,3,3298##3423,2,2,1200000.0
2019,87,3,13,2,1,14836,1944.285,1,500001.19
2019,87,3,13,2,2,12359,1944.285,1,700000.08
2019,87,4,6,2,2,12479,62294.8914,1,500000.0
2019,87,4,7,2,2,12512,62294.8914,1,288344.71
2019,88,1,1,2,2,11706##11778##13512##13596,12760.989##5596.925,4,1553899.94
2019,88,1,3,2,1,14817##14714,6940.187##9178.957,2,461317.78
2019,88,1,3,2,2,11589##11593##11598##11685##13358##13446##13516##13514,11193.85##11641.604##5149.171##10522.219##12537.112##9850.588,8,2741408.47
2019,88,1,4,2,1,14802##14763,26641.363##12537.112,2,615279.88
2019,88,1,4,2,2,11555##11660##11675##11683##11691##11784##13596##13452##13483##13551##13554##13621##13638##13392,12537.112##10522.219##26641.363##19029.545##9178.957##5596.925##12760.989##7164.064##7387.941,14,2615265.25
2019,88,1,6,2,2,11497##11566##11635##11637##11716##11737##11744##11751##13596##13361##13412##13449##13541##13626##13665##13351,11641.604##47909.678##11193.85##19029.545##3805.909##12537.112##3134.278##5373.048##12760.989##3582.032##12089.358##37387.459,16,2573771.1
2019,88,1,7,2,1,14800,11641.604,1,200000.0
2019,88,1,7,2,2,11471##11485##11559##11584##11585##11629##11643##11674##11703##11732##11777##13376##13486##13557##13587##13642##13650##13655##13553##13628##13351##13647##13478##13657,26193.609##14552.005##2686.524##18134.037##11865.481##60670.667##17014.652##53954.357##11641.604##19253.422##21268.315##14328.128##68506.362##26641.363##5373.048##8731.203##6492.433,24,4013962.08
2019,88,1,9,2,1,14716##14723##14755##14819,4925.294##15671.39##7387.941##14552.005,4,733021.24
2019,88,1,9,2,2,11450##11478##11483##11486##11509##11516##11519##11529##11583##11596##11599##11620##11642##11688##11768##13628##13450##13477##13656##13669##13351##13647##13392##13472##13379##13657,2686.524##1791.016##26193.609##14552.005##5373.048##21268.315##41641.122##11641.604##11193.85##21939.946##4925.294##8731.203##17014.652##26641.363##7387.941,26,6215966.92
2019,88,1,10,2,1,14710##14793##14796##14714,22163.823##11641.604##10522.219##9178.957,4,516984.53
2019,88,1,10,2,2,11477##11496##11501##11524##11558##11571##11572##11595##11604##11627##11658##11686##11721##11723##11725##11734##11767##13628##13351##13392##13408##13476##13521##13547##13561##13606##13645##13514##13478##13379,9178.957##5596.925##11641.604##28432.379##5149.171##3582.032##5373.048##8283.449##22163.823##10522.219##30895.026##8731.203##26641.363##7387.941##6268.556##38282.967##6492.433,30,7438681.47
2019,88,1,11,2,1,14744##14811##14763,3582.032##8507.326##12537.112,3,916077.06
2019,88,1,11,2,2,11560##11600##11617##11630##11639##11748##11763##13472##13418##13470##13501##13563##13657,2686.524##4925.294##3582.032##53954.357##17014.652##12537.112##21939.946##8507.326##5149.171##5596.925##14552.005,13,3685723.78
2019,88,1,12,2,2,11741##11792,16790.775##19029.545,2,479999.99
2019,88,2,1,2,2,11512##13426##13459,34477.058##47238.047##28208.502,3,327161.25
2019,88,2,3,2,2,11457##11592##13419##13440##13545,23283.208##18357.914##22611.577##20148.93,5,1670825.88
2019,88,2,4,2,1,14692##14717##14750##14791,44327.646##43208.261##43432.138##41417.245,4,799902.31
2019,88,2,4,2,2,11467##11493##11530##11573##11601##11613##11628##13440##13573##13427##13467##13489##13622##13433##13560##13387,48357.432##34253.181##44327.646##43208.261##19477.299##41417.245##23730.962##22611.577##43432.138##18357.914,16,1754383.09
2019,88,2,6,2,2,11440##11538##11562##11597##11633##11669##11670##11733##11742##11761##11787##13419##13440##13354##13356##13357##13403##13524##13562##13631##13660##13661##13573##13439##13374##13350,50596.202##61118.421##45223.154##27984.625##58879.651##55073.742##18357.914##67834.731##38506.844##42760.507##59999.036##22611.577##64028.822##39178.475##50820.079##34029.304##36939.705##48357.432,26,3625718.35
2019,88,2,7,2,1,14684##14688##14690##14692,63133.314##59551.282##25969.732##44327.646,4,789922.41
2019,88,2,7,2,2,11442##11445##11451##11452##11454##11466##11472##11476##11495##11498##11505##11508##11520##11521##11542##11616##11696##11702##11735##11753##13369##13372##13375##13431##13441##13544##13555##13610##13636##13468##13510##13454##13459##13460##13614##13399##13560##13388,48805.186##43879.892##62237.806##63357.191##23283.208##59551.282##40073.983##68730.239##44775.4##25969.732##19925.053##21044.438##63133.314##28208.502##27984.625##44327.646##18357.914##55969.25##20820.561##22835.454##43432.138##61118.421,38,5183179.28
2019,88,2,9,2,1,14725,27984.625,1,177271.18
2019,88,2,9,2,2,11444##11570##11575##11581##11619##11640##11680##11749##13468##13510##13454##13439##13399##13569##13532,43879.892##68730.239##18357.914##27984.625##28208.502##48133.555##21044.438##22835.454,15,3073164.24
2019,88,2,10,2,1,14718##14732,38730.721##31342.78,2,385834.0
2019,88,2,10,2,2,11437##11460##11463##11500##11523##11550##11553##11557##11623##11631##11634##11682##11699##11746##13459##13353##13368##13407##13420##13432##13445##13455##13523##13534##13550##13615##13374##13560##13388##13569##13532##13387,49700.694##68730.239##55521.496##55073.742##61118.421##18357.914##31342.78##48133.555##54625.988##22835.454##55745.373##38730.721##67610.854##43432.138##28208.502##56193.127##64476.576##54849.865##34029.304,32,4710284.48
2019,88,2,11,2,1,12596##14697,52611.095##23283.208,2,394917.5
2019,88,2,11,2,2,11443##11453##11489##11490##11502##11507##11510##11552##11569##11580##11594##11614##11665##11709##11714##11747##11760##13440##13545##13454##13460##13614##13433##13388##13371##13451##13488##13556##13570##13574##13662##13350##13532##13387,18357.914##23283.208##40073.983##39850.106##26417.486##66267.592##66043.715##44999.277##68730.239##48133.555##27984.625##22611.577##19477.299##52611.095##45447.031##50820.079##40297.86##20148.93##61118.421##64700.453##50596.202,34,7602165.05
2019,88,2,12,2,2,11541,27984.625,1,100000.0
2019,88,3,1,1,3,3056##3059,7##11,2,593505.0
2019,88,3,1,2,2,11492,1343.262,1,300000.0
2019,88,3,3,1,3,3060,4,1,455081.0
2019,88,3,3,2,1,14733,1119.385,1,499242.7
2019,88,3,4,1,3,3056##3059##3397,7##11,3,2009517.0
2019,88,3,4,2,2,11724##13487,1343.262,2,941338.0
2019,88,3,6,1,3,3055##3056##3061##3393##3398,5##7##2,5,8952792.0
2019,88,3,6,2,1,14820,895.508,1,1278236.45
2019,88,3,7,1,3,2983##2986##3056##3062##3064##3391##3394##3400,7##3##6##4,8,3615328.0
2019,88,3,7,2,1,14733##14675,1119.385##671.631,2,1017701.39
2019,88,3,7,2,2,11448##11503##11700##11745##13464##13644##13559,1119.385##671.631##1343.262##2014.893,7,3126115.39
2019,88,3,8,2,2,11625##11678##11701##13492,1567.139##1343.262,4,4075127.0
2019,88,3,9,1,3,3060##3061,4##2,2,648941.0
2019,88,3,9,2,1,14733,1119.385,1,499242.7
2019,88,3,9,2,2,11611##11730##11755##13644##13668##13559,671.631##1119.385##1567.139,6,1563825.34
2019,88,3,10,1,3,3059##3060##3064,11##4##6,3,1476055.0
2019,88,3,10,2,1,14733##14756##14770,1119.385##447.754##2014.893,3,577270.37
2019,88,3,10,2,2,11563##13559,1119.385,2,359353.84
2019,88,3,11,1,3,2984##3056##3391##3397,4##7,4,6952119.0
2019,88,3,11,2,2,13475,1343.262,1,374169.0
2019,88,3,12,1,3,2985##3399,2,2,229493.0
2019,88,3,13,1,3,3395,11,1,3000002.0
2019,91,1,3,2,2,13924##13935##13941##13946##14018,3613323.73##3203726.744##2239738.933##3327649.399##3507663.361,5,3316878.9
2019,91,1,4,2,1,12205##14641,3690286.221##3622454.873,2,1149330.87
2019,91,1,4,2,2,14105,2231912.239,1,499259.6
2019,91,1,6,2,2,13957##14116,3622454.873##2106685.135,2,1484394.0
2019,91,1,7,2,2,14001,845282.952,1,685000.03
2019,91,1,9,2,1,14703,3674632.833,1,364580.03
2019,91,1,10,2,1,12594##14704,1986675.827##3674632.833,2,623137.13
2019,91,1,10,2,2,14024,3507663.361,1,654937.3
2019,91,1,11,2,1,12204##12597##12603##14561##14590##14644,3533752.341##2231912.239##845282.952##3751595.324,6,3115526.03
2019,91,1,11,2,2,13884##13905##13940##14007,3622454.873##845282.952##2239738.933##3203726.744,4,3095142.24
2019,91,2,3,2,1,12591,623526.622,1,610627.6
2019,91,2,3,2,2,13246##13248##13286##13917##14079##14090,632657.765##1810575.212##1361844.756##623526.622##649615.602##1385324.838,6,2412738.05
2019,91,2,4,2,1,14567##14629##14652,623526.622##1369671.45##1745352.762,3,2396041.37
2019,91,2,4,2,2,13237##13909,1745352.762##623526.622,2,1061441.61
2019,91,2,6,2,2,13234##13235,1917540.03##1365758.103,2,867132.28
2019,91,2,7,2,1,12602,1813184.11,1,273853.19
2019,91,2,7,2,2,13250##13297##13335##13910##13954##13977,1978849.133##1360540.307##1963195.745##1596645.576##1813184.11##649615.602,6,1789730.29
2019,91,2,10,2,1,12216,623526.622,1,239117.63
2019,91,2,10,2,2,13945##14107,632657.765##1385324.838,2,1056277.25
2019,91,2,11,2,1,12216##12587##14594,623526.622,3,1344157.42
2019,91,2,11,2,2,13243,1917540.03,1,249987.31
2019,91,3,3,2,2,14044,3446354.258,1,1199999.95
2019,91,3,4,2,1,12040,3432005.319,1,999983.12
2019,91,3,4,2,2,13978##14003##14004,644397.806##3446354.258##3432005.319,3,1682372.65
2019,91,3,6,2,1,14556,3687677.323,1,1999913.46
2019,91,3,6,2,2,13933,3687677.323,1,1997320.85
2019,91,3,7,2,1,14169##11971##12032##12585##12595##14659##14799,3422874.176##3489401.075##3446354.258,7,3855660.07
2019,91,3,7,2,2,13987##14081##14086,3422874.176##3489401.075##3399394.094,3,2232030.06
2019,91,3,9,2,1,12032##14709,3446354.258,2,835291.73
2019,91,3,10,2,1,12039##12593##12598##14625##14682,3422874.176##3446354.258##3432005.319##3399394.094##3872909.081,5,3475640.66
2019,91,3,10,2,2,14005##14083,3432005.319##3422874.176,2,1459792.44
2019,91,3,11,2,1,13134##12600##14799##14557##14683,3399394.094##3446354.258,5,4017478.99
2019,91,3,11,2,2,14023##14045,3446354.258##3399394.094,2,1608437.93
2019,97,3,6,1,4,3163##3170,5##2,2,5483802.0
2019,97,3,7,1,3,3010##3011##3012##3015,7##11##4##3,4,3355553.0
2019,97,3,7,1,4,3167##3171,6##3,2,1290692.0
2019,97,3,10,1,4,3165##3167,17##6,2,944412.0
2019,97,3,11,1,4,3164,7,1,1000000.0
2019,97,3,12,1,3,3013##3014,2,2,949210.0
2019,97,3,13,1,4,3166##3168##3169,1##11##4,3,9272667.0
2019,98,1,4,2,2,13722,4250302.7859,1,163665.25
2019,98,1,6,2,2,13730##13701##13722,6561363.1797##6040372.6863##4250302.7859,3,300648.94
2019,98,1,7,2,2,14396##13680##13722,4223585.3247##5534967.3786##4250302.7859,3,492621.13
2019,98,1,10,2,2,13730##13701##13680##13773,6561363.1797##6040372.6863##5534967.3786##6481210.7961,4,322665.69
2019,98,1,11,2,2,13701##13680##13773,6040372.6863##5534967.3786##6481210.7961,3,355174.98
2019,98,2,4,2,2,13694##13777##13707,4228038.2349##4243623.4206##8852385.4776,3,296187.15
2019,98,2,6,2,2,13624##13694,4230264.69##4228038.2349,2,254977.63
2019,98,2,7,2,2,13737##13694,4239170.5104##4228038.2349,2,157526.47
2019,98,2,10,2,2,13694##13752,4228038.2349##4252529.241,2,231391.22
2019,98,2,11,2,2,13737##13694##13752##13707,4239170.5104##4228038.2349##4252529.241##8852385.4776,4,412823.71
2019,98,3,3,1,4,3100,4,1,240579.0
2019,98,3,4,1,4,3096##3099,7##11,2,1123481.0
2019,98,3,6,1,4,3095##3096,5##7,2,658403.0
2019,98,3,7,1,4,3098##3100##3101,6##4##3,3,1613861.0
2019,98,3,10,1,4,3097##3099##3100,20##11##4,3,1283280.0
2019,98,3,11,1,4,3096##3100,7##4,2,1083461.0
2019,99,3,6,1,4,3177,2,1,1989324.0
2019,99,3,7,1,4,3174##3175##3176,6##11##4,3,1800011.0
2019,99,3,10,1,4,3173##3175##3176,7##11##4,3,1350008.0
2019,99,3,11,1,4,3175##3176,11##4,2,850002.0
2019,102,3,7,1,4,3349##3351##3352,4##3##6,3,4568187.0
2019,102,3,9,1,4,3349,4,1,996387.0
2019,102,3,10,1,4,3349##3350##3352,4##11##6,3,2260902.0
2019,102,3,11,1,4,3349##3352,4##6,2,2190210.0
2019,103,3,4,1,4,3346##3347,7##11,2,1590000.0
2019,103,3,6,1,4,3346,7,1,600000.0
2019,103,3,7,1,4,3346,7,1,600000.0
2019,103,3,10,1,4,3346##3347,7##11,2,2430000.0
2019,103,3,14,1,4,3347,11,1,780000.0
2019,105,1,1,2,2,14591##14762##14651,3404023.7952##3733445.4528##3534680.4864,3,2634582.19
2019,105,1,3,2,2,11840##11841##11857##11856##11800##14563##14651##14542##14663,4040627.6736##3534680.4864##3802943.6928,9,7821418.01
2019,105,1,4,2,2,14762##14651,3733445.4528##3534680.4864,2,4067388.57
2019,105,1,6,2,2,11818##11911##11996##11941##11801##11800##14576##14577##14593##14636##14650##14668##14663,3595838.9376##3568039.6416##4003098.624##3802943.6928##2105796.672##878457.7536##3534680.4864##8339.7888,13,21524796.36
2019,105,1,7,2,1,12780,3506881.1904,1,717849.94
2019,105,1,7,2,2,11878##11941##11801##14541##14612##14626##14706##14772,3506881.1904##4003098.624##155676.0576##2105796.672##3761244.7488##3873831.8976,8,10133860.73
2019,105,1,9,2,2,11801##11974,4003098.624##2105796.672,2,2446510.86
2019,105,1,10,2,2,11841##11996##11941##11821##11863##14685##14686##14721,4040627.6736##3568039.6416##4003098.624##3733445.4528##8339.7888##3467962.176,8,6233204.1
2019,105,1,11,2,1,12760##12761##12773##12792##12810##12826,3733445.4528##3761244.7488##3534680.4864##4003098.624##155676.0576##3802943.6928,6,4920106.02
2019,105,1,11,2,2,11857##11996##11941##11801##11823##11830##11858##11883##11905##11856##11800##14762##14651##14542##14536##14559##14569##14628##14638,3534680.4864##3568039.6416##4003098.624##3595838.9376##8339.7888##878457.7536##3802943.6928##3733445.4528##3506881.1904##3873831.8976##3761244.7488##1023014.0928,19,17079370.57
2019,105,1,12,2,2,14657,3733445.4528,1,2379137.76
2019,105,2,1,2,2,14573##14574##14730##14613##14610##14595##14630##14616,846488.5632##2296221.8496##722781.696##1884792.2688##1922321.3184##1111971.84##1043863.5648##2494986.816,8,1748416.19
2019,105,2,3,2,2,11810##11894##11802##11855##11816##11917##11860##14618##14619##14640##14647##14548,1886182.2336##711661.9776##1594289.6256##1043863.5648##847878.528##1021624.128##1591509.696##722781.696,12,5710596.12
2019,105,2,4,2,2,11917##11815##11882##14613##14610##14620##14677##14746##14760##14595##14630##14615##14616##14589##14624,1021624.128##2296221.8496##836758.8096##1884792.2688##1922321.3184##715831.872##2285102.1312##1388574.8352##1114751.7696##1111971.84##1043863.5648##1110581.8752##2494986.816##718611.8016##722781.696,15,8995767.83
2019,105,2,6,2,2,11802##11855##11798##11944##11993##11920##11853##11882##11797##11809##14548##14581##14592##14607##14633##14731,1594289.6256##1043863.5648##1182860.0448##2328191.04##2069657.5872##871507.9296##722781.696##836758.8096##711661.9776##2492206.8864##718611.8016##846488.5632,16,9674756.73
2019,105,2,7,2,1,12766##12774##12776##12777,722781.696##718611.8016##1110581.8752##2492206.8864,4,1873882.97
2019,105,2,7,2,2,11920##11853##11945##11948##11950##12005##11917##11861##11908##11926##11804##11809##11813##11868##14610##14545##14575##14580##14588##14627##14635##14738,871507.9296##722781.696##2524176.0768##1388574.8352##715831.872##1021624.128##1884792.2688##1110581.8752##1922321.3184##2492206.8864##718611.8016##1035523.776,22,12330337.54
2019,105,2,9,2,2,11816##11853##11917##11861##11908##11926##11804,847878.528##722781.696##1021624.128##1884792.2688##1110581.8752##1922321.3184,7,1821625.81
2019,105,2,10,2,2,11882,836758.8096,1,299358.42
2019,105,2,11,2,2,11853##11861##11908##11926##11804##11882##11803##11806##11829##11843##11852##11906##11860##11797##11809##11813##11868##14738##14615##14537##14538##14544##14550##14608##14642##14699##14616##14589##14624,722781.696##1021624.128##1884792.2688##1110581.8752##1922321.3184##836758.8096##1035523.776##2328191.04##1591509.696##847878.528##871507.9296##711661.9776##2492206.8864##718611.8016##1043863.5648##2285102.1312##1886182.2336##2494986.816,29,16815686.7
2019,105,3,1,2,2,14649,3651437.5296,1,965546.91
2019,105,3,4,2,1,14000,3651437.5296,1,2991057.69
2019,105,3,4,2,2,11912##11916##14649,3651437.5296##3476301.9648,3,6628243.03
2019,105,3,6,2,2,14776,3440162.88,1,4000000.0
2019,105,3,7,2,1,12788##13161##14002##14032,3711206.016##3637537.8816,4,25088309.33
2019,105,3,7,2,2,11817##11824##11979,3476301.9648##3637537.8816##3711206.016,3,8993225.67
2019,105,3,10,2,1,13996,3637537.8816,1,997839.2
2019,105,3,10,2,2,11977##11912##14764##14778##14649,3637537.8816##3651437.5296##3616688.4096,5,11938315.08
2019,105,3,11,2,1,12821,3665337.1776,1,8560149.8
2019,105,3,12,1,3,2987,2,1,31666052.0
2019,105,3,12,2,1,13999,3476301.9648,1,2082970.48
2019,105,3,12,2,2,14539,3476301.9648,1,15188200.74
2019,105,3,13,2,2,11837##12000##14765,3637537.8816##3665337.1776,3,6977155.98
2019,105,4,4,2,2,14596##14597##14614,3804333.6576##854828.352,3,3774689.29
2019,105,4,7,2,2,11833,3804333.6576,1,1274521.94
2019,105,4,10,2,2,11864,854828.352,1,715151.62
2019,106,3,3,1,3,3412,4,1,506495.0
2019,106,3,6,1,3,3416,2,1,4360000.0
2019,106,3,7,1,3,3417,3,1,798779.0
2019,106,3,9,1,3,3413,4,1,498577.0
2019,106,3,10,1,3,3414,6,1,685273.0
2019,106,3,11,1,3,3415,4,1,1139550.0
2019,107,3,1,1,3,3220,7,1,202901.0
2019,107,3,4,1,3,3221##3226,7##11,2,997190.0
2019,107,3,6,1,3,3028##3034,5##2,2,5700936.0
2019,107,3,7,1,3,3030##3035##3223##3225##3229,4##3##6,5,2618892.0
2019,107,3,9,1,3,3032##3227,4,2,784609.0
2019,107,3,10,1,3,3029##3031##3222##3228,6##4,4,1009086.0
2019,107,3,11,1,3,3033##3230,4,2,2294272.0
2019,107,3,12,1,3,3224,2,1,498009.0
2019,108,1,1,2,2,12798##12841,621887.574##4243468.152,2,768649.2
2019,108,1,2,2,2,12798##14503,621887.574##8314.005,2,1079874.13
2019,108,1,3,2,2,12943,4817134.497,1,291689.7
2019,108,1,4,2,1,13720##14914,1682754.612##83140.05,2,1246480.7
2019,108,1,6,2,1,14900##14912,83140.05##1682754.612,2,1892976.14
2019,108,1,6,2,2,12730##12732##12940##12813##14507,4767250.467##2015314.812##4817134.497##63186.438,5,2496113.67
2019,108,1,7,2,2,12882##13010##14412##14453,1682754.612##581980.35##4501202.307,4,1357651.34
2019,108,1,9,2,2,12615##14453,1682754.612,2,294373.91
2019,108,1,10,2,1,13767,621887.574,1,394521.39
2019,108,1,10,2,2,12863##12927##13014##14412##14450,4725680.442##4456306.68##581980.35##4501202.307,5,2313136.46
2019,108,1,11,2,1,12238,199536.12,1,350000.01
2019,108,1,11,2,2,12813##12709##12851##12877##12924##12841##14416##14482##14484##14491##14498##14525,63186.438##2336235.405##83140.05##4767250.467##4456306.68##4243468.152##199536.12##8314.005,12,6274702.1
2019,108,2,1,2,1,13742,588631.554,1,110288.92
2019,108,2,1,2,2,12859##12922##14480##14501,1674440.607##591957.156##588631.554,4,2416843.26
2019,108,2,2,2,2,14415##14445##14448##14465,1687743.015##1423357.656##989366.595##593619.957,4,463068.98
2019,108,2,3,2,2,12630##12682##12683##12799##12825##12856##12879##13002##14406##14429##14458##14463##14455##14490##14414##14401##14413##14430##14417,1687743.015##991029.396##2344549.41##4878658.134##593619.957##1674440.607##575329.146##606922.365##6622936.383##989366.595##591957.156##6566401.149##1102437.063##2334572.604##576991.947,19,11792170.06
2019,108,2,4,2,1,13711##13719##13756##13758##13780##13796##13804##13816##13742##13775##14913##14915##14916##14917,613573.569##1687743.015##991029.396##989366.595##6622936.383##1102437.063##906226.545##6624599.184##588631.554##575329.146##576991.947##593619.957,14,6790947.17
2019,108,2,4,2,2,12970##13005##14495##14522##14447##14500##14512,613573.569##6624599.184##6622936.383##906226.545##593619.957,7,3874802.26
2019,108,2,6,2,1,14899##14901##14921,4955146.98##989366.595##590294.355,3,2099388.63
2019,108,2,6,2,2,12621##12681##12790##12843##12853##12886##12921##13011##14415##14445##14403##14418##14461##14487##14497##14448##14465,576991.947##2030280.021##596945.559##590294.355##2630551.182##606922.365##1102437.063##6624599.184##1687743.015##1423357.656##2025291.618##989366.595##593619.957,17,6504627.69
2019,108,2,7,2,1,13710##13755##13768##13778##13781##13793##13797##14908,1900581.543##590294.355##906226.545##6622936.383##588631.554##593619.957##1725987.438##1691068.617,8,2241415.67
2019,108,2,7,2,2,12616##12628##12640##12745##12820##12860##12881##12889##12891##12973##12696##12800##14506##14408##14428,1691068.617##585305.952##6622936.383##1423357.656##593619.957##590294.355##1900581.543##906226.545##616899.171##608585.166##2344549.41##1725987.438##5008356.612,15,7958906.0
2019,108,2,9,2,2,12696##12800##12660##12954##12967##14408##14436##14517##14428,2344549.41##1725987.438##6622936.383##608585.166##585305.952##1900581.543##906226.545,9,1364663.96
2019,108,2,10,2,1,13733##13784##14906##14907,576991.947##593619.957,4,1236842.03
2019,108,2,10,2,2,12612##12670##12822##12850##12925##12976##14455##14490##14414##14417##14447,1105762.665##1114076.67##1689405.816##583643.151##906226.545##616899.171##4878658.134##591957.156##1687743.015##576991.947,11,3486467.42
2019,108,2,11,2,1,13712##13713##13723##13731##13736##13751##13757##13782##13785##13801##13809##13813##13775##14902##14903##14904##14905,613573.569##869644.923##3027960.621##1691068.617##591957.156##1102437.063##578654.748##590294.355##2025291.618##1341880.407##1674440.607##1687743.015##575329.146##576991.947##2030280.021,17,10178203.35
2019,108,2,11,2,2,12607##12687##12797##12805##12869##12969##14414##14401##14413##14430##14417##14500##14512##14402##14452##14501,869644.923##578654.748##591957.156##575329.146##2025291.618##588631.554##1687743.015##6566401.149##1102437.063##2334572.604##576991.947##593619.957##613573.569##2030280.021,16,6912945.27
2019,108,2,12,2,2,12926,2510829.51,1,416872.0
2019,108,3,1,2,1,13735##11711,109744.866,2,7103466.26
2019,108,3,1,2,2,12989,109744.866,1,6481375.04
2019,108,3,2,2,2,12794,4334922.207,1,1888593.1
2019,108,3,4,2,1,13735##14910,109744.866,2,3771039.08
2019,108,3,4,2,2,12981,109744.866,1,1972960.0
2019,108,3,6,2,2,12747##14486,69837.642,2,1057882.59
2019,108,3,7,2,1,13817##13769,251082.951##229466.538,2,1160917.28
2019,108,3,7,2,2,13018##14504,251082.951,2,611107.64
2019,108,3,9,2,1,14909,237780.543,1,697254.8
2019,108,3,10,2,1,13769,229466.538,1,543268.56
2019,108,3,10,2,2,12989,109744.866,1,801068.82
2019,108,3,11,2,1,13735,109744.866,1,475720.0
2019,108,3,12,2,2,12981,109744.866,1,269040.0
2019,108,4,2,2,2,14531,628538.778,1,119524.06
2019,108,4,4,2,2,12885,628538.778,1,839266.73
2019,108,4,6,2,2,12923##14531,628538.778,2,766411.97
2019,108,4,11,2,2,14528,628538.778,1,697643.03
2019,108,4,12,2,1,13786##11651,1075832.247,2,1357173.78
2020,1,1,3,2,1,17218##17237,954.96##314.64,2,1081848.39
2020,1,1,4,2,1,17211##17212##17213##17220##17223##17231##17257##17264##17289##17208##17217##17702##17706##17707##17708##17711##17720##17777,1007.4##433.32##253.92##1275.12##957.72##979.8##1261.32##1070.88##954.96##1048.8##1087.44##966.0,18,9017200.08
2020,1,1,4,2,2,15064##15066##15073##15070,433.32##966.0##1087.44##1007.4,4,1580347.83
2020,1,1,6,2,1,16065##16072##16077##16122##17208##17217##17210##17234##17741##17745##17771##17781##17796,990.84##1007.4##954.96##433.32##1048.8##1087.44##966.0##957.72##935.64##1059.84,13,6062991.53
2020,1,1,6,2,2,15067##15083,966.0##985.32,2,1555095.34
2020,1,1,7,2,1,15739##16056##16063##16074##16085##16098##17207##17215##17239##17256##17230,977.04##982.56##946.68##1023.96##1010.16##979.8##173.88##971.52,11,4382151.36
2020,1,1,7,2,2,15084##15104##15160##15056##15100##15090##15093##15071,982.56##935.64##977.04##971.52##314.64##946.68##309.12,8,3219278.65
2020,1,1,9,2,1,16064##16097##17747##17806,314.64##977.04##935.64,4,1887578.32
2020,1,1,9,2,2,15100##15090##15071,314.64##946.68##935.64,3,623052.08
2020,1,1,10,2,1,16062##16068##16073##16083##16076##16070##16102##17222##17255##17228##17232##17246##17230##17753##17701##17703,433.32##996.36##314.64##1131.6##1070.88##990.84##979.8##977.04##408.48##946.68,16,5766916.7
2020,1,1,10,2,2,15065##15079##15137##15070##15056##15162##15090##15093,433.32##996.36##999.12##1007.4##971.52##253.92##946.68##309.12,8,2086297.55
2020,1,1,11,2,1,15741##15743##15744##15750##17209##17214##17216##17247,954.96##977.04##1018.44##935.64##924.6##253.92##1087.44,8,5593772.43
2020,1,1,11,2,2,15070##15093##15080##15082##15095##15102##15106##15344,1007.4##309.12##935.64##990.84##988.08##1018.44##977.04,8,3099731.88
2020,1,2,3,2,1,17250,1159.2,1,373915.03
2020,1,2,4,2,1,17229##17700##17743,1225.44##1167.48##1123.32,3,828808.59
2020,1,2,4,2,2,15081,1225.44,1,338880.26
2020,1,2,6,2,1,17252##17743##17808,1098.48##1123.32##1250.28,3,976248.57
2020,1,2,7,2,1,16057##17227,941.16,2,629430.59
2020,1,2,7,2,2,15113##15252,941.16##1051.56,2,1186007.05
2020,1,2,9,2,1,16057,941.16,1,342525.43
2020,1,2,10,2,1,16075##16084##16105,927.36##1134.36##1079.16,3,1001287.89
2020,1,2,10,2,2,15081##15132,1225.44##1079.16,2,456916.19
2020,1,3,6,1,3,3774##3775,5##2,2,15000000.0
2020,1,3,6,1,4,3703,5,1,5000000.0
2020,1,3,6,2,1,16086,414.0,1,1424439.37
2020,1,3,7,1,4,3704##3708,7##3,2,1999974.0
2020,1,3,7,2,1,15062##16067##16082,416.76##182.16,3,2791341.63
2020,1,3,7,2,2,15336,416.76,1,498184.82
2020,1,3,9,1,4,3706##3707##3708,4##2##3,3,3503746.0
2020,1,3,9,2,1,16082##16118##16123##17791##17809,416.76##414.0##394.68,5,3096464.66
2020,1,3,9,2,2,15336##15089##15091,416.76##414.0##394.68,3,2066072.78
2020,1,3,10,1,4,3705,6,1,1000000.0
2020,1,3,10,2,1,17241,391.92,1,299999.85
2020,1,3,10,2,2,15360,1291.68,1,440593.9
2020,1,3,11,1,4,3706##3708,4##3,2,1496245.0
2020,1,3,11,2,1,15747,394.68,1,1088951.24
2020,1,3,12,2,1,15748##16109##16532,414.0##182.16##405.72,3,9195099.95
2020,1,4,6,2,2,15359,1139.88,1,833170.8
2020,1,4,7,2,1,17219,1139.88,1,449914.67
2020,3,3,3,1,3,3499,4,1,386998.0
2020,3,3,6,1,3,3498,5,1,781748.0
2020,3,3,7,1,3,3501,3,1,284955.0
2020,3,3,9,1,3,3499,4,1,1074995.0
2020,3,3,10,1,3,3499##3500,4##6,2,499999.0
2020,3,3,11,1,3,3499,4,1,472998.0
2020,7,3,3,1,4,3670##3671,4##11,2,4890052.0
2020,7,3,4,1,3,3636,1,1,939946.0
2020,7,3,6,1,3,3635##3641,5,2,1460000.0
2020,7,3,7,1,3,3642,6,1,13172.0
2020,7,3,9,1,3,3634,4,1,212535.0
2020,7,3,10,1,3,3634##3638##3642,4##6,3,1800366.0
2020,7,3,11,1,3,3634,4,1,675112.0
2020,7,3,14,1,3,3637##3640,2,2,5100000.0
2020,13,3,1,1,4,3739,11,1,1005000.0
2020,13,3,4,1,3,3551,11,1,3999959.0
2020,13,3,4,1,4,3739,11,1,495000.0
2020,13,3,6,1,3,3767,2,1,6000000.0
2020,13,3,6,1,4,3737,5,1,1500000.0
2020,13,3,7,1,3,3549,3,1,2000126.0
2020,13,3,7,1,4,3736,3,1,1050000.0
2020,13,3,9,1,4,3738,4,1,405515.0
2020,13,3,10,1,3,3550##3552##3553,6##4##12,3,1515350.0
2020,13,3,10,1,4,3735,6,1,750003.0
2020,13,3,11,1,3,3552,4,1,2489998.0
2020,13,3,11,1,4,3738,4,1,495630.0
2020,13,3,12,1,4,3734,2,1,300000.0
2020,14,3,1,1,4,3701,7,1,149500.0
2020,14,3,3,1,4,3698,4,1,47500.0
2020,14,3,4,1,4,3699##3701,11##7,2,680535.0
2020,14,3,6,1,4,3700,2,1,1500000.0
2020,14,3,10,1,4,3698##3702,4##6,2,966000.0
2020,14,3,11,1,4,3698,4,1,636500.0
2020,14,3,12,1,4,3699,11,1,312060.0
2020,14,3,14,1,4,3699,11,1,708136.0
2020,16,3,4,1,3,3464##3465,11##7,2,837811.0
2020,16,3,6,1,3,3466,2,1,3375019.0
2020,16,3,7,1,3,3461##3463##3467##3468,4##6##3,4,1256349.0
2020,16,3,9,1,3,3466,2,1,1125006.0
2020,16,3,10,1,3,3461##3463##3465,4##6##7,3,795861.0
2020,16,3,11,1,3,3461##3462,4,2,1326944.0
2020,18,1,1,2,1,15109##15816##15832##16759##16699,334466.0748##335455.6194##336445.164,5,776529.5
2020,18,1,1,2,2,17699##17817,334466.0748##336445.164,2,672382.89
2020,18,1,3,2,1,16740##16755##16711,344031.6726##347110.2558##344581.4196,3,501800.31
2020,18,1,3,2,2,17726##17727##17817,344581.4196##336555.1134##336445.164,3,894888.09
2020,18,1,4,2,1,15109##15816##15776##15832##16759##16699##16744##16733##16720,334466.0748##335455.6194##336445.164##333476.5302##344471.4702,9,1695329.9
2020,18,1,4,2,2,17699##17737##17817,334466.0748##334026.2772##336445.164,3,325882.9
2020,18,1,6,2,1,15782##15776##16686##16741##16744##16684,343811.7738##334466.0748##336335.2146##338864.0508,6,1494555.21
2020,18,1,6,2,2,17714##17716##17737,335345.67##333476.5302##334026.2772,3,1137998.55
2020,18,1,7,2,1,15923##15802##15834##15941##15807##15825##15893##15804##15790##15824##15836##15818,332486.9856##333806.3784##333256.6314##335125.7712##340843.14##332926.7832##334466.0748##345680.9136##334905.8724##344031.6726##347110.2558##342602.3304,12,2559185.41
2020,18,1,7,2,2,17693,333256.6314,1,299999.54
2020,18,1,8,2,1,15910##15776,347769.9522##334466.0748,2,387208.0
2020,18,1,8,2,2,17715,347769.9522,1,400000.0
2020,18,1,9,2,1,15802##15834##15941##15807##15825##15820##15804##15818##16697##16703##16734,333806.3784##333256.6314##335125.7712##340843.14##332926.7832##332706.8844##345680.9136##342602.3304,11,1975373.52
2020,18,1,9,2,2,17693,333256.6314,1,299999.54
2020,18,1,10,2,1,15832##15801##15819##15790##15800##15806##16699##16685##16711,336445.164##334136.2266##347220.2052##334905.8724##334026.2772##344581.4196##337214.8098,9,1301616.61
2020,18,1,10,2,2,17726##17737##17725,344581.4196##334026.2772##335675.5182,3,860250.63
2020,18,1,11,2,1,15807##15825##15893##15804##15783##15805##15843##15927##15824##15836##15818##15800##15806##16733##16711##16689##16731##16684##16720,340843.14##332926.7832##334466.0748##345680.9136##336994.911##344471.4702##335565.5688##334246.176##344031.6726##347110.2558##342602.3304##334026.2772##344581.4196##333476.5302##338864.0508,19,3240372.0
2020,18,1,11,2,2,17727##17681,336555.1134##338864.0508,2,1002000.0
2020,18,1,12,2,1,16688##16721##16753##16758##16761,334466.0748##340843.14##334026.2772##336994.911,5,390324.34
2020,18,1,12,2,2,17696,334466.0748,1,330000.01
2020,18,2,4,2,1,15928##16757,341612.7858,2,220636.88
2020,18,2,6,2,1,15786##16712,337654.6074##333146.682,2,616154.3
2020,18,2,7,2,1,15812,343921.7232,1,199500.0
2020,18,2,7,2,2,17675,343921.7232,1,249999.97
2020,18,2,9,2,1,15812,343921.7232,1,112000.0
2020,18,2,9,2,2,17675,343921.7232,1,249999.97
2020,18,2,10,2,1,15833##15928##16725##16757,347000.3064##341612.7858##337654.6074,4,695187.34
2020,18,2,10,2,2,17679,347000.3064,1,200000.0
2020,18,2,11,2,1,15812##15898##15928##16707##16757,343921.7232##343262.0268##341612.7858,5,688613.15
2020,18,3,1,2,1,15944,334795.923,1,158556.0
2020,18,3,4,2,1,15944##16693##16749,334795.923##338644.152,3,1074685.28
2020,18,3,5,2,1,17206,335015.8218,1,160037.55
2020,18,3,6,2,1,16714,336775.0122,1,769333.96
2020,18,3,6,2,2,17723,336775.0122,1,744000.0
2020,18,3,8,2,1,15110##15794##16681,335015.8218,3,2563595.58
2020,18,3,8,2,2,17673,335015.8218,1,1192066.15
2020,18,3,9,2,1,16728,334685.9736,1,250000.26
2020,18,3,12,1,3,3776,2,1,1000994.0
2020,18,3,12,2,2,17728,334685.9736,1,149907.0
2020,19,3,1,1,4,3508##3509,11##7,2,384310.0
2020,19,3,4,1,3,3666,7,1,1000000.0
2020,19,3,4,1,4,3508##3509,11##7,2,1591836.0
2020,19,3,6,1,3,3668,2,1,2100000.0
2020,19,3,6,1,4,3507##3511,5##2,2,2498503.0
2020,19,3,7,1,4,3510,3,1,250048.0
2020,19,3,9,1,4,3511##3514,2##4,2,2270253.0
2020,19,3,10,1,3,3669,11,1,1005176.0
2020,19,3,10,1,4,3508##3512##3514,11##6##4,3,1077158.0
2020,19,3,11,1,3,3667,4,1,399996.0
2020,19,3,11,1,4,3508##3514,11##4,2,1788935.0
2020,19,3,12,1,4,3513,2,1,1000000.0
2020,19,3,13,1,4,3508##3512,11##6,2,1159119.0
2020,22,3,3,1,4,3718,4,1,130472.0
2020,22,3,6,1,4,3721,2,1,889521.0
2020,22,3,7,1,4,3719##3722,6##3,2,1658495.0
2020,22,3,10,1,4,3718##3719##3720##3723,4##6##11##17,4,2120786.0
2020,22,3,11,1,4,3718,4,1,200726.0
2020,26,3,6,1,4,3566##3568,2##5,2,1156000.0
2020,26,3,7,1,4,3564##3565##3567,4##3##6,3,1899689.0
2020,26,3,9,1,4,3566,2,1,1444000.0
2020,26,3,11,1,4,3569,4,1,500000.0
2020,27,1,3,2,1,17972##17991,688028.07##675090.4275,2,548467.16
2020,27,1,3,2,2,16680,674454.15,1,1139887.64
2020,27,1,4,2,1,17411##17972##17966##17985##17990,675302.52##688028.07##674454.15,5,1592745.44
2020,27,1,4,2,2,16849##16773##16852##16997,675302.52##680604.8325##694602.9375,4,1853054.21
2020,27,1,6,2,1,17151##17155##17985,679968.555##676999.26##675302.52,3,1202847.19
2020,27,1,6,2,2,16675##16775##16867##16966##17005##16849##16729,679120.185##686755.515##687391.7925##686543.4225##676999.26##675302.52##692906.1975,7,6143063.16
2020,27,1,7,2,1,15859##15882##15873##15856##15867##15871##15878##15880##15884##17976##17991##17988,674029.965##675090.4275##727689.3675##680180.6475##693754.5675##678696.0##705631.7475##682301.5725##678483.9075##686755.515##695451.3075,12,3901152.96
2020,27,1,7,2,2,17009##16779##16860##16822##17035,682301.5725##727689.3675##676150.89##695451.3075##680180.6475,5,3166413.17
2020,27,1,9,2,1,17981##17987,677211.3525##679120.185,2,722908.49
2020,27,1,9,2,2,16779##16860##16822##17035##16937##16960##17031##16793,727689.3675##676150.89##695451.3075##680180.6475##679120.185##721326.5925##686755.515##688028.07,8,4983987.3
2020,27,1,10,2,1,15882##15873##15856##15867##15871##15878##15880##15884##15889##17175##17203##17972##17981##17991##17990,675090.4275##727689.3675##680180.6475##693754.5675##678696.0##705631.7475##682301.5725##678483.9075##674666.2425##679120.185##677211.3525##688028.07##674454.15,15,3034682.4
2020,27,1,10,2,2,16680##16729##16667##16719##16911##16920##16985##17012##17044##16852##16793,674454.15##692906.1975##678696.0##674666.2425##687179.7##693754.5675##675090.4275##709873.5975##694602.9375##680604.8325##688028.07,11,4683500.62
2020,27,1,11,2,1,15873##15856##15867##15871##15878##15880##15884##15883##17966##17984,727689.3675##680180.6475##693754.5675##678696.0##705631.7475##682301.5725##678483.9075##676999.26##674454.15,10,3581704.52
2020,27,1,11,2,2,16822##17035##16824##17024##16997,695451.3075##680180.6475##705631.7475##686543.4225##694602.9375,5,1887503.71
2020,27,1,13,2,1,17670,706692.21,1,850011.87
2020,27,1,14,2,1,17989,678908.0925,1,188000.0
2020,27,2,3,2,2,16789##16912,689724.81##722811.24,2,1836219.42
2020,27,2,4,2,1,17180,691633.6425,1,800000.0
2020,27,2,4,2,2,16724##16752##16905##16971##16990##16993##16995##16957##16948##16888,689512.7175##691633.6425##728961.9225##690997.365##728537.7375##723447.5175##688452.255##688876.44,10,3217783.88
2020,27,2,6,2,2,16794##16818##16879##16965##16791##16957##16862,726204.72##697360.14##701177.805##717508.9275##693118.29##691633.6425##697572.2325,7,6759719.66
2020,27,2,7,2,1,15860##15858,718145.205##691633.6425,2,926200.04
2020,27,2,7,2,2,16694,718145.205,1,288000.0
2020,27,2,9,2,1,17176##17193,711146.1525##725144.2575,2,574525.45
2020,27,2,10,2,1,17986##18000,696723.8625##721962.87,2,243605.81
2020,27,2,10,2,2,16791##16948##16769##16896,693118.29##688876.44##715812.1875##693966.66,4,1514334.39
2020,27,2,11,2,1,15858##17153##17185##17325##17969,691633.6425##689088.5325##688452.255##687603.885,5,1946200.08
2020,27,2,11,2,2,16692##16706##16743##16766##16859##16862##16888,711358.245##686967.6075##707540.58##687603.885##704571.285##697572.2325##688452.255,7,3825937.36
2020,27,3,3,1,3,3615##3617##3619,4##11##2,3,1839241.0
2020,27,3,3,1,4,3581,4,1,1479668.0
2020,27,3,4,1,3,3615##3618,4##7,2,4048951.0
2020,27,3,4,1,4,3578##3579##3581,7##11##4,3,8127775.0
2020,27,3,6,1,3,3619,2,1,876023.0
2020,27,3,6,1,4,3576##3582,5##2,2,5485266.0
2020,27,3,6,2,2,16837,692482.0125,1,1620422.66
2020,27,3,7,1,3,3616##3618##3620,6##7##3,3,9360334.0
2020,27,3,7,1,4,3577##3583,6##3,2,2677820.0
2020,27,3,7,2,1,15888##15886##17187,679544.37##678271.815,3,1449826.45
2020,27,3,7,2,2,16973##16855,679544.37##678271.815,2,3011296.29
2020,27,3,8,2,1,16786##17116,676362.9825##679544.37,2,902131.98
2020,27,3,9,1,3,3615##3619,4##2,2,15652144.0
2020,27,3,9,1,4,3581,4,1,957432.0
2020,27,3,9,2,2,16959,675726.705,1,1299333.6
2020,27,3,10,1,3,3615##3616##3617,4##6##11,3,5420392.0
2020,27,3,10,1,4,3577##3579##3581,6##11##4,3,4873929.0
2020,27,3,10,2,1,15886##15887##16785,678271.815##675726.705,3,759471.45
2020,27,3,10,2,2,16855##16854##16841,678271.815##675726.705,3,1769268.98
2020,27,3,11,1,3,3615##3617##3618,4##11##7,3,2750032.0
2020,27,3,11,1,4,3578##3581,7##4,2,3466857.0
2020,27,3,11,2,1,15972##15887##16788,683362.035##675726.705,3,1162992.63
2020,27,3,11,2,2,16841,675726.705,1,513441.28
2020,27,3,12,1,4,3582,2,1,2015120.0
2020,27,3,13,1,4,3580,11,1,900023.0
2020,27,4,4,2,1,17303,733203.7725,1,399000.1
2020,27,4,7,2,1,15866,733203.7725,1,136000.08
2020,27,4,11,2,1,15866##17303,733203.7725,2,565000.24
2020,28,3,6,1,3,3438,2,1,737350.0
2020,28,3,7,1,3,3439,3,1,990000.0
2020,31,3,6,1,3,3460##3777,5,2,11500000.0
2020,34,3,4,1,3,3645,7,1,525000.0
2020,34,3,6,1,3,3644##3646,5##2,2,1474844.0
2020,34,3,11,1,3,3643,4,1,1000040.0
2020,36,1,3,2,2,15763##15894##17560##17549##17499##17467,975150.4026##2427867.1314##324096.908##2744338.2298##2345889.6782,6,2453188.58
2020,36,1,4,2,1,17963,2744338.2298,1,2634999.98
2020,36,1,4,2,2,15770##15906##15974##15976##15984##15980##17538##17423##17465##17492##17539##17584##17569##17549##17432##17499##17433##17452##17542##17467##17581##17572##17442,2671893.0386##975150.4026##2805344.7066##148703.2872##2350655.8092##2345889.6782##976103.6288##2744338.2298##2362094.5236##1443184.4668##324096.908##612924.4466##2356375.1664,23,6438691.14
2020,36,1,6,2,2,15967##15979##15981##17551##17565##17580,990402.0218##2427867.1314##2345889.6782##2356375.1664##2795812.4446,6,2390790.01
2020,36,1,7,2,1,17956##17963,2373533.238##2744338.2298,2,3469999.92
2020,36,1,7,2,2,15846##15926##16007##16013##15985##16015##15901##15961##16028##16045##15933##17476##17497##17541##17561##17567##17544##17538##17423##17584##17549##17432##17499##17433##17490##17542##17467##17581##17572,975150.4026##324096.908##2744338.2298##2350655.8092##2373533.238##2671893.0386##2570851.0614##612924.4466##2362094.5236##1443184.4668##976103.6288##2421194.548##2345889.6782##2356375.1664,29,4739736.49
2020,36,1,9,2,2,15985##16015##16026##16040##15901##15961##16028##16045##15933##17544##17538##17507##17532##17537##17546##17557##17584##17549##17432##17433##17467##17581##17572##17442,2373533.238##2671893.0386##324096.908##2744338.2298##2570851.0614##612924.4466##2362094.5236##1443184.4668##976103.6288##2345889.6782##2356375.1664,24,4412329.88
2020,36,1,10,2,1,17963,2744338.2298,1,510000.0
2020,36,1,10,2,2,15985##15943##15977##15999##16033##16035##17538##17569##17549##17432##17487##17573##17499##17433##17490##17467##17581##17572##17442,2373533.238##2427867.1314##612924.4466##2671893.0386##324096.908##2744338.2298##976103.6288##2362094.5236##1443184.4668##2421194.548##2345889.6782##2356375.1664,19,3475801.61
2020,36,1,11,2,1,17963,2744338.2298,1,2634999.98
2020,36,1,11,2,2,15985##16015##15933##15895##15905##15907##15924##15937##15978##15996##16043##15980##17538##17423##17584##17569##17549##17432##17499##17433##17480##17486##17490##17452##17542##17467##17581##17572##17442,2373533.238##2671893.0386##976103.6288##2427867.1314##975150.4026##2340170.321##2805344.7066##2651875.2884##612924.4466##978010.0812##2744338.2298##2345889.6782##2362094.5236##1443184.4668##324096.908##2421194.548##2356375.1664,29,6747050.9
2020,36,2,3,2,2,17500,1515629.658,1,297879.35
2020,36,2,4,2,2,17504,1843539.4708,1,118750.31
2020,36,2,7,2,1,17945,1515629.658,1,750000.02
2020,36,2,7,2,2,16039##15998##16006##17460##17477##17543##17500,1842586.2446##1515629.658##1838773.3398,7,1307358.2
2020,36,2,9,2,2,15998##16006##17564,1515629.658##1838773.3398,3,797079.76
2020,36,2,10,2,2,15925,1843539.4708,1,150000.73
2020,36,2,11,2,2,16011,1838773.3398,1,200000.0
2020,36,3,3,1,3,3768,4,1,1992677.0
2020,36,3,3,2,2,17689,2386878.4048,1,25000.0
2020,36,3,4,1,3,3756,7,1,4500001.0
2020,36,3,4,2,1,16884,2386878.4048,1,494619.0
2020,36,3,4,2,2,16014##17689##17575,2386878.4048,3,2621031.06
2020,36,3,6,1,3,3771,5,1,8000001.0
2020,36,3,7,1,3,3662##3761,3,2,5699270.0
2020,36,3,7,2,1,16884,2386878.4048,1,344734.45
2020,36,3,7,2,2,15753##15909##15922##16034##17689##17575,2547973.6326##2516517.168##2497452.644##2386878.4048,6,1638172.88
2020,36,3,8,2,1,17947,2539394.5968,1,1999999.71
2020,36,3,8,2,2,15853##17387,2539394.5968,2,2800015.14
2020,36,3,9,1,3,3755##3769,4,2,3004759.0
2020,36,3,9,2,2,15997##16005##17689##17575,2539394.5968##2547973.6326##2386878.4048,4,710209.75
2020,36,3,10,1,3,3757##3768##3772,11##4##6,3,1721913.0
2020,36,3,10,2,1,16884,2386878.4048,1,254803.72
2020,36,3,10,2,2,15774##15971##16044##17689##17506##17575,2705255.9556##2497452.644##2386878.4048##2506984.906,6,1591805.64
2020,36,3,11,1,3,3661##3755##3770,4,3,9306033.0
2020,36,3,11,2,1,16884,2386878.4048,1,404688.27
2020,36,3,11,2,2,15855##17689##17575,2516517.168##2386878.4048,3,1064785.07
2020,37,3,4,1,3,3631,7,1,100000.0
2020,37,3,6,1,3,3632,2,1,599843.0
2020,37,3,7,1,3,3633,3,1,102828.0
2020,37,3,11,1,3,3630,4,1,200077.0
2020,41,3,1,1,3,3590,7,1,891000.0
2020,41,3,3,1,3,3562##3595,4,2,2892500.0
2020,41,3,4,1,3,3593,11,1,345001.0
2020,41,3,6,1,3,3588,5,1,3000000.0
2020,41,3,7,1,3,3562##3563##3589##3590##3591##3593##3594##3595##3639,4##3##6##7##1##11,9,49074987.0
2020,41,3,10,1,3,3562##3589##3590##3595##3639,4##6##7,5,5230228.0
2020,41,3,11,1,3,3593##3595##3602##3639,11##4##18##7,4,14017840.0
2020,41,3,12,1,3,3592##3604,2,2,40000000.0
2020,41,3,13,1,3,3593,11,1,4623019.0
2020,42,3,6,1,3,3752,2,1,1150000.0
2020,42,3,6,1,4,3531##3548,5##2,2,2598787.0
2020,42,3,7,1,3,3751,3,1,600000.0
2020,42,3,7,1,4,3532##3533,6##3,2,998267.0
2020,42,3,9,1,3,3750,4,1,386095.0
2020,42,3,9,1,4,3529,4,1,996545.0
2020,42,3,10,1,4,3534,17,1,150078.0
2020,42,3,11,1,3,3750,4,1,386095.0
2020,42,3,11,1,4,3530,4,1,250000.0
2020,45,3,3,1,4,3541##3724##3731,4##6,3,1615000.0
2020,45,3,6,1,4,3526##3527##3732,5##2,3,3999881.0
2020,45,3,7,1,4,3528##3541##3542##3724,3##4##6,4,2601879.0
2020,45,3,9,1,4,3731,4,1,400000.0
2020,45,3,10,1,4,3541##3542##3724##3731##3733,4##6##7,5,3382645.0
2020,46,3,6,1,3,3748,2,1,1300000.0
2020,46,3,6,1,4,3519##3522,5##2,2,2949999.0
2020,46,3,7,1,3,3749,3,1,1301926.0
2020,46,3,7,1,4,3524,3,1,700000.0
2020,46,3,10,1,4,3520##3521,7##4,2,512513.0
2020,46,3,11,1,3,3747,4,1,1300000.0
2020,46,3,11,1,4,3521,4,1,837526.0
2020,49,1,1,2,2,16400##16449##16458,4484139.624##5237066.952##4309981.2,3,1100182.8
2020,49,1,3,2,2,16439,4392662.472,1,1200000.0
2020,49,1,4,2,1,17974##17979##17983##18004,4728665.088##592842.312##5062908.528##4886990.928,4,3126977.85
2020,49,1,6,2,2,16428,4718110.032,1,2200000.0
2020,49,1,7,2,1,17784,5061149.352,1,1300000.01
2020,49,1,7,2,2,16330,818016.84,1,470000.15
2020,49,1,10,2,1,17993##17998##18001##18007##18009,4878195.048##5068186.056##4392662.472##4470066.216##228692.88,5,1635659.91
2020,49,1,10,2,2,16439##16409##16411##16422##16429##16452##16461,4392662.472##4426086.816##4763848.608##4886990.928##1577980.872##5101610.4##4572098.424,7,6321849.81
2020,49,1,11,2,1,17794##17816##17996,4895786.808##5085777.816##4559784.192,3,1599244.21
2020,49,1,11,2,2,16290,4559784.192,1,3000000.0
2020,49,1,12,2,2,16365,1792600.344,1,405367.23
2020,49,1,13,2,2,16416##16650,4749775.2##2897362.872,2,2299998.98
2020,49,2,7,2,1,17838,2559601.08,1,135023.3
2020,49,2,13,2,2,16307,5142071.448,1,699808.08
2020,49,3,3,2,2,16444,4598486.064,1,900000.01
2020,49,3,7,2,2,16295,4711073.328,1,1000000.24
2020,49,3,12,2,2,16463,4667093.928,1,200000.0
2020,51,1,4,2,1,15742,4493819.0815,1,83225.67
2020,51,1,4,2,2,16284##16326##16341##17528##17547##17552##17591##17533,1567863.6393##1811994.6558##2661932.2688##5096008.9222##5188236.1951##4493819.0815##4973039.225,8,2339537.99
2020,51,1,7,2,1,17062,113927.8077,1,374448.44
2020,51,1,7,2,2,16392,4580621.2207,1,292361.41
2020,51,1,10,2,1,15742,4493819.0815,1,55483.78
2020,51,1,10,2,2,16304##16309##17591##17620,768560.6075##4510094.4826##4493819.0815,4,822532.65
2020,51,1,11,2,2,16303##16410,775794.1191##768560.6075,2,649994.89
2020,51,2,4,2,1,15714,5271421.5785,1,400000.0
2020,51,2,4,2,2,16434##17610##17598,1207996.4372##1647432.2669,3,809999.88
2020,51,2,7,2,1,15681,1573288.773,1,80963.69
2020,51,2,7,2,2,16317##16362,757710.3401##1573288.773,2,586233.85
2020,51,2,10,2,2,16352##17526##17598,1649240.6448##5271421.5785##1647432.2669,3,689360.77
2020,51,2,11,2,2,16405,2678207.6699,1,250366.09
2020,51,3,4,2,2,16420,752285.2064,1,180000.0
2020,51,3,7,1,4,3516##3525,11##6,2,2400292.0
2020,51,3,10,1,4,3516##3517##3518##3523,11##17##13##6,4,1600108.0
2020,51,3,11,1,4,3515,4,1,2000000.0
2020,51,3,11,2,1,15530,4786776.3013,1,300002.72
2020,51,3,11,2,2,16420,752285.2064,1,120000.0
2020,51,4,7,2,2,16423,4956763.8239,1,300002.59
2020,52,3,4,1,3,3628,7,1,390000.0
2020,52,3,6,1,3,3629,2,1,1037399.0
2020,52,3,7,1,3,3626,4,1,510001.0
2020,52,3,11,1,3,3627,4,1,966018.0
2020,52,3,12,1,3,3629,2,1,102600.0
2020,55,1,4,2,1,15057,685971.7327,1,996813.01
2020,55,1,6,2,2,16475##16581,660311.9422##4668371.2183,2,3196500.84
2020,55,1,7,2,1,17128##17129,4404930.7025##369500.9832,2,3446842.03
2020,55,1,7,2,2,16522##16659##16649,4654685.9967##1305228.0101##4918126.5125,3,1913338.09
2020,55,1,10,2,2,16649,4918126.5125,1,547182.38
2020,55,1,11,2,2,16663,4223601.5163,1,172269.45
2020,55,1,12,2,2,16581,4668371.2183,1,164259.54
2020,55,2,6,2,2,16558##16658,2256350.9113##2299117.2288,2,725472.14
2020,55,2,7,2,1,17131,4911283.9017,1,600000.0
2020,55,2,7,2,2,16647,667154.553,1,737527.37
2020,55,2,10,2,1,15759##15760##15761,655179.9841##667154.553##1404445.8667,3,167446.92
2020,55,2,10,2,2,16607##16665##16647,532012.9897##1418131.0883##667154.553,3,2347064.11
2020,55,2,11,2,2,16608##16619,684261.08##680839.7746,2,716886.63
2020,55,2,12,2,1,15762,3096281.387,1,82539.8
2020,55,2,12,2,2,16656,655179.9841,1,154796.9
2020,55,2,16,2,1,15759##15760##15761,655179.9841##667154.553##1404445.8667,3,211168.94
2020,55,3,3,1,4,3504##3505,4##13,2,2588456.0
2020,55,3,4,1,3,3665,18,1,799992.0
2020,55,3,4,1,4,3503##3505,11##13,2,3279845.0
2020,55,3,7,1,3,3664##3665,3##18,2,4100008.0
2020,55,3,7,1,4,3502##3503##3506,6##11##3,3,4138317.0
2020,55,3,10,1,3,3665,18,1,99999.0
2020,55,3,10,1,4,3503,11,1,2981816.0
2020,55,3,12,1,3,3663,2,1,999481.0
2020,55,3,12,2,2,16604,4276631.75,1,29997.88
2020,56,3,9,1,3,3429,4,1,195001.0
2020,56,3,11,1,3,3429,4,1,555001.0
2020,59,3,6,1,3,3673##3675,5##2,2,1105918.0
2020,59,3,7,1,3,3672##3674,4##6,2,1180500.0
2020,59,3,9,1,3,3672##3675,4##2,2,623000.0
2020,59,3,10,1,3,3674,6,1,200001.0
2020,59,3,11,1,3,3672,4,1,499500.0
2020,59,3,14,1,3,3675,2,1,391000.0
2020,61,3,3,1,3,3575,4,1,203500.0
2020,61,3,6,1,3,3571##3573,5##2,2,2791130.0
2020,61,3,7,1,3,3572,3,1,599593.0
2020,61,3,9,1,3,3573##3575,2##4,2,2467083.0
2020,61,3,10,1,3,3574##3575,11##4,2,938499.0
2020,63,3,3,1,4,3493,4,1,139913.0
2020,63,3,6,1,4,3492##3494##3495,5##7##2,3,2660000.0
2020,63,3,7,1,4,3496##3497,6##11,2,1038000.0
2020,63,3,9,1,4,3493##3495,4##2,2,1279548.0
2020,63,3,10,1,4,3496,6,1,162000.0
2020,63,3,11,1,4,3493##3494,4##7,2,521919.0
2020,63,3,12,1,4,3495,2,1,198000.0
2020,66,3,1,1,3,3599,7,1,443925.0
2020,66,3,1,1,4,3681##3682,7##11,2,293500.0
2020,66,3,3,1,3,3596,4,1,139068.0
2020,66,3,3,1,4,3685,4,1,255500.0
2020,66,3,4,1,3,3599,7,1,1437473.0
2020,66,3,4,1,4,3681##3682,7##11,2,978250.0
2020,66,3,6,1,3,3598##3601,5##2,2,1915475.0
2020,66,3,6,1,4,3680##3684,5##2,2,2199766.0
2020,66,3,7,1,3,3600##3603,3##6,2,314231.0
2020,66,3,7,1,4,3681##3683##3685##3686,7##3##4##6,4,679579.0
2020,66,3,9,1,3,3596##3601,4##2,2,247953.0
2020,66,3,10,1,3,3596##3597##3599##3603,4##11##7##6,4,1003252.0
2020,66,3,10,1,4,3681##3682##3685##3686,7##11##4##6,4,1589544.0
2020,66,3,11,1,3,3596,4,1,641852.0
2020,66,3,11,1,4,3685,4,1,1003749.0
2020,66,3,12,1,3,3601,2,1,859850.0
2020,67,1,1,2,2,17788,3203600.172,1,124269.69
2020,67,1,3,2,2,16807##16940##17058##17832##17854##17828##17803,1949093.025##1333652.1365##3285107.6985##3203600.172##2164083.892,7,1270488.36
2020,67,1,4,2,2,16932##17058##16842##17788,3205962.709##3285107.6985##603628.2035##3203600.172,4,1511892.32
2020,67,1,6,2,2,16807##16842##17854##17803,1949093.025##603628.2035##1333652.1365##2164083.892,4,485314.29
2020,67,1,7,2,2,16767##16940##16799##16806##17854##17803##17740##17821##17750,2967346.472##1333652.1365##1901842.285##2164083.892##1542736.661##3046491.4615,9,1272743.75
2020,67,1,9,2,2,17854##17803##17821##17750##17788,1333652.1365##2164083.892##3046491.4615##1901842.285##3203600.172,5,291158.51
2020,67,1,10,2,2,16767##16940##16799##16828##16806##17058##16842##17854##17803##17821##17761##17788,2967346.472##1333652.1365##2268035.52##1901842.285##3285107.6985##603628.2035##2164083.892##3046491.4615##3171705.9225##3203600.172,12,1527601.67
2020,67,1,11,2,2,16799##17058##16842##17854##17828##17803##17788##17751,2967346.472##3285107.6985##603628.2035##1333652.1365##3203600.172##2164083.892##640247.527,8,1448666.28
2020,67,1,16,2,1,15754##15764##15799##15919##15982,1542736.661##562283.806##1333652.1365##3046491.4615##1606525.16,5,1339847.22
2020,67,1,16,2,2,16806,1901842.285,1,8014.48
2020,67,2,1,2,2,16803,602446.935,1,75885.64
2020,67,2,3,2,2,16972##17770##17840##17736,1134017.76##2211334.632##507945.455,4,720164.46
2020,67,2,4,2,2,16803##16921##17840##17736,602446.935##636703.7215##507945.455,4,1122752.77
2020,67,2,6,2,2,16801##16921,2211334.632##636703.7215,2,1148028.47
2020,67,2,7,2,2,16972##17810##17736,1134017.76##598903.1295##507945.455,3,246603.31
2020,67,2,10,2,2,16972##17770##17736,1134017.76##2211334.632##507945.455,3,296570.93
2020,67,2,11,2,2,16803##17736,602446.935##507945.455,2,239365.21
2020,67,2,16,2,1,15772##15827##15956,636703.7215##507945.455##2211334.632,3,851737.02
2020,67,3,6,2,2,17826,584727.9075,1,249671.66
2020,67,3,7,2,2,16987,3092560.933,1,158716.86
2020,67,3,10,2,2,16987##17843,3092560.933,2,238868.81
2020,67,3,12,2,2,17883,3144536.747,1,326635.5
2020,67,3,16,2,1,15766##15936,3144536.747##3116186.303,2,1589735.57
2020,68,3,6,1,3,3450,5,1,657001.0
2020,68,3,9,1,3,3449##3452,4##2,2,1565000.0
2020,68,3,10,1,3,3449##3451,4##6,2,433028.0
2020,68,3,11,1,3,3449,4,1,345000.0
2020,70,3,2,1,3,3764,2,1,504000.0
2020,70,3,6,1,3,3764,2,1,396000.0
2020,70,3,7,1,3,3765,3,1,600000.0
2020,70,3,10,1,3,3763,4,1,100000.0
2020,70,3,11,1,3,3763,4,1,400000.0
2020,71,3,3,1,3,3607,4,1,400196.0
2020,71,3,3,1,4,3561,4,1,550082.0
2020,71,3,4,1,3,3607##3679,4##7,2,2900442.0
2020,71,3,4,1,4,3557,7,1,1100000.0
2020,71,3,6,1,3,3606,2,1,1005027.0
2020,71,3,6,1,4,3554##3558,5##2,2,3374350.0
2020,71,3,7,1,3,3677##3678,4##6,2,1067330.0
2020,71,3,7,1,4,3560,3,1,999997.0
2020,71,3,9,1,3,3606,2,1,495014.0
2020,71,3,9,1,4,3558##3561,2##4,2,775083.0
2020,71,3,10,1,3,3608##3676##3678,11##6,3,2200142.0
2020,71,3,10,1,4,3555##3556##3561,6##11##4,3,2370079.0
2020,71,3,11,1,3,3607##3677,4,2,1952305.0
2020,71,3,11,1,4,3561,4,1,550082.0
2020,71,3,12,1,4,3559,2,1,951697.0
2020,71,3,13,1,3,3608,11,1,1000014.0
2020,71,3,13,1,4,3556,11,1,280001.0
2020,72,1,1,2,2,17121##16632##16624##16587,4682347.725##4873230.225##4768244.85,4,1029155.19
2020,72,1,4,2,2,17124##16587,4873230.225##4682347.725,2,868962.4
2020,72,1,7,2,2,16552##16571##16605,4806421.35##4768244.85##5621489.625,3,1454650.0
2020,72,1,9,2,2,16479##16551##16614##16644,5186277.525##4768244.85##4806421.35##5501233.65,4,2489976.65
2020,72,1,10,2,2,16632##16499##16503##16637##16640##16641##16624,4873230.225##5144283.375##3193464.225##5621489.625##4852233.15##5186277.525##4768244.85,7,1285732.18
2020,72,1,11,2,2,16476##16489##16528##16547##16554##16627,4823600.775##4951492.05##3120928.875##4852233.15##4873230.225##4806421.35,6,2060600.91
2020,72,2,1,2,2,16517,3533235.075,1,279000.0
2020,72,2,4,2,2,16516##16569##16517,3101840.625##3212552.475##3533235.075,3,835011.57
2020,72,2,6,2,2,16491##16630,3533235.075##3596226.3,2,588800.63
2020,72,2,7,2,2,16504##16515##16540##16560,3033122.925##3220187.775##3224005.425##3044575.875,4,990472.28
2020,72,2,9,2,2,16567##16579,3212552.475##3092296.5,2,500042.63
2020,72,2,10,2,2,16494##16523##16613,3044575.875##3241184.85##3124746.525,3,320017.21
2020,72,2,11,2,2,16477##16483##16559##16596,3096114.15##3119020.05##3044575.875##3212552.475,4,510256.33
2020,72,3,1,1,4,3716##3717,11##7,2,1270000.0
2020,72,3,1,2,2,16648##16548##17120,5027845.05##4789241.925,3,1212638.08
2020,72,3,3,1,4,3714,4,1,2991767.0
2020,72,3,4,1,4,3716##3717,11##7,2,3714000.0
2020,72,3,4,2,2,16548##17120##16493,4789241.925##5027845.05,3,1709456.64
2020,72,3,7,2,1,16050,5113742.175,1,1113049.82
2020,72,3,7,2,2,16638##17531,5010665.625##5113742.175,2,2544529.15
2020,72,3,9,2,2,16566##16609,5050750.95##5113742.175,2,1259637.94
2020,72,3,10,1,4,3714##3715##3716,4##6##11,3,5026179.0
2020,72,3,10,2,2,16492##16501##17525,5027845.05##5010665.625##5071748.025,3,509117.23
2020,72,3,11,2,2,16542,4789241.925,1,987637.23
2020,72,3,12,2,2,16572##16586,4789241.925,2,809358.43
2020,73,1,3,2,2,17425##17311,3875356.8624##4423756.4184,2,436862.76
2020,73,1,4,2,1,14958##14962##15719##15726,3727593.6487##4190686.6071##4262283.2158,4,1184566.5
2020,73,1,4,2,2,15130##15324##17307##17403##17511##17512,4262283.2158##4271423.2084##4343019.8171##938372.5736##3727593.6487,6,2358707.39
2020,73,1,6,2,2,15225##15309##15472##15567##17259##17269##17292##17439##17520,763189.3821##4109950.0058##4343019.8171##3755013.6265##938372.5736##4262283.2158,9,5445134.03
2020,73,1,7,2,1,15718,4205919.9281,1,500551.53
2020,73,1,7,2,2,15247##17248##17267##17418##17422##17466,4240956.5664##4205919.9281##3850983.5488##2813594.3887##4160219.9651,6,3136376.83
2020,73,1,10,2,2,17312##17316##17311,3850983.5488##4052063.386##4423756.4184,3,1131746.96
2020,73,1,11,2,1,14951##14956##14960##15723,3936290.1464##4475549.7098##4262283.2158##722059.4154,4,1067785.68
2020,73,1,11,2,2,15209##15509##15540##17233##17261##17274##17373,3727593.6487##4475549.7098##4343019.8171##4262283.2158##3875356.8624,7,2457870.43
2020,73,2,4,2,1,15724,667219.4598,1,650984.08
2020,73,2,4,2,2,17491,667219.4598,1,288816.33
2020,73,2,6,2,2,15466##17277##17242##17457##17462,720536.0833##667219.4598##709872.7586,5,1301126.71
2020,73,2,7,2,1,14957,700732.766,1,501502.11
2020,73,2,7,2,2,15422##15476##15501##15250##17236##17270##17331##17489,676359.4524##1654338.6606##700732.766##682452.7808,8,2314707.58
2020,73,2,10,2,2,15303##15549##15572##15250##17366##17474,1200385.6948##1837138.5126##676359.4524##682452.7808##685499.445,6,1603933.81
2020,73,2,11,2,2,15541,667219.4598,1,231505.74
2020,73,3,3,2,2,17431##17440,4301889.8504##4023120.0761,2,251129.06
2020,73,3,6,1,3,3570,13,1,22293277.0
2020,73,3,6,2,2,17266,4064250.0428,1,2586051.75
2020,73,3,7,2,1,15523##15717##15720##15721,4073390.0354##4301889.8504##4023120.0761,4,3228000.45
2020,73,3,7,2,2,15337##17253##17449##17519,4064250.0428##4073390.0354##3992653.4341##4301889.8504,4,2938078.11
2020,73,3,10,2,1,15725##17117,3992653.4341##3968280.1205,2,839508.63
2020,73,3,11,2,1,15721##15722,4023120.0761##3968280.1205,2,1421999.92
2020,73,4,7,2,2,17484,4172406.6219,1,312955.37
2020,74,1,6,2,1,17446,2990594.304,1,500000.0
2020,74,1,6,2,2,17133##17135,890581.392##1347477.744,2,981275.9
2020,74,1,11,2,1,17444,107505.024,1,199999.97
2020,74,2,6,2,1,17447,669463.104,1,493916.38
2020,74,2,6,2,2,17119##17123##17125##17127##17136##17139##17157,1141019.232##2244167.376##668241.456##2240502.432##2245389.024##649916.736##2246610.672,7,3318724.66
2020,74,2,7,2,1,16170##16177##16180##16193##16247,1348699.392##701225.952##2244167.376##2245389.024##673128.048,5,2493827.9
2020,74,2,11,2,1,17443##17445##17450,858818.544##748870.224##1404895.2,3,793893.81
2020,74,3,6,1,3,3584##3586##3697,5##2,3,4249888.0
2020,74,3,6,2,1,17451,3253248.624,1,500000.44
2020,74,3,7,1,3,3585##3587##3696,6##3,3,750014.0
2020,74,3,7,1,4,3688,6,1,703101.0
2020,74,3,7,2,1,16119,3264243.456,1,399805.5
2020,74,3,9,1,3,3695,4,1,250000.0
2020,74,3,9,1,4,3687##3689##3691,4##2##3,3,4799569.0
2020,74,3,10,1,4,3688##3690##3691,6##17##3,3,471604.0
2020,74,3,11,1,3,3695,4,1,750000.0
2020,78,3,1,1,3,3745,7,1,160000.0
2020,78,3,4,1,3,3745,7,1,840000.0
2020,78,3,6,1,3,3746,2,1,626937.0
2020,78,3,7,1,3,3744,4,1,245942.0
2020,78,3,10,1,3,3744,4,1,173607.0
2020,78,3,11,1,3,3744,4,1,1027171.0
2020,78,3,12,1,3,3746,2,1,40017.0
2020,79,3,4,1,3,3442,11,1,802578.0
2020,79,3,6,1,3,3440##3445,5##2,2,2600016.0
2020,79,3,7,1,3,3441##3443##3446,6##4##3,3,762167.0
2020,79,3,9,1,3,3445,2,1,57217.0
2020,79,3,10,1,3,3441,6,1,208000.0
2020,79,3,11,1,3,3442##3443,11##4,2,1396503.0
2020,79,3,12,1,3,3444,2,1,1100500.0
2020,80,1,3,2,1,17959,333247.1296,1,249981.75
2020,80,1,4,2,1,17955##17857,344366.9504##328382.208,2,409077.1
2020,80,1,4,2,2,16594,344366.9504,1,324999.66
2020,80,1,6,2,1,17951##17959##17957,332030.8992##333247.1296##335679.5904,3,1842975.4
2020,80,1,6,2,2,16092##16111##16151##16525##16531##16093##16145##16146##16112##16117##16121##16132##16166,344366.9504##327687.2192##327426.5984##328729.7024##335853.3376##340544.512##332465.2672##338112.0512##328382.208##330554.048,13,7373009.62
2020,80,1,7,2,1,17948##17949##17957##17958##16004##16012##16031##16017##16018##16022##16023##16024##16027##16032##16053##16061,338112.0512##327426.5984##335679.5904##328208.4608##336113.9584##338285.7984##340544.512##330119.68##335853.3376##333247.1296##333073.3824,16,5742480.49
2020,80,1,7,2,2,16093##16117##16121##16054##16088##16184##16485##16498##16055##16094##16218##16132##16116,340544.512##332465.2672##338112.0512##338285.7984##327426.5984##333247.1296##335853.3376##328729.7024##328208.4608##328382.208,13,7676580.76
2020,80,1,9,2,1,17948##17957##17958,338112.0512##335679.5904##328208.4608,3,462493.0
2020,80,1,9,2,2,16093##16145##16146##16121##16498##16055##16132##16116##16486##16563##17204##16189,340544.512##335853.3376##338112.0512##328382.208##333247.1296##338285.7984,12,5309718.75
2020,80,1,10,2,1,17949##17955##17954,327426.5984##344366.9504##340544.512,3,562284.01
2020,80,1,10,2,2,16093##16145##16146##16112##16055##16132##16137##16507,340544.512##335853.3376##344366.9504##328382.208##327165.9776##327426.5984,8,1646356.57
2020,80,1,11,2,1,17949##17950##17952##17953##17955##17954##17957##17082##17857##16017##16018##16022##16023##16024##16027##16032##16053##16061,327426.5984##328208.4608##328382.208##330554.048##344366.9504##340544.512##335679.5904##330119.68##335853.3376##333247.1296##333073.3824,18,5310785.13
2020,80,1,11,2,2,16093##16117##16121##16055##16094##16218##16132##16116##16080##16130##16487##16594##16166##16189##16137##16507,340544.512##332465.2672##338112.0512##335853.3376##328729.7024##328208.4608##328382.208##333247.1296##327687.2192##329945.9328##344366.9504##330554.048##327165.9776##327426.5984,16,8820840.73
2020,80,2,6,2,2,16060##16543##16147##16110##16226,329424.6912##338546.4192##339936.3968##339328.2816,5,1816934.49
2020,80,2,7,2,1,17081##16036##16042,327339.7248##339936.3968,3,1210688.6
2020,80,2,7,2,2,16534##16106,339936.3968##327339.7248,2,924627.37
2020,80,2,9,2,2,16147##16106,339936.3968##327339.7248,2,603162.03
2020,80,2,10,2,2,16110##16226##16106##16134##16126##16168##16533,339328.2816##339936.3968##327339.7248##341326.3744##338025.1776##338546.4192,7,1329096.84
2020,80,2,11,2,2,16129##16126##16168##16533,337156.4416##338025.1776##338546.4192##339936.3968,4,1235556.82
2020,80,3,2,1,3,3470##3473,7##1,2,3150000.0
2020,80,3,3,1,3,3475,4,1,4605478.0
2020,80,3,3,2,1,17604,334897.728,1,799980.79
2020,80,3,4,1,3,3474##3759,11,2,14385516.0
2020,80,3,4,2,1,17603,334810.8544,1,1353804.68
2020,80,3,4,2,2,16115,334810.8544,1,494557.67
2020,80,3,6,1,3,3469##3473##3476,5##1##2,3,22773215.0
2020,80,3,6,2,1,17605##15049##15715,329250.944,3,7199986.84
2020,80,3,6,2,2,16511,329250.944,1,400000.0
2020,80,3,7,1,3,3472##3475##3477##3758##3759,6##4##3##11,5,9559841.0
2020,80,3,7,2,1,17240##17602##17634##17635##15150##16016##16025##16038##16051,335592.7168##334897.728##334723.9808##334810.8544,9,6733011.35
2020,80,3,7,2,2,16124##16530##16505,335592.7168##334723.9808,3,2109926.11
2020,80,3,9,1,3,3475##3476##3477,4##2##3,3,22483971.0
2020,80,3,9,2,2,16505##16509,335592.7168##334897.728,2,1312039.83
2020,80,3,10,1,3,3472##3474##3475##3759,6##11##4,4,18894054.0
2020,80,3,11,1,3,3475##3477##3758,4##3,3,4979775.0
2020,80,3,11,2,1,17240##17602##16051,335592.7168##334897.728,3,1359775.83
2020,80,3,11,2,2,16155,334897.728,1,499975.4
2020,80,3,12,1,3,3470,7,1,540000.0
2020,80,3,12,2,1,17190,330293.4272,1,676881.98
2020,80,3,14,1,3,3470##3474,7##11,2,2002991.0
2020,81,3,4,1,3,3648,7,1,800000.0
2020,81,3,6,1,3,3647,5,1,200000.0
2020,87,1,1,2,2,15304,11743.4814,1,500000.0
2020,87,1,3,2,2,15119##15270,233.3142##1399.8852,2,813299.21
2020,87,1,4,2,1,17363##17384,1244.3424##37796.9004,2,986629.74
2020,87,1,6,2,2,15147##15255,37796.9004##1244.3424,2,700000.0
2020,87,1,7,2,2,15237##15242##15459##15230##15166,1399.8852##16098.6798##2955.3132##699.9426##62217.12,5,1797200.17
2020,87,1,9,2,2,15242##15459##15156##15194,16098.6798##2955.3132##26286.7332##67038.9468,4,1191208.12
2020,87,1,10,2,1,17330##17377##17396,1399.8852##68127.7464##64550.262,3,800174.04
2020,87,1,10,2,2,15230##15135##15442##17115,699.9426##1244.3424,4,1110001.44
2020,87,1,11,2,1,17408,65561.2902,1,433700.53
2020,87,1,11,2,2,15166##15185##15280##15396##15411##15440,62217.12##11743.4814##1244.3424##1166.571##26286.7332##64705.8048,6,3399581.79
2020,87,1,13,2,1,17946,12210.1098,1,390000.0
2020,87,2,1,2,1,17368##16592,65872.3758##62683.7484,2,428846.56
2020,87,2,1,2,2,17051##15428##15214##15159,9721.425##65872.3758##23331.42##62683.7484,4,1124153.35
2020,87,2,3,2,1,17340,62372.6628,1,59985.59
2020,87,2,3,2,2,15138##15114,63539.2338##18976.2216,2,599997.73
2020,87,2,4,2,1,17324,62839.2912,1,1149094.61
2020,87,2,4,2,2,15214##15158##15180##16900##16918##15159,23331.42##62683.7484##64316.9478##63072.6054,6,4203372.8
2020,87,2,6,2,1,17380##17398,66883.404##15632.0514,2,1050785.5
2020,87,2,6,2,2,15124##15145##15157##15161##15308##15384,65327.976##66883.404##63228.1482##63539.2338##65405.7474##5988.3978,6,2176767.57
2020,87,2,7,2,1,17354##17349##17379##17400,62450.4342##11665.71##62839.2912##67116.7182,4,777327.99
2020,87,2,7,2,2,15475##15268##15144,15632.0514##64239.1764##66727.8612,3,955137.52
2020,87,2,9,2,1,17349##17379##17400,11665.71##62839.2912##67116.7182,3,546364.01
2020,87,2,9,2,2,15268,64239.1764,1,287068.97
2020,87,2,10,2,1,17340##17290##17367,62372.6628##18976.2216##65872.3758,3,858099.53
2020,87,2,10,2,2,15428##15214##15114##15118##15127##15224,65872.3758##23331.42##18976.2216##64083.6336##63928.0908##27919.9326,6,1659057.35
2020,87,2,11,2,1,17340##16546##17301##17320##17327##17352,62372.6628##63928.0908##18976.2216##65172.4332##19909.4784##67116.7182,6,2358581.41
2020,87,2,11,2,2,15214##15144##15251##15332,23331.42##66727.8612##9721.425##27608.847,4,1391468.81
2020,87,2,13,2,1,16592,62683.7484,1,74716.67
2020,87,3,1,2,1,17326,3888.57,1,130000.0
2020,87,3,4,1,3,3622##3625,7##11,2,3000486.0
2020,87,3,6,1,3,3655##3660,5##2,2,4585475.0
2020,87,3,7,1,3,3652##3659,4##3,2,5000057.0
2020,87,3,7,2,1,15931##16010,3888.57##62139.3486,2,2603480.24
2020,87,3,8,2,1,16474,1944.285,1,1000006.52
2020,87,3,9,1,3,3653##3658,4##2,2,1000000.0
2020,87,3,10,1,3,3656,11,1,302597.0
2020,87,3,11,1,3,3621##3623##3654##3657,4##7,4,6601887.0
2020,87,3,12,1,3,3624,2,1,1600041.0
2020,87,3,13,2,1,17405,1944.285,1,999974.77
2020,88,1,1,2,2,15235##15245##15685,472782.42##477126.1##476990.36,3,528974.76
2020,88,1,3,2,2,15505##15616##15643##15652##15663##15684,544996.1##472510.94##473868.34##474954.26##544724.62##476990.36,6,1986006.85
2020,88,1,4,2,1,17624##17627,475768.7##476990.36,2,783376.17
2020,88,1,4,2,2,15235##15245##15685##15167##15226,472782.42##477126.1##476990.36##480926.82##544996.1,5,1357552.97
2020,88,1,6,2,1,17630##17616##17626##17644##18010##18030##18020##18008,471696.5##472646.68##487849.56##471560.76##476990.36##471289.28##544996.1,8,1916318.8
2020,88,1,6,2,2,15321##15513##15671##15174##15445##15674##15383##15484##15357,475768.7##471696.5##478212.02##476447.4##543774.44##476990.36##472646.68##476175.92##473868.34,9,2064694.85
2020,88,1,7,2,1,17616##17641##17636##18008,472646.68##478076.28##474682.78##544996.1,4,1566004.14
2020,88,1,7,2,2,15267##15671##15174##15445##15674##15383##15484##15357,481062.56##478212.02##476447.4##543774.44##476990.36##472646.68##476175.92##473868.34,8,2776650.16
2020,88,1,9,2,1,17641##17619##17643##17626##17637##18024##18028##18020##18008##18023,478076.28##482284.22##472375.2##487849.56##476447.4##473868.34##544996.1##472646.68,10,3307207.73
2020,88,1,9,2,2,15671##15174##15445##15674##15383##15407##15526##15484##15357,478212.02##476447.4##543774.44##476990.36##472646.68##476583.14##482284.22##476175.92##473868.34,9,2983482.29
2020,88,1,10,2,1,17614##17636##17637##18019##18008##18023,474954.26##474682.78##476447.4##482827.18##544996.1##472646.68,6,2034391.4
2020,88,1,10,2,2,15235##15245##15685##15505##15616##15643##15652##15663##15684##15671##15174##15445##15674##15383##15484##15357##15338##15356##15376##15390##15497,472782.42##477126.1##476990.36##544996.1##472510.94##473868.34##474954.26##544724.62##478212.02##476447.4##543774.44##472646.68##476175.92##474682.78##482827.18,21,5509437.42
2020,88,1,11,2,1,17647##17644,474547.04##471560.76,2,649106.0
2020,88,1,11,2,2,15671##15174##15445##15674##15383##15484##15357##15302##15683,478212.02##476447.4##543774.44##476990.36##472646.68##476175.92##473868.34##474547.04,9,2692011.0
2020,88,1,12,2,2,15712,480926.82,1,500000.0
2020,88,2,1,2,2,15293##15587,545946.28##490157.14,2,680953.68
2020,88,2,3,2,2,15516##15677,480519.6##546217.76,2,497000.91
2020,88,2,4,2,1,17622##17638##17615,495858.22##498301.54##506038.72,3,937414.66
2020,88,2,4,2,2,15462##15520##15576,490021.4##495179.52##495315.26,3,899995.0
2020,88,2,6,2,1,17646##17615,489885.66##506038.72,2,123416.63
2020,88,2,6,2,2,15474##15594##15636##15658##15682##15696##15517##15609,483098.66##492464.72##496401.18##494908.04##499794.68##504681.32##482012.74##495315.26,8,1764115.42
2020,88,2,7,2,1,18006##18011##18025##18027,507260.38##495858.22##493414.9##495315.26,4,1389126.99
2020,88,2,7,2,2,15320##15419##15471##15538##15517##15609,486356.42##546082.02##485677.72##495858.22##482012.74##495315.26,6,1979313.45
2020,88,2,9,2,1,17632,482148.48,1,299835.4
2020,88,2,9,2,2,15517##15609##15219##15373,482012.74##495315.26##545810.54##483505.88,4,1073800.91
2020,88,2,10,2,1,17621##17628##17646,488256.78##495315.26##489885.66,3,1130993.58
2020,88,2,10,2,2,15516##15677##15517##15609##15181##15202##15249##15298##15528##15605,480519.6##546217.76##482012.74##495315.26##502373.74##484727.54##506038.72##545810.54##486492.16,10,2541987.63
2020,88,2,11,2,1,17617##17629##17631##17615,509025.0##509160.74##490021.4##506038.72,4,1338019.25
2020,88,2,11,2,2,15517##15609##15319##15371##15586,482012.74##495315.26##483098.66##483505.88##485677.72,5,1270798.15
2020,88,3,1,2,2,15597,470203.36,1,238544.8
2020,88,3,4,1,3,3726,7,1,1400000.0
2020,88,3,4,2,2,15597,470203.36,1,477089.6
2020,88,3,6,1,3,3547##3725##3727,2##5,3,18309798.0
2020,88,3,6,2,1,18049,469931.88,1,2000000.13
2020,88,3,6,2,2,15626,469796.14,1,213067.73
2020,88,3,7,1,3,3728,3,1,1199199.0
2020,88,3,7,2,1,16404##18021,469796.14,2,5999499.12
2020,88,3,7,2,2,15556##15626,470203.36##469796.14,2,584090.3
2020,88,3,8,2,1,18043,470339.1,1,1000000.0
2020,88,3,8,2,2,15619,470203.36,1,1200000.05
2020,88,3,9,2,1,18043,470339.1,1,1000000.0
2020,88,3,9,2,2,15626,469796.14,1,272253.21
2020,88,3,10,1,3,3544##3545##3546##3729,6##11##4,4,2460000.0
2020,88,3,10,2,2,15597##15626,470203.36##469796.14,2,379402.04
2020,88,3,11,1,3,3730,4,1,2740349.0
2020,88,3,11,2,1,18018,470203.36,1,1700000.0
2020,88,3,11,2,2,15626,469796.14,1,236741.92
2020,88,3,12,1,3,3727,2,1,490000.0
2020,88,3,12,2,1,17639,470203.36,1,500000.0
2020,91,1,2,2,2,16889##17038##17106##16945,3203726.744##3773770.957##3259818.051##3926391.49,4,2439158.56
2020,91,1,3,2,2,16832##17054,5185184.775##3681155.078,2,1101649.37
2020,91,1,4,2,2,16919##16838,3507663.361##3773770.957,2,1076818.65
2020,91,1,6,2,2,16924##16926##17056##17092##16945##16919##16909,2106685.135##845282.952##3622454.873##3674632.833##3926391.49##3507663.361##3203726.744,7,4864029.19
2020,91,1,7,2,2,16873,3259818.051,1,345146.14
2020,91,1,9,2,2,17083,3674632.833,1,504097.54
2020,91,1,10,2,2,16914##17061,3507663.361##2244956.729,2,691424.5
2020,91,1,11,2,2,16909##16834##16836##16866##16883##16944##17011##17033##17069##17094,3203726.744##3681155.078##2239738.933##3622454.873##845282.952##3926391.49##3591148.097##3751595.324##1428371.655##2231912.239,10,5038152.53
2020,91,1,16,2,1,15787##15788##15789##15795##15796##15808##15823##15845##15890##15930##15958,3259818.051##2106685.135##2239738.933##1428371.655##3507663.361##3613323.73##3203726.744##3674632.833##3926391.49##845282.952##3622454.873,11,4301295.51
2020,91,2,2,2,2,17073,2161471.993,1,248892.51
2020,91,2,3,2,2,16863##16950##17070##17084,623526.622##1361844.756##1385324.838##1810575.212,4,1822018.32
2020,91,2,4,2,2,16934##17053##17086,1369671.45##623526.622##1917540.03,3,1593979.0
2020,91,2,6,2,2,17078,1360540.307,1,285865.05
2020,91,2,7,2,1,15983,1745352.762,1,249948.79
2020,91,2,7,2,2,16047##16049##16897##16915##17049##17050##17060##17064##17071##17072##17079##17093,1963195.745##2440624.079##1728394.925##1978849.133##2406708.405##5209969.306##1360540.307##647006.704##1364453.654##649615.602,12,4175935.57
2020,91,2,10,2,2,16046##17091,647006.704##1385324.838,2,618041.63
2020,91,2,11,2,1,15811,1917540.03,1,249791.5
2020,91,2,11,2,2,16048,1917540.03,1,298958.0
2020,91,2,16,2,1,15814##15848##15849##15897##15899##15938,1385324.838##624831.071##632657.765##647006.704##1360540.307##1369671.45,6,2058837.65
2020,91,3,2,1,4,3538,1,1,2000000.0
2020,91,3,2,2,2,17104,3399394.094,1,750000.0
2020,91,3,3,1,4,3535,4,1,1469312.0
2020,91,3,4,1,3,3487##3489,11##7,2,16866000.0
2020,91,3,4,1,4,3537,11,1,4000000.0
2020,91,3,4,2,1,14950,644397.806,1,4000000.0
2020,91,3,4,2,2,16904##17055##17075,3765944.263##3432005.319##3446354.258,3,2256260.73
2020,91,3,6,1,3,3491,2,1,6000000.0
2020,91,3,6,1,4,3536##3539,5##2,2,7004124.0
2020,91,3,6,2,2,16952##17068,3476356.585##3687677.323,2,6131587.52
2020,91,3,7,1,4,3540,3,1,2700001.0
2020,91,3,7,2,2,17066,3489401.075,1,2740455.97
2020,91,3,8,2,1,15752,3476356.585,1,1500000.0
2020,91,3,9,1,4,3535,4,1,2203968.0
2020,91,3,9,2,2,17077,3446354.258,1,998898.5
2020,91,3,10,1,3,3487,11,1,1134000.0
2020,91,3,10,1,4,3535,4,1,1469312.0
2020,91,3,10,2,2,17032##17059##17100,644397.806##3872909.081##3432005.319,3,1963056.53
2020,91,3,11,1,3,3488,4,1,4987671.0
2020,91,3,11,1,4,3535,4,1,4040610.0
2020,91,3,11,2,2,16885,3765944.263,1,372912.02
2020,91,3,12,1,3,3490,2,1,1008073.0
2020,91,3,16,2,1,16328##15828##15830##15876##15900##15911##15914##15962##15970##15975,3476356.585##3446354.258##3422874.176##3489401.075##644397.806##3399394.094,10,14519191.83
2020,91,4,7,2,2,17048,3673328.384,1,541515.66
2020,91,4,16,2,1,15965,3673328.384,1,1000024.28
2020,97,3,4,1,3,3456,11,1,799742.0
2020,97,3,6,1,3,3458,5,1,800000.0
2020,97,3,7,1,3,3454##3457,3##6,2,849710.0
2020,97,3,7,1,4,3709##3712,6##3,2,989483.0
2020,97,3,9,1,4,3711,4,1,600000.0
2020,97,3,10,1,3,3457##3459,6##4,2,279978.0
2020,97,3,10,1,4,3709##3710##3713,6##11##17,3,3169839.0
2020,97,3,11,1,3,3455##3459,7##4,2,1221882.0
2020,97,3,14,1,4,3713,17,1,240014.0
2020,98,1,4,2,2,17501,6481210.7961,1,250000.0
2020,98,1,6,2,2,16133##16131,6481210.7961##6040372.6863,2,172080.5
2020,98,1,7,2,2,16156##17845,4223585.3247##5686366.3254,2,974500.0
2020,98,1,10,2,2,17845##17645,5686366.3254##5463720.8154,2,877824.81
2020,98,1,11,2,1,16963,5991390.6741,1,342094.11
2020,98,1,11,2,2,17845##17645##16141##16133##16131,5686366.3254##5463720.8154##6312000.2085##6481210.7961##6040372.6863,5,1243751.42
2020,98,1,12,2,2,16136##17645##16133,5463720.8154##6481210.7961,3,577010.87
2020,98,1,16,2,1,15730##15731##15732##15734,4223585.3247##5534967.3786##6312000.2085##6438908.1492,4,1037716.17
2020,98,2,3,2,2,17513,4228038.2349,1,146682.84
2020,98,2,4,2,2,17513,4228038.2349,1,195577.12
2020,98,2,6,2,2,16150##16120##17513,4243623.4206##4228038.2349,3,360577.19
2020,98,2,7,2,2,16125##17682,4219132.4145##4252529.241,2,523503.59
2020,98,2,10,2,2,17682##17513,4252529.241##4228038.2349,2,188158.95
2020,98,2,11,2,1,17140,4285926.0675,1,112842.2
2020,98,2,11,2,2,16120##17682##17513##17493,4228038.2349##4252529.241##8852385.4776,4,312817.08
2020,98,2,12,2,2,16120,4228038.2349,1,52998.77
2020,98,2,16,2,1,15733##15736,4252529.241##4239170.5104,2,954422.83
2020,98,3,3,2,2,17536,5895653.1048,1,199945.76
2020,98,3,4,2,2,17545,5868935.6436,1,375000.0
2020,98,3,7,2,2,16186##17556##17536##17827,5895653.1048##8979293.4183##5588402.301,4,984701.4
2020,98,3,10,2,2,17545##17827,5868935.6436##5588402.301,2,281000.86
2020,98,3,11,2,2,17536##17827,5895653.1048##5588402.301,2,561933.93
2020,101,3,4,1,3,3611,7,1,492000.0
2020,101,3,6,1,3,3610,5,1,440000.0
2020,101,3,7,1,3,3613##3614,3##6,2,584193.0
2020,101,3,9,1,3,3609,4,1,195785.0
2020,101,3,11,1,3,3609,4,1,694145.0
2020,101,3,12,1,3,3612,2,1,199262.0
2020,104,3,4,1,3,3743,1,1,1000000.0
2020,104,3,7,1,3,3742,6,1,291320.0
2020,104,3,9,1,3,3741,4,1,324000.0
2020,104,3,10,1,3,3741##3742,4##6,2,724569.0
2020,104,3,11,1,3,3741,4,1,660000.0
2020,105,1,1,2,2,17939##17835,3733445.4528##3534680.4864,2,2311780.58
2020,105,1,3,2,2,17856##17836,4003098.624##3534680.4864,2,1539666.6
2020,105,1,4,2,2,17939##17836##17835,3733445.4528##3534680.4864,3,5848234.73
2020,105,1,6,2,2,17834##17842##17859##17919##17920,3534680.4864##878457.7536##3802943.6928##3568039.6416,5,10817600.25
2020,105,1,7,2,2,17901##17904##17935##17909##17915##17926##17933##17940##17932,3761244.7488##4129585.4208##1023014.0928##3873831.8976##3467962.176##4003098.624##155676.0576,9,6866309.71
2020,105,1,9,2,2,17909##17915##17926##17933##17940##17902##17911##17932,3873831.8976##3467962.176##4003098.624##155676.0576##3761244.7488,8,9082211.99
2020,105,1,10,2,2,17856##17932##17855##17877##17910##17924,4003098.624##3979469.2224##4040627.6736##3467962.176##3733445.4528,6,4374517.29
2020,105,1,11,2,2,17939##17856##17836##17833##17860##17896##17903##17921##17835,3733445.4528##4003098.624##3534680.4864##3595838.9376##3802943.6928##8339.7888##3761244.7488##3568039.6416,9,8244934.22
2020,105,1,13,2,2,17916,3733445.4528,1,971364.6
2020,105,2,1,2,2,17889##17897##17900,2296221.8496##722781.696##718611.8016,3,547695.03
2020,105,2,3,2,2,17882##17890##17884,2296221.8496##722781.696##1922321.3184,3,574451.49
2020,105,2,4,2,2,17889##17899##17931,2296221.8496##718611.8016##1114751.7696,3,1044029.93
2020,105,2,6,2,2,17888##17898##17908##17930##17890,1356605.6448##718611.8016##2328191.04##2069657.5872##722781.696,5,4565475.66
2020,105,2,7,2,2,17861##17876##17913##17884##17899##17907,715831.872##2492206.8864##722781.696##1922321.3184##718611.8016##1110581.8752,6,3029265.55
2020,105,2,9,2,2,17913##17884,722781.696##1922321.3184,2,136320.79
2020,105,2,11,2,2,17907##17837##17918##17927##17897##17900,1110581.8752##2492206.8864##2305951.6032##2296221.8496##722781.696##718611.8016,6,2924655.64
2020,105,3,5,2,1,15362,3698696.3328,1,1505009.63
2020,105,3,5,2,2,17894,3698696.3328,1,879793.0
2020,105,3,6,1,3,3762,2,1,30000000.0
2020,105,3,7,1,4,3692##3694,6##3,2,15939996.0
2020,105,3,7,2,1,17170##17178,3711206.016##3665337.1776,2,16797863.62
2020,105,3,8,2,1,15362,3698696.3328,1,1995012.76
2020,105,3,9,1,4,3693##3694,4##3,2,11059970.0
2020,105,3,10,2,2,17881,3637537.8816,1,2236798.81
2020,105,3,11,1,4,3693,4,1,7999971.0
2020,105,3,11,2,2,17943,4194913.7664,1,551763.69
2020,105,3,13,2,1,17179,3637537.8816,1,2999999.77
2020,105,3,13,2,2,17858##17879##17936,3476301.9648##3637537.8816##3665337.1776,3,4251326.51
2020,105,4,4,2,2,17886,3804333.6576,1,1624558.32
2020,105,4,7,2,2,17849##17850,3804333.6576,2,3035874.64
2020,105,4,9,2,2,17849##17850,3804333.6576,2,337319.4
2020,107,3,6,1,3,3482##3485##3605,5##2,3,27789121.0
2020,107,3,7,1,3,3479##3484##3486,4##6##3,3,1949432.0
2020,107,3,9,1,3,3480,4,1,1751850.0
2020,107,3,10,1,3,3478##3483,4##6,2,1603034.0
2020,107,3,11,1,3,3481,4,1,1799699.0
2020,108,1,1,2,1,15021,625213.176,1,159003.73
2020,108,1,2,2,2,17772,63186.438,1,42754.5
2020,108,1,3,2,2,16280##16298##17666,377455.827##189559.314,3,1290273.33
2020,108,1,4,2,1,15017##15021,63186.438##625213.176,2,387359.21
2020,108,1,4,2,2,16181##16210##16357##17665,63186.438##1682754.612##83140.05,4,3758991.32
2020,108,1,6,2,1,15028##15017,1682754.612##63186.438,2,1523139.69
2020,108,1,6,2,2,16283##16373##16181##17772,4767250.467##1682754.612##63186.438,4,2759625.65
2020,108,1,7,2,1,14989##15052##15992##15994##16441,2336235.405##4767250.467##631864.38##4817134.497##581980.35,5,3459432.79
2020,108,1,7,2,2,16214##16253##16369,1682754.612##2336235.405##631864.38,3,1227178.35
2020,108,1,9,2,2,16316##16370,1682754.612##4817134.497,2,628754.46
2020,108,1,10,2,2,16298##16213##16254##16282,189559.314##4725680.442##4456306.68##581980.35,4,1589479.33
2020,108,1,11,2,1,15017##15021##15004##15038,63186.438##625213.176##199536.12##8314.005,4,1222846.56
2020,108,1,11,2,2,16181##16250##16306##16354##17772##17722,63186.438##83140.05##4767250.467##4817134.497##625213.176,6,2791515.7
2020,108,2,1,2,1,14981##15002##15006##15036##14975##14964##15039##15019##15003##15051,588631.554##6622936.383##1102437.063##1687743.015##613573.569##869644.923##6566401.149##591957.156##1341880.407##4955146.98,10,1058329.94
2020,108,2,1,2,2,16394##16342##17763##17649##17754,2607271.968##1674440.607##1102437.063##1687743.015,5,1362068.23
2020,108,2,2,2,2,16159##16190##16246##16327##16237##17690##17760##17692,6566401.149##1687743.015##2030280.021##989366.595##613573.569##596945.559##4878658.134##2025291.618,8,2591397.61
2020,108,2,3,2,2,16153##16157##16191##16195##16212##16219##16228##16300##16209##17648##17793,578654.748##6566401.149##1687743.015##989366.595##991029.396##4878658.134##1674440.607##593619.957##1102437.063##1689405.816,11,7571038.0
2020,108,2,4,2,1,14981##15002##15006##15036##14975##14964##15039##15037##14976##14979##14980##15031##15054##15019##15003##15051##15043##14994##15016,588631.554##6622936.383##1102437.063##1687743.015##613573.569##869644.923##6566401.149##576991.947##991029.396##6624599.184##591957.156##1341880.407##4955146.98##906226.545##590294.355##989366.595,19,8679589.89
2020,108,2,4,2,2,16291##16353##16175##16183##16217##16238##16273##16278##16345##16363##16388##16393##16237##16340##17649##17657##17684##17754,991029.396##575329.146##869644.923##588631.554##576991.947##613573.569##6622936.383##989366.595##593619.957##906226.545##6624599.184##1687743.015##1102437.063,18,13548985.69
2020,108,2,6,2,1,14969##14982##14988##14991##14999##15000##15008##15012##15024##15027##15035##15041##15055##15037,1691068.617##991029.396##2334572.604##1102437.063##2025291.618##2030280.021##588631.554##1674440.607##4955146.98##989366.595##606922.365##1506497.706##6624599.184##1687743.015,14,9318473.03
2020,108,2,6,2,2,16342##16327##16149##16162##16169##16192##16221##16222##16245##16255##16261##16318##16323##16351##16358##16360##16380##16291##16353##17763##17649##17690##17664##17680##17721##17677##17756,1674440.607##989366.595##1102437.063##1691068.617##576991.947##1687743.015##590294.355##596945.559##2030280.021##588631.554##606922.365##4878658.134##2025291.618##613573.569##2607271.968##593619.957##872970.525##991029.396##575329.146##2334572.604##1423357.656,27,15685126.75
2020,108,2,7,2,1,14965##14968##14971##14997##15029##15032##15034##15009##15013##15990##15991##15995##16030,6622936.383##1691068.617##593619.957##590294.355##608585.166##5008356.612##906226.545##1900581.543##1423357.656##1072506.645##989366.595,13,6808831.54
2020,108,2,7,2,2,16176##16197##16227##16229##16288##16315##16397##16239##17677##17651##17669##17764##17779##17756,906226.545##6622936.383##588631.554##1725987.438##1423357.656##608585.166##583643.151##593619.957##1072506.645##989366.595,14,9843370.14
2020,108,2,9,2,1,15009##15013##14983,1900581.543##1423357.656##578654.748,3,430662.23
2020,108,2,9,2,2,16239##16268##16289##16346,593619.957##6622936.383##1423357.656##608585.166,4,1378767.05
2020,108,2,10,2,1,14975##15043##14978##14995##14983##15016##15022,613573.569##906226.545##576991.947##4878658.134##578654.748##989366.595##593619.957,7,2095576.5
2020,108,2,10,2,2,16209##16203##16220##16270##16274##16277##16299##16322##16333##16337##16343##16361##17677##17760##17729##17778,1102437.063##1423357.656##4878658.134##2334572.604##1689405.816##590294.355##591957.156##608585.166##1105762.665##578654.748##596945.559##906226.545##576991.947,16,5468717.86
2020,108,2,11,2,1,14981##15002##15006##15036##14975##14964##15039##15003##15051##14994##14967##14973##15014##15030##15040##15042##15047##15022,588631.554##6622936.383##1102437.063##1687743.015##613573.569##869644.923##6566401.149##1341880.407##4955146.98##590294.355##578654.748##1674440.607##575329.146##2025291.618##591957.156##606922.365##593619.957,18,7536711.61
2020,108,2,11,2,2,16342##16143##16158##16287##16296##16332##16336##16347##16379##16340##17760##17729##17758##17692##17778,1674440.607##869644.923##6566401.149##591957.156##575329.146##2030280.021##588631.554##606922.365##1687743.015##4878658.134##576991.947##2025291.618##578654.748,15,9257477.63
2020,108,2,12,2,2,16384,2510829.51,1,289306.6
2020,108,3,1,2,1,14987,109744.866,1,1204211.06
2020,108,3,1,2,2,16172,109744.866,1,4309854.61
2020,108,3,2,2,1,17205,4334922.207,1,1513747.53
2020,108,3,2,2,2,16248##17766,4334922.207,2,2357066.16
2020,108,3,4,2,1,14986,109744.866,1,5660458.38
2020,108,3,4,2,2,16172##16173##17766,109744.866##4334922.207,3,6485697.3
2020,108,3,6,2,1,14974##15048,69837.642##249420.15,2,12257818.38
2020,108,3,6,2,2,16173,109744.866,1,1812311.28
2020,108,3,7,2,1,15728,251082.951,1,5442187.87
2020,108,3,7,2,2,16319,251082.951,1,2638353.82
2020,108,3,10,2,1,14987##14977,109744.866##229466.538,2,4999636.4
2020,108,3,10,2,2,16172,109744.866,1,803532.22
2020,108,3,11,2,1,14986,109744.866,1,492213.77
2020,108,3,11,2,2,16172,109744.866,1,438290.3
2020,108,3,12,2,1,15737,224478.135,1,399627.88
2020,108,3,12,2,2,16174,109744.866,1,120000.2
2020,108,4,6,2,2,16386,628538.778,1,680692.36
2020,108,4,7,2,1,15993##16565,1075832.247,2,8146466.4
2020,108,4,9,2,2,16348,628538.778,1,291198.09
2020,108,4,12,2,1,15011,1075832.247,1,774752.9
2020,110,3,6,1,3,3740,5,1,2000000.0
2021,1,1,3,2,1,18732##20066##20128##20132##20153,954.96##1070.88##1021.2##408.48##1131.6,5,2657150.98
2021,1,1,3,2,2,21033##21040##21046##21047##21065##21067##21197##21374,977.04##1070.88##1145.4##1021.2##1156.44##314.64##253.92##408.48,8,5596821.96
2021,1,1,4,2,1,18684##18691##18701##18733##18736##18766##20036##20072##20120##20121##20122##20133,966.0##957.72##1275.12##954.96##1087.44##433.32##979.8##1261.32,12,6187544.69
2021,1,1,4,2,2,20587##20589##20619##20646##20652##20658##20671##20753##21389##21403,1035.0##1261.32##957.72##1021.2##985.32##979.8##1275.12##974.28##1070.88##433.32,10,5771311.0
2021,1,1,6,2,1,18683##18735##20024##20045,1048.8##1087.44##957.72##1021.2,4,1915863.94
2021,1,1,6,2,2,20547##20618##20693##20724##20760##20763##20782##20791##20801##20815##20844##20886##20889##20912##20990##20999##21020##21397##21398##21400##21418,1021.2##957.72##1131.6##1087.44##954.96##1035.0##1018.44##985.32##1092.96##979.8##977.04##974.28##1145.4##1156.44##1070.88##314.64##433.32,21,12891403.82
2021,1,1,7,2,1,18687##18743##18694##20018##20031##20042##20073##20017,982.56##1023.96##946.68##173.88##979.8##924.6,8,2833660.51
2021,1,1,7,2,2,20670##20703##20891##21384##20653##20689##20851##20965,977.04##173.88##982.56##946.68##309.12##1010.16,8,3066814.91
2021,1,1,9,2,1,18694##18688##18700##18702##20017,946.68##935.64##977.04,5,1539753.74
2021,1,1,9,2,2,20653##20689##20851##20673##21021##21255##21377##20965,946.68##309.12##1010.16##977.04##935.64##1084.68,8,2965817.79
2021,1,1,10,2,1,18685##18697##18698##18703##18745##18761##18771##20010##20043##20083##20136##20178##20265##20335,314.64##996.36##253.92##946.68##999.12##1156.44##433.32##1131.6##173.88##977.04,14,5949262.77
2021,1,1,10,2,2,21129##21201##21214##21341##21346##21354##20851,1131.6##999.12##253.92##1156.44##996.36##408.48##1010.16,7,2845424.33
2021,1,1,11,2,1,18690##18722##18772##20026##20037##20041##20068##20075##20104##20269,1018.44##1145.4##954.96##253.92##173.88##1070.88##977.04##924.6,10,6434259.29
2021,1,1,11,2,2,20701##20876##20883##20894##20901##20922##21000##21358##21385,977.04##1018.44##173.88##253.92##954.96##1070.88##988.08,9,5965826.4
2021,1,2,3,2,1,20190,1253.04,1,746415.52
2021,1,2,3,2,2,21060##21068##21340,1253.04##1178.52##1134.36,3,1777920.56
2021,1,2,4,2,1,18704##18741##20047##20107##20115##20151,1225.44##1123.32##1294.44,6,2214062.26
2021,1,2,4,2,2,20635##20641##20656##20707,1134.36##1294.44##1167.48##1206.12,4,1623121.25
2021,1,2,6,2,1,18774##20007##20027##20030##20046##20112,1250.28##1308.24##1167.48##1225.44##1128.84,6,2079405.36
2021,1,2,6,2,2,20612##20746##20748##20761##20810##20817##20854##20855##20943##20963##20967##21159##21219##21229##21387##21399##21404##21408##21563##21574##21580,930.12##1239.24##1308.24##1167.48##1134.36##1294.44##1123.32##1341.36##1253.04##1128.84##1250.28##1299.96##1225.44##1338.6##1335.84##1324.8,21,7431900.91
2021,1,2,7,2,1,18696##20009##20035##20005,1115.04##941.16##1178.52,4,1670226.03
2021,1,2,7,2,2,20654##20676##20896##21039##21041##21380##20651##20935,1178.52##941.16##1115.04##1137.12##1311.0##1051.56,8,2805090.3
2021,1,2,9,2,1,20005##20028,1178.52##1115.04,2,246580.49
2021,1,2,9,2,2,20991##21010##21019##21109##20935,1137.12##1250.28##1076.4##1115.04##1178.52,5,1543160.17
2021,1,2,10,2,1,20065##20240,1203.36##1322.04,2,499685.4
2021,1,2,10,2,2,21342##21348##21376##21383,1123.32##1090.2##1150.92,4,1040835.1
2021,1,2,11,2,1,18730##20029##20118##20221##20415,1134.36##1225.44##1294.44##1167.48,5,1799902.64
2021,1,2,11,2,2,20651##20681##20683##20723##20973##21008##21049##21156##21337##21349,1051.56##1195.08##1167.48##913.56##1134.36##1206.12##1178.52##930.12##1280.64,10,4374623.49
2021,1,3,4,1,3,3988##4005,7##11,2,7227499.0
2021,1,3,4,1,4,3945,11,1,2320000.0
2021,1,3,4,2,1,18714##20049,391.92##182.16,2,2305964.04
2021,1,3,4,2,2,20672##21388##21396,182.16##391.92,3,4926810.61
2021,1,3,6,1,3,3827##3987,5,2,12798461.0
2021,1,3,6,1,4,3935##3941,2##5,2,5499998.0
2021,1,3,6,2,1,18699##20034##20114,414.0##115.92,3,3571418.01
2021,1,3,6,2,2,20785##20790,115.92##414.0,2,9797121.5
2021,1,3,7,1,3,3829##3997##3998,3##4,3,48000000.0
2021,1,3,7,1,4,3969,3,1,606800.0
2021,1,3,7,2,1,18686##20003##20021,182.16##380.88##416.76,3,2673115.51
2021,1,3,7,2,2,21372##21386##20853,182.16##394.68##416.76,3,12010686.43
2021,1,3,9,1,3,3826##3828,4##2,2,2991000.0
2021,1,3,9,2,1,20025##20048##20095,416.76##414.0##394.68,3,1239549.61
2021,1,3,9,2,2,20853##20937##21042,416.76##414.0##394.68,3,6100985.44
2021,1,3,10,1,4,3936##3945##3968,7##11##12,3,3939904.0
2021,1,3,10,2,1,18692##18707##18715##18734##20116##20166##20449##20490,405.72##1291.68##391.92##380.88##394.68,8,4059530.89
2021,1,3,10,2,2,20554##21259##21321##21323##21343,182.16##380.88##391.92##405.72##394.68,5,4748938.29
2021,1,3,11,1,3,3826,4,1,4209000.0
2021,1,3,11,1,4,3969,3,1,133200.0
2021,1,3,11,2,2,20625##20695##20918,394.68##182.16##416.76,3,14395082.49
2021,1,3,12,1,3,4006,2,1,5000000.0
2021,1,3,12,2,1,18084,414.0,1,3100000.0
2021,3,3,6,1,3,3929,5,1,425000.0
2021,3,3,7,1,3,3932##3933,3##6,2,877001.0
2021,3,3,9,1,3,3930##3931,4##2,2,2017806.0
2021,3,3,10,1,3,3933,6,1,168000.0
2021,3,3,11,1,3,3930,4,1,1511754.0
2021,5,3,3,1,3,3785,4,1,147728.0
2021,5,3,4,1,3,3784,11,1,939749.0
2021,5,3,7,1,3,3783,7,1,219999.0
2021,5,3,10,1,3,3784##3785,11##4,2,693122.0
2021,7,3,1,1,3,3813,7,1,3528001.0
2021,7,3,4,1,3,3812##3813,11##7,2,4734000.0
2021,7,3,6,1,3,3814,2,1,999548.0
2021,7,3,7,1,3,3813,7,1,784000.0
2021,7,3,10,1,3,3812##3813,11##7,2,592000.0
2021,7,3,11,1,3,3811##3813,4##7,2,3336920.0
2021,13,3,1,1,4,3913,11,1,495000.0
2021,13,3,4,1,3,3884##4060##4063,11##7,3,3000000.0
2021,13,3,4,1,4,3906##3913,7##11,2,1505000.0
2021,13,3,6,1,3,3887##4062,2,2,3002505.0
2021,13,3,6,1,4,3914,2,1,2000000.0
2021,13,3,7,1,3,3883,7,1,599999.0
2021,13,3,7,1,4,3915,3,1,1000000.0
2021,13,3,10,1,3,3885##3886,4##12,2,909478.0
2021,13,3,10,1,4,3912##3916,6##4,2,995021.0
2021,13,3,11,1,3,4061,4,1,1250010.0
2021,13,3,11,1,4,3916,4,1,1005000.0
2021,13,3,12,1,3,4062,2,1,247501.0
2021,14,3,4,1,3,3875,7,1,750000.0
2021,14,3,6,1,3,3876,2,1,525010.0
2021,14,3,11,1,3,3874,4,1,225000.0
2021,16,3,6,1,4,3946##3960,5##2,2,1749996.0
2021,16,3,7,1,4,3951,3,1,998973.0
2021,16,3,9,1,4,3970,4,1,504000.0
2021,16,3,10,1,4,3947##3948,7##11,2,1049950.0
2021,16,3,11,1,4,3970,4,1,696000.0
2021,18,1,1,2,2,19000##18897##19099,336445.164##335455.6194##334466.0748,3,904355.73
2021,18,1,3,2,2,18855##18881##18886,334576.0242##457169.6052##344031.6726,3,999881.93
2021,18,1,4,2,1,20767,337214.8098,1,300000.0
2021,18,1,4,2,2,19000##18897,336445.164##335455.6194,2,195291.12
2021,18,1,6,2,1,19984,338864.0508,1,84000.0
2021,18,1,6,2,2,19000##18954##18913##18948,336445.164##334026.2772##336335.2146##335345.67,4,1400542.51
2021,18,1,7,2,1,19990##20771##20874##20898##20913##20944##20956##20958##20840,345680.9136##344471.4702##333256.6314##335125.7712##345351.0654##335345.67##456509.9088##347769.9522##340843.14,9,4015671.39
2021,18,1,7,2,2,18857##18880##18923##19034##18927##18876##18991##18869,336994.911##345351.0654##336225.2652##333256.6314##340843.14##333806.3784##335125.7712##345680.9136,8,2314302.81
2021,18,1,8,2,2,18854,347769.9522,1,150000.0
2021,18,1,9,2,1,20840,340843.14,1,105000.0
2021,18,1,9,2,2,18857##18876##18991##18869,336994.911##333806.3784##335125.7712##345680.9136,4,548000.32
2021,18,1,10,2,1,19980##19989##19999##20002##20006##19990##19984,337214.8098##336335.2146##335455.6194##347220.2052##334905.8724##345680.9136##338864.0508,7,2614387.72
2021,18,1,10,2,2,18856##18864##18952,337214.8098##344581.4196##338864.0508,3,798000.0
2021,18,1,11,2,1,19984##20773##20781##20949,338864.0508##344581.4196##334026.2772,4,1124000.0
2021,18,1,11,2,2,19099##18954##18857##18885##18895##18928##18952,334466.0748##334026.2772##336994.911##344471.4702##334246.176##340843.14##338864.0508,7,1571007.3
2021,18,1,12,2,1,20952,342272.4822,1,450000.0
2021,18,1,12,2,2,18916##18935##18954##18857##18927,456290.01##334466.0748##334026.2772##336994.911##340843.14,5,803673.63
2021,18,2,7,2,2,18875,343921.7232,1,169996.54
2021,18,2,9,2,2,18875,343921.7232,1,169996.54
2021,18,2,10,2,2,18874,347000.3064,1,200000.01
2021,18,2,11,2,2,19072,343262.0268,1,430000.0
2021,18,3,1,2,1,20778,334795.923,1,350000.0
2021,18,3,4,2,1,20778,334795.923,1,245000.0
2021,18,3,5,2,1,20925,335015.8218,1,450090.3
2021,18,3,5,2,2,18867,335015.8218,1,154990.88
2021,18,3,6,1,3,3797##3801,5##2,2,3500042.0
2021,18,3,7,1,3,3798##3800##3802,6##4##3,3,2106142.0
2021,18,3,7,2,1,19981,336005.3664,1,540000.01
2021,18,3,8,2,2,18867,335015.8218,1,1394917.91
2021,18,3,9,1,3,3800,4,1,1003200.0
2021,18,3,10,1,3,3799##3800,11##4,2,1390799.0
2021,18,3,10,2,1,19981##19993,336005.3664##334685.9736,2,710000.01
2021,18,3,12,2,1,20778,334795.923,1,105000.0
2021,19,3,4,1,4,3899##3905,7##11,2,898671.0
2021,19,3,6,1,4,3898##3903,5##2,2,1993983.0
2021,19,3,7,1,4,3900##3901##3902,3##4##6,3,1073975.0
2021,19,3,9,1,4,3900##3901##3903,3##4##2,3,951978.0
2021,19,3,10,1,4,3901##3902,4##6,2,639994.0
2021,19,3,11,1,4,3901,4,1,639984.0
2021,19,3,12,1,4,3904,2,1,802480.0
2021,22,3,4,1,3,3994,11,1,270000.0
2021,22,3,6,1,3,3996,2,1,935492.0
2021,22,3,7,1,3,4026,3,1,350177.0
2021,22,3,11,1,3,3995,4,1,450643.0
2021,27,1,3,2,1,20130,688028.07,1,169924.07
2021,27,1,3,2,2,18917##19322,688028.07,2,986205.05
2021,27,1,4,2,1,19461##20139,684210.405##680604.8325,2,1297605.5
2021,27,1,4,2,2,18729##18893,694602.9375##675302.52,2,1675000.0
2021,27,1,6,2,2,19198##18809##18810,676999.26##678483.9075,3,3007674.53
2021,27,1,7,2,2,19275##19363##19183,686755.515##682301.5725##695451.3075,3,2276230.33
2021,27,1,9,2,1,20138,675090.4275,1,248248.8
2021,27,1,9,2,2,19101##19363,679120.185##682301.5725,2,1108450.06
2021,27,1,10,2,1,19580##19579##20139##20138##20113,676150.89##677211.3525##680604.8325##675090.4275,5,1510099.94
2021,27,1,10,2,2,21163##21108##18840##19076##19101##18917##19322##19192##18878##19190,688028.07##693754.5675##680604.8325##687179.7##679120.185##676150.89##705631.7475##677211.3525,10,4023027.39
2021,27,1,11,2,1,19467##20140,678483.9075##676999.26,2,949969.56
2021,27,1,11,2,2,18809##18878##19183##18810,676999.26##705631.7475##695451.3075##678483.9075,4,1240589.71
2021,27,1,14,2,2,21161##21202##21232##21274##21284##21163,674454.15##687391.7925##686755.515##692906.1975##676999.26##688028.07,6,5811874.4
2021,27,2,3,2,2,18996##19356,689724.81##722811.24,2,1999999.47
2021,27,2,4,2,1,20125##20131,690997.365##688452.255,2,1177000.0
2021,27,2,4,2,2,18830##18889##18931##19199,689512.7175##691633.6425##695875.4925##723447.5175,4,3380774.51
2021,27,2,6,2,1,21112##21268,689512.7175,2,2000000.0
2021,27,2,6,2,2,18706##18776##19243##19291##18852,689512.7175##726204.72##691633.6425##712842.8925##693118.29,5,3499947.67
2021,27,2,7,2,1,20126,731294.94,1,510000.52
2021,27,2,8,2,1,21172##21239,712842.8925##732567.495,2,957584.18
2021,27,2,9,2,2,18794##19238,694390.845##725144.2575,2,951799.81
2021,27,2,10,2,2,21288##21293##21221##19397##18852##19176,722174.9625##688876.44##721962.87##693118.29##715812.1875,6,1549997.51
2021,27,2,11,2,1,19470,688876.44,1,250024.76
2021,27,2,11,2,2,19238##19094##19115##19162,725144.2575##707540.58##686967.6075##689088.5325,4,1898193.79
2021,27,2,14,2,2,21113##21252##21280##21319,689512.7175##691633.6425##717508.9275##688452.255,4,3630000.16
2021,27,3,3,1,4,4022,4,1,779902.0
2021,27,3,4,1,4,4019##4021##4022,7##11##4,3,4526599.0
2021,27,3,4,2,1,19582##20134##21188##21208,683362.035##675726.705,4,4353707.7
2021,27,3,6,1,4,4018,5,1,1000000.0
2021,27,3,6,2,1,20129##21132,692482.0125,2,2167766.29
2021,27,3,7,1,3,3793##3794##3795##3796##3873,4##6##7##3,5,3806340.0
2021,27,3,7,1,4,4020##4025,6##3,2,2769081.0
2021,27,3,7,2,1,19532##20111,678271.815,2,832498.16
2021,27,3,7,2,2,18717##19279,678271.815##679544.37,2,1854184.16
2021,27,3,9,1,4,4022##4024,4##2,2,2995206.0
2021,27,3,9,2,1,19632##21132,675726.705##692482.0125,2,574068.55
2021,27,3,9,2,2,19360,675726.705,1,1083054.88
2021,27,3,10,1,3,3793##3794,4##6,2,468365.0
2021,27,3,10,1,4,4020##4021##4022,6##11##4,3,2953284.0
2021,27,3,10,2,1,19532##20111##21132,678271.815##692482.0125,3,766937.45
2021,27,3,10,2,2,19360##18717,675726.705##678271.815,2,1493415.71
2021,27,3,11,1,3,3793##3871,4,2,936262.0
2021,27,3,11,1,4,4022,4,1,1488903.0
2021,27,3,11,2,2,19360,675726.705,1,645667.33
2021,27,3,12,1,4,4023,4,1,350000.0
2021,27,3,12,2,1,18274,678271.815,1,1466441.54
2021,27,3,13,1,3,3859,11,1,1500000.0
2021,27,3,13,1,4,4021,11,1,1196098.0
2021,27,3,14,1,3,3778##3779,5##2,2,6998971.0
2021,27,3,14,1,4,4024,2,1,3999000.0
2021,27,3,14,2,2,21249##21320,675726.705##683362.035,2,3784941.35
2021,36,1,1,2,1,20069,2356375.1664,1,350000.25
2021,36,1,1,2,2,18607##21212##21276,2356375.1664##2651875.2884##3808138.669,3,1369996.74
2021,36,1,3,2,2,18580##18557##18645##18573##18594##18620##18644##18565##18626##18572##18640##18521##21168##21205,612924.4466##2795812.4446##324096.908##2340170.321##978010.0812##2744338.2298##2362094.5236##2366860.6546##2345889.6782##2421194.548##3766196.7162,14,5916286.0
2021,36,1,4,2,1,20032##20061##20071##20079##20087##20101,612924.4466##2350655.8092##2805344.7066##148703.2872##2671893.0386##2345889.6782,6,2620193.34
2021,36,1,4,2,2,18557##18620##18595##18530##18559##18571##18579##18627##18626##18640##21098##21110##21176##21262,2795812.4446##324096.908##2744338.2298##2427867.1314##148703.2872##2362094.5236##612924.4466##2345889.6782##2350655.8092,14,9573019.62
2021,36,1,6,2,2,18548##18567##18581##18589##18632##18580##18557##18573##18594##21083##21139##21185##21209,192551.6924##2362094.5236##612924.4466##610064.768##324096.908##2795812.4446##2340170.321##978010.0812##2805344.7066##990402.0218,13,4353295.76
2021,36,1,7,2,1,20012##20016##20040##20091##20081##20082,2350655.8092##2744338.2298##324096.908##2362094.5236##2373533.238,6,1163983.15
2021,36,1,7,2,2,18580##18520##18653##18655##18565##18595##18626##21094##21140##21196##21216##21264##21205##21207##21241,612924.4466##2362094.5236##324096.908##2744338.2298##2373533.238##2570851.0614##2671893.0386##1443184.4668,15,6013903.59
2021,36,1,9,2,1,20082##20015##20039##20044##20058##20064##20093##20102,2373533.238##2744338.2298##324096.908##2671893.0386##612924.4466##2350655.8092##1443184.4668##2362094.5236,8,1857589.52
2021,36,1,9,2,2,18573##18594##18644##18565##18584##18608##18625##18634##18626##18521##21264##21205##21096##21141##21165##21195##21241,2340170.321##978010.0812##2744338.2298##2362094.5236##324096.908##612924.4466##2421194.548##2570851.0614##2671893.0386##1443184.4668,17,5253558.81
2021,36,1,10,2,1,20081##20082##20020##20057##20089##20092##20106,2373533.238##2561318.7994##612924.4466##1443184.4668##2730039.8368##2362094.5236,7,2318540.41
2021,36,1,10,2,2,18580##18620##18644##18565##18595##18626##18585##18602##18611##18637##18572##18640##18521##21168##21264##21205##21207##21100##21199##21211##21251##21305##21119,612924.4466##324096.908##2744338.2298##2362094.5236##3766196.7162##2671893.0386##2366860.6546##2345889.6782##2421194.548##2570851.0614##2651875.2884##2561318.7994##2427867.1314,23,8158840.06
2021,36,1,11,2,1,20011##20013##20063##20070##20076##20078##20086##20105,2350655.8092##2373533.238##2671893.0386##612924.4466##1443184.4668##2651875.2884##2449791.334##2345889.6782,8,4112837.48
2021,36,1,11,2,2,18557##18644##18595##18626##18572##18532##18575##18624##18640##18521##21205##21097##21125##21285##21119,2795812.4446##2744338.2298##324096.908##2366860.6546##2561318.7994##2671893.0386##2345889.6782##2421194.548##612924.4466##2373533.238##2427867.1314,15,9940944.03
2021,36,2,1,2,2,18631##21250,2823456.0044,2,930999.61
2021,36,2,3,2,2,18560##21087,1838773.3398##1843539.4708,2,636155.45
2021,36,2,4,2,1,20074,1843539.4708,1,160000.02
2021,36,2,4,2,2,18598##18606##18614##21164##21206##21273,1843539.4708##2823456.0044##1838773.3398##1842586.2446,6,1794995.87
2021,36,2,6,2,2,18574##21192,1515629.658##1838773.3398,2,450000.79
2021,36,2,7,2,1,20023,1515629.658,1,220000.01
2021,36,2,7,2,2,18591##18592##18612##21170##21198##21215##21220##21246,1838773.3398##1515629.658##1842586.2446##1843539.4708,8,3190156.42
2021,36,2,9,2,1,20088,1515629.658,1,256443.51
2021,36,2,9,2,2,18560##18590##18593##18609##21246##21228##21302,1838773.3398##1515629.658##1843539.4708##1842586.2446,7,2192398.58
2021,36,2,10,2,1,20038,1843539.4708,1,430000.09
2021,36,2,10,2,2,18560##18535##21297##21182,1838773.3398##1843539.4708##1842586.2446,4,757849.42
2021,36,2,11,2,1,20096,2823456.0044,1,319965.91
2021,36,2,11,2,2,18638##21182,2823456.0044##1838773.3398,2,741528.6
2021,36,3,1,1,3,3861##3864##4053##4054,11##7,4,4513000.0
2021,36,3,1,1,4,3972##3973,7##11,2,2990000.0
2021,36,3,1,2,1,20060,2386878.4048,1,350000.01
2021,36,3,1,2,2,18601##18588##21149,2386878.4048##2506984.906,3,2696000.08
2021,36,3,3,1,3,4055,4,1,2015000.0
2021,36,3,3,2,2,18603,2386878.4048,1,580000.09
2021,36,3,4,1,3,3864##4053,7,2,4807000.0
2021,36,3,4,1,4,3972##3973,7##11,2,1050000.0
2021,36,3,4,2,1,20059##20103,2386878.4048##2506984.906,2,1220000.01
2021,36,3,4,2,2,18522##18588##18603##21148##21166,2386878.4048##2506984.906,5,3489895.64
2021,36,3,6,1,3,3803##4046##4057,5,3,6647980.0
2021,36,3,6,1,4,3971,5,1,4000000.0
2021,36,3,7,1,3,3805##3853##3863##4058##4059,3##6,5,7360342.0
2021,36,3,7,1,4,3974,3,1,4000000.0
2021,36,3,7,2,1,20050##20054##20056,2386878.4048##2547973.6326##2497452.644,3,2134315.26
2021,36,3,7,2,2,18534##18600##18629##21085,2547973.6326##2386878.4048##2497452.644,4,2751470.84
2021,36,3,8,2,2,21082,2539394.5968,1,1000000.03
2021,36,3,9,1,3,3807##3852##4055,4,3,4500000.0
2021,36,3,9,2,1,20022##20098##20108,2516517.168##2539394.5968##2547973.6326,3,1140100.74
2021,36,3,9,2,2,18633##18654##18603##21169##21224,2547973.6326##2539394.5968##2386878.4048,5,1888685.47
2021,36,3,10,1,3,3804##3806##3808##3866##4054##4055##4058,11##4##6,7,8743390.0
2021,36,3,10,1,4,3973,11,1,960000.0
2021,36,3,10,2,1,20053##20097##20109,2386878.4048##2705255.9556##2531768.7872,3,1332814.66
2021,36,3,10,2,2,18603##18550##18583##18635##21166##21147##21253##21261,2386878.4048##2705255.9556##2666173.6814##2506984.906,8,2042994.04
2021,36,3,11,1,3,3852##3860##4047##4055,4,4,10482480.0
2021,36,3,11,2,2,18603##18599##21146,2386878.4048,3,2106378.97
2021,36,3,12,1,3,3862##3864##3867##4056,2##7##1,4,2512556.0
2021,36,3,12,2,1,18097##19933,2386878.4048##2486967.1558,2,703011.4
2021,37,3,6,1,3,3786,5,1,500000.0
2021,41,3,6,1,3,3753,17,1,80000.0
2021,41,3,7,1,3,3754,6,1,850205.0
2021,41,3,10,1,3,3753##3754,17##6,2,23993904.0
2021,41,3,14,1,3,3753,17,1,80000.0
2021,43,3,3,1,3,3788,4,1,144000.0
2021,43,3,6,1,3,3789,2,1,252000.0
2021,43,3,7,1,3,3787##3788##3790,7##4##3,3,4020001.0
2021,43,3,9,1,3,3788,4,1,198000.0
2021,43,3,10,1,3,3788,4,1,270000.0
2021,43,3,11,1,3,3788,4,1,468000.0
2021,43,3,12,1,3,3789,2,1,648000.0
2021,45,3,1,1,3,3878##3983,7,2,2113000.0
2021,45,3,4,1,3,3937##3983,7,2,3137000.0
2021,45,3,6,1,3,3939,2,1,500000.0
2021,45,3,7,1,3,3940,3,1,1750000.0
2021,45,3,9,1,3,3877,4,1,194597.0
2021,45,3,10,1,3,3877##3878##3937##3938##3985,4##7##6,5,2353785.0
2021,45,3,11,1,3,3877##3938,4,2,1623527.0
2021,45,3,12,1,3,3939##3984##3986,2##1,3,1211303.0
2021,49,1,2,2,2,18537##18554,4769126.136##4904582.688,2,1500000.0
2021,49,1,6,2,2,18544##18651,5062908.528##4718110.032,2,1499999.01
2021,49,1,7,2,1,20914##20880,5085777.816##4763848.608,2,928500.0
2021,49,1,7,2,2,18518##18791,2675706.696##5033002.536,2,4221629.35
2021,49,1,10,2,1,20872##20887##20897##20929##21005,2369610.072##5110406.28##5101610.4##4426086.816##5068186.056,5,3897701.91
2021,49,1,10,2,2,18551##18552##18586##18778##18791,228692.88##4426086.816##4392662.472##4470066.216##5033002.536,5,4276552.43
2021,49,1,11,2,1,21005##20881##20895##20960,5068186.056##4559784.192##4895786.808##1491781.248,4,2500001.03
2021,49,1,11,2,2,18523,4559784.192,1,2000000.09
2021,49,1,13,2,1,20924##21006##20914,4769126.136##4484139.624##5085777.816,3,2698999.99
2021,49,2,7,2,1,20961,2559601.08,1,1867887.66
2021,51,1,7,2,1,19974,4540836.9069,1,150005.12
2021,51,1,7,2,2,18742##18780,113927.8077##4580621.2207,2,621606.64
2021,51,1,10,2,2,18775##18804,7251595.379##5249721.0437,2,646420.2
2021,51,2,10,2,2,18752,1649240.6448,1,299983.26
2021,51,4,7,2,2,18930,4956763.8239,1,304665.36
2021,52,3,6,1,3,3999##4002,5##2,2,1298000.0
2021,52,3,7,1,3,4000##4001##4004,6##4##3,3,604102.0
2021,52,3,9,1,3,4001##4002,4##2,2,1214245.0
2021,52,3,10,1,3,4000##4001,6##4,2,379571.0
2021,52,3,11,1,3,4001,4,1,1505101.0
2021,55,1,3,2,2,20584##20732##20812,4204784.3366##4889045.4166##834798.5176,3,1780343.91
2021,55,1,6,2,2,18750##18758##18767##18872##18898##18749##18915,4668371.2183##752687.188##660311.9422##1881717.97##685971.7327##5131.9581##4223601.5163,7,5666092.93
2021,55,1,7,2,2,18797##18818##18918##19066##18946,369500.9832##4918126.5125##4654685.9967##2586506.8824##4404930.7025,5,3471717.86
2021,55,1,9,2,2,18749##18915##18946##18815##18858,5131.9581##4223601.5163##4404930.7025##673997.1638##1305228.0101,5,2644029.81
2021,55,1,10,2,2,20606##20756##20807##20568##20757,2755861.4997##254887.2523##834798.5176##369500.9832##4668371.2183,5,1958200.3
2021,55,1,12,2,1,19950,4182545.8515,1,366319.82
2021,55,1,12,2,2,20757,4668371.2183,1,136185.46
2021,55,2,3,2,2,20726,3055225.7222,1,397795.92
2021,55,2,6,2,2,18777##18919##18937##19082,2945743.9494##2256350.9113##680839.7746##672286.5111,4,1794448.08
2021,55,2,7,2,2,18822,704788.9124,1,650317.21
2021,55,2,10,2,2,20704##20814##20609##20728##20828,1296674.7466##2603613.4094##1404445.8667##667154.553##1874875.3592,5,1664944.66
2021,55,2,12,2,1,19952,1296674.7466,1,100642.26
2021,55,3,8,2,1,20160,4560600.0982,1,4496422.87
2021,55,3,12,1,3,3975,2,1,3998359.0
2021,55,3,12,2,1,19953,4276631.75,1,140012.71
2021,59,3,6,1,4,3907##3910,5##2,2,5095000.0
2021,59,3,7,1,4,3908##3909,3##6,2,730000.0
2021,59,3,9,1,4,3910##3911,2##4,2,1768500.0
2021,59,3,10,1,4,3909##3911,6##4,2,406500.0
2021,66,3,1,1,3,3865,7,1,144725.0
2021,66,3,1,1,4,3943##3952##4031,11##7,3,279400.0
2021,66,3,3,1,4,3961##4030,4,2,223751.0
2021,66,3,4,1,3,3854##3865,11##7,2,932971.0
2021,66,3,4,1,4,3952,7,1,895400.0
2021,66,3,6,1,3,3856,2,1,1356999.0
2021,66,3,6,1,4,3942##3953,5##2,2,1393650.0
2021,66,3,7,1,3,3855##3857##3858##3865,4##3##6##7,4,720477.0
2021,66,3,7,1,4,3944##3952##3961##3982,3##7##4##6,4,562580.0
2021,66,3,9,1,3,3855##3856,4##2,2,248311.0
2021,66,3,9,1,4,3953##3961,2##4,2,689300.0
2021,66,3,10,1,3,3854##3855##3858##3865,11##4##6##7,4,704962.0
2021,66,3,10,1,4,3943##3952##3953##3961##3982##4028##4029##4030##4031,11##7##2##4##6,9,1241877.0
2021,66,3,11,1,3,3855,4,1,912175.0
2021,66,3,11,1,4,3961##4031,4##7,2,215000.0
2021,67,1,3,2,2,18678##18693##19095##19102##18720##18665##18993##20565##20764##20561##20818##20588,760736.914##3012234.675##3285107.6985##2277485.668##3203600.172##1843960.1285##2164083.892##2205428.2895##1949093.025,12,2283958.31
2021,67,1,4,2,2,19095##18720##18665##18660##18682##18993##18663##18666##18662##20764##20561##20818##20624##20754##20588,3285107.6985##3203600.172##1843960.1285##3194150.024##1946730.488##2164083.892##2967346.472##3171705.9225##603628.2035##1949093.025##2895289.0935,15,2633906.48
2021,67,1,6,2,2,18660##18682##18993##18658##18662,3194150.024##1946730.488##2164083.892##1901842.285##603628.2035,5,1103965.79
2021,67,1,7,2,2,18993##18689##19043##18657##18663##18658##20627##20885##20871##20884##20908,2164083.892##1542736.661##1333652.1365##1901842.285##2967346.472##3046491.4615##3347714.929,11,1601156.48
2021,67,1,9,2,2,18993##19043##18657##18662##20885##20871##20884##20908,2164083.892##1333652.1365##1901842.285##603628.2035##3046491.4615##3347714.929,8,861790.75
2021,67,1,10,2,2,19095##19102##18665##18657##18663##18705##18945##18658##18662##20565##20764##20885##20624##20588,3285107.6985##2277485.668##1843960.1285##1901842.285##2967346.472##562283.806##3169343.3855##603628.2035##2205428.2895##3203600.172##1333652.1365##2895289.0935,14,2418939.32
2021,67,1,11,2,2,19095##19102##18720##18665##18682##18993##18663##18666##18662##20764##20561##20818##20885##20871##20884##20908##20754##20588,3285107.6985##2277485.668##3203600.172##1843960.1285##1946730.488##2164083.892##2967346.472##3171705.9225##603628.2035##1949093.025##1333652.1365##3046491.4615##3347714.929,18,2939897.6
2021,67,2,3,2,2,18934##19080##20819##20601##20694##20708##20599,636703.7215##507945.455##641428.7955##2211334.632##5013303.514,7,1289072.4
2021,67,2,4,2,2,18934##18677##18838##19080##20601##20694##20598,636703.7215##1331289.5995##507945.455##602446.935,7,1356723.62
2021,67,2,6,2,2,18934##19053##18667##18677##20599,636703.7215##507945.455##2211334.632##1331289.5995##5013303.514,5,1158958.52
2021,67,2,7,2,2,19053##18953##19080##20601##20694##20599##20867,507945.455##598903.1295##5013303.514,7,864674.1
2021,67,2,9,2,2,19080##20601##20694##20599,507945.455##5013303.514,4,328159.24
2021,67,2,10,2,2,18934##18667##19080##20601##20599,636703.7215##2211334.632##507945.455##5013303.514,5,460575.34
2021,67,2,11,2,2,18934##18677##19080##20601##20694##20708##20599##20598,636703.7215##1331289.5995##507945.455##2211334.632##5013303.514##602446.935,8,1203349.92
2021,67,3,6,1,3,4013##4016,5##2,2,5800000.0
2021,67,3,7,1,3,4014##4015##4017,6##4##3,3,3627541.0
2021,67,3,10,1,3,4014,6,1,605136.0
2021,67,3,11,2,2,19048,3116186.303,1,352486.63
2021,69,3,4,1,3,3892,17,1,41794.0
2021,69,3,7,1,3,3890##3891,6##3,2,539647.0
2021,69,3,10,1,3,3889##3890##3892,4##6##17,3,431465.0
2021,69,3,11,1,3,3889,4,1,47917.0
2021,69,3,14,1,3,3888##3889,2##4,2,2141478.0
2021,71,1,3,2,2,20169##20177,10032690.192##10015929.1344,2,1067997.36
2021,71,1,4,2,2,20192##20185##20189##20179##20187##20208,10068606.744##9994379.2032##10164384.216##10039873.5024##10049451.2496##9991984.7664,6,1851336.9
2021,71,1,6,2,2,20184##20203##20211##20189,10071001.1808##10037479.0656##10042267.9392##10164384.216,4,1127791.55
2021,71,1,7,2,2,20188##20194##20167##20185,10099734.4224##10011140.2608##9999168.0768##9994379.2032,4,1944592.68
2021,71,1,9,2,2,20211##20167##20192##20185,10042267.9392##9999168.0768##10068606.744##9994379.2032,4,724481.73
2021,71,1,10,2,2,20180##20177##20167##20175,10008745.824##10015929.1344##9999168.0768##9996773.64,4,1192631.96
2021,71,1,11,2,2,20211##20193##20205##20179##20187##20208,10042267.9392##10044662.376##10066212.3072##10039873.5024##10049451.2496##9991984.7664,6,2640941.61
2021,71,2,4,2,2,20170,10063817.8704,1,314999.97
2021,71,2,6,2,2,20183,10054240.1232,1,482844.99
2021,71,2,7,2,2,20170,10063817.8704,1,197999.98
2021,71,2,10,2,2,20195##20170,10056634.56##10063817.8704,2,686999.07
2021,71,2,11,2,2,20168,10030295.7552,1,250000.15
2021,71,3,3,1,3,4008,4,1,451000.0
2021,71,3,4,1,3,3991##4012,7,2,4151930.0
2021,71,3,7,1,3,3990##4009,3,2,1842994.0
2021,71,3,10,1,3,4007,11,1,1769500.0
2021,71,3,11,1,3,3989,4,1,284576.0
2021,72,1,1,2,2,20387,4768244.85,1,107169.37
2021,72,1,2,2,2,20436,7612394.1,1,475000.0
2021,72,1,3,2,1,18454##18482##18479##18510,5186277.525##3042667.05##7612394.1##3193464.225,4,801811.27
2021,72,1,3,2,2,20404,7608576.45,1,100000.06
2021,72,1,4,2,2,20284##20519,4951492.05##4873230.225,2,900000.0
2021,72,1,6,2,2,20370,3120928.875,1,202500.0
2021,72,1,7,2,2,20386,4768244.85,1,250000.0
2021,72,1,9,2,1,18454##18482##18479##18510,5186277.525##3042667.05##7612394.1##3193464.225,4,1230310.16
2021,72,1,9,2,2,20282##20365##20385,5186277.525##3025487.625##4768244.85,3,1299686.23
2021,72,1,10,2,1,18454##18482##18479##18510,5186277.525##3042667.05##7612394.1##3193464.225,4,1249368.01
2021,72,1,10,2,2,20499##20387##20517##20389,7866267.825##4768244.85##5186277.525##4852233.15,4,643863.93
2021,72,1,11,2,2,20370##20283##20396##20440##20494##20520##20389,3120928.875##4951492.05##3042667.05##7866267.825##4823600.775##4873230.225##4852233.15,7,2206514.83
2021,72,1,12,2,2,20499,7866267.825,1,148997.5
2021,72,2,1,2,2,20350,3533235.075,1,236158.8
2021,72,2,3,2,2,20299##20455##20482##20292,7864359.0##3533235.075##7877720.775##3044575.875,4,400000.81
2021,72,2,4,2,2,20350##20466,3533235.075##3212552.475,2,369043.2
2021,72,2,6,2,2,20351##20454##20505,3533235.075##3248820.15##3101840.625,3,1290560.01
2021,72,2,7,2,2,20345##20452##20470##20472##20478##20481,3033122.925##3256455.45##3220187.775##7889173.725##7879629.6##7644844.125,6,1110029.56
2021,72,2,9,2,2,20311##20312##20344##20390##20407##20463##20476##20480##20697,7620029.4##7644844.125##7618120.575##3092296.5##7864359.0##3107567.1##3124746.525##7879629.6##3212552.475,9,2217596.38
2021,72,2,10,2,2,20482##20325##20329##20360##20443##20467##20522##20292,7877720.775##3033122.925##7889173.725##3109475.925##3088478.85##7629573.525##3241184.85##3044575.875,8,1519694.99
2021,72,2,11,2,2,20285##20287##20290##20297##20300##20511##20292,3119020.05##3208734.825##3096114.15##3224005.425##3092296.5##7879629.6##3044575.875,7,1280099.35
2021,72,3,1,1,4,4027##4033,11##7,2,900181.0
2021,72,3,1,2,2,20356##20479##20364,4789241.925##5027845.05,3,1872102.93
2021,72,3,2,2,1,21003##21059,4789241.925##5027845.05,2,1500013.52
2021,72,3,4,1,4,3955##3958##4027,11##7,3,1785207.0
2021,72,3,4,2,2,20364##20374,4789241.925##5027845.05,2,1614002.4
2021,72,3,6,1,3,3773,2,1,15000005.0
2021,72,3,6,1,4,3954,5,1,1400022.0
2021,72,3,7,1,3,4010##4011,4##3,2,4284803.0
2021,72,3,7,1,4,3956##3959,4##6,2,1991325.0
2021,72,3,7,2,2,20493##20524,5010665.625##5113742.175,2,627570.83
2021,72,3,9,1,4,3956,4,1,1700000.0
2021,72,3,9,2,1,21324,5050750.95,1,3500002.44
2021,72,3,9,2,2,20495,5050750.95,1,475211.54
2021,72,3,10,1,4,3955##3959##4032,11##6##4,3,2368567.0
2021,72,3,10,2,2,20462##20510##20525,5050750.95##5027845.05,3,1097080.83
2021,72,3,11,1,3,4010,4,1,1720000.0
2021,72,3,11,1,4,3956,4,1,850000.0
2021,72,3,11,2,2,20382##20489,4789241.925##5050750.95,2,1499906.72
2021,72,3,12,1,4,3957,2,1,1500000.0
2021,72,3,12,2,2,20342##20355,4789241.925,2,1210000.02
2021,73,1,3,2,1,19049##19233##19090##19040,3875356.8624##673312.7882##4423756.4184##4352159.8097,4,839437.87
2021,73,1,3,2,2,20948##21037##21062,3875356.8624##4277516.5368##4352159.8097,3,581219.09
2021,73,1,4,2,1,19027##19045##19116,3727593.6487##3875356.8624##3755013.6265,3,1539442.73
2021,73,1,4,2,2,20975##21066,4262283.2158##3727593.6487,2,662928.65
2021,73,1,6,2,1,19056##19073##19097##19105##19133##19262##19090##18562,3755013.6265##4109950.0058##763189.3821##4343019.8171##3727593.6487##3936290.1464##4423756.4184,8,4413204.1
2021,73,1,6,2,2,21053##20980,763189.3821##4262283.2158,2,403977.57
2021,73,1,7,2,1,19065,3850983.5488,1,262651.85
2021,73,1,7,2,2,20994,4205919.9281,1,337706.26
2021,73,1,10,2,1,19248##19040,3936290.1464##4352159.8097,2,350588.68
2021,73,1,10,2,2,21069##21072##21079,4423756.4184##4052063.386,3,919887.02
2021,73,1,11,2,1,19016##19018##19127##19250,4343019.8171##4155649.9688##722059.4154##3936290.1464,4,1262416.52
2021,73,1,11,2,2,20980,4262283.2158,1,409954.17
2021,73,1,12,2,1,18053,3727593.6487,1,375225.0
2021,73,2,3,2,1,19024,2700867.8133,1,315514.11
2021,73,2,3,2,2,20966,2700867.8133,1,245532.9
2021,73,2,4,2,1,19050,667219.4598,1,698181.21
2021,73,2,4,2,2,20987##21058,1023679.1712##667219.4598,2,486426.56
2021,73,2,6,2,1,19012##19108,683976.1129##720536.0833,2,601168.8
2021,73,2,6,2,2,20969,720536.0833,1,359747.02
2021,73,2,7,2,1,19046##19057##19163,676359.4524##682452.7808##700732.766,3,1183191.02
2021,73,2,7,2,2,21009,676359.4524,1,240850.58
2021,73,2,10,2,1,19021##19125##19136,1200385.6948##1163825.7244##685499.445,3,821455.29
2021,73,2,10,2,2,20964##21095,1200385.6948##676359.4524,2,549854.43
2021,73,2,11,2,2,21030##21105,697686.1018##1390802.2073,2,596771.75
2021,73,3,3,1,3,3869,13,1,1000000.0
2021,73,3,4,1,3,3869,13,1,1500000.0
2021,73,3,4,2,1,19135,3968280.1205,1,999999.75
2021,73,3,6,2,1,19074##19117,4265329.88##4064250.0428,2,1499962.03
2021,73,3,7,2,1,19011##19091##18546##18547,4073390.0354##3992653.4341##4023120.0761,4,5479462.38
2021,73,3,10,1,3,3870,12,1,800000.0
2021,73,3,10,2,1,19091##19079,3992653.4341##4023120.0761,2,750082.17
2021,73,3,11,1,3,3868,4,1,1198475.0
2021,73,3,11,2,1,19079,4023120.0761,1,299899.46
2021,73,3,12,2,1,19118##19119,4064250.0428,2,292549.33
2021,74,2,7,2,1,19945##19948##19966##19968,673128.048##2244167.376##1348699.392##2245389.024,4,1038191.74
2021,74,3,7,2,1,19965,3264243.456,1,499157.14
2021,78,3,1,1,3,4064,7,1,1170006.0
2021,78,3,3,1,3,4067,4,1,271684.0
2021,78,3,4,1,3,4064,7,1,1830009.0
2021,78,3,6,1,3,4066,2,1,2039678.0
2021,78,3,7,1,3,4065,6,1,593173.0
2021,78,3,10,1,3,4065##4067,6##4,2,2393366.0
2021,78,3,11,1,3,4067,4,1,2716836.0
2021,78,3,12,1,3,4066,2,1,959849.0
2021,80,1,3,2,1,21394##21391,368604.6848##329945.9328,2,916749.94
2021,80,1,3,2,2,19431##19484##18845##19134##19148##18828,329598.4384##329945.9328##340544.512##335853.3376##338112.0512,6,1577224.01
2021,80,1,4,2,1,18069##20146##20149##20155##20904##21052,335679.5904##333247.1296##328729.7024##336027.0848,6,895855.29
2021,80,1,4,2,2,19431##18792##19544##19240##19446,329598.4384##327426.5984##344366.9504##335679.5904##328382.208,5,1488698.14
2021,80,1,6,2,1,20217##20988##21405##21406##21394##20984##20906##21407,336374.5792##332465.2672##328382.208##368604.6848##328208.4608##335679.5904##333160.256,8,3456315.94
2021,80,1,6,2,2,19240,335679.5904,1,1187305.65
2021,80,1,7,2,1,18069##18068##20977##18488##20146##20155##20173##20984##20985##21458##21407##20907##20983##21392##21395##21052##21035##20916##21051,335679.5904##333247.1296##338112.0512##328208.4608##338285.7984##343932.5824##333160.256##328642.8288##335853.3376##327426.5984,19,4916882.17
2021,80,1,7,2,2,19431##19240##18925##18787##19472##18899##18779##18846,329598.4384##335679.5904##333247.1296##327426.5984##338285.7984##333073.3824##340544.512,8,2429170.51
2021,80,1,9,2,1,18069##20988##20984##20907##20983##21392##20982##21035##20916##21051,335679.5904##332465.2672##328208.4608##328642.8288##335853.3376##333247.1296##338112.0512##327426.5984,10,1594483.49
2021,80,1,9,2,2,19431##18925##19472##18899##18779##18846##18811,329598.4384##333247.1296##338285.7984##333073.3824##340544.512##327426.5984,7,2371457.82
2021,80,1,10,2,1,18068##20146##21394##20984##20906##20983##21392##21393##21391##20982##21052##20934##21036,333247.1296##368604.6848##328208.4608##335679.5904##335853.3376##331683.4048##329945.9328##338112.0512,13,2968367.83
2021,80,1,10,2,2,19431##19484##19240##18925##19448##19545##18845##19134##19148##18846##18828##18811,329598.4384##329945.9328##335679.5904##333247.1296##336027.0848##340544.512##335853.3376##338112.0512##327426.5984,12,3758802.31
2021,80,1,11,2,1,18069##18068##20988##21405##21406##21415##20146##20149##20155##20173##20984##20983##21392##20905##21025##21391##21395##20982##20916##21051##20933##20940##21034,335679.5904##333247.1296##332465.2672##328382.208##340544.512##328729.7024##338112.0512##328208.4608##335853.3376##331683.4048##329945.9328##333160.256##327426.5984,23,8236482.42
2021,80,1,11,2,2,19431##19484##19240##18925##18787##18899##18779##18846##18744##19341##19485##18828##19446##18811,329598.4384##329945.9328##335679.5904##333247.1296##327426.5984##333073.3824##340544.512##327165.9776##338112.0512##328382.208,14,4657487.89
2021,80,1,12,2,1,20227,368604.6848,1,107642.8
2021,80,2,3,2,2,19266##19036##19092##19473,337243.3152##339936.3968##338546.4192,4,1168414.88
2021,80,2,4,2,1,20174##20932##20941,337243.3152##340805.1328,3,1164051.51
2021,80,2,4,2,2,18800,338546.4192,1,215919.98
2021,80,2,6,2,1,20216##21414,337156.4416##338546.4192,2,899862.93
2021,80,2,7,2,2,19023##19469##18998,327339.7248##339936.3968,3,614711.91
2021,80,2,9,2,2,19023##18739,327339.7248,2,423119.92
2021,80,2,10,2,2,19023##19469##18739##19445##19036##19092##19473##18800##18998,327339.7248##341326.3744##339936.3968##338546.4192,9,3521742.79
2021,80,2,11,2,1,20174,337243.3152,1,227236.41
2021,80,3,3,1,3,3819,4,1,504000.0
2021,80,3,4,1,3,3817,7,1,1557549.0
2021,80,3,4,2,1,19399,334810.8544,1,2507734.2
2021,80,3,6,1,3,3815,5,1,550000.0
2021,80,3,6,2,1,18096,329250.944,1,115000.0
2021,80,3,7,1,3,3818,3,1,599139.0
2021,80,3,7,2,1,19201##19241##19268,335592.7168##334723.9808##334897.728,3,1562124.53
2021,80,3,10,1,3,3816##3817,6##7,2,492506.0
2021,80,3,10,2,1,19241,334723.9808,1,506827.96
2021,80,3,11,1,3,3760##3819,4,2,2796000.0
2021,80,3,11,2,1,19268,334897.728,1,2538004.02
2021,80,3,12,2,1,18738,330293.4272,1,836485.39
2021,87,1,1,2,1,20917,622.1712,1,120000.0
2021,87,1,1,2,2,18258,25353.4764,1,249972.33
2021,87,1,3,2,1,20981##20858,1244.3424##1166.571,2,792366.55
2021,87,1,3,2,2,18124##18205,233.3142##9565.8822,2,509036.35
2021,87,1,4,2,2,18180,1244.3424,1,400000.0
2021,87,1,6,2,1,19788##19852,11743.4814##388.857,2,1000000.0
2021,87,1,6,2,2,18210,311.0856,1,200000.0
2021,87,1,7,2,1,19790##19808##19828##19873,11121.3102##62217.12##12210.1098##67038.9468,4,1326545.39
2021,87,1,7,2,2,18247##18259##18230##18271,9799.1964##11121.3102##12210.1098##2955.3132,4,1079727.33
2021,87,1,9,2,1,19873##20899##20864##20917,67038.9468##233.3142##12210.1098##622.1712,4,933871.71
2021,87,1,9,2,2,18230##18109##18112,12210.1098##67038.9468##68127.7464,3,537576.05
2021,87,1,10,2,1,19838##19791##20981,25353.4764##16098.6798##1244.3424,3,752366.5
2021,87,1,10,2,2,18111##18135##18301,1244.3424##16098.6798##388.857,3,592080.03
2021,87,1,11,2,1,19778##19784##19794##19806##19860##19906##19908##19791##20864##20858##20917,64705.8048##4821.8268##11121.3102##62217.12##26286.7332##2955.3132##62917.0626##16098.6798##12210.1098##1166.571##622.1712,11,6059962.8
2021,87,1,11,2,2,18301##18185##18271,388.857##11743.4814##2955.3132,3,1063920.01
2021,87,1,13,2,1,21013,12210.1098,1,390000.04
2021,87,1,13,2,2,18126,63150.3768,1,300000.01
2021,87,2,1,2,1,19857##19796##20860,68672.1462##65872.3758##67272.261,3,848649.98
2021,87,2,1,2,2,18117##18158##18215##18120,63928.0908##68672.1462##62683.7484##65872.3758,4,1037707.06
2021,87,2,3,2,1,19774##20859,64083.6336##65250.2046,2,1190875.63
2021,87,2,3,2,2,18101,67272.261,1,380395.97
2021,87,2,4,2,1,19849##19850##19888##19885,62839.2912##64316.9478##62683.7484##68983.2318,4,2709396.93
2021,87,2,4,2,2,18142##18170##18201,63072.6054##62683.7484##62839.2912,3,1769288.37
2021,87,2,6,2,1,19782##19792##19801##19819##19829##19842##19859##19862##19883##19897##19917,26753.3616##19909.4784##62994.834##63228.1482##62528.2056##68516.6034##23331.42##5988.3978##62372.6628##66883.404##67894.4322,11,4999571.36
2021,87,2,6,2,2,18115##18116##18171##18176##18244,62994.834##65327.976##9721.425##5988.3978##19909.4784,5,1099998.93
2021,87,2,7,2,1,19787##19880##19893##19769##19875##19891,64239.1764##63694.7766##66727.8612##22164.849##67116.7182##62372.6628,6,1796202.36
2021,87,2,7,2,2,18214##18166##18209##18211,62450.4342##66416.7756##68205.5178##64239.1764,4,802036.65
2021,87,2,9,2,1,19769##19875##19891##19771##19797##19798##19814##19847##19868##19876##19877##20857,22164.849##67116.7182##62372.6628##65250.2046##15865.3656##66339.0042##26597.8188##66883.404##66027.9186##67738.8894##62528.2056,12,3113057.38
2021,87,2,9,2,2,18166##18209##18155##18191##18220,66416.7756##68205.5178##62605.977##23331.42##66727.8612,5,914191.5
2021,87,2,10,2,1,19796##19786##19817##19854##19874##19885##20859##20860,65872.3758##18976.2216##4199.6556##68361.0606##67505.5752##68983.2318##65250.2046##67272.261,8,2137372.31
2021,87,2,10,2,2,18120##18103##18162##18262,65872.3758##18976.2216##63772.548##67505.5752,4,1009834.26
2021,87,2,11,2,1,19772##19775##19820##19823##19843##19863##19905##20862,19909.4784##27608.847##63228.1482##27064.4472##67816.6608##5988.3978##65172.4332##66883.404,8,3860657.31
2021,87,2,11,2,2,18211##18125##18133##18216,64239.1764##27064.4472##19909.4784##67116.7182,4,1212054.03
2021,87,3,1,2,1,19687,3888.57,1,79999.99
2021,87,3,6,1,3,3831##3836##4042##4044,5##2,4,9866058.0
2021,87,3,7,1,3,3830##3834##3838##3839##3841##4040##4043,4##3##6##7,7,6681241.0
2021,87,3,8,2,1,20245,1944.285,1,999998.0
2021,87,3,9,1,3,3830##3836##3837,4##2,3,5318162.0
2021,87,3,10,1,3,3830##3832##3835##4040##4041,4##11##6,5,2119108.0
2021,87,3,11,1,3,3830##3833##3837##3839##4039##4045,4##7,6,10016687.0
2021,87,3,12,1,3,3840,2,1,1000045.0
2021,88,1,1,2,1,20257,472782.42,1,235000.0
2021,88,1,1,2,2,19466##19735##19723,472782.42##477126.1,3,847996.55
2021,88,1,3,2,1,20244##20253##20229,477533.32##474954.26##544996.1,3,898308.85
2021,88,1,3,2,2,19541##19569##19710##19403##19405##19598##19425##19321,472510.94##477533.32##475768.7##544996.1##474954.26##473868.34##478212.02,8,2337609.72
2021,88,1,4,2,1,20233,475768.7,1,438118.56
2021,88,1,4,2,2,19466##19735##19723##19710##19403##19286##19289##19564,472782.42##477126.1##475768.7##544996.1##476990.36##480926.82,8,1767661.44
2021,88,1,6,2,1,20229,544996.1,1,1597810.27
2021,88,1,6,2,2,19710##19669##19621##19460##19372,475768.7##470746.32##478890.72##489614.18##487849.56,5,1968241.04
2021,88,1,7,2,1,20235##20241##20232,482284.22##476175.92##472646.68,3,1046826.84
2021,88,1,7,2,2,19621##19339##19416##19581##19691##19302##19500##19451##19454##19425,478890.72##553140.5##505767.24##481062.56##482284.22##474682.78##476175.92##472646.68##476447.4##473868.34,10,5814871.09
2021,88,1,9,2,1,20229##20232##20267,544996.1##472646.68##543774.44,3,1135674.51
2021,88,1,9,2,2,19403##19621##19302##19500##19425##19575##19722##19372##19689##19489##19321,544996.1##478890.72##474682.78##476175.92##473868.34##476583.14##472375.2##487849.56##482284.22##478212.02,11,4481323.23
2021,88,1,10,2,1,20244##20253##20232##20257##20238,477533.32##474954.26##472646.68##472782.42##478212.02,5,1390501.56
2021,88,1,10,2,2,19735##19723##19403##19405##19598##19460##19451##19454##19425##19286##19689##19489##19320##19455##19458##19583##19763,477126.1##544996.1##474954.26##489614.18##472646.68##476447.4##473868.34##476990.36##482284.22##476175.92##474682.78##482827.18##473325.38,17,6854378.05
2021,88,1,11,2,1,20229##20232##20238##20237##20247##20268,544996.1##472646.68##478212.02##474139.82##472510.94##476854.62,6,2064521.76
2021,88,1,11,2,2,19723##19403##19286##19289##19564##19489##19464##19507##19709##19321,477126.1##544996.1##476990.36##480926.82##476175.92##474139.82##474547.04##471017.8##478212.02,10,4505723.39
2021,88,1,12,2,2,19430,477126.1,1,500000.0
2021,88,2,3,2,2,19386##19602##19702##19755,486356.42##548118.12##546217.76##499794.68,4,1018892.5
2021,88,2,4,2,1,20234##20251##20226,540516.68##506038.72##495179.52,3,838232.0
2021,88,2,4,2,2,19666##19653,495315.26##495179.52,2,529376.3
2021,88,2,6,2,1,20228##20266##20251,488935.48##489206.96##506038.72,3,779909.32
2021,88,2,6,2,2,19483##19526##19753,496401.18##506038.72##498165.8,3,488246.53
2021,88,2,7,2,1,20222##20225##20250##20266,507396.12##493414.9##496129.7##489206.96,4,1631563.75
2021,88,2,7,2,2,19389##19450##19666,546082.02##505088.54##495315.26,3,1049599.91
2021,88,2,10,2,1,20252,495315.26,1,470000.0
2021,88,2,10,2,2,19666##19653##19283##19328##19576##19676##19526##19753##19418,495315.26##495179.52##499115.98##481334.04##548525.34##509975.18##506038.72##498165.8,9,2480563.47
2021,88,2,11,2,1,20226##20261,495179.52##496265.44,2,501098.96
2021,88,2,11,2,2,19420##19471##19570##19418,509025.0##485406.24##509160.74##498165.8,4,1342354.36
2021,88,3,1,1,3,4048,7,1,377000.0
2021,88,3,1,2,1,20259,470203.36,1,492790.68
2021,88,3,1,2,2,19490##19442##19728,470203.36##469660.4,3,1869610.4
2021,88,3,3,1,4,3927,4,1,3805154.0
2021,88,3,4,1,3,4048,7,1,1102000.0
2021,88,3,4,2,1,20259,470203.36,1,1701968.62
2021,88,3,4,2,2,19490##19442,470203.36,2,757266.75
2021,88,3,6,1,3,3766##3821##3825##4051,2##5,4,13987760.0
2021,88,3,6,2,2,19736,469931.88,1,499851.01
2021,88,3,7,1,3,3822##3824##4052,6##3,3,3580051.0
2021,88,3,7,1,4,3928,6,1,800010.0
2021,88,3,7,2,1,20239##20270,469796.14##470610.58,2,1300000.72
2021,88,3,7,2,2,19490##19573##19674,470203.36##469796.14,3,1491447.13
2021,88,3,8,2,1,20223,470339.1,1,899477.43
2021,88,3,8,2,2,19644##19444,470339.1##470203.36,2,3903996.09
2021,88,3,9,1,3,3820,4,1,450000.0
2021,88,3,10,1,3,3820##3823##4049##4050,4##11,4,2893889.0
2021,88,3,10,1,4,3925##3926##3927##3928,7##11##4##6,4,7836557.0
2021,88,3,10,2,2,19442##19728,470203.36##469660.4,2,635901.28
2021,88,3,11,1,3,3820##4048##4050,4##7,3,5746742.0
2021,88,3,11,2,1,20259##20224,470203.36##470067.62,2,1930129.8
2021,88,3,11,2,2,19490##19442##19465,470203.36##470067.62,3,4425976.83
2021,88,3,12,1,3,3820##3825##4051,4##2,3,1772175.0
2021,88,3,12,2,2,19444,470203.36,1,228566.15
2021,91,1,2,2,1,20346,3203726.744,1,110839.98
2021,91,1,3,2,1,18035##20302##20321##20327##20338,3751595.324##3613323.73##5185184.775##3259818.051,5,1446870.45
2021,91,1,3,2,2,19260##19280##19568##19707##19732,3613323.73##5185184.775##2239738.933##2231912.239##3681155.078,5,3050030.47
2021,91,1,4,2,1,18044##20319##20337##20340##20343##20400##20434,3681155.078##3507663.361##3751595.324##3926391.49##3203726.744##2231912.239##3773770.957,7,3935929.7
2021,91,1,4,2,2,19377##19521##19558##19744,3306778.215##3926391.49##3507663.361##3591148.097,4,2419056.15
2021,91,1,6,2,1,18065##20426##20375##20346,3674632.833##2106685.135##3622454.873##3203726.744,4,1360624.69
2021,91,1,6,2,2,19554##19584,3203726.744##2106685.135,2,1199727.19
2021,91,1,7,2,1,20310##20458,3306778.215##845282.952,2,500000.45
2021,91,1,7,2,2,19274##19387##19475,845282.952##3533752.341##1986675.827,3,1523194.8
2021,91,1,10,2,1,20369,3674632.833,1,299999.97
2021,91,1,10,2,2,19284##19296##19623##19646,3613323.73##2106685.135##3259818.051##1986675.827,4,1675116.86
2021,91,1,11,2,1,18047##18050##18060##20375##20304##20442##20446##20346,2231912.239##3203726.744##3773770.957##3622454.873##3306778.215##845282.952,8,2999497.36
2021,91,1,11,2,2,19276##19380##19438##19571##19673##19698##19749,845282.952##3327649.399##3507663.361##3681155.078##1428371.655##2231912.239##3622454.873,7,5491228.25
2021,91,2,3,2,1,18052,632657.765,1,375018.95
2021,91,2,3,2,2,19254##19468##19637##19703,2161471.993##623526.622##1361844.756##1810575.212,4,1214835.73
2021,91,2,4,2,1,20303##20358##20377##20384##20405,1978849.133##2161471.993##1917540.03##632657.765##1369671.45,5,2046843.27
2021,91,2,4,2,2,19393##19618##19750,623526.622##1917540.03##1745352.762,3,1544967.65
2021,91,2,6,2,1,18041##20371,623526.622,2,1399936.69
2021,91,2,6,2,2,19743,1385324.838,1,300000.0
2021,91,2,7,2,1,18033##18061##20305##20381##20398##20403##20425,2440624.079##1813184.11##649615.602##1978849.133##5209969.306##1385324.838,7,1771706.71
2021,91,2,7,2,2,19315##19433##19492##19493##19499##19516##19586##19663##19718##19727##19733,2440624.079##1368367.001##1369671.45##5288236.246##1813184.11##2161471.993##649615.602##1963195.745##1377498.144##2406708.405##1364453.654,11,3423861.01
2021,91,2,9,2,2,19745,1360540.307,1,257335.0
2021,91,2,10,2,2,19648##19715,1745352.762##1385324.838,2,500000.0
2021,91,2,11,2,1,20367,1917540.03,1,297246.0
2021,91,3,2,2,1,20419,3399394.094,1,557226.24
2021,91,3,2,2,2,19741,3476356.585,1,798167.78
2021,91,3,4,1,4,3964##4034,11,2,1556000.0
2021,91,3,4,2,2,19508##19615,3765944.263##3432005.319,2,999139.2
2021,91,3,6,1,4,3962,5,1,2200000.0
2021,91,3,6,2,1,18036##20419##20412,644397.806##3399394.094##3687677.323,3,5371617.62
2021,91,3,6,2,2,19741##19542##19606##19614,3476356.585##644397.806##3687677.323,4,7694929.61
2021,91,3,7,1,4,3965##3967,4##3,2,5385175.0
2021,91,3,7,2,1,18045##18059##20393##21155,3489401.075##3422874.176,4,3755252.89
2021,91,3,7,2,2,19340##19373##19677##19748,3446354.258##3489401.075##644397.806##3422874.176,4,2222189.34
2021,91,3,8,2,1,21157,3476356.585,1,999999.32
2021,91,3,9,1,4,3965,4,1,3230258.0
2021,91,3,9,2,1,20376,3446354.258,1,226431.64
2021,91,3,9,2,2,19336,3446354.258,1,731784.17
2021,91,3,10,1,4,3964##3965##3966##4034##4035,11##4##6##12,5,3019025.0
2021,91,3,10,2,1,20419##20456,3399394.094##3422874.176,2,839289.86
2021,91,3,10,2,2,19563##19759,3872909.081##3422874.176,2,1048174.95
2021,91,3,11,1,4,3963##3965,1##4,2,6610289.0
2021,91,3,11,2,1,20419##20376,3399394.094##3446354.258,2,1269733.94
2021,91,3,11,2,2,19400,3446354.258,1,1499999.77
2021,91,4,4,2,1,20306,3673328.384,1,499992.6
2021,98,1,3,2,1,18487,6481210.7961,1,283500.0
2021,98,1,3,2,2,19943,6481210.7961,1,12500.0
2021,98,1,4,2,2,19942##19834,6481210.7961##6438908.1492,2,550000.0
2021,98,1,6,2,2,20127##19936##19835##19946##19942##19834,6561363.1797##6040372.6863##6438908.1492##6481210.7961,6,1226997.06
2021,98,1,7,2,2,19930,4223585.3247,1,500000.0
2021,98,1,10,2,1,18487,6481210.7961,1,66500.0
2021,98,1,10,2,2,19943##19936##19835##19946##19935,6481210.7961##6040372.6863##6438908.1492##5686366.3254,5,1901399.76
2021,98,1,11,2,2,20127##19835##19946##19942##19834##19935,6561363.1797##6438908.1492##6040372.6863##6481210.7961##5686366.3254,6,2127709.08
2021,98,2,3,2,1,18485,4228038.2349,1,265270.76
2021,98,2,3,2,2,19951##19932##19927,8852385.4776##9041634.1611##4252529.241,3,388955.84
2021,98,2,4,2,2,19923##19928,4228038.2349##4285926.0675,2,312974.09
2021,98,2,6,2,2,19923##19932,4228038.2349##9041634.1611,2,412111.94
2021,98,2,7,2,1,18483,4268114.4267,1,250800.0
2021,98,2,7,2,2,19923##19932##19927##19928,4228038.2349##9041634.1611##4252529.241##4285926.0675,4,328088.03
2021,98,2,10,2,1,18485##18484##18483,4228038.2349##4252529.241##4268114.4267,3,1219428.98
2021,98,2,10,2,2,19923##19895##19957##19932##19927,4228038.2349##4230264.69##4214679.5043##9041634.1611##4252529.241,5,1401527.07
2021,98,2,11,2,2,19951##19923##19927##19925##19931##19928,8852385.4776##4228038.2349##4252529.241##4239170.5104##4285926.0675,6,1135036.04
2021,98,3,3,2,1,18486,5895653.1048,1,285260.26
2021,98,3,4,2,2,19954##19963,5868935.6436##5588402.301,2,1036300.7
2021,98,3,7,2,2,19934,8979293.4183,1,500000.3
2021,98,3,10,2,1,18486,5895653.1048,1,215196.33
2021,98,3,10,2,2,19954,5868935.6436,1,250000.24
2021,98,3,11,2,2,19963,5588402.301,1,122700.0
2021,102,1,3,2,2,18081##20273##20328##20279##20263,9570795.1716##9900419.529##9865353.108##9844313.2554##9591835.0242,5,397913.02
2021,102,1,4,2,2,18081##20273##20275##20262##20260##20279##20263,9570795.1716##9900419.529##9886392.9606##9575470.6944##9844313.2554##9591835.0242,7,820941.58
2021,102,1,6,2,2,18074##18081##20275##20262##20260##20328##20279##20263,9575470.6944##9570795.1716##9886392.9606##9865353.108##9844313.2554##9591835.0242,8,871490.39
2021,102,1,7,2,2,18074##18081##20264,9575470.6944##9570795.1716##9834962.2098,3,485691.04
2021,102,1,9,2,2,20279,9844313.2554,1,15799.02
2021,102,1,10,2,2,18074##20275##20264##20262##20260##20328##20263,9575470.6944##9886392.9606##9834962.2098##9570795.1716##9865353.108##9591835.0242,7,813214.2
2021,102,1,11,2,2,18074##18081##20273##20262##20260##20328##20279##20263,9575470.6944##9570795.1716##9900419.529##9865353.108##9844313.2554##9591835.0242,8,934797.04
2021,102,2,3,2,2,18092##18087##20286##20314##20281##20316##20295##20277##20274##20294,9573132.933##9549755.319##9872366.3922##9856002.0624##9874704.1536##9839637.7326##9547417.5576##9853664.301,10,1996062.68
2021,102,2,4,2,2,18080##18078##20274##20323,9554430.8418##9584821.74##9547417.5576##9856002.0624,4,727328.59
2021,102,2,6,2,2,18073##18086##18080##18082##20274##20271##20294,9547417.5576##9610537.1154##9554430.8418##9577808.4558##9858339.8238##9853664.301,7,1042923.8
2021,102,2,7,2,2,18088##18080##20271,9601186.0698##9554430.8418##9858339.8238,3,335750.48
2021,102,2,9,2,2,18086##18093##20316##20317##20294,9610537.1154##9624563.6838##9874704.1536##9888730.722##9853664.301,5,381445.05
2021,102,2,10,2,2,18087##18088##18093##18089##18080##20281##20316##20277##20274##20317##20323##20294,9549755.319##9601186.0698##9624563.6838##9589497.2628##9554430.8418##9856002.0624##9874704.1536##9839637.7326##9547417.5576##9888730.722##9853664.301,12,1275115.96
2021,102,2,11,2,2,18080##18082##20281##20316##20295##20277##20274##20271##20317##20323##20294,9554430.8418##9577808.4558##9856002.0624##9874704.1536##9549755.319##9839637.7326##9547417.5576##9858339.8238##9888730.722##9853664.301,11,1357564.48
2021,102,3,3,1,4,3917##3918,4,2,625000.0
2021,102,3,4,1,4,3921##3922,11##7,2,1010000.0
2021,102,3,6,1,4,3922##3923,7##2,2,470000.0
2021,102,3,7,1,4,3917##3919##3922##3924,4##6##7##3,4,2834993.0
2021,102,3,9,1,4,3917,4,1,850000.0
2021,102,3,10,1,4,3917##3918##3921##3922##3934,4##11##7##6,5,2210000.0
2021,105,1,1,2,2,20539##20530##19350##19160##19696##19351,4129585.4208##3733445.4528##3534680.4864##3404023.7952,6,4379740.95
2021,105,1,3,2,2,20530##20585##19439##19351##19531##19174##19553,3733445.4528##3534680.4864##4040627.6736##3802943.6928##4003098.624,7,3913905.11
2021,105,1,4,2,2,20539##20530##20585##19350##19160##19351##19174,4129585.4208##3733445.4528##3534680.4864,7,8297177.37
2021,105,1,6,2,2,20713##20533##20677##19350##19174##19574##19411##19520,3802943.6928##3595838.9376##3568039.6416##3534680.4864##4003098.624,8,7494248.35
2021,105,1,7,2,2,20539##20680##20534##19531##19186##19428##19604##19664##19181##19553##19292##19164,4129585.4208##8339.7888##3761244.7488##3802943.6928##1023014.0928##155676.0576##3506881.1904##3467962.176##4003098.624##5646037.0176##3873831.8976,12,5441515.79
2021,105,1,9,2,2,20534##19574##19181##19553##19292##19168##19164,3761244.7488##4003098.624##8339.7888##5646037.0176##155676.0576##3873831.8976,7,3519925.98
2021,105,1,10,2,2,20530##20551##20570##20710##20740##20585##20677##19350##19351##19159##19441##19524,3733445.4528##5647426.9824##3467962.176##3979469.2224##3534680.4864##3568039.6416##4040627.6736,12,8355663.83
2021,105,1,11,2,2,20539##20530##20713##20585##20533##20677##19696##19531##19174##19411##19520##19292##19164##19214##19218##19519,4129585.4208##3733445.4528##3802943.6928##3534680.4864##3595838.9376##3568039.6416##3404023.7952##5646037.0176##3873831.8976##3761244.7488##878457.7536,16,11104435.08
2021,105,1,13,2,2,19534,3733445.4528,1,1600000.28
2021,105,2,1,2,2,20717##20657##20571##19406##19354,2296221.8496##1111971.84##2285102.1312##1043863.5648,5,1048822.34
2021,105,2,3,2,1,21153,722781.696,1,604615.18
2021,105,2,3,2,2,20529##20666##20637##20682##20662##20643##20594##20665##20644##19269##19417##19423##19496##19540##19612##19662,1922321.3184##2305951.6032##847878.528##2328191.04##1110581.8752##722781.696##718611.8016##1886182.2336##1043863.5648##711661.9776##849268.4928,16,4425659.89
2021,105,2,4,2,2,20657##20643##20665##20692##20571##20642##20644##19354##19421##19505##19533##19539##19546##19549##19552##19514,1111971.84##722781.696##718611.8016##1114751.7696##2285102.1312##1043863.5648##1110581.8752##2494986.816##2296221.8496,16,5051515.54
2021,105,2,6,2,2,20682##20668##19189##19300##19412##19548,2328191.04##1182860.0448##711661.9776##2492206.8864##718611.8016##1922321.3184,6,2803151.71
2021,105,2,7,2,1,21138,1021624.128,1,622464.1
2021,105,2,7,2,2,20662##20664##20580##20643##20617##20594##20665##20620##19453##19503##19679##19514,1110581.8752##2492206.8864##2069657.5872##722781.696##4153214.8224##718611.8016##715831.872,12,4066357.77
2021,105,2,9,2,2,20664##20580##20643##19503##19679##19514,2492206.8864##2069657.5872##722781.696##1110581.8752,6,1052402.77
2021,105,2,10,2,1,21138,1021624.128,1,127492.65
2021,105,2,10,2,2,20637##20580##20617##20571##20642##20620##19324,847878.528##2069657.5872##4153214.8224##2285102.1312##1043863.5648##715831.872##1111971.84,7,1239858.12
2021,105,2,11,2,1,21153,722781.696,1,906922.78
2021,105,2,11,2,2,20668##20643##20594##20665##20571##20644##20620##19232##19277##19419##19536##19514,1182860.0448##722781.696##718611.8016##2285102.1312##715831.872##1043863.5648##1128651.4176##1886182.2336,12,5245367.27
2021,105,3,1,2,2,20527##19251,3476301.9648,2,2002719.8
2021,105,3,4,1,3,3851,11,1,11623400.0
2021,105,3,4,2,2,20725,4194913.7664,1,149940.51
2021,105,3,7,1,3,3845##3846##3848##3850,4##6##7##3,4,12220421.0
2021,105,3,7,2,1,19969,3711206.016,1,1543215.95
2021,105,3,7,2,2,20527##20667,3476301.9648##3711206.016,2,2369233.08
2021,105,3,8,2,1,21063,3698696.3328,1,3245095.98
2021,105,3,9,2,2,20667##19187,3711206.016##3665337.1776,2,1600456.22
2021,105,3,10,1,3,3845##3846##3851,4##6##11,3,5601717.0
2021,105,3,10,2,1,21150,3616688.4096,1,1948746.06
2021,105,3,10,2,2,20527##19486,3476301.9648##3637537.8816,2,2094446.97
2021,105,3,11,1,3,3845##3848,4##7,2,6129823.0
2021,105,3,11,2,1,19970,3665337.1776,1,3861940.51
2021,105,3,11,2,2,20527##20725,3476301.9648##4194913.7664,2,2319091.21
2021,105,3,12,1,3,3847##3848##3849,1##7##2,3,4419456.0
2021,105,3,13,2,1,20500,3637537.8816,1,2999998.25
2021,105,3,13,2,2,20690##20789##20793##19249,3637537.8816##3698696.3328##3665337.1776##3476301.9648,4,3040005.42
2021,105,4,4,2,2,20542##19234,3804333.6576,2,2219327.96
2021,105,4,7,2,2,20542##19345,3804333.6576,2,1350662.76
2021,105,4,9,2,2,20542##19345,3804333.6576,2,558435.08
2021,105,4,11,2,2,20542,3804333.6576,1,399725.89
2021,108,1,1,2,1,18956,1682754.612,1,287980.84
2021,108,1,2,2,2,18373##18446##18447##20691##20716##20663,4243468.152##8314.005##63186.438##4817134.497##83140.05,6,2898872.42
2021,108,1,3,2,2,18337,377455.827,1,729558.16
2021,108,1,4,2,1,18968##18969##18956,625213.176##83140.05##1682754.612,3,3806223.92
2021,108,1,4,2,2,18448##20729##20716##20663##20861,83140.05##1682754.612##63186.438##199536.12,5,2832233.02
2021,108,1,6,2,1,18973##18977##18978,4817134.497##4767250.467##83140.05,3,2202457.37
2021,108,1,6,2,2,18359##18433##18447##20691,4817134.497##1682754.612##63186.438,4,3638970.22
2021,108,1,7,2,2,18365##18386##18407##20744##20745,2336235.405##631864.38##581980.35,5,4631696.45
2021,108,1,9,2,2,18438##18449,1682754.612##631864.38,2,1145330.41
2021,108,1,10,2,1,18981##18982,4283375.376##4753948.059,2,1404372.3
2021,108,1,10,2,2,18327##18366,4725680.442##4456306.68,2,907612.15
2021,108,1,11,2,1,18986,199536.12,1,466035.0
2021,108,1,11,2,2,18447##18393##18411##18429##18443##18366##20663##20576##20769##20861,63186.438##377455.827##2336235.405##199536.12##83140.05##4456306.68,10,7814873.32
2021,108,2,1,2,1,18958##18964##18961,869644.923##1687743.015##1102437.063,3,1143899.8
2021,108,2,1,2,2,18344##18341##18408##18389##18436,869644.923##613573.569##6622936.383##591957.156##3027960.621,5,1268709.26
2021,108,2,2,2,2,18432##18355##18329##18347##20800##20718##20846##20581##20659##20730##20611##20842##20555##20574,1687743.015##1072506.645##991029.396##591957.156##2334572.604##2036931.225##6880670.538##596945.559##989366.595##1105762.665##3027960.621##1423357.656##613573.569,14,4488699.52
2021,108,2,3,2,1,18966##18964##18974,989366.595##1687743.015##593619.957,3,1487111.09
2021,108,2,3,2,2,18334##18350##18325##18352##18362##20800,989366.595##576991.947##1687743.015##1102437.063##593619.957##2334572.604,6,5812830.2
2021,108,2,4,2,1,18964##18970##18971##18972##18961,1687743.015##6622936.383##991029.396##2030280.021##1102437.063,5,4620601.47
2021,108,2,4,2,2,18344##18341##18408##18417##18383##20564##20752##20765##20832##20574,869644.923##613573.569##6622936.383##593619.957##588631.554##989366.595##576991.947##575329.146,10,6505476.7
2021,108,2,6,2,1,18963##18976##18974,1687743.015##578654.748##593619.957,3,1789968.66
2021,108,2,6,2,2,18338##18346##18351##18385##18405##18422##18434##18445##18329##18342##18409##18348##20581##20659##20566##20634##20698##20809##20816##20863##20842##20555,596945.559##590294.355##1102437.063##575329.146##2334572.604##872970.525##2607271.968##1506497.706##991029.396##613573.569##606922.365##989366.595##578654.748##1717673.433##3026297.82##1105762.665##1423357.656,22,12659260.23
2021,108,2,7,2,1,18979,1423357.656,1,780302.32
2021,108,2,7,2,2,18328##18353##18358##18364##18370##18374##18362##18360##20556##20602##20650##20699##20820##20829##20847##20564,1072506.645##588631.554##6622936.383##583643.151##5008356.612##608585.166##593619.957##590294.355##1423357.656##6887321.742##616899.171##1689405.816##989366.595,16,11340424.24
2021,108,2,8,2,2,18415,591957.156,1,299804.37
2021,108,2,9,2,2,18342##18409##18441,613573.569##606922.365##583643.151,3,1008881.15
2021,108,2,10,2,2,18325##18352##18360##18339##18349##18372##18390##18395##18416##18347##20730##20555,1687743.015##1102437.063##590294.355##596945.559##576991.947##1105762.665##1689405.816##4955146.98##608585.166##591957.156##1423357.656,12,4329502.78
2021,108,2,11,2,1,18983##18984##18985##18987##18988,590294.355##1102437.063##3027960.621##588631.554##613573.569,5,3630491.26
2021,108,2,11,2,2,18341##18355##18352##18417##18343##18387##18412##18389##18436##18348##18383##20611##20832##20574##20544##20569##20633##20706##20743##20838##20848,613573.569##1072506.645##1102437.063##593619.957##869644.923##2030280.021##606922.365##591957.156##3027960.621##989366.595##588631.554##2602283.565##576991.947##590294.355##575329.146##1689405.816,21,12779955.16
2021,108,2,12,2,1,18294,2510829.51,1,493518.24
2021,108,3,1,2,2,18324,109744.866,1,1363577.18
2021,108,3,2,2,2,18324##18368##18369##20630##20640##20751##20631,109744.866##4334922.207,7,10554366.19
2021,108,3,3,2,1,18505,237780.543,1,600000.12
2021,108,3,3,2,2,20640,4334922.207,1,330866.3
2021,108,3,4,2,2,18332##20751##20631,109744.866##4334922.207,3,8205033.57
2021,108,3,6,2,2,18323##18332##20640,69837.642##109744.866##4334922.207,3,4632750.42
2021,108,3,7,2,1,18501##20201,251082.951,2,2718950.05
2021,108,3,7,2,2,18421##20632,251082.951,2,4554933.32
2021,108,3,8,2,2,18369,4334922.207,1,698684.26
2021,108,3,10,2,1,18502,229466.538,1,1993341.47
2021,108,3,10,2,2,18324##20640,109744.866##4334922.207,2,1153024.26
2021,108,3,11,2,1,18505,237780.543,1,2400000.49
2021,108,4,4,2,2,20875##20714,1075832.247,2,2092466.31
2021,108,4,6,2,2,18431##18444,628538.778##1075832.247,2,799156.51
2021,108,4,8,2,1,18289,1075832.247,1,671827.41
2021,108,4,8,2,2,20714,1075832.247,1,889532.72
2021,108,4,9,2,2,18402,628538.778,1,334639.62
2021,111,3,4,1,3,3780,11,1,700000.0
2021,111,3,7,1,3,3782,3,1,599227.0
2021,111,3,10,1,3,3781,1,1,700000.0
2021,112,3,10,1,3,3810,6,1,394480.0
2021,112,3,12,1,3,3809,2,1,599984.0
2021,218,3,11,1,3,3842,4,1,400000.0
2021,218,3,14,1,3,3843,2,1,600000.0
2021,250,3,7,1,3,3791##3792,4##3,2,3549229.0
2021,250,3,10,1,3,3791,4,1,75000.0
2021,250,3,11,1,3,3791,4,1,1375007.0
2022,1,1,3,2,2,21980##22121##22254##22474,1021.2##1145.4##1131.6##1374.48,4,2188286.15
2022,1,1,4,2,1,21603##21611##21624##21706##21709##21608##23583##23610##23611##23613##23619##23621##23628##23642##23643##23644##23647##23679##23680##23686##23687##23694##23695##23706##23710##23716##23727##23729##24079##24318,966.0##954.96##957.72##253.92##1048.8##433.32##1261.32##979.8##974.28##1010.16##985.32##1035.0##1087.44##1275.12##1021.2,30,19194955.96
2022,1,1,4,2,2,21949##21987##21989##22001##22008##22058##22118##22139##22147##22269##22621##22635##22653##23145##23169,1275.12##1035.0##1021.2##1261.32##966.0##979.8##985.32##957.72##253.92,15,11680815.11
2022,1,1,6,2,1,21602##21675##21692##21702##23591##23592##23602##23604##23607##23612##23616##23620##23629##23655##23669##23736##23756##23812##23920##24108,1035.0##1010.16##977.04##935.64##433.32##1021.2##1070.88##1145.4##985.32##1087.44##954.96##979.8##1059.84##957.72##974.28##1092.96##1131.6##1363.44,20,16821172.79
2022,1,1,6,2,2,21971##22048##22110##22133##22162##22193##22203##22228##22259##22280,1059.84##1021.2##1035.0##977.04##1131.6##957.72##985.32##979.8##1145.4##1092.96,10,6498609.59
2022,1,1,7,2,1,21599##21600##21612##21644##21645##22977##22980##22988##23582##23618##23623##23632##23672##24322,309.12##173.88##982.56##946.68##1023.96##1070.88##1057.08##979.8##977.04,14,6178535.36
2022,1,1,7,2,2,22251##22252##22268##22271##22407,173.88##309.12##979.8##977.04##1057.08,5,3241344.19
2022,1,1,9,2,1,21644##21645##23581,946.68##1374.48,3,815794.52
2022,1,1,9,2,2,22272##22409,977.04##1057.08,2,1003251.74
2022,1,1,10,2,1,21623##21689##21705##21710##21608##23585##23631##23971##23997##24012##24073,1131.6##1010.16##999.12##433.32##173.88,11,5840289.86
2022,1,1,10,2,2,22242##22261##22281##22549##22935,1021.2##1131.6##977.04##966.0##999.12,5,1752718.66
2022,1,1,11,2,1,23580##23593##23712##23742##23743##23755,1374.48##957.72##1018.44,6,4000131.65
2022,1,1,11,2,2,22151##22194##22196##22334##22340##22489##22507##22554,977.04##954.96##1374.48##253.92##1070.88##957.72##1087.44##988.08,8,5926698.47
2022,1,2,3,2,2,22176##22239##22329##22483,1134.36##1239.24##1253.04##1161.96,4,2559934.9
2022,1,2,4,2,1,21610##21672##23603##23652##23661##23664##23666##23675##23677##23688##23696##23719##23738##23740##24321,1225.44##1134.36##1206.12##1128.84##1294.44##1239.24##1253.04##1123.32##1388.28,15,7079748.55
2022,1,2,4,2,2,21957##21999##22014##22124##22132##22143##22150##22619##22654##22655##23148##23171,1167.48##1294.44##1225.44##1123.32##1134.36##1128.84##1206.12,12,6195927.08
2022,1,2,6,2,1,21606##21632##21640##21701##23594##23606##23622##23627##23637##23641##23656##23659##23660##23665##23698##23757##23762##23785##23792##23814##23824##23826##23832##23860##23954##24097##24106##24151,1250.28##1167.48##1280.64##1338.6##1341.36##1104.0##1134.36##1382.76##1186.8##1128.84##1081.92##1123.32##1294.44##1388.28##1073.64##1335.84##1253.04##1239.24##1299.96##1153.68##1324.8##1297.2##1175.76##1410.36##1377.24##1380.0,28,16825130.93
2022,1,2,6,2,2,21965##21966##22165##22174##22182##22183##22217##22229##22238##22245##22255##22256##22258##22260##22262##22270##22327,1081.92##1250.28##1167.48##1308.24##1225.44##1335.84##1294.44##1123.32##1239.24##1134.36##1338.6##1324.8##1341.36##1253.04##1299.96##1311.0##1175.76,17,9192692.64
2022,1,2,7,2,1,21596##21631##21683##21708##21747##21597##23135##23625##23636##24327##23584##24323,941.16##1153.68##1076.4##1115.04##1112.28##1382.76##1178.52##1137.12##1219.92,12,3527030.39
2022,1,2,7,2,2,22184##22220##22199##22298##22458,1178.52##1137.12##941.16##1076.4,5,2194583.63
2022,1,2,9,2,1,21597##23584##24323##23609##23725,941.16##1219.92##1250.28##1388.28,5,833412.9
2022,1,2,9,2,2,22199##22097##22369##22444##22760##22298##22458,941.16##1250.28##1388.28##1137.12##1076.4##1178.52,7,2320055.08
2022,1,2,10,2,1,21646##21665##21686##21743##23775##23946,1001.88##1090.2##1142.64##1203.36##1175.76,6,1790281.7
2022,1,2,10,2,2,22068##22208##22611##22963,1104.0##1029.48##1150.92,4,1289959.29
2022,1,2,11,2,1,23111##23116##23590##23651##23671##23678,1167.48##1388.28##1280.64##1178.52##1134.36##1294.44,6,3356012.92
2022,1,2,11,2,2,22012##22188##22330##22333##22556##22562##22583,1195.08##1167.48##930.12##1294.44##913.56##1134.36##1225.44,7,4000272.92
2022,1,3,3,1,3,4311,4,1,750000.0
2022,1,3,4,2,1,21609##21649##21691##21697##23234##23600##24303,182.16##391.92,7,12214490.53
2022,1,3,4,2,2,22013##22071##22098##22595,391.92##182.16##1291.68,4,11755681.65
2022,1,3,6,1,3,4312,2,1,4000000.0
2022,1,3,6,2,1,21715##21761##23605##23663##23667,115.92##414.0,5,42815375.13
2022,1,3,6,2,2,22267##22642,414.0,2,7700001.91
2022,1,3,7,1,3,4313,3,1,1237500.0
2022,1,3,7,2,1,21607##21598##23055##23109##23598##23599,182.16##416.76,6,14595728.4
2022,1,3,7,2,2,22247##22274##22275,416.76##182.16##380.88,3,7375757.52
2022,1,3,9,2,1,21598##21759##23599##23630##23676,416.76##414.0##394.68,5,5329160.65
2022,1,3,9,2,2,21994##22222##22235,394.68##416.76##414.0,3,11179482.76
2022,1,3,10,2,1,21678##21696##23730##24272,394.68##391.92##405.72,4,2054275.38
2022,1,3,10,2,2,21967##22273##22417##23050,182.16##380.88##1291.68##391.92,4,3649435.72
2022,1,3,11,1,3,4311##4313,4##3,2,4012500.0
2022,1,3,11,2,2,22181##22265##22326##22559,394.68##182.16##416.76,4,14514812.22
2022,1,3,12,2,1,23031##23154##23180,182.16##414.0,3,3178875.6
2022,2,3,6,1,4,4407##4408,11##2,2,3000120.0
2022,3,3,3,1,4,4126,4,1,495000.0
2022,3,3,6,1,4,4128,2,1,3000000.0
2022,3,3,9,1,4,4126##4128,4##2,2,1492500.0
2022,3,3,11,1,4,4126,4,1,1012500.0
2022,7,3,4,1,4,4441##4443,7##11,2,3000000.0
2022,7,3,6,1,3,4319##4321,5##2,2,2300000.0
2022,7,3,6,1,4,4444,2,1,3500000.0
2022,7,3,7,1,3,4322,6,1,289000.0
2022,7,3,9,1,3,4320,4,1,198000.0
2022,7,3,10,1,3,4318##4320##4322,17##4##6,3,1239513.0
2022,7,3,10,1,4,4442##4443##4445##4448,17##11##4##6,4,1500000.0
2022,7,3,11,1,3,4320,4,1,973500.0
2022,7,3,11,1,4,4445,4,1,1000000.0
2022,13,1,1,2,2,21767,10513243.36,1,244900.0
2022,13,1,3,2,2,21776##21727,10581893.27##10755969.8275,2,674000.0
2022,13,1,4,2,1,24241##24235##24218,10532857.62##10523050.49##10513243.36,3,612999.61
2022,13,1,4,2,2,21794##21658##21711##21775##21819##21860##21765##21767,10532857.62##10643187.8325##10515695.1425##10567182.575##10576989.705##10523050.49##10527954.055##10513243.36,8,1673934.1
2022,13,1,6,2,1,24239##24241##24300##24217##24235##24289,10591700.4##10532857.62##10518146.925##10645639.615##10523050.49##10530405.8375,6,808998.35
2022,13,1,6,2,2,21757##21822##21711##21745##21695##21847##21775##21860##21765##21824,10679964.57##10662802.0925##10515695.1425##10530405.8375##10645639.615##10518146.925##10567182.575##10523050.49##10527954.055##10741259.1325,10,3337588.9
2022,13,1,7,2,1,24239##24300##24217##24220##24230,10591700.4##10518146.925##10645639.615##10569634.3575##10650543.18,5,780799.74
2022,13,1,7,2,2,21695##21687##21723,10645639.615##10702030.6125##10569634.3575,3,1256229.2
2022,13,1,9,2,1,24239##24300##24282##24217##24220##24226##24284##24230,10591700.4##10518146.925##10520598.7075##10645639.615##10569634.3575##10643187.8325##10596603.965##10650543.18,8,2317199.48
2022,13,1,9,2,2,21711##21695##21687##21723##21749##21795##21847##21753##21773,10515695.1425##10645639.615##10702030.6125##10569634.3575##10731452.0025##10520598.7075##10518146.925##10657898.5275##10596603.965,9,1946564.06
2022,13,1,10,2,1,24280##24241##24282##24235##24218,10755969.8275##10532857.62##10520598.7075##10523050.49##10513243.36,5,764999.67
2022,13,1,10,2,2,21839##21794##21658##21822##21690##21778##21727##21795##21847##21775##21765##21674,10675061.005##10532857.62##10643187.8325##10662802.0925##10650543.18##10564730.7925##10755969.8275##10520598.7075##10518146.925##10567182.575##10527954.055##10572086.14,12,3538718.93
2022,13,1,11,2,1,24239##24300##24217##24226##24284##24230##24235##24218##24292##24289,10591700.4##10518146.925##10645639.615##10643187.8325##10596603.965##10650543.18##10523050.49##10513243.36##10572086.14##10530405.8375,10,2064999.69
2022,13,1,11,2,2,21658##21776##21745##21695##21687##21749##21819##21860##21765##21824##21674##21753##21773##21767,10643187.8325##10581893.27##10530405.8375##10645639.615##10702030.6125##10731452.0025##10576989.705##10523050.49##10527954.055##10741259.1325##10572086.14##10657898.5275##10596603.965##10513243.36,14,3524384.69
2022,13,2,4,2,1,24297##24260,10733903.785##10721644.8725,2,280000.1
2022,13,2,4,2,2,21864,10733903.785,1,156000.01
2022,13,2,6,2,1,24238##24294,10692223.4825##10694675.265,2,313496.49
2022,13,2,6,2,2,21766##21816,10692223.4825##10724096.655,2,829711.96
2022,13,2,7,2,1,24294##24245,10694675.265##10724096.655,2,228000.0
2022,13,2,9,2,1,24294##24295##24245,10694675.265##10589248.6175##10724096.655,3,693728.07
2022,13,2,9,2,2,21852,10721644.8725,1,27421.18
2022,13,2,10,2,1,24238##24294##24260,10692223.4825##10694675.265##10721644.8725,3,115499.51
2022,13,2,10,2,2,21780##21816##21850,10665253.875##10724096.655##10648091.3975,3,999981.66
2022,13,2,11,2,1,24294##24245##24297##24260,10694675.265##10724096.655##10733903.785##10721644.8725,4,519000.12
2022,13,2,11,2,2,21733##21852##21864,10557375.445##10721644.8725##10733903.785,3,1140581.89
2022,13,3,3,1,4,4201,4,1,514079.0
2022,13,3,4,1,4,4204,11,1,498231.0
2022,13,3,6,1,3,4268##4270,5##2,2,4280000.0
2022,13,3,6,1,4,4202##4205,5##2,2,4073344.0
2022,13,3,7,1,3,4271,3,1,500000.0
2022,13,3,7,1,4,4201,4,1,869980.0
2022,13,3,9,1,3,4269,4,1,504025.0
2022,13,3,9,1,4,4201,4,1,632713.0
2022,13,3,10,1,4,4201##4203##4207,4##6##12,3,1223458.0
2022,13,3,11,1,3,4269,4,1,296014.0
2022,13,3,11,1,4,4201,4,1,1542238.0
2022,13,3,12,1,3,4270,2,1,420000.0
2022,13,3,12,1,4,4205##4206,2##1,2,768046.0
2022,13,4,11,2,2,21825,10729000.22,1,599951.0
2022,14,3,6,1,3,4309##4465##4466,5##2,3,4000007.0
2022,14,3,7,1,3,4310,3,1,501000.0
2022,16,3,4,1,4,4435##4438,11##7,2,905000.0
2022,16,3,6,1,4,4439##4440,2##5,2,2409061.0
2022,16,3,7,1,3,4230,3,1,499989.0
2022,16,3,9,1,4,4434##4439,4##2,2,1191038.0
2022,16,3,10,1,4,4435##4436,11##6,2,1495010.0
2022,16,3,11,1,3,4229,4,1,1220506.0
2022,18,1,1,2,1,24202,344471.4702,1,40000.0
2022,18,1,1,2,2,21432##21412##23177,344471.4702##334466.0748,3,835255.41
2022,18,1,3,2,1,24269##24209##24227,334466.0748##334026.2772##457169.6052,3,470071.2
2022,18,1,3,2,2,23286##23188##23230,341063.0388##334026.2772##336445.164,3,1400000.21
2022,18,1,4,2,1,24202##24250,344471.4702##339083.9496,2,630000.0
2022,18,1,4,2,2,21432##23177##23189,344471.4702##335345.67,3,946366.23
2022,18,1,6,2,2,21409##21411##21495##21499,334466.0748##336445.164##333476.5302##338864.0508,4,3389999.81
2022,18,1,7,2,1,22078##24290##24223,335125.7712##332926.7832##333256.6314,3,1145601.84
2022,18,1,7,2,2,21504##23240##23187,336225.2652##340843.14,3,1225000.0
2022,18,1,9,2,1,24290##24223,332926.7832##333256.6314,2,468402.78
2022,18,1,9,2,2,23240##23187,336225.2652##340843.14,2,337500.0
2022,18,1,10,2,1,24209##24205##24228##24326##24227##24250,334026.2772##334136.2266##342272.4822##335455.6194##457169.6052##339083.9496,6,1943600.53
2022,18,1,10,2,2,21520##23188##23230##23187##23282##23468##23219,342272.4822##334026.2772##336445.164##340843.14##338864.0508##335455.6194##344581.4196,7,1897002.1
2022,18,1,11,2,1,24269##24209##24248##24259##24265##24202##24250,334466.0748##334026.2772##340843.14##338864.0508##336994.911##344471.4702##339083.9496,7,2618000.0
2022,18,1,11,2,2,21410##21435##21506##21523##21412##23187##23177##23189##23219,337214.8098##334246.176##340843.14##338864.0508##334466.0748##344471.4702##335345.67##344581.4196,9,2461861.79
2022,18,1,12,2,1,23064##23065##23066##23068,456290.01##334466.0748##334026.2772##340843.14,4,433134.75
2022,18,1,12,2,2,21448,334466.0748,1,500000.0
2022,18,2,3,2,2,23191##23259,346670.4582##347660.0028,2,100000.03
2022,18,2,6,2,2,21416,347000.3064,1,455000.01
2022,18,2,7,2,1,24206,343921.7232,1,182399.99
2022,18,2,9,2,1,24206,343921.7232,1,273599.98
2022,18,2,10,2,1,24207##24210##24263##24195,333146.682##497850.8832##347660.0028##497191.1868,4,596286.86
2022,18,2,10,2,2,23176,347000.3064,1,350000.0
2022,18,2,11,2,1,24195,497191.1868,1,79986.52
2022,18,3,1,2,1,24216##24309,334795.923##338644.152,2,605595.84
2022,18,3,1,2,2,23183,338644.152,1,160000.06
2022,18,3,4,2,1,24216##24309,334795.923##338644.152,2,1413056.96
2022,18,3,4,2,2,23175##23183,334795.923##338644.152,2,700000.16
2022,18,3,6,1,3,4302##4305,5##2,2,8700000.0
2022,18,3,7,1,3,4306,3,1,900495.0
2022,18,3,8,2,1,21204##24187,335015.8218,2,1496063.21
2022,18,3,8,2,2,21482##23178,335015.8218,2,1649859.95
2022,18,3,9,1,3,4307,4,1,1980000.0
2022,18,3,10,1,3,4304##4307##4308,11##4##6,3,1395000.0
2022,18,3,10,2,2,23175##23183,334795.923##338644.152,2,690000.09
2022,18,3,11,1,3,4307,4,1,1800000.0
2022,18,3,12,1,3,4307,4,1,225000.0
2022,19,3,1,1,4,4107,11,1,496000.0
2022,19,3,3,1,3,4370,4,1,396004.0
2022,19,3,3,1,4,4104,4,1,720487.0
2022,19,3,4,1,3,4080##4370##4413##4415,4##7##11,4,2808031.0
2022,19,3,4,1,4,4107##4110,11##7,2,881000.0
2022,19,3,6,1,3,4077##4297##4368##4416,2,4,9096009.0
2022,19,3,6,1,4,4106##4108,5##2,2,2000001.0
2022,19,3,7,1,3,4078##4079##4367,3##6,3,1349283.0
2022,19,3,7,1,4,4104##4105##4138,4##3##6,3,890440.0
2022,19,3,9,1,3,4077##4080##4296##4297,2##4,4,3806008.0
2022,19,3,9,1,4,4104##4105##4108,4##3##2,3,1497976.0
2022,19,3,10,1,3,4080##4412##4417,4##6,3,695029.0
2022,19,3,10,1,4,4104##4107##4138,4##11##6,3,1590242.0
2022,19,3,11,1,3,4370##4412,4,2,1099049.0
2022,19,3,11,1,4,4104##4107##4110,4##11##7,3,1523229.0
2022,19,3,12,1,4,4109,2,1,400000.0
2022,19,3,13,1,3,4076##4369,11,2,3751046.0
2022,22,3,6,1,3,4212##4330,2,2,2044858.0
2022,22,3,7,1,3,4211##4331,3,2,1375000.0
2022,22,3,10,1,3,4213,11,1,1000511.0
2022,22,3,11,1,3,4329,4,1,585000.0
2022,25,3,3,1,3,4384,4,1,458863.0
2022,25,3,4,1,3,4383,1,1,2700001.0
2022,25,3,6,1,3,4379##4382,2##5,2,2298191.0
2022,25,3,7,1,3,4380##4381,6##3,2,1299997.0
2022,25,3,11,1,3,4384,4,1,1070682.0
2022,27,1,3,2,2,22440,709873.5975,1,232512.65
2022,27,1,4,2,1,24329,673393.6875,1,700000.0
2022,27,1,6,2,2,22355##22290,679968.555##676999.26,2,1535190.0
2022,27,1,7,2,1,23079##23977,675090.4275##678696.0,2,1097324.96
2022,27,1,7,2,2,22360##22378,695451.3075##674029.965,2,2177999.83
2022,27,1,9,2,1,24394##24387,682301.5725##707752.6725,2,790000.0
2022,27,1,9,2,2,22312##22282,686755.515##679120.185,2,1440265.17
2022,27,1,10,2,1,24354##24361,688028.07##677211.3525,2,999803.86
2022,27,1,10,2,2,22440##22355##22307##22282##22325##22372,709873.5975##679968.555##676150.89##679120.185##677211.3525##688028.07,6,3033911.99
2022,27,1,11,2,1,22427##24349##24387,676999.26##989623.605##707752.6725,3,1369000.01
2022,27,1,11,2,2,22290##22295##22397,676999.26##705631.7475##678483.9075,3,1504710.0
2022,27,2,3,2,2,22395##22431,717508.9275##688452.255,2,1065944.04
2022,27,2,4,2,1,23976##24392,694390.845##688452.255,2,1399966.36
2022,27,2,4,2,2,22431##22303##22315##22376##22306,688452.255##728537.7375##732143.31##728961.9225##691633.6425,5,3930991.03
2022,27,2,6,2,2,22309##22393##22421,690997.365##726204.72##701177.805,3,3274721.24
2022,27,2,7,2,1,23078,731294.94,1,615130.07
2022,27,2,7,2,2,22431##22410##22336,688452.255##689088.5325##731294.94,3,1841261.6
2022,27,2,9,2,2,22336,731294.94,1,996803.58
2022,27,2,10,2,1,23978,722811.24,1,200000.0
2022,27,2,10,2,2,22436##22323##22352##22351##22376,696723.8625##721962.87##713054.985##711782.43##728961.9225,5,1899985.34
2022,27,2,11,2,1,24335,707540.58,1,699996.14
2022,27,2,11,2,2,22306##22357##22380,691633.6425##699481.065##686967.6075,3,1920000.03
2022,27,3,3,1,4,4163,4,1,3982498.0
2022,27,3,4,1,3,4324##4326##4327##4478##4480,7##11##4,5,6048773.0
2022,27,3,4,2,1,22463,683362.035,1,481996.74
2022,27,3,6,1,3,4323##4328##4482,5##2,3,6548612.0
2022,27,3,6,1,4,4164,5,1,2800000.0
2022,27,3,6,2,2,22391,692482.0125,1,1374185.6
2022,27,3,7,1,3,4246##4248##4372##4477##4483,7##3,5,3877259.0
2022,27,3,7,1,4,4168,3,1,2007513.0
2022,27,3,7,2,1,23077,678271.815,1,785000.06
2022,27,3,7,2,2,22367,678271.815,1,422217.18
2022,27,3,9,1,3,4244,4,1,54000.0
2022,27,3,9,1,4,4163##4167,4##2,2,1511499.0
2022,27,3,10,1,3,4244##4245##4325##4326##4327##4479##4481,4##6##11,7,5482661.0
2022,27,3,10,1,4,4163##4165##4166,4##6##11,3,6962499.0
2022,27,3,10,2,2,22319##22367,678271.815,2,1784117.63
2022,27,3,11,1,3,4244##4327##4371##4476##4481,4,5,5539453.0
2022,27,3,11,1,4,4163,4,1,1327499.0
2022,27,3,11,2,1,22430,675726.705,1,261780.96
2022,27,3,12,1,3,4247,2,1,200000.0
2022,27,3,12,1,4,4167,2,1,1978000.0
2022,27,3,14,1,4,4167,2,1,2438000.0
2022,27,4,6,2,1,23979,973928.76,1,599999.29
2022,28,3,6,1,3,4259##4261,5##2,2,1100000.0
2022,28,3,9,1,3,4261##4262,2##4,2,711424.0
2022,28,3,10,1,3,4260##4262,11##4,2,140143.0
2022,28,3,11,1,3,4262,4,1,50174.0
2022,35,3,2,1,3,4222,1,1,1000423.0
2022,35,3,6,1,3,4221,5,1,1000022.0
2022,35,3,9,1,3,4223,4,1,963544.0
2022,35,3,11,1,3,4223,4,1,1043840.0
2022,36,1,1,2,2,23758##23773##23709##23731,2345889.6782##2651875.2884##2362094.5236##324096.908,4,900000.02
2022,36,1,3,2,1,24447##24465##24486,3766196.7162##2350655.8092##975150.4026,3,1499999.89
2022,36,1,3,2,2,23708##23758##23773##23709##23776##23788##23731##23633##23782##23741,2362094.5236##2345889.6782##2651875.2884##2350655.8092##324096.908##975150.4026##2744338.2298##612924.4466,10,1534990.52
2022,36,1,4,2,1,22036##24417,2671893.0386##2744338.2298,2,2337376.44
2022,36,1,4,2,2,23708##23844##23758##23773##23709##23776##23788##23731##23633##23782##24432##23741##24414,2362094.5236##2671893.0386##2345889.6782##2651875.2884##2350655.8092##324096.908##975150.4026##2744338.2298##612924.4466,13,5621644.23
2022,36,1,6,2,1,21791##21808##21833##24418##24420##24439,2805344.7066##2340170.321##976103.6288##612924.4466##2356375.1664##610064.768,6,3537901.23
2022,36,1,6,2,2,23708##23646##23653##23786##23844##23744##23578##23840##23658##23787##23858,2362094.5236##978010.0812##2744338.2298##2340170.321##2671893.0386##612924.4466##2421194.548##2805344.7066##2373533.238##2356375.1664,11,3455008.53
2022,36,1,7,2,1,24417,2744338.2298,1,1507050.45
2022,36,1,7,2,2,23708##23646##23653##23786##23844##23744##23578##23840##23758##23773##23709##23776##23788##23731##24415##23633##23782##23658##24422##23741##23787##23858,2362094.5236##978010.0812##2744338.2298##2340170.321##2671893.0386##612924.4466##2421194.548##2805344.7066##2345889.6782##2651875.2884##2350655.8092##324096.908##975150.4026##2373533.238##2356375.1664,22,6753387.98
2022,36,1,9,2,2,23708##23646##23653##23786##23844##23744##23578##23840##23758##23773##23709##23776##23788##23731##23633##23782##23658##23741##23787##23858,2362094.5236##978010.0812##2744338.2298##2340170.321##2671893.0386##612924.4466##2421194.548##2805344.7066##2345889.6782##2651875.2884##2350655.8092##324096.908##975150.4026##2373533.238##2356375.1664,20,5277494.29
2022,36,1,10,2,1,24428##24488,1443184.4668##2570851.0614,2,1099004.9
2022,36,1,10,2,2,23776##23788##23633##23782##23741,2345889.6782##2350655.8092##975150.4026##2744338.2298##612924.4466,5,619995.26
2022,36,1,11,2,1,21792##21797##21877##22081##22096##22257##24417,2805344.7066##2421194.548##975150.4026##324096.908##2350655.8092##2671893.0386##2744338.2298,7,4805754.98
2022,36,1,11,2,2,23708##23646##23653##23786##23844##23744##23578##23840##23758##23773##23709##23776##23788##23731##23633##23782##23658##24422##23741##23787##23858##24414,2362094.5236##978010.0812##2744338.2298##2340170.321##2671893.0386##612924.4466##2421194.548##2805344.7066##2345889.6782##2651875.2884##2350655.8092##324096.908##975150.4026##2373533.238##2356375.1664,22,8318865.19
2022,36,2,1,2,1,24487,4057883.9334,1,500000.34
2022,36,2,1,2,2,23816##23717,1843539.4708##1515629.658,2,599999.99
2022,36,2,3,2,2,23816##23861##23717##23728,1843539.4708##1842586.2446##1515629.658,4,450000.27
2022,36,2,4,2,1,21811##22035,1838773.3398##2878743.124,2,800021.93
2022,36,2,4,2,2,23816##23861##23717##24429##23728,1843539.4708##1842586.2446##1515629.658,5,1600076.89
2022,36,2,6,2,1,21790##21848##24464##24470,1843539.4708##1356440.8826##4073135.5526##2824409.2306,4,2000058.76
2022,36,2,6,2,2,23801##23728##23662,1838773.3398##1843539.4708,3,650000.02
2022,36,2,7,2,1,21793,1515629.658,1,600000.49
2022,36,2,7,2,2,23816##24421##23801##23861##23717##23728##23662,1843539.4708##1842586.2446##1838773.3398##1515629.658,7,1500050.06
2022,36,2,9,2,2,23816##23801##23861##23717##23728##23662,1843539.4708##1838773.3398##1842586.2446##1515629.658,6,1000000.4
2022,36,2,10,2,1,24490,1842586.2446,1,500083.36
2022,36,2,10,2,2,23861,1842586.2446,1,100000.26
2022,36,2,11,2,1,21809##22057,2878743.124,2,949999.7
2022,36,2,11,2,2,23816##23801##23861##23717##23728##23662,1843539.4708##1838773.3398##1842586.2446##1515629.658,6,1500000.54
2022,36,3,1,2,1,22020##22086##24411##24453,2386878.4048##2506984.906,4,2002365.65
2022,36,3,4,1,3,4490,7,1,2203964.0
2022,36,3,4,2,1,22040,2386878.4048,1,800000.48
2022,36,3,6,1,3,4265,2,1,1500000.0
2022,36,3,7,1,3,4264##4419##4493,3,3,6459263.0
2022,36,3,9,1,3,4265##4266##4492,2##4,3,5601001.0
2022,36,3,10,1,3,4266##4267##4491,4##6##11,3,2190003.0
2022,36,3,10,2,1,24410##24458##24485,2386878.4048##2705255.9556##2666173.6814,3,1087341.25
2022,36,3,11,1,3,4418##4419##4492,4##3,3,3559977.0
2022,36,3,14,1,3,4263##4266,7##4,2,4489000.0
2022,38,3,6,1,3,4332,2,1,650000.0
2022,38,3,11,1,3,4333,4,1,351643.0
2022,45,3,3,1,3,4345,4,1,600004.0
2022,45,3,3,1,4,4123,4,1,780464.0
2022,45,3,4,1,4,4120,7,1,320000.0
2022,45,3,6,1,3,4346,2,1,2000000.0
2022,45,3,6,1,4,4119##4124,5##2,2,2000000.0
2022,45,3,7,1,3,4394,3,1,2538539.0
2022,45,3,7,1,4,4122##4123,6##4,2,1217552.0
2022,45,3,9,1,3,4345,4,1,600004.0
2022,45,3,10,1,3,4345,4,1,420002.0
2022,45,3,10,1,4,4120##4121##4122##4123,7##20##6##4,4,2639870.0
2022,45,3,11,1,3,4345##4392,4,2,3880008.0
2022,45,3,12,1,3,4393,2,1,2000000.0
2022,45,3,12,1,4,4124,2,1,1000000.0
2022,46,3,6,1,4,4129,5,1,1494650.0
2022,46,3,7,1,4,4131,3,1,1000000.0
2022,46,3,10,1,4,4130##4136##4137,11##6##4,3,2500129.0
2022,49,1,10,2,2,22383##22456##22461##22529,5101610.4##2675706.696##5110406.28##5068186.056,4,3246000.0
2022,49,1,11,2,2,22425##22454##22529,4895786.808##4334609.664##5068186.056,3,2404000.69
2022,49,1,13,2,2,22386##22457,4904582.688##4769126.136,2,2486505.54
2022,49,2,10,2,2,22727,3052170.36,1,250012.99
2022,51,4,7,2,1,21881,4956763.8239,1,400000.02
2022,52,3,6,1,3,4224##4227,5##2,2,1070000.0
2022,52,3,6,1,4,4115##4118,5##2,2,1997501.0
2022,52,3,7,1,3,4225##4226##4228,6##4##3,3,589000.0
2022,52,3,7,1,4,4116##4117##4127,6##4##3,3,997500.0
2022,52,3,9,1,3,4226##4227,4##2,2,943000.0
2022,52,3,9,1,4,4117##4118,4##2,2,1504500.0
2022,52,3,10,1,3,4225##4226,6##4,2,391000.0
2022,52,3,10,1,4,4116##4117,6##4,2,513500.0
2022,52,3,11,1,3,4226,4,1,1007000.0
2022,52,3,11,1,4,4117,4,1,987000.0
2022,53,3,4,1,3,4398,7,1,500000.0
2022,53,3,6,1,3,4399,2,1,353000.0
2022,53,3,11,1,3,4400,4,1,157290.0
2022,55,1,3,2,1,23317##23364,2586506.8824##263440.5158,2,495967.22
2022,55,1,3,2,2,21942##22160,4404930.7025##673997.1638,2,755132.45
2022,55,1,4,2,1,23254##23362,157380.0484##138562.8687,2,1551614.69
2022,55,1,4,2,2,22023,138562.8687,1,111965.48
2022,55,1,6,2,2,22153##21897##22088##22113,660311.9422##5131.9581##4668371.2183##752687.188,4,3728632.79
2022,55,1,7,2,1,24003##24004,4404930.7025##4918126.5125,2,1317291.89
2022,55,1,7,2,2,22026##22077##21942,4654685.9967##1305228.0101##4404930.7025,3,2762235.94
2022,55,1,9,2,2,21897##21942##22137##22160,5131.9581##4404930.7025##1305228.0101##673997.1638,4,1594197.85
2022,55,1,10,2,1,23238##23382,2755861.4997##4418615.9241,2,790296.65
2022,55,1,10,2,2,22136##22088##22134,254887.2523##4668371.2183##4889045.4166,3,595986.4
2022,55,1,11,2,1,23317##23364##23276##23314##23391##24005##24006##24007,2586506.8824##263440.5158##4735086.6736##165933.3119##4430590.493##4418615.9241##5131.9581,8,5192527.87
2022,55,1,11,2,2,21906##21897##22113##22080,4430590.493##5131.9581##752687.188##165933.3119,4,1229821.54
2022,55,1,12,2,2,21936##21939##21953##22045##21906##22088,4873649.5423##4182545.8515##268572.4739##4430590.493##4668371.2183,6,1421391.34
2022,55,2,3,2,1,23310##23293##23360##23366,7273695.2804##7501212.0895##2299117.2288##3055225.7222,4,1001062.8
2022,55,2,4,2,2,22131##22002,672286.5111##7030782.597,2,900186.51
2022,55,2,6,2,2,22131##22072##22002,672286.5111##2256350.9113##7030782.597,3,927052.79
2022,55,2,7,2,2,22073,704788.9124,1,206273.06
2022,55,2,10,2,1,23312##23346##23310##23366,3046672.4587##1296674.7466##7273695.2804##3055225.7222,4,887436.2
2022,55,2,10,2,2,22072##22073##22010##22054##22116##22107,2256350.9113##704788.9124##2945743.9494##2603613.4094##532012.9897##663733.2476,6,1103229.34
2022,55,2,11,2,1,23310##23371,7273695.2804##684261.08,2,301344.71
2022,55,2,11,2,2,22072##22002##22107,2256350.9113##7030782.597##663733.2476,3,457034.76
2022,55,2,12,2,2,21958##22116,3089438.7762##532012.9897,2,210588.51
2022,55,3,7,1,3,4409##4411,11##3,2,2000000.0
2022,55,3,7,1,4,4111##4112##4114,7##6##3,3,5487275.0
2022,55,3,10,1,4,4111##4112##4113,7##6##4,3,2515238.0
2022,55,3,11,1,3,4410,4,1,3000000.0
2022,55,3,12,2,1,24008,4475067.4632,1,305378.0
2022,55,3,13,2,1,23380,4276631.75,1,494121.56
2022,59,3,1,1,3,4144,7,1,84000.0
2022,59,3,3,1,3,4140,4,1,296540.0
2022,59,3,4,1,3,4144,7,1,616000.0
2022,59,3,6,1,3,4141##4169,2##5,2,1209596.0
2022,59,3,6,1,4,4177##4180,5##2,2,1691416.0
2022,59,3,7,1,3,4142##4143,3##6,2,870105.0
2022,59,3,7,1,4,4179##4182,3##6,2,1196002.0
2022,59,3,9,1,4,4180##4181,2##4,2,2088569.0
2022,59,3,10,1,3,4140##4143,4##6,2,401458.0
2022,59,3,10,1,4,4178##4181##4182,7##4##6,3,866826.0
2022,59,3,11,1,3,4140,4,1,604064.0
2022,59,3,11,1,4,4181,4,1,495306.0
2022,59,3,12,1,3,4141,2,1,398756.0
2022,59,3,12,1,4,4180,2,1,721477.0
2022,60,3,4,1,3,4099,7,1,600000.0
2022,60,3,6,1,3,4101,2,1,999993.0
2022,60,3,7,1,3,4100##4103##4362##4363,4##6##3,4,993542.0
2022,60,3,10,1,3,4100##4103,4##6,2,306302.0
2022,60,3,11,1,3,4100##4363,4,2,900160.0
2022,60,3,12,1,3,4102,2,1,200000.0
2022,61,3,3,1,4,4433,4,1,1008000.0
2022,61,3,4,1,3,4315,11,1,824600.0
2022,61,3,4,1,4,4429##4432,7##11,2,2012500.0
2022,61,3,6,1,3,4081##4083##4293##4294,5##2,4,9990999.0
2022,61,3,7,1,3,4314##4317,6##3,2,841999.0
2022,61,3,7,1,4,4430##4431,3##6,2,800003.0
2022,61,3,9,1,3,4082##4083##4292##4294,4##2,4,8008996.0
2022,61,3,10,1,3,4314##4315##4316,6##11##4,3,1508800.0
2022,61,3,10,1,4,4431##4432##4433,6##11##4,3,1982506.0
2022,61,3,11,1,3,4316,4,1,824600.0
2022,61,3,11,1,4,4433,4,1,1197000.0
2022,63,3,1,1,3,4251,11,1,430001.0
2022,63,3,4,1,3,4252,7,1,120000.0
2022,63,3,6,1,3,4252##4253,7##2,2,1365000.0
2022,63,3,7,1,3,4251,11,1,320000.0
2022,63,3,9,1,3,4250##4253,4##2,2,895000.0
2022,63,3,10,1,3,4251,11,1,130000.0
2022,63,3,11,1,3,4250##4251##4252,4##11##7,3,740000.0
2022,66,3,1,1,3,4353##4354,7##11,2,466429.0
2022,66,3,3,1,4,4421,4,1,1565998.0
2022,66,3,4,1,3,4191##4195##4353##4354,7##11,4,1930638.0
2022,66,3,6,1,3,4194##4352##4356,2##5,3,2153157.0
2022,66,3,7,1,3,4192##4193##4196##4353##4355##4357,4##3##6##7,6,1787979.0
2022,66,3,7,1,4,4421##4422##4423,4##6##3,3,1737999.0
2022,66,3,9,1,3,4355,4,1,242896.0
2022,66,3,10,1,3,4353##4354##4355##4357,7##11##4##6,4,926478.0
2022,66,3,10,1,4,4420##4421##4422,11##4##6,3,1696000.0
2022,66,3,11,1,3,4192##4355,4,2,1400300.0
2022,67,1,3,2,1,23092##23155##23086##23170,3203600.172##2205428.2895##1901842.285##760736.914,4,696219.97
2022,67,1,3,2,2,24143##24163##24139##24067,2931908.417##1333652.1365##1954999.3675##2277485.668,4,262240.6
2022,67,1,4,2,1,23092##23155##23158##23174##23108##23103##23085##23119##23054,3203600.172##2205428.2895##4774687.277##3057122.878##1946730.488##2967346.472##3012234.675##3171705.9225,9,1619658.73
2022,67,1,4,2,2,24143##24163##24156##24139##24140##24170##24123##24120##24105,2931908.417##1333652.1365##4774687.277##1954999.3675##3194150.024##3057122.878##2895289.0935##640247.527##603628.2035,9,1226317.4
2022,67,1,6,2,1,23155##23158##23174##23108##23094##23086##23119,2205428.2895##4774687.277##3057122.878##1946730.488##3194150.024##1901842.285##3012234.675,7,1533548.35
2022,67,1,6,2,2,24143##24163##24156##24139##24140##24170##24176##24123##24067##24150##24120,2931908.417##1333652.1365##4774687.277##1954999.3675##3194150.024##3057122.878##3347714.929##2895289.0935##2277485.668##1946730.488##640247.527,11,2338840.61
2022,67,1,7,2,1,23158##23108##23142##23103##23086##23085##23170,4774687.277##1946730.488##1542736.661##2967346.472##1901842.285##3203600.172##760736.914,7,740111.84
2022,67,1,7,2,2,24143##24163##24139##24142##24176##24067,2931908.417##1333652.1365##1954999.3675##1542736.661##3347714.929##2277485.668,6,669054.61
2022,67,1,9,2,1,23142##23103##23099##23085##23170,1542736.661##2967346.472##1954999.3675##3203600.172##760736.914,5,573433.45
2022,67,1,9,2,2,24163##24139##24176##24169##24105,1333652.1365##1954999.3675##3347714.929##1901842.285##603628.2035,5,450565.14
2022,67,1,10,2,1,23092##23155##23158##23108##23103##23086##23099##23085##23170##23054,3203600.172##2205428.2895##4774687.277##1946730.488##2967346.472##1901842.285##1954999.3675##760736.914##3171705.9225,10,1338035.54
2022,67,1,10,2,2,24143##24163##24156##24139##24169##24123##24067##24150##24120##24105,2931908.417##1333652.1365##4774687.277##1954999.3675##1901842.285##2895289.0935##2277485.668##1946730.488##640247.527##603628.2035,10,932078.05
2022,67,1,11,2,1,23092##23155##23158##23174##23108##23094##23103##23086##23085##23170##23054,3203600.172##2205428.2895##4774687.277##3057122.878##1946730.488##3194150.024##2967346.472##1901842.285##760736.914##3171705.9225,11,1905818.96
2022,67,1,11,2,2,24143##24163##24156##24139##24140##24170##24176##24104##24067##24150##24120##24105,2931908.417##1333652.1365##4774687.277##1954999.3675##3194150.024##3057122.878##3347714.929##2277485.668##1946730.488##640247.527##603628.2035,12,1749379.11
2022,67,1,12,2,1,21569,2895289.0935,1,300000.18
2022,67,1,12,2,2,24138##24171,2895289.0935##1136380.297,2,320146.31
2022,67,2,3,2,1,23167,602446.935,1,139803.75
2022,67,2,3,2,2,24116##24154##24159##24107##24112,507945.455##598903.1295##5425566.2205##2211334.632,5,359047.43
2022,67,2,4,2,1,23060##23160##23167##23089,598903.1295##5013303.514##602446.935##507945.455,4,985611.24
2022,67,2,4,2,2,24154##24159##24107##24112##24137##24118##24165,598903.1295##5425566.2205##2211334.632##5013303.514##507945.455##636703.7215,7,793400.99
2022,67,2,6,2,1,23060##23162##23167,598903.1295##602446.935,3,782610.98
2022,67,2,6,2,2,24116##24154##24159##24107##24112##24137##24121##24165,507945.455##598903.1295##5425566.2205##2211334.632##5013303.514##5057010.4485##636703.7215,8,1752829.98
2022,67,2,7,2,1,23060##23160,598903.1295##5013303.514,2,234833.23
2022,67,2,7,2,2,24116##24154##24107##24137##24118,507945.455##598903.1295##5425566.2205##5013303.514,5,638416.15
2022,67,2,9,2,1,23162,598903.1295,1,93915.73
2022,67,2,9,2,2,24154##24159##24107,598903.1295##5425566.2205,3,127996.86
2022,67,2,10,2,2,24154##24159##24107##24137##24118,598903.1295##5425566.2205##5013303.514##507945.455,5,384362.74
2022,67,2,11,2,1,23060##23160##23162##23167##23089,598903.1295##5013303.514##602446.935##507945.455,5,860871.9
2022,67,2,11,2,2,24159##24107##24121##24069##24165,598903.1295##5425566.2205##5057010.4485##1768358.9445##636703.7215,5,389765.89
2022,67,3,3,1,4,4154##4452,4,2,2089129.0
2022,67,3,4,1,4,4160##4451##4455,11##7,3,3924143.0
2022,67,3,6,1,4,4158##4161##4449##4453,5##2,4,5492381.0
2022,67,3,7,1,4,4155##4159##4450##4454##4455,4##6##3##7,5,2374394.0
2022,67,3,7,2,2,24128,3116186.303,1,152023.57
2022,67,3,9,1,4,4156##4452##4453,4##2,3,2274870.0
2022,67,3,9,2,2,24128,3116186.303,1,190029.46
2022,67,3,10,1,4,4153##4159##4160##4450##4451##4452,4##6##11,6,3726213.0
2022,67,3,10,2,2,24128,3116186.303,1,38005.89
2022,67,3,11,1,4,4157##4452,4,2,2122441.0
2022,67,3,12,2,1,23156,2955533.787,1,116371.83
2022,69,3,4,1,3,4291,17,1,127090.0
2022,69,3,7,1,3,4295,6,1,126770.0
2022,69,3,10,1,3,4295,6,1,424405.0
2022,69,3,14,1,3,4289,2,1,2508426.0
2022,71,1,4,2,1,24255##24188##24199##24198,10015929.1344##9994379.2032##10068606.744##9991984.7664,4,965941.8
2022,71,1,6,2,1,24234##24185##24224##24255##24249##24197##24188,10008745.824##10071001.1808##10023112.4448##10015929.1344##10042267.9392##10037479.0656##9994379.2032,7,1479889.47
2022,71,1,7,2,1,24224##24254##24179##24178##24214##24188,10023112.4448##10018323.5712##9999168.0768##10099734.4224##10011140.2608##9994379.2032,6,1823884.09
2022,71,1,9,2,1,24224##24197##24179##24178##24214##24232,10023112.4448##10037479.0656##9999168.0768##10099734.4224##10011140.2608##10066212.3072,6,625999.76
2022,71,1,10,2,1,24234##24179,10008745.824##9999168.0768,2,290000.0
2022,71,1,11,2,1,24224##24249##24197##24232##24198,10023112.4448##10042267.9392##10037479.0656##10066212.3072##9991984.7664,5,1553999.77
2022,71,2,4,2,1,24173##24215,10063817.8704##10013534.6976,2,314953.05
2022,71,2,6,2,1,24186,10054240.1232,1,324000.0
2022,71,2,7,2,1,24173,10063817.8704,1,280000.0
2022,71,2,9,2,1,24186,10054240.1232,1,76000.0
2022,71,2,10,2,1,24184##24173,10056634.56##10063817.8704,2,530000.0
2022,71,2,11,2,1,24174##24189##24215,10030295.7552##10001562.5136##10013534.6976,3,734967.91
2022,71,3,3,1,3,4342,4,1,495000.0
2022,71,3,4,1,3,4273,7,1,1000000.0
2022,71,3,6,1,3,4272##4277##4334##4335##4344,5##2##1,5,10088798.0
2022,71,3,6,1,4,4084##4087,5##2,2,6916073.0
2022,71,3,7,1,3,4274##4340##4343,6##3,3,1117986.0
2022,71,3,7,1,4,4088,3,1,400000.0
2022,71,3,9,1,3,4276##4277##4342,4##2,3,1820000.0
2022,71,3,9,1,4,4085##4087,4##2,2,2384015.0
2022,71,3,10,1,3,4274##4275##4340##4341,6##11,4,1732017.0
2022,71,3,10,1,4,4086,12,1,298571.0
2022,71,3,11,1,3,4342,4,1,1260000.0
2022,72,1,1,2,1,23242,4768244.85,1,180000.0
2022,72,1,4,2,1,23275##23251##23295##24157##24141,4873230.225##4951492.05##5604310.2##5134739.25,5,1126157.51
2022,72,1,4,2,2,23429##23361,4682347.725##4873230.225,2,347000.0
2022,72,1,6,2,2,23385##23361,3120928.875##4873230.225,2,453000.0
2022,72,1,7,2,1,23296##24164,5604310.2,2,451396.0
2022,72,1,7,2,2,23455,7631482.35,1,132060.0
2022,72,1,9,2,1,23244##23292##23303##23296,5186277.525##4806421.35##4768244.85##5604310.2,4,1319004.73
2022,72,1,9,2,2,23455##23436##23449,7631482.35##3025487.625##3042667.05,3,677336.57
2022,72,1,10,2,2,23319##23370##23373##23387##23418##23460,5144283.375##4852233.15##4758700.725##5134739.25##5218727.55##3193464.225,6,1074981.55
2022,72,1,11,2,1,23247##23280##23251##23295##24164##24129##24141,4873230.225##4758700.725##4951492.05##5604310.2,7,2407192.59
2022,72,1,11,2,2,23436##23449##23392##23467##23361,3025487.625##3042667.05##7866267.825##4823600.775##4873230.225,5,1454593.75
2022,72,2,1,2,1,23288,3533235.075,1,130000.0
2022,72,2,3,2,2,23321##23334##23358##23368##23405##23408,3533235.075##7877720.775##7864359.0##3088478.85##3044575.875,6,1075001.85
2022,72,2,4,2,1,24146,3533235.075,1,150000.0
2022,72,2,4,2,2,23344,7862450.175,1,99999.96
2022,72,2,6,2,2,23369##23402##23404,3596226.3##3248820.15##7639117.65,3,349512.71
2022,72,2,7,2,1,23253##23262##23274##23289##24152##24131,3256455.45##7644844.125##3220187.775##3033122.925,6,1800042.33
2022,72,2,7,2,2,23372##23396##23413##23423##23452##23464##23466,3256455.45##3224005.425##3033122.925##7644844.125##7889173.725##3220187.775##7879629.6,7,866122.53
2022,72,2,9,2,1,23241,7864359.0,1,180021.08
2022,72,2,9,2,2,23351##23384##23437##23469,3092296.5##7620029.4##7864359.0##7879629.6,4,580017.38
2022,72,2,10,2,2,23307##23340##23390##23394##23406##23410##23433##24313##23408,3107567.1##7889173.725##3241184.85##7629573.525##3044575.875##3109475.925##7621938.225##7877720.775,9,1323899.35
2022,72,2,11,2,1,23239##23245##24147##24148##24161##24131,3096114.15##3044575.875##3596226.3##7879629.6##3256455.45,6,1122008.96
2022,72,2,11,2,2,23408##23305##23325##23350##23407##23444##23459,3044575.875##3208734.825##3224005.425##3092296.5##3187737.75##3124746.525,7,1313001.27
2022,72,3,1,1,3,4401,7,1,498502.0
2022,72,3,1,2,1,23300##23285,4789241.925##5027845.05,2,740520.01
2022,72,3,1,2,2,23457##23377,5027845.05##4789241.925,2,1044304.25
2022,72,3,2,1,3,4401,7,1,373877.0
2022,72,3,4,1,3,4401,7,1,747753.0
2022,72,3,4,2,1,23285##23301##24144##24160,5027845.05##4789241.925,4,1395219.08
2022,72,3,4,2,2,23377##23434,4789241.925##5027845.05,2,822848.04
2022,72,3,6,1,3,4237,2,1,10000000.0
2022,72,3,6,1,4,4366,5,1,400000.0
2022,72,3,6,2,2,23456,4789241.925,1,200000.0
2022,72,3,7,1,3,4236##4401##4402,4##7,3,1724251.0
2022,72,3,7,1,4,4365,4,1,765000.0
2022,72,3,9,1,3,4236,4,1,2550000.0
2022,72,3,9,1,4,4365##4366,4##5,2,6550000.0
2022,72,3,10,1,3,4402,4,1,175000.0
2022,72,3,10,2,2,23454,5010665.625,1,199999.05
2022,72,3,11,1,3,4236##4401##4402,4##7,3,3448128.0
2022,72,3,11,1,4,4365,4,1,1785000.0
2022,72,3,11,2,1,23250##23287##24166,4789241.925##5050750.95,3,997809.72
2022,72,3,11,2,2,23377##23443,4789241.925##5050750.95,2,697769.7
2022,72,3,12,1,3,4403,2,1,501158.0
2022,72,3,12,1,4,4364,7,1,500000.0
2022,72,3,14,1,3,4402,4,1,475000.0
2022,73,1,3,2,2,22476##22608##24053,3875356.8624##4352159.8097##3936290.1464,3,800000.03
2022,73,1,4,2,2,22532##22565##22587##22588##22606##24001##24011##24072,3875356.8624##763189.3821##3727593.6487##4352159.8097##4262283.2158,8,3301126.21
2022,73,1,6,2,2,22523##22569##22617##23985##24049##24052##24059##24071,4343019.8171##3936290.1464##3727593.6487##763189.3821##4160219.9651,8,3395278.84
2022,73,1,7,2,1,21947,4240956.5664,1,499996.6
2022,73,1,7,2,2,22516##22633##24035,4160219.9651##4205919.9281,3,1501089.38
2022,73,1,10,2,2,22503##22577##22643##24000##24016##24023##24034##24068,4052063.386##3936290.1464##4285133.1973##2813594.3887##3875356.8624##4423756.4184,8,2359711.88
2022,73,1,11,2,2,22480##22510##22547##24010,4262283.2158##4343019.8171##4181546.6145,4,1524959.02
2022,73,1,12,2,1,21946,3727593.6487,1,406862.49
2022,73,2,3,2,2,22484##22508##23996##24013,2700867.8133##2764847.7615,4,935246.35
2022,73,2,4,2,2,22520##22522##22567##22631##24057,1023679.1712##667219.4598,5,1864328.5
2022,73,2,6,2,2,22490##22581##24039,720536.0833##709872.7586,3,1290044.47
2022,73,2,10,2,2,22564##23986##24017,676359.4524##1200385.6948,3,844347.35
2022,73,2,11,2,2,22542##23426##24095,667219.4598##697686.1018,3,1024495.28
2022,73,3,7,2,2,24018##24051,3992653.4341##4073390.0354,2,1262780.34
2022,73,3,12,2,1,21582,4023120.0761,1,380449.2
2022,74,3,6,1,3,4336##4358,5,2,1950280.0
2022,74,3,7,1,3,4337##4339##4360##4361,6##3,4,3703676.0
2022,74,3,9,1,3,4338##4359##4360,4##3,3,2289317.0
2022,74,3,11,1,3,4338##4359,4,2,2128160.0
2022,80,1,3,2,1,23397##23378##24315##24384##24382##24383,335679.5904##333247.1296##368604.6848##329945.9328,6,1224956.96
2022,80,1,3,2,2,21621##21812##21851,340544.512##333247.1296##329945.9328,3,1132500.36
2022,80,1,4,2,1,21592##21591##24373,334202.7392##328729.7024##336027.0848,3,1200967.02
2022,80,1,6,2,1,21583##21716##21588##21803##21804##21586##21593##23379##24384##24380,344366.9504##336374.5792##335853.3376##360091.072##327426.5984##335679.5904##333247.1296##368604.6848##333160.256,10,4622857.53
2022,80,1,6,2,2,21661##21662##21875##21724,335679.5904##327687.2192##334202.7392,4,1574432.42
2022,80,1,7,2,1,21595##21591##23379##23383##24310##24311##24314##24380##24376##24388##24375##24385##24381,328642.8288##328729.7024##333247.1296##335853.3376##343932.5824##333073.3824##329945.9328##333160.256##338285.7984##335679.5904,13,4374640.83
2022,80,1,7,2,2,21661##21662##21621##21659##21677##21620##21613##21680##21653##21812##21784##21868##21769,335679.5904##340544.512##338285.7984##330119.68##338112.0512##327426.5984##333247.1296##328729.7024##329598.4384##328382.208,13,5866285.41
2022,80,1,9,2,1,21588##21803##21804##21586##21584##21714##21595##21591##23379##24376##24388,335853.3376##344366.9504##360091.072##327426.5984##333247.1296##335679.5904##328642.8288##328729.7024##338285.7984,11,3330563.78
2022,80,1,9,2,2,21661##21659##21677##21620##21613##21680##21812##21784##21868##21746##21769,335679.5904##338285.7984##330119.68##340544.512##338112.0512##327426.5984##333247.1296##328729.7024##329598.4384##335853.3376##328382.208,11,3944760.18
2022,80,1,10,2,1,21592##21593##23379##23383##24316##24312##24384##24388##24379##24386##24373##24382##24383,334202.7392##335679.5904##333247.1296##335853.3376##368604.6848##327426.5984##331683.4048##336027.0848##329945.9328,13,3444010.87
2022,80,1,10,2,2,21661##21662##21875##21620##21613##21653##21812##21618##21821##21868##21851##21724##21746##21800##21769,335679.5904##327687.2192##340544.512##338112.0512##327426.5984##333247.1296##343932.5824##329598.4384##329945.9328##334202.7392##335853.3376##328382.208,15,8786266.18
2022,80,1,11,2,1,21586##21714##21585##21592##21593##23379##23415##23378##23383##24312##24314##24388##24375##24385##24374##24377##24382##24383##24381,327426.5984##335679.5904##329945.9328##334202.7392##333247.1296##357745.4848##335853.3376##343932.5824##338112.0512##333160.256,19,8879167.83
2022,80,1,11,2,2,21661##21662##21875##21613##21680##21812##21851##21724##21746##21800##21769,335679.5904##327687.2192##338112.0512##327426.5984##333247.1296##329945.9328##334202.7392##335853.3376##328382.208,11,4539100.55
2022,80,2,3,2,1,23560,337243.3152,1,379372.55
2022,80,2,4,2,1,23400,340805.1328,1,497675.96
2022,80,2,6,2,1,21594,342803.2256,1,199500.43
2022,80,2,7,2,2,21857,327339.7248,1,174993.14
2022,80,2,9,2,1,24324##23561,339936.3968##337243.3152,2,338349.34
2022,80,2,9,2,2,21857,327339.7248,1,174993.14
2022,80,2,10,2,1,23439##23561##23556##23557,338980.7872##337243.3152##341326.3744,4,2136108.36
2022,80,2,10,2,2,21857##21799##21870##21698##21699##21742,327339.7248##340805.1328##343671.9616##338546.4192##337243.3152,6,1664989.27
2022,80,2,11,2,1,21587##21594##23558##23559##23560,329424.6912##342803.2256##344019.456##339936.3968##337243.3152,5,1497085.52
2022,80,2,11,2,2,21698##21699##21742,338546.4192##337243.3152,3,722661.33
2022,80,3,3,1,3,4375,4,1,697793.0
2022,80,3,3,1,4,4134,4,1,1647009.0
2022,80,3,4,1,3,4373##4374,7##11,2,3000000.0
2022,80,3,4,1,4,4133,11,1,3500000.0
2022,80,3,4,2,1,22373,334810.8544,1,2000000.0
2022,80,3,6,1,3,4208,5,1,12000000.0
2022,80,3,7,1,3,4376,3,1,1299676.0
2022,80,3,7,1,4,4135,3,1,2405325.0
2022,80,3,7,2,2,21774,330293.4272,1,208000.0
2022,80,3,9,1,3,4209,4,1,3990054.0
2022,80,3,9,1,4,4132,2,1,4100030.0
2022,80,3,9,2,1,22584,335592.7168,1,1975995.65
2022,80,3,10,1,4,4134##4139,4##6,2,4175864.0
2022,80,3,11,1,3,4209##4375,4,2,4014182.0
2022,80,3,11,1,4,4134,4,1,4117524.0
2022,80,3,11,2,1,22584,335592.7168,1,493998.91
2022,80,3,11,2,2,21774,330293.4272,1,192000.0
2022,80,3,12,1,3,4210,2,1,1000000.0
2022,87,1,1,2,1,23898##23917,65561.2902##388.857,2,699982.17
2022,87,1,1,2,2,21465,25353.4764,1,199930.68
2022,87,1,3,2,2,21496,26286.7332,1,387503.24
2022,87,1,4,2,2,21510,1244.3424,1,385000.0
2022,87,1,6,2,1,21972##21993##22052##22055##22056##22740##22765##22798##23925##23941##23956,62917.0626##65950.1472##37796.9004##311.0856##13221.138##65561.2902##2955.3132##1244.3424,11,5788903.55
2022,87,1,6,2,2,21434##21442##21498##21534,16098.6798##11121.3102##37796.9004##311.0856,4,1199998.98
2022,87,1,7,2,1,22070##22000##21996##22038##22693##22721##23884##23934##23937##23948##23910,64783.5762##9799.1964##68127.7464##67038.9468##11121.3102##622.1712##2955.3132##12210.1098,11,2905021.29
2022,87,1,7,2,2,21431##21554,16098.6798##2955.3132,2,805000.0
2022,87,1,9,2,1,22000##21996##22693##22721##23884##23934##23937##23948##23910,9799.1964##68127.7464##11121.3102##622.1712##2955.3132##12210.1098,9,2296780.31
2022,87,1,9,2,2,21431##21554##21513,16098.6798##2955.3132##26286.7332,3,1244927.41
2022,87,1,10,2,1,22722##23942##23881,68127.7464##16098.6798,3,899551.46
2022,87,1,10,2,2,21496##21510,26286.7332##1244.3424,2,331072.82
2022,87,1,11,2,1,22003##22007##22030##22060##22038##22697##22720##22734##23885##23911##23918,4121.8842##64705.8048##1244.3424##65561.2902##67038.9468##11121.3102##9565.8822##62917.0626##622.1712##12210.1098##11743.4814,11,5572091.73
2022,87,1,11,2,2,21513##21453##21475##21490##21556,26286.7332##4821.8268##37796.9004##311.0856##65561.2902,5,2489100.94
2022,87,1,13,2,1,21878,63150.3768,1,300000.05
2022,87,2,1,2,1,21985##21988##22739##23864##23874##23906##23926##23930,63928.0908##65872.3758##68672.1462##62839.2912##26597.8188,8,2795954.38
2022,87,2,1,2,2,21464##21494,66494.547##65872.3758,2,409593.32
2022,87,2,3,2,2,21420##21463,64083.6336##66416.7756,2,1244764.2
2022,87,2,4,2,1,21970##21990##22037##23907##23883,4199.6556##64316.9478##62839.2912##63072.6054,5,3349928.01
2022,87,2,4,2,2,21493##21471,68983.2318##63072.6054,2,1634705.39
2022,87,2,6,2,1,22005##22018##22695##22699##22737##23877##23913##23927##23943,65327.976##67116.7182##63539.2338##6843.8832##62528.2056##68516.6034##26597.8188,9,3707487.42
2022,87,2,6,2,2,21437##21472##21488##21518##21538##21560,62528.2056##62372.6628##62994.834##15632.0514##63228.1482##67816.6608,6,2299371.75
2022,87,2,7,2,1,22015##21976##21977##21978##21992##22011##22763##22692##22698##22705##22715##23903##23908##23935##23944##23878##23912,62372.6628##22164.849##66883.404##65016.8904##68205.5178##66027.9186##69449.8602##63694.7766##66339.0042##67116.7182##65250.2046##27064.4472,17,3922669.47
2022,87,2,7,2,2,21427##21433##21440##21505##21430##21535##21460##21502##21524,66727.8612##64083.6336##68827.689##27608.847##15865.3656##26753.3616##69449.8602##67194.4896,9,2125902.27
2022,87,2,9,2,1,21976##21977##21978##21992##22011##22763##22692##22698##22705##22715##23903##23908##23935##23944##23878##23912,22164.849##66883.404##65016.8904##68205.5178##66027.9186##69449.8602##63694.7766##66339.0042##67116.7182##65250.2046##27064.4472,16,4247317.27
2022,87,2,9,2,2,21430##21535##21460##21502##21524##21478##21508,66727.8612##15865.3656##26753.3616##69449.8602##67194.4896##68205.5178##67816.6608,7,1941560.03
2022,87,2,10,2,1,21975##21973##21981##22746##23882##23883,67738.8894##63539.2338##69372.0888##67661.118##64316.9478,6,1449047.62
2022,87,2,10,2,2,21494##21420##21463##21427##21433##21440##21505##21493,65872.3758##64083.6336##66416.7756##66727.8612##68827.689##27608.847##68983.2318,8,1010123.6
2022,87,2,11,2,1,21979##21984##21991##21998##22006##22027##22039##22696##22700##22742##23902##23909##23915##23916##23938##23939,65250.2046##63928.0908##17187.4794##63228.1482##65327.976##66805.6326##5988.3978##63539.2338##67116.7182##27064.4472##63694.7766##67272.261,16,7893311.89
2022,87,2,11,2,2,21478##21422##21444##21466##21477##21532##21533##21540##21555##21508,68205.5178##18976.2216##15865.3656##3344.1702##62528.2056##65405.7474##67272.261##27608.847##65172.4332##67816.6608,10,4993413.82
2022,87,3,4,1,3,4071##4467##4469,11##7,3,3999300.0
2022,87,3,6,1,3,4068##4072##4234,5##2,3,11643345.0
2022,87,3,7,1,3,4070##4075##4235##4351,6##3,4,6924876.0
2022,87,3,8,2,1,22046,1944.285,1,500000.0
2022,87,3,9,1,3,4234##4347,2##4,2,2350001.0
2022,87,3,9,2,2,21552,1944.285,1,1999798.25
2022,87,3,10,1,3,4070##4071##4232##4350##4468##4469##4470,6##11##4,7,4503549.0
2022,87,3,11,1,3,4069##4074##4231##4233##4347##4348##4467##4470,7##4,8,16571997.0
2022,87,3,12,1,3,4073##4234##4349,2,3,2010001.0
2022,88,1,1,2,2,22821,477126.1,1,499304.5
2022,88,1,3,2,1,23899,480791.08,1,499232.79
2022,88,1,3,2,2,22717##22908##22820##22710##22816,473596.86##475768.7##487849.56##476990.36##473868.34,5,2393685.48
2022,88,1,4,2,1,23895,472782.42,1,478833.05
2022,88,1,4,2,2,22759##22710##22757##23023,544996.1##476990.36##475768.7,4,765874.41
2022,88,1,6,2,1,23896,544996.1,1,500000.0
2022,88,1,7,2,1,22749##23894,501695.04##482284.22,2,641843.54
2022,88,1,7,2,2,22851##22995##22759##22867,472646.68##482284.22##544996.1##473325.38,4,1242302.52
2022,88,1,9,2,1,23894,482284.22,1,300995.03
2022,88,1,9,2,2,22908##22851##22995##23118##22820##22758##22853,475768.7##472646.68##482284.22##476583.14##487849.56##544996.1##476854.62,7,2588827.93
2022,88,1,10,2,1,23893##23901##23919,474954.26##472782.42##482284.22,3,797226.55
2022,88,1,10,2,2,22759##22758##22876##22816##22867,544996.1##472646.68##473868.34##473325.38,5,1445752.3
2022,88,1,11,2,1,23897,474547.04,1,390000.0
2022,88,1,11,2,2,22710##22757##22800##22801##22910##22853##23023,476990.36##470746.32##471560.76##474547.04##476854.62##475768.7,7,2754705.42
2022,88,1,12,2,1,22317,472375.2,1,424554.56
2022,88,2,3,2,2,22768##22962,493550.64##489206.96,2,599902.83
2022,88,2,4,2,2,22892##23038##22752,540516.68##506038.72##495179.52,3,742356.82
2022,88,2,7,2,1,23900,507396.12,1,249987.31
2022,88,2,7,2,2,22719##22909##23091##22716##22846,496129.7##546082.02##507260.38##507396.12##486356.42,5,1713949.11
2022,88,2,9,2,2,22716,507396.12,1,169050.0
2022,88,2,10,2,2,22731##22849##23115##22846##22752,499115.98##488256.78##489885.66##486356.42##495179.52,5,1499998.53
2022,88,2,11,2,2,22825##23038##22752,509160.74##506038.72##495179.52,3,874986.39
2022,88,3,1,1,3,4217##4220,11##7,2,1079498.0
2022,88,3,1,2,1,23922,470203.36,1,720000.01
2022,88,3,1,2,2,22864,470203.36,1,1004644.54
2022,88,3,3,1,4,4473,4,1,999752.0
2022,88,3,4,1,3,4197##4220,7,2,5200000.0
2022,88,3,4,2,1,23923##23887,470203.36,2,2770757.1
2022,88,3,4,2,2,22864,470203.36,1,3683696.66
2022,88,3,6,1,3,4200##4215##4255##4257,2##5,4,7867999.0
2022,88,3,6,2,1,23890##23888,469931.88##470339.1,2,1300017.14
2022,88,3,7,1,3,4216##4219##4220##4258,6##3##7,4,5620007.0
2022,88,3,7,1,4,4475,3,1,2000000.0
2022,88,3,7,2,1,23889,469796.14,1,600000.0
2022,88,3,7,2,2,23139##23033##22864,470610.58##469796.14##470203.36,3,1920791.34
2022,88,3,8,2,1,21570##21787##21788,470339.1##470203.36,3,13002099.13
2022,88,3,9,1,3,4199##4200##4214##4218##4254##4257,4##2,6,6825825.0
2022,88,3,9,2,1,23888,470339.1,1,200004.23
2022,88,3,9,2,2,23033,469796.14,1,261850.25
2022,88,3,10,1,3,4198##4199##4216##4217,11##4##6,4,2992917.0
2022,88,3,10,1,4,4471,11,1,2599958.0
2022,88,3,10,2,2,23139,470610.58,1,149985.0
2022,88,3,11,1,3,4197##4214##4220##4254,7##4,4,9220013.0
2022,88,3,11,1,4,4473,4,1,999753.0
2022,88,3,11,2,1,23887##23936,470203.36,2,1697296.0
2022,88,3,11,2,2,23033##22864,469796.14##470203.36,2,419642.03
2022,88,3,12,2,1,23922,470203.36,1,180000.0
2022,88,3,14,1,3,4256,7,1,1200000.0
2022,88,3,14,1,4,4472##4474,7##2,2,7400001.0
2022,89,3,3,1,3,4300,4,1,212501.0
2022,89,3,6,1,3,4298,5,1,1900000.0
2022,89,3,7,1,3,4299,1,1,1249987.0
2022,89,3,9,1,3,4300,4,1,212500.0
2022,89,3,10,1,3,4300,4,1,212500.0
2022,89,3,11,1,3,4300,4,1,212500.0
2022,89,3,14,1,3,4301,2,1,1000000.0
2022,91,1,2,2,2,22651##22647##22984##22656,3259818.051##3327649.399##3507663.361,4,1155673.25
2022,91,1,3,2,2,22603##22644##22863##22651##22771##22878##22649,5185184.775##3613323.73##2231912.239##3259818.051##2239738.933##3681155.078##3203726.744,7,3027770.73
2022,91,1,4,2,1,23963##23984,3203726.744##3327649.399,2,906117.65
2022,91,1,4,2,2,22656,3507663.361,1,218295.9
2022,91,1,6,2,2,22628##22657##22784##22787##22828##22890##22891##23037##22649,3203726.744##3622454.873##2106685.135##845282.952##3926391.49##3674632.833##3591148.097,9,5905786.2
2022,91,1,7,2,1,23707,3306778.215,1,283329.86
2022,91,1,7,2,2,22984##22817,3259818.051##3306778.215,2,620838.11
2022,91,1,9,2,2,22691,845282.952,1,1074400.0
2022,91,1,10,2,2,22863##22651##22771##22984##22677##22679##22656##22615,2231912.239##3259818.051##2239738.933##5730444.457##2106685.135##3507663.361##5568692.781,8,3035821.6
2022,91,1,11,2,1,23707##23702##23703##23724##23732##23760##23815##23821,3306778.215##3926391.49##845282.952##3622454.873##3507663.361##3203726.744##2231912.239##3681155.078,8,3443618.62
2022,91,1,11,2,2,22771##22878##22817##22691##22656##22624##22646##22777##22795##22649##22615,2239738.933##3681155.078##3306778.215##845282.952##3507663.361##3327649.399##3622454.873##3926391.49##3203726.744##5568692.781,11,5599180.35
2022,91,2,3,2,2,22944##23008,1810575.212##1385324.838,2,525429.59
2022,91,2,4,2,1,23968,2276263.505,1,647902.9
2022,91,2,4,2,2,23008##22779##22939,1385324.838##1305753.449##5410854.452,3,560791.84
2022,91,2,6,2,2,23008##22686##22972,1385324.838##623526.622##632657.765,3,832268.03
2022,91,2,7,2,2,23008##22736##22767##22806##22812##22869##22929##22945##23011##22943,1385324.838##1963195.745##1451851.737##649615.602##2440624.079##1978849.133##5410854.452##1377498.144##5288236.246,10,2799755.83
2022,91,2,9,2,2,22889##22943,1360540.307##1385324.838,2,431847.19
2022,91,2,10,2,2,23008##22943##23032,1385324.838##2406708.405,3,404691.86
2022,91,2,11,2,2,22943,1385324.838,1,33065.24
2022,91,3,2,1,4,4189,1,1,1500000.0
2022,91,3,3,1,4,4187,4,1,550061.0
2022,91,3,4,1,4,4186,11,1,5000000.0
2022,91,3,4,2,1,23905##23960,3432005.319##644397.806,2,2663867.99
2022,91,3,4,2,2,22895,3432005.319,1,799992.86
2022,91,3,6,1,4,4183##4188,5##2,2,8999999.0
2022,91,3,7,1,4,4185##4190,6##3,2,3210000.0
2022,91,3,7,2,1,23746##23827,3446354.258##3489401.075,2,2999986.82
2022,91,3,7,2,2,22785##22971,644397.806##3422874.176,2,2020905.54
2022,91,3,9,1,4,4187,4,1,1250138.0
2022,91,3,9,2,2,22953##22974,3476356.585##3489401.075,2,4005799.34
2022,91,3,10,1,4,4184##4185##4187,20##6##4,3,1815865.0
2022,91,3,10,2,2,22872##22950,3422874.176##5888282.786,2,1135817.31
2022,91,3,11,1,4,4187,4,1,1000110.0
2022,91,3,11,2,1,23829,3446354.258,1,599944.42
2022,91,3,14,1,4,4187,4,1,1650182.0
2022,91,4,7,2,1,23830,3673328.384,1,297314.82
2022,97,3,6,1,3,4283##4284##4396,2##5,3,1352000.0
2022,97,3,6,1,4,4428,2,1,2200000.0
2022,97,3,7,1,3,4282##4285##4397,4##6##3,3,2062000.0
2022,97,3,7,1,4,4424,6,1,339500.0
2022,97,3,9,1,3,4282##4283,4##2,2,2096500.0
2022,97,3,9,1,4,4426,4,1,1000000.0
2022,97,3,10,1,3,4282##4285,4##6,2,291500.0
2022,97,3,10,1,4,4424##4427,6##17,2,980500.0
2022,97,3,11,1,3,4282##4395,4,2,1198000.0
2022,97,3,13,1,4,4425,11,1,3480000.0
2022,98,1,1,2,1,21576##21908,5686366.3254##5463720.8154,2,1228000.0
2022,98,1,3,2,1,21890##21915,9872101.9134##9834252.1767,2,1025525.45
2022,98,1,3,2,2,23506##23478##23523,9872101.9134##9834252.1767##6481210.7961,3,1824018.63
2022,98,1,4,2,1,21576##21581##21578##21633##21731##21898##21888##21908##22936##23007##23123,5686366.3254##5463720.8154##6438908.1492##5991390.6741##9800855.3502##9807534.7155##9832025.7216,11,8600710.71
2022,98,1,4,2,2,23523##23516##23474##23517##23498##23526##23492##23519##23477##23486,6481210.7961##6040372.6863##9921083.9256##9896592.9195##9878781.2787##10201617.2682##5463720.8154##9818666.991##5686366.3254##9827572.8114,10,7949662.73
2022,98,1,6,2,1,21581##21668##21578##21579##21718##21633##21731##21883##21891##21908,5463720.8154##9809761.1706##6438908.1492##6040372.6863##9811987.6257##5991390.6741##9800855.3502##9827572.8114,10,11077562.4
2022,98,1,6,2,2,23551##23516##23492##23477##23486,9809761.1706##6040372.6863##5463720.8154##5686366.3254##9827572.8114,5,5558348.81
2022,98,1,7,2,1,21375##21625##21634##21725##21639##21718##21891##21904,4223585.3247##6312000.2085##9840931.542##9807534.7155##9811987.6257##9827572.8114,8,4956327.58
2022,98,1,7,2,2,23483##23420##23517##23486,9945574.9317##9807534.7155##9896592.9195##9827572.8114,4,1246269.59
2022,98,1,9,2,1,21717,6481210.7961,1,260000.0
2022,98,1,10,2,1,21576##21581##21578##21639##21718##21717##21654##21633##21915,5686366.3254##5463720.8154##6438908.1492##9807534.7155##9811987.6257##6481210.7961##6561363.1797##5991390.6741##9834252.1767,9,5980004.76
2022,98,1,10,2,2,23478##23521##23545##23565##23566##23420##23517##23492##23519##23477,9834252.1767##10197164.358##10199390.8131##9872101.9134##6663780.1143##9807534.7155##9896592.9195##5463720.8154##9818666.991##5686366.3254,10,8349596.1
2022,98,1,11,2,1,21350##21576##21581##21578##21579##21731##21891##21888##21908##21886,6312000.2085##5686366.3254##5463720.8154##6438908.1492##6040372.6863##9800855.3502##9827572.8114##9852063.8175,10,5637818.06
2022,98,1,11,2,2,23516##23492##23486,6040372.6863##5463720.8154##9827572.8114,3,2644583.08
2022,98,1,12,2,1,21581##21891,5463720.8154##9827572.8114,2,769484.04
2022,98,1,14,2,1,21882##21889##21894##21898##21908,9809761.1706##9829799.2665##9823119.9012##5686366.3254##5463720.8154,5,11047539.39
2022,98,1,14,2,2,23499##23521##23474##23519##23477,9809761.1706##10197164.358##9921083.9256##9818666.991##5686366.3254,5,3751692.78
2022,98,2,1,2,2,23493##23574##23575##23502,4252529.241##4225811.7798##9041634.1611##9282091.3119,4,5689770.21
2022,98,2,3,2,1,21907,9277638.4017,1,214929.73
2022,98,2,3,2,2,23518##23568##23482,4216905.9594##9956707.2072##9277638.4017,3,1706324.93
2022,98,2,4,2,1,21571##21642##21572##21901##21884##21896##21900##22982##22991##23000##23039##23095##23128,4228038.2349##4239170.5104##8852385.4776##4230264.69##4252529.241##4243623.4206##4268114.4267##4301511.2532,13,8786548.57
2022,98,2,4,2,2,23502##23555##23504##23513##23482##23488,9282091.3119##9883234.1889##9934442.6562##4225811.7798##9277638.4017##8852385.4776,6,2733813.37
2022,98,2,5,2,1,21896,4228038.2349,1,273319.04
2022,98,2,6,2,1,21364##21571##21642##21925##21884##21896##21903,4301511.2532##4228038.2349##4239170.5104##4252529.241##8852385.4776,7,3075616.47
2022,98,2,6,2,2,23512##23504##23488,4301511.2532##9934442.6562##8852385.4776,3,1701335.97
2022,98,2,7,2,1,21347##21571##21884##21896##21903,4228038.2349##4252529.241##8852385.4776,5,904206.43
2022,98,2,10,2,1,21577##21642##21899##21884##21896,9041634.1611##4239170.5104##9938895.5664##4252529.241##4228038.2349,5,854626.98
2022,98,2,10,2,2,23493##23574##23575##23494##23527##23570##23568##23504##23513,4252529.241##4225811.7798##9041634.1611##9938895.5664##4239170.5104##9956707.2072##9934442.6562,9,3270778.04
2022,98,2,11,2,1,21347##21571##21572##21884##21900##21903,4228038.2349##8852385.4776##4252529.241##4243623.4206,6,1768660.02
2022,98,2,11,2,2,23502##23553##23482##23488,9282091.3119##9277638.4017##8852385.4776,4,2403413.57
2022,98,2,12,2,1,21903,8852385.4776,1,43566.97
2022,98,2,14,2,1,21907##21912##21901,9277638.4017##4239170.5104##4230264.69,3,6745573.94
2022,98,2,14,2,2,23491##23500,4239170.5104##10061350.5969,2,4616056.6
2022,98,3,3,1,3,4162##4172,4,2,2200000.0
2022,98,3,3,2,1,21655,5895653.1048,1,0.0
2022,98,3,4,1,3,4146##4147##4150##4170##4171,7##11,5,9489999.0
2022,98,3,4,2,1,21329##22983##23097,5868935.6436##5588402.301,3,16830971.4
2022,98,3,4,2,2,23511,5588402.301,1,3974400.06
2022,98,3,5,2,1,21920,9791949.5298,1,248130.64
2022,98,3,6,1,3,4145##4176,5##2,2,11550041.0
2022,98,3,6,2,1,21353##21363##21913##23122,5588402.301##9030501.8856,4,4597475.43
2022,98,3,6,2,2,23511##23525,5588402.301##9030501.8856,2,5048758.93
2022,98,3,7,1,3,4152##4162##4172##4173##4175,3##4##6,5,11539869.0
2022,98,3,7,2,1,21629##21685##21916,5588402.301##9805308.2604##8979293.4183,3,8900498.68
2022,98,3,7,2,2,23511##23453##23480,5588402.301##5895653.1048##9805308.2604,3,3010243.45
2022,98,3,8,2,1,21663,9791949.5298,1,1000000.06
2022,98,3,10,1,3,4148##4150##4162##4171##4172##4174##4175,6##11##4##20,7,8193882.0
2022,98,3,10,2,1,21329##21892,5868935.6436##5846671.0926,2,1732449.52
2022,98,3,10,2,2,23511##23475##23453,5588402.301##5868935.6436##5895653.1048,3,5256453.43
2022,98,3,11,1,3,4162##4172,4,2,2200000.0
2022,98,3,11,2,1,21655,5895653.1048,1,5364382.38
2022,98,3,11,2,2,23453##23480,5895653.1048##9805308.2604,2,3954043.44
2022,98,3,12,1,3,4151##4176,2,2,3800011.0
2022,98,3,12,2,1,21655,5895653.1048,1,0.0
2022,98,3,13,1,3,4149,11,1,1000090.0
2022,98,3,14,1,3,4145##4146##4147##4150##4170##4171##4172,5##7##11##4,7,10529997.0
2022,98,3,14,2,1,21929,5868935.6436,1,5051014.95
2022,98,3,14,2,2,23525,9030501.8856,1,999989.73
2022,102,1,3,2,2,22553##22571##22492,9844313.2554##9570795.1716##9900419.529,3,195920.58
2022,102,1,4,2,2,22553##22573##22571##22492##24031##24093,9844313.2554##9591835.0242##9570795.1716##9900419.529##9575470.6944,6,466525.76
2022,102,1,6,2,2,22571##22492##24028##24031##24093,9570795.1716##9900419.529##10676556.3138##9575470.6944,5,745748.92
2022,102,1,7,2,2,22492##24113,9900419.529##10655516.4612,2,184000.0
2022,102,1,9,2,2,22553,9844313.2554,1,18806.79
2022,102,1,10,2,2,22553##22573##22492##24028##24031##24113##24093,9844313.2554##9591835.0242##9900419.529##10676556.3138##10655516.4612##9575470.6944,7,973528.04
2022,102,1,11,2,2,22553##22573##22492##24031##24113##24093,9844313.2554##9591835.0242##9900419.529##10655516.4612##9575470.6944,6,591174.96
2022,102,2,3,2,2,22618##22590##22537##22545##24100##24060##24126##24102##24115,9573132.933##9549755.319##9839637.7326##9872366.3922##9601186.0698##9851326.5396##10692920.6436##9856002.0624##10662529.7454,9,1117277.61
2022,102,2,4,2,2,22592##22541##24126##24033##24091,9856002.0624##9589497.2628##10692920.6436##9853664.301##9584821.74,5,410225.09
2022,102,2,6,2,2,22590##22545##22541##24081##24114##24126##24102##24115##24033##24125##24089,9549755.319##9872366.3922##9589497.2628##9905095.0518##9552093.0804##10692920.6436##9856002.0624##10662529.7454##9853664.301##9858339.8238##9577808.4558,11,1021145.07
2022,102,2,7,2,2,22545##22592##24100##24081##24064##24115##24033,9872366.3922##9856002.0624##9601186.0698##9905095.0518##9888730.722##10662529.7454##9853664.301,7,665762.52
2022,102,2,9,2,2,24081##24114##24115##24077##24033,9905095.0518##9552093.0804##10662529.7454##10681231.8366##9853664.301,5,314512.09
2022,102,2,10,2,2,22590##22537##22545##22592##22541##24114##24060##24126##24102##24115##24077##24033##24091##24089,9549755.319##9839637.7326##9872366.3922##9856002.0624##9589497.2628##9552093.0804##9851326.5396##10692920.6436##10662529.7454##10681231.8366##9853664.301##9584821.74##9577808.4558,14,1879005.26
2022,102,2,11,2,2,24081##24064##24114##24126##24033##24091##24125##24089,9905095.0518##9888730.722##9552093.0804##10692920.6436##9853664.301##9584821.74##9858339.8238##9577808.4558,8,809145.5
2022,102,3,4,1,4,4457,11,1,375000.0
2022,102,3,6,1,4,4458##4461,5##2,2,2500000.0
2022,102,3,7,1,4,4456##4460##4462,3##4##6,3,1542928.0
2022,102,3,10,1,4,4457##4459##4460##4462,11##7##4##6,4,1657677.0
2022,102,3,11,1,4,4456##4460,3##4,2,1924394.0
2022,105,1,1,2,1,24476,3404023.7952,1,696738.0
2022,105,1,1,2,2,22668##22870,3733445.4528##3534680.4864,2,1582902.51
2022,105,1,3,2,2,23001##23059,3534680.4864##840928.704,2,650000.0
2022,105,1,4,2,1,24476,3404023.7952,1,1181262.0
2022,105,1,6,2,1,24482##24481##24483,3595838.9376##3802943.6928,3,2695214.09
2022,105,1,6,2,2,22955,3802943.6928,1,1049745.35
2022,105,1,7,2,1,24433##24446##24481##24456##24452,1023014.0928##3494371.5072##3802943.6928##4003098.624##3467962.176,5,2362894.34
2022,105,1,7,2,2,22671##22803,155676.0576##3506881.1904,2,1449200.02
2022,105,1,9,2,1,24446##24456##24475##24452,3494371.5072##4003098.624##840928.704##3467962.176,4,1054113.59
2022,105,1,9,2,2,22671##22803,155676.0576##3506881.1904,2,1049200.02
2022,105,1,10,2,1,24452,3467962.176,1,1259022.87
2022,105,1,10,2,2,22672##22754##23084,5647426.9824##155676.0576##4040627.6736,3,1552698.85
2022,105,1,11,2,1,24446##24481##24456##24442##24448##24462##24483,3494371.5072##3802943.6928##4003098.624##8339.7888##1023014.0928##878457.7536##3595838.9376,7,3641598.7
2022,105,1,11,2,2,22955##22803##22669##22969##23090,3802943.6928##3506881.1904##3761244.7488##1023014.0928##3595838.9376,5,1878791.88
2022,105,1,13,2,1,24454,3467962.176,1,749782.85
2022,105,1,13,2,2,23003,3467962.176,1,800000.0
2022,105,2,1,2,1,24438##24466##24444,2285102.1312##1111971.84##2296221.8496,3,1084708.87
2022,105,2,1,2,2,22688##22791##22809##22831##22888##22948##23046,2285102.1312##5684956.032##2069657.5872##1182860.0448##1043863.5648##1111971.84##846488.5632,7,2465425.54
2022,105,2,3,2,1,24437##24460##24474,1021624.128##722781.696##2069657.5872,3,2229485.34
2022,105,2,3,2,2,22675##22706##22730##22743##22775##22786##22824##22847##22881##22941##22949##23080,2296221.8496##6014377.6896##1886182.2336##1922321.3184##711661.9776##2069657.5872##722781.696##1043863.5648##849268.4928##5655766.7712##847878.528##5657156.736,12,3180121.98
2022,105,2,4,2,1,24466##24436##24445,1111971.84##711661.9776##2285102.1312,3,1813665.59
2022,105,2,4,2,2,22680##22690##22744##22804##22813##22942,1043863.5648##6019937.5488##1922321.3184##718611.8016##2285102.1312##1111971.84,6,3734852.41
2022,105,2,6,2,1,24440,1182860.0448,1,700000.0
2022,105,2,6,2,2,22707##22904##22659##22914##22822,6014377.6896##6011597.76##5657156.736##722781.696##718611.8016,5,2809241.1
2022,105,2,7,2,1,24457##24471##24461##24455,2069657.5872##715831.872##722781.696##1184250.0096,4,1378138.68
2022,105,2,7,2,2,22914##22822##22712##22788,722781.696##718611.8016##2069657.5872##1021624.128,4,1902395.72
2022,105,2,9,2,1,24457##24471##24461##24472##24455,2069657.5872##715831.872##722781.696##1021624.128##1184250.0096,5,820512.17
2022,105,2,9,2,2,22914##22712##22788##23053,722781.696##2069657.5872##1021624.128##847878.528,4,1086251.1
2022,105,2,10,2,1,24467##24468##24466,1128651.4176##846488.5632##1111971.84,3,1812348.71
2022,105,2,10,2,2,22911##22947##23047,846488.5632##1111971.84##1388574.8352,3,1694407.33
2022,105,2,11,2,1,24461##24435##24444,722781.696##2492206.8864##2296221.8496,3,1496232.51
2022,105,2,11,2,2,22659##22914##22822##22761##22773##22794##22830##22854##22860##22913##22956,5657156.736##722781.696##718611.8016##2285102.1312##715831.872##1182860.0448##2494986.816##2492206.8864##2301781.7088##847878.528,11,5059259.9
2022,105,3,1,1,3,4089,7,1,423494.0
2022,105,3,1,1,4,4484,7,1,1999999.0
2022,105,3,4,1,3,4094,11,1,3040190.0
2022,105,3,4,1,4,4486,11,1,4011429.0
2022,105,3,4,2,2,22708##22985,4194913.7664##3651437.5296,2,1004399.56
2022,105,3,5,2,2,22993,3698696.3328,1,1698635.65
2022,105,3,6,1,3,4092##4238,2##5,2,2734460.0
2022,105,3,6,1,4,4494,5,1,2000000.0
2022,105,3,7,1,3,4089##4091##4093##4095##4241##4243,7##6##3##4,6,4671952.0
2022,105,3,7,1,4,4485,6,1,2020892.0
2022,105,3,9,1,3,4092##4093##4095##4241##4242##4243,2##3##4,6,12716965.0
2022,105,3,9,1,4,4487##4488##4489,4##2##3,3,5201035.0
2022,105,3,9,2,2,22827,3711206.016,1,899336.11
2022,105,3,10,1,3,4089##4090##4091##4094##4095##4239##4241,7##1##6##11##4,7,4848698.0
2022,105,3,10,1,4,4487,4,1,1200000.0
2022,105,3,10,2,2,22709##22778,3637537.8816##3616688.4096,2,1427000.07
2022,105,3,11,1,3,4089##4095##4241,7##4,3,5468316.0
2022,105,3,11,1,4,4487,4,1,3600000.0
2022,105,3,11,2,1,22494##23507,3665337.1776,2,6580081.33
2022,105,3,11,2,2,22938,4194913.7664,1,455528.96
2022,105,3,12,1,3,4092,2,1,1006770.0
2022,105,3,13,2,1,24469##24479,3637537.8816##3665337.1776,2,2791780.19
2022,105,3,13,2,2,22968##22661##22726##22932##22976,3651437.5296##3665337.1776##3637537.8816##3476301.9648##3698696.3328,5,3811339.2
2022,105,3,14,1,3,4089##4240##4249,7##11,3,4529554.0
2022,105,4,4,2,1,24434,3804333.6576,1,516701.28
2022,105,4,4,2,2,22660,3804333.6576,1,913573.09
2022,105,4,7,2,1,24434,3804333.6576,1,1033402.55
2022,105,4,9,2,1,24434,3804333.6576,1,516701.28
2022,107,3,7,1,3,4377##4378,3##4,2,1508647.0
2022,108,1,2,2,2,21933##22041##21932,625213.176##63186.438##4243468.152,3,1077151.53
2022,108,1,3,2,2,21955##22190##22202##21932##21969##22066,377455.827##4817134.497##189559.314##4243468.152##621887.574,6,3505428.93
2022,108,1,4,2,1,23540##23542,83140.05##1682754.612,2,5698008.31
2022,108,1,4,2,2,22224##22244##21932##22122##22017##22140##22214##21969##22066##24338##24342,625213.176##1682754.612##4243468.152##199536.12##83140.05##4817134.497##621887.574,11,16325357.41
2022,108,1,6,2,2,21933##22041##21932##24342,625213.176##63186.438##4243468.152,4,1892119.68
2022,108,1,7,2,2,22167##22022##24367##24397##24427,581980.35##2336235.405##631864.38##4767250.467,5,3970122.67
2022,108,1,9,2,2,22210##22122,631864.38##1682754.612,2,1125633.53
2022,108,1,10,2,2,22041##22092##21954##24336,63186.438##4283375.376##377455.827##4753948.059,4,1477683.12
2022,108,1,11,2,2,22022##22017##22140##22214##21969##22066##21954##24404,2336235.405##199536.12##83140.05##4817134.497##621887.574##377455.827,8,2812183.89
2022,108,2,1,2,2,22227##22148##24395##24390##24393,588631.554##591957.156##3029623.422##1102437.063,5,1066051.78
2022,108,2,2,2,2,22047##22241##22234##22249##22042##22050##22170##22213##21964##21944##22087##24390##24369##24402##24358##24391##24344##24426##24378,2030280.021##4955146.98##1687743.015##1506497.706##596945.559##989366.595##2334572.604##606922.365##1423357.656##613573.569##591957.156##593619.957,19,9405078.05
2022,108,2,3,2,2,22016##22215##21931##22178##22221##21956##22233##24409##24358##24341##24365##24389,989366.595##578654.748##1102437.063##2334572.604##6877344.936##593619.957##1687743.015##596945.559##1717673.433,12,6854049.95
2022,108,2,4,2,1,23541,1687743.015,1,1974646.8
2022,108,2,4,2,2,21944##22204##22230##22246##22028##22233##22211##24391##24365##24426##24398##24389##24393,613573.569##6622936.383##606922.365##1506497.706##590294.355##1687743.015##593619.957##4955146.98##989366.595##2030280.021##1102437.063,13,7957845.58
2022,108,2,6,2,2,22234##22249##21968##22024##22130##22227##22042##22050##22170##22213##21964##22028##22233##24353##24356##24401##24341##24365##24371,1687743.015##1506497.706##1717673.433##2607271.968##872970.525##588631.554##596945.559##989366.595##2334572.604##606922.365##1423357.656##590294.355##3026297.82##616899.171,19,8254420.35
2022,108,2,7,2,2,22227##22079##22083##22111##22125##22207##22212##21956##21963##24351##24403##24413##24344##24343,588631.554##583643.151##906226.545##608585.166##6622936.383##593619.957##1423357.656,14,10587076.54
2022,108,2,9,2,2,21964##22204,1423357.656##6622936.383,2,502770.48
2022,108,2,10,2,2,21931##22178##22221##21963##21950##22059##22114##22192##22209##22087##24390##24409##24343##24398##24362##24371,1102437.063##2334572.604##6877344.936##1423357.656##590294.355##1669452.204##1105762.665##616899.171##608585.166##591957.156##578654.748##906226.545##2030280.021,16,5623973.9
2022,108,2,11,2,2,21944##22230##22246##22028##22233##22148##22211##24371##24399##24389##24378##24393,613573.569##606922.365##1506497.706##590294.355##1687743.015##591957.156##593619.957##2602283.565##1102437.063,12,6474400.66
2022,108,2,12,2,2,22104,2510829.51,1,498040.06
2022,108,3,1,2,2,22159,109744.866,1,840304.57
2022,108,3,2,2,2,22100##24337,4334922.207,2,5093029.48
2022,108,3,4,2,1,23534##23535,109744.866##236117.742,2,4299828.29
2022,108,3,4,2,2,22159##24337##24333,109744.866##4334922.207,3,8955770.44
2022,108,3,6,2,1,23536##23537,249420.15##69837.642,2,1999988.08
2022,108,3,6,2,2,22157,109744.866,1,2506691.55
2022,108,3,7,2,1,23533,251082.951,1,3500000.39
2022,108,3,7,2,2,22025##24347,251082.951,2,4586755.44
2022,108,3,9,2,1,23538,237780.543,1,3025479.68
2022,108,3,10,2,1,23538##23539,237780.543##229466.538,2,2495048.66
2022,108,3,10,2,2,22159,109744.866,1,840304.57
2022,108,3,11,2,1,23538,237780.543,1,1980313.97
2022,108,3,11,2,2,22159##24366,109744.866##237780.543,2,1974661.66
2022,108,4,2,2,2,22240,628538.778,1,596119.97
2022,108,4,6,2,2,22240,628538.778,1,320987.68
2022,108,4,8,2,2,24346,1075832.247,1,299999.2
2022,108,4,9,2,2,22237,628538.778,1,321059.99
2022,235,3,11,1,3,4096,4,1,500600.0
2022,235,3,12,1,3,4097,2,1,250000.0
2022,235,3,14,1,3,4098,7,1,250000.0
2023,1,1,4,2,2,26301##26303##26305##26310##26319##26328##26330##26337##26348##26353##26355##26362##26364##26367##26381##26384##26387##26388##26389##26420##26426,1021.2##1275.12##993.6##1261.32##1010.16##1035.0##985.32##954.96##974.28##253.92##966.0##979.8##988.08##433.32##1087.44,21,13467431.59
2023,1,1,6,2,1,26924##26954,1126.08##1363.44,2,1199801.28
2023,1,1,6,2,2,26299##26320##26333##26334##26352##26359##26376##26386##26393##26395##26397##26407##26408,1021.2##1092.96##957.72##1126.08##954.96##1035.0##1018.44##433.32##1131.6##1145.4##1059.84##1156.44,13,8499529.24
2023,1,1,7,2,1,26956,1023.96,1,628235.81
2023,1,1,7,2,2,26322##26327##26343##26363##26427,946.68##924.6##309.12##173.88##971.52,5,2689467.96
2023,1,1,11,2,2,26300##26325##26377,1374.48##957.72##1018.44,3,1875275.17
2023,1,2,3,2,1,25932##26029##26030##26938,1410.36##1239.24##1311.0##1159.2,4,1752318.85
2023,1,2,4,2,1,25919##25999##26021,1388.28##1161.96##1106.76,3,1837997.66
2023,1,2,4,2,2,26306##26406##26428,1294.44##1161.96##1388.28,3,2019785.48
2023,1,2,6,2,1,25914##25918##25958##25996##26008##26010##26013##26015##26022##26023##26026##26032##26033,1250.28##1186.8##1104.0##1073.64##1299.96##1324.8##1308.24##1338.6##1153.68##1380.0##1297.2##1377.24##1081.92,13,6308851.46
2023,1,2,6,2,2,26326##26331##26339##26344##26346##26354##26357##26361##26374##26390##26402##26409##26435##26444,1382.76##1294.44##1335.84##930.12##1280.64##1128.84##1101.24##1308.24##1161.96##1299.96##1388.28##1393.8##1253.04##1311.0,14,7363314.18
2023,1,2,7,2,1,25961##26007##26014##26016##26017##26025,1382.76##1112.28##1137.12##1208.88##1302.72##1101.24,6,1154625.91
2023,1,2,7,2,2,26315##26368##26396,1051.56##1208.88##1302.72,3,791202.98
2023,1,2,9,2,1,25961##26007##26014##26016##26017##26025,1382.76##1112.28##1137.12##1208.88##1302.72##1101.24,6,719900.21
2023,1,2,10,2,1,25973##26012,1349.64##1090.2,2,891816.5
2023,1,2,10,2,2,26365##26371,1377.24##1001.88,2,986065.92
2023,1,2,11,2,1,26019,1393.8,1,469265.73
2023,1,2,11,2,2,26308##26453,1195.08##1200.6,2,955514.54
2023,1,3,1,1,3,4863,7,1,300000.0
2023,1,3,4,1,3,4767##4768##4863##4865,7##11,4,3084251.0
2023,1,3,4,1,4,4830##4831,11##7,2,2980004.0
2023,1,3,4,2,1,26729##26733##26940##26942,391.92##182.16,4,3532054.22
2023,1,3,4,2,2,26302##26312##26321##26332,182.16##391.92##1291.68,4,12179360.78
2023,1,3,6,1,3,4588##4589##4769##4867,2##5,4,23353477.0
2023,1,3,6,1,4,4842,2,1,13000000.0
2023,1,3,6,2,1,26740##26957,414.0,2,1500003.84
2023,1,3,6,2,2,26329##26392,414.0##115.92,2,37999999.99
2023,1,3,7,1,3,4770##4866##4868,3##6,3,1700000.0
2023,1,3,7,2,1,26298##26727,416.76,2,4959000.0
2023,1,3,7,2,2,26304##26313##26349,394.68##416.76##182.16,3,15177015.8
2023,1,3,9,2,2,26313##26347##26372,416.76##414.0##394.68,3,4412103.97
2023,1,3,10,1,3,4771##4864##4865##4866,6##4##11,4,2547253.0
2023,1,3,10,1,4,4830##4848##4849##4887,11##6##26##12,4,4632120.0
2023,1,3,10,2,1,26730##26940##26947,394.68##391.92##182.16,3,817981.32
2023,1,3,11,1,3,4864,4,1,1005000.0
2023,1,3,11,2,1,26730,394.68,1,770000.0
2023,1,3,14,1,3,4863,7,1,1020000.0
2023,5,3,4,1,3,4760##4761##4763,7##1##11,3,1335500.0
2023,5,3,6,1,3,4765,2,1,728860.0
2023,5,3,7,1,3,4760##4762##4766,7##6##3,3,970918.0
2023,5,3,10,1,3,4762##4763##4764,6##11##4,3,556728.0
2023,5,3,14,1,3,4764,4,1,405624.0
2023,7,3,1,1,3,4647##4648##4649,7##11##2,3,3000000.0
2023,7,3,4,1,4,4799##4800,7##11,2,2600000.0
2023,7,3,6,1,3,4741##4744,5##2,2,2000000.0
2023,7,3,6,1,4,4801,2,1,5000000.0
2023,7,3,7,1,3,4532##4743,4##6,2,470000.0
2023,7,3,7,1,4,4802,6,1,400000.0
2023,7,3,10,1,3,4531##4532##4743,6##4,3,1094000.0
2023,7,3,11,1,3,4742,4,1,1500000.0
2023,7,3,13,1,3,4530,7,1,1936000.0
2023,13,1,1,2,2,25743,10711837.7425,1,148000.0
2023,13,1,3,2,2,25723##25724##25725##25753,10596603.965##10755969.8275##10581893.27##26444926.045,4,1198976.73
2023,13,1,4,2,2,25722##25743##25747##25771##25782##25801,10643187.8325##10711837.7425##10741259.1325##10532857.62##10567182.575##10576989.705,6,1641000.13
2023,13,1,6,2,2,25722##25747##25761##25771##25777##25780##25784##25811,10643187.8325##10741259.1325##10518146.925##10532857.62##10530405.8375##10515695.1425##10591700.4##10645639.615,8,2204998.79
2023,13,1,7,2,2,25724##25730##25761##25776##25780##25784##25811##25820,10755969.8275##10702030.6125##10518146.925##26476799.2175##10515695.1425##10591700.4##10645639.615##26437570.6975,8,2554998.38
2023,13,1,9,2,2,25722##25723##25761##25771##25784##25811##25820,10643187.8325##10596603.965##10518146.925##10532857.62##10591700.4##10645639.615##26437570.6975,7,901999.83
2023,13,1,10,2,2,25723##25724##25743##25753##25761##25771##25776##25777##25782##25784##25820##25821,10596603.965##10755969.8275##10711837.7425##26444926.045##10518146.925##10532857.62##26476799.2175##10530405.8375##10567182.575##10591700.4##26437570.6975##10638284.2675,12,2673960.0
2023,13,1,11,2,2,25722##25723##25725##25730##25743##25747##25761##25771##25776##25777##25780##25784##25801##25811,10643187.8325##10596603.965##10581893.27##10702030.6125##10711837.7425##10741259.1325##10518146.925##10532857.62##26476799.2175##10530405.8375##10515695.1425##10591700.4##10576989.705##10645639.615,14,2775998.07
2023,13,2,1,2,2,25749,10628477.1375,1,65000.0
2023,13,2,3,2,2,25814,26471895.6525,1,140999.97
2023,13,2,4,2,2,25727##25749,10733903.785##10628477.1375,2,440000.0
2023,13,2,6,2,2,25721##25749##25805,10692223.4825##10628477.1375##10655446.745,3,607698.73
2023,13,2,7,2,2,25754##25786,10724096.655##10682416.3525,2,619999.89
2023,13,2,9,2,2,25721##25754##25805,10692223.4825##10724096.655##10655446.745,3,381524.2
2023,13,2,10,2,2,25721##25727##25735##25749##25754##25778##25786##25805##25808,10692223.4825##10733903.785##10557375.445##10628477.1375##10724096.655##10665253.875##10682416.3525##10655446.745##10648091.3975,9,1287890.4
2023,13,2,11,2,2,25727##25735##25749##25754##25778##25808##25814,10733903.785##10557375.445##10628477.1375##10724096.655##10665253.875##10648091.3975##26471895.6525,7,1589000.09
2023,13,3,1,1,4,4815,11,1,480000.0
2023,13,3,4,1,4,4815,11,1,2480000.0
2023,13,3,6,1,3,4590##4592,5##2,2,3620000.0
2023,13,3,6,1,4,4814##4817,5##2,2,1500000.0
2023,13,3,7,1,3,4593,3,1,508025.0
2023,13,3,7,1,4,4818,3,1,1000000.0
2023,13,3,9,1,3,4591,4,1,876424.0
2023,13,3,9,1,4,4816##4817,4##2,2,1010002.0
2023,13,3,10,1,3,4591##4601,4##12,2,600570.0
2023,13,3,10,1,4,4815##4816##4819##4895,11##4##6,4,2676839.0
2023,13,3,11,1,3,4591,4,1,525854.0
2023,13,3,11,1,4,4816,4,1,495003.0
2023,13,3,12,1,3,4592,2,1,2880000.0
2023,13,4,4,2,2,25750,10729000.22,1,327999.18
2023,13,4,11,2,2,25750,10729000.22,1,471998.82
2023,16,3,4,1,4,4854##4856,7##11,2,808000.0
2023,16,3,9,1,4,4857,4,1,1176000.0
2023,16,3,10,1,4,4855##4856##4857##4896,6##11##4##2,4,2001999.0
2023,16,3,11,1,4,4857,4,1,1176000.0
2023,16,3,13,1,4,4856,11,1,1188000.0
2023,18,1,1,2,2,26255##26256,336445.164##334466.0748,2,965999.99
2023,18,1,3,2,2,26255,336445.164,1,153999.99
2023,18,1,7,2,2,26204##26214##26227,333256.6314##333806.3784##340843.14,3,1260098.19
2023,18,1,8,2,2,26253,347769.9522,1,560000.0
2023,18,1,9,2,2,26204##26214##26227,333256.6314##333806.3784##340843.14,3,946330.0
2023,18,1,10,2,2,26202##26205##26206##26210##26217##26227##26233,335675.5182##338864.0508##344031.6726##334905.8724##335455.6194##340843.14##342272.4822,7,3548200.36
2023,18,1,11,2,2,26199##26205##26227##26256##26261,335345.67##338864.0508##340843.14##334466.0748##456290.01,5,2265032.4
2023,18,1,12,2,1,26102,334466.0748,1,300000.23
2023,18,2,1,2,2,26232,1207904.1084,1,50000.0
2023,18,2,3,2,2,26238##26242##26283,347550.0534##493013.1096##1207794.159,3,250000.0
2023,18,2,4,2,2,26208,497191.1868,1,74000.0
2023,18,2,5,2,2,26271,1211312.5398,1,250000.0
2023,18,2,6,2,2,26252##26277,1209003.6024##1207354.3614,2,139997.93
2023,18,2,7,2,2,26209,343921.7232,1,339332.05
2023,18,2,9,2,2,26209,343921.7232,1,508998.08
2023,18,2,10,2,2,26208##26212##26222##26242##26277,497191.1868##333146.682##347330.1546##493013.1096##1207354.3614,5,634001.02
2023,18,2,11,2,2,26208##26222##26265##26266,497191.1868##347330.1546##343262.0268##1207464.3108,4,952000.0
2023,18,3,3,1,4,4858,4,1,750000.0
2023,18,3,5,2,2,26272,335015.8218,1,100000.0
2023,18,3,6,1,4,4860,2,1,2400000.0
2023,18,3,7,1,3,4678,6,1,500000.0
2023,18,3,7,2,1,27266,336665.0628,1,1999586.02
2023,18,3,8,2,1,27261,335015.8218,1,499487.66
2023,18,3,9,1,4,4858##4860,4##2,2,1100000.0
2023,18,3,10,1,3,4677##4679,4##11,2,2500000.0
2023,18,3,10,1,4,4858##4859##4891,4##6,3,2750000.0
2023,18,3,12,1,3,4680,2,1,999997.0
2023,19,3,4,1,3,4572,7,1,750000.0
2023,19,3,4,1,4,4557##4558,11##7,2,1588751.0
2023,19,3,6,1,3,4573##4698##4702,2##5,3,2547501.0
2023,19,3,6,1,4,4556##4558##4562,5##7##2,3,3103256.0
2023,19,3,7,1,3,4631##4701,6##3,2,1400084.0
2023,19,3,7,1,4,4559##4563,6##3,2,744247.0
2023,19,3,9,1,3,4700##4702,4##2,2,778534.0
2023,19,3,9,1,4,4560##4563,4##3,2,755878.0
2023,19,3,10,1,3,4572##4630##4631,7##4##6,3,1150016.0
2023,19,3,10,1,4,4557##4559##4560,11##6##4,3,1108831.0
2023,19,3,11,1,3,4572##4630##4700,7##4,3,1974091.0
2023,19,3,11,1,4,4560,4,1,899535.0
2023,19,3,12,1,3,4573##4703,2,2,802830.0
2023,19,3,12,1,4,4561,2,1,800096.0
2023,19,3,13,1,3,4571##4699,11,2,4600002.0
2023,22,3,3,1,4,4603,4,1,413961.0
2023,22,3,6,1,4,4607##4609,2##5,2,1800000.0
2023,22,3,7,1,4,4605##4608,6##3,2,1241032.0
2023,22,3,10,1,4,4603##4604##4605##4606##4615,4##11##6##17##12,5,2734613.0
2023,22,3,11,1,4,4603,4,1,336344.0
2023,27,1,3,2,1,27214,674454.15,1,300000.0
2023,27,1,4,2,1,25341##27223##27249,686755.515##714539.6325##709873.5975,3,1276000.01
2023,27,1,6,2,1,25288##26139##26147##26157,675090.4275##676999.26##684210.405,4,2396000.0
2023,27,1,7,2,1,25341##26123##26143##26160,686755.515##707752.6725##721326.5925##695451.3075,4,3588000.0
2023,27,1,9,2,1,26123##26126##26143,707752.6725##679120.185##721326.5925,3,1699000.0
2023,27,1,10,2,1,26126##26136##26147##26163##27223,679120.185##677211.3525##675090.4275##674029.965##714539.6325,5,2856000.01
2023,27,1,11,2,1,25278##26045##26123##26139##26146##27207##27214,679968.555##678483.9075##707752.6725##676999.26##989623.605##705631.7475##674454.15,7,6060000.0
2023,27,2,3,2,1,26038##26151##27238##27322##27330,722811.24##716872.65##984109.2##998107.305##720690.315,5,1900000.0
2023,27,2,4,2,1,25296##26035##26137##27212,686967.6075##691633.6425##688452.255##732143.31,4,2675000.0
2023,27,2,6,2,1,25282##26088##27233##27262##27327##27332,726204.72##994501.7325##697572.2325##1003621.71##691845.735,6,4715475.99
2023,27,2,7,2,1,26128##26144##27231##27315,993229.1775##976473.87##716872.65##710509.875,4,2253000.0
2023,27,2,9,2,1,26039##27260##27315,731294.94##976898.055##710509.875,3,1250000.0
2023,27,2,10,2,1,25322##26047##26127##26128##26138##26145##26158##27206##27212##27238##27330,713054.985##699481.065##983048.7375##993229.1775##690997.365##721962.87##696723.8625##1006591.005##732143.31##984109.2##720690.315,11,6747000.0
2023,27,2,11,2,1,26041##26090##27262##27271,689088.5325##707540.58##697572.2325##690785.2725,4,3165999.65
2023,27,3,1,1,3,4715##4716,11##7,2,656250.0
2023,27,3,1,1,4,4565##4569,7##11,2,1575360.0
2023,27,3,3,1,3,4717,4,1,710946.0
2023,27,3,3,1,4,4567,4,1,1035701.0
2023,27,3,4,1,3,4715##4716##4820##4822##4823,11##7##4,5,4627405.0
2023,27,3,4,1,4,4565##4569,7##11,2,4101440.0
2023,27,3,6,1,3,4714##4821##4832,5##2,3,3330000.0
2023,27,3,6,1,4,4564##4570,5##2,2,2496721.0
2023,27,3,7,1,3,4665##4719##4824,3,3,2250031.0
2023,27,3,7,1,4,4565##4566##4567##4568,7##6##4##3,4,5212940.0
2023,27,3,7,2,1,26142,679544.37,1,1000000.0
2023,27,3,9,1,3,4717,4,1,540319.0
2023,27,3,9,1,4,4567,4,1,1035701.0
2023,27,3,10,1,3,4715##4720##4822##4823##4833,11##6##4,5,3980001.0
2023,27,3,10,1,4,4566##4567##4569,6##4##11,3,3568694.0
2023,27,3,10,2,1,26095,678271.815,1,700000.0
2023,27,3,11,1,3,4664##4717##4823,4,3,4985067.0
2023,27,3,11,1,4,4567,4,1,2006671.0
2023,27,3,12,1,4,4570,2,1,979567.0
2023,27,3,14,1,3,4718,2,1,2670000.0
2023,27,4,4,2,1,26134,733203.7725,1,400000.0
2023,28,3,6,1,3,4693##4694,5##2,2,1323320.0
2023,28,3,9,1,3,4694##4695,2##4,2,992450.0
2023,28,3,11,1,3,4695,4,1,184230.0
2023,33,3,7,1,3,4638##4642##4829,6##3##7,3,906598.0
2023,33,3,10,1,3,4638##4639##4829,6##11##7,3,2353979.0
2023,33,3,11,1,3,4640,4,1,599526.0
2023,33,3,14,1,3,4639##4641,11##2,2,1940000.0
2023,35,3,6,1,4,4551##4555,1##5,2,3000000.0
2023,35,3,7,1,4,4552##4554,6##3,2,1002073.0
2023,35,3,11,1,4,4553,4,1,1000000.0
2023,36,1,1,2,2,26470##26505##26515##26538##26543##26584##26592,148703.2872##3766196.7162##975150.4026##612924.4466##324096.908##2427867.1314##2345889.6782,7,990000.01
2023,36,1,3,2,2,26399##26460##26470##26482##26483##26484##26494##26505##26515##26538##26543##26584##26610,2570851.0614##2427867.1314##148703.2872##324096.908##612924.4466##3766196.7162##2362094.5236##975150.4026##3786214.4664,13,3316000.02
2023,36,1,4,2,2,26460##26470##26481##26482##26483##26505##26515##26531##26538##26543##26567##26584##26592,2427867.1314##148703.2872##2366860.6546##324096.908##612924.4466##3766196.7162##975150.4026##2671893.0386##2834894.7188##2345889.6782,13,3868999.73
2023,36,1,6,2,1,25466##25470##25499##25506##25520##25525##25526##25540##25569##25575##25580##25610,2421194.548##192551.6924##975150.4026##2795812.4446##1443184.4668##976103.6288##2744338.2298##2350655.8092##612924.4466##2671893.0386##2805344.7066##2345889.6782,12,5935975.29
2023,36,1,6,2,2,26399##26460##26482##26484##26494##26504##26531##26567##26602,2570851.0614##2427867.1314##324096.908##3766196.7162##2362094.5236##1443184.4668##2671893.0386##2834894.7188##976103.6288,9,3109999.44
2023,36,1,7,2,1,26880##26881##26882##26883,2744338.2298##2620418.8238##610064.768##1635736.1592,4,673999.99
2023,36,1,7,2,2,26456##26463##26477##26484##26494##26504##26610,4130329.1246##2874930.2192##4227558.197##3766196.7162##2362094.5236##1443184.4668##3786214.4664,7,2478999.2
2023,36,1,9,2,1,26879##26881,324096.908##2620418.8238,2,464000.0
2023,36,1,9,2,2,26456##26463##26477##26494##26504,4130329.1246##2874930.2192##4227558.197##2362094.5236##1443184.4668,5,1467999.52
2023,36,1,10,2,1,25466##25470##25499##25506##25520##25525##25526##25569##25575##25580##25610##26879##26880,2421194.548##192551.6924##975150.4026##2795812.4446##1443184.4668##976103.6288##2744338.2298##612924.4466##2671893.0386##2805344.7066##2345889.6782##324096.908,13,2743392.84
2023,36,1,10,2,2,26399##26463##26470##26477##26481##26482##26484##26505##26515##26538##26543##26567##26584##26592##26602,2570851.0614##2874930.2192##148703.2872##4227558.197##2366860.6546##324096.908##3766196.7162##975150.4026##612924.4466##2834894.7188##2427867.1314##2345889.6782##976103.6288,15,2906999.44
2023,36,1,11,2,1,25466##25470##25499##25506##25520##25525##25526##25540##25569##25575##25580##25610##26879##26880##26882##26883,2421194.548##192551.6924##975150.4026##2795812.4446##1443184.4668##976103.6288##2744338.2298##2350655.8092##612924.4466##2671893.0386##2805344.7066##2345889.6782##324096.908##610064.768##1635736.1592,16,4923186.49
2023,36,1,11,2,2,26399##26470##26481##26483##26494##26504##26505##26515##26531##26538##26543##26584##26592##26602##26610,2570851.0614##148703.2872##2366860.6546##612924.4466##2362094.5236##1443184.4668##3766196.7162##975150.4026##2671893.0386##324096.908##2427867.1314##2345889.6782##976103.6288##3786214.4664,15,4857999.76
2023,36,1,14,2,1,26879##26880##26881##26882##26883,324096.908##2744338.2298##2620418.8238##610064.768##1635736.1592,5,1741999.97
2023,36,1,14,2,2,26399##26456##26460##26531##26584##26592##26602,2570851.0614##4130329.1246##2427867.1314##2671893.0386##2345889.6782##976103.6288,7,1602999.68
2023,36,2,1,2,2,26446##26550,10348223.6272##10343457.4962,2,123000.0
2023,36,2,3,2,1,26876,4057883.9334,1,180000.0
2023,36,2,3,2,2,26417##26429##26446##26469##26550,1515629.658##1843539.4708##10348223.6272##10464517.2236##10343457.4962,5,1007999.99
2023,36,2,4,2,1,26874##26875##26876,2823456.0044##10464517.2236##4057883.9334,3,740000.0
2023,36,2,4,2,2,26417##26429##26445##26446##26464##26469##26530##26550,1515629.658##1843539.4708##10348223.6272##1356440.8826##10464517.2236##10343457.4962,8,2427000.0
2023,36,2,6,2,1,25479##25502##25519##25581##25596,1838773.3398##2878743.124##10348223.6272##1843539.4708##1515629.658,5,1495611.47
2023,36,2,6,2,2,26417##26429##26464##26468##26636,1515629.658##1843539.4708##1356440.8826##10431154.3066##1842586.2446,5,1545953.45
2023,36,2,7,2,1,26873,2878743.124,1,210000.0
2023,36,2,7,2,2,26417##26429##26445##26636,1515629.658##1843539.4708##1842586.2446,4,1199000.0
2023,36,2,9,2,1,26875##26876##26878,10464517.2236##4057883.9334##10300562.3172,3,533993.9
2023,36,2,9,2,2,26417##26429##26445##26636,1515629.658##1843539.4708##1842586.2446,4,670000.0
2023,36,2,10,2,1,25479##25502##25519##25581##25596##26878,1838773.3398##2878743.124##10348223.6272##1843539.4708##1515629.658##10300562.3172,6,1264995.93
2023,36,2,10,2,2,26417##26429##26464##26468##26469##26550,1515629.658##1843539.4708##1356440.8826##10431154.3066##10464517.2236##10343457.4962,6,845988.56
2023,36,2,11,2,1,25479##25502##25519##25581##25596##26873##26874##26878,1838773.3398##2878743.124##10348223.6272##1843539.4708##1515629.658##2823456.0044##10300562.3172,8,2272804.74
2023,36,2,11,2,2,26417##26445##26446##26464##26469##26530##26550##26636,1515629.658##1843539.4708##10348223.6272##1356440.8826##10464517.2236##10343457.4962##1842586.2446,8,1717000.0
2023,36,2,14,2,1,26873##26874##26875##26876##26878,2878743.124##2823456.0044##10464517.2236##4057883.9334##10300562.3172,5,852993.06
2023,36,2,14,2,2,26417##26429##26446##26468##26530,1515629.658##1843539.4708##10348223.6272##10431154.3066,5,863976.32
2023,36,3,4,1,3,4696##4809##4897##4898,11##7,4,2429000.0
2023,36,3,6,1,3,4696##4894,11##5,2,1678500.0
2023,36,3,6,1,4,4650,5,1,3480000.0
2023,36,3,7,1,3,4696##4697##4713##4811##4813##4900##4901,11##7##3##6,7,4374501.0
2023,36,3,7,1,4,4653,3,1,4312500.0
2023,36,3,9,1,3,4810##4812,2##4,2,998000.0
2023,36,3,9,1,4,4652##4653##4654,2##3##4,3,5660000.0
2023,36,3,10,1,3,4696##4697##4813##4898##4901,11##7##6,5,1382502.0
2023,36,3,10,1,4,4654,4,1,1020000.0
2023,36,3,11,1,3,4696##4697##4812##4898##4899,11##7##4,5,4688500.0
2023,36,3,11,1,4,4654,4,1,3000000.0
2023,36,3,12,1,3,4697,7,1,989000.0
2023,36,3,12,1,4,4652,2,1,1007500.0
2023,36,3,12,2,1,25605,2488873.6082,1,249738.0
2023,36,3,14,1,3,4697##4809##4897##4899,7##4,4,3960000.0
2023,36,3,14,1,4,4650##4651,5##7,2,4520000.0
2023,36,4,7,2,1,26877,973243.9502,1,350000.0
2023,36,4,14,2,1,26877,973243.9502,1,350000.0
2023,45,3,1,1,4,4825,7,1,693000.0
2023,45,3,3,1,4,4828,4,1,1000000.0
2023,45,3,4,1,4,4825,7,1,2145000.0
2023,45,3,6,1,3,4574##4575,5##2,2,7500000.0
2023,45,3,6,1,4,4826,2,1,3200000.0
2023,45,3,7,1,3,4673,3,1,642200.0
2023,45,3,7,1,4,4827,3,1,500000.0
2023,45,3,9,1,3,4576##4672##4673,4##3,3,3639801.0
2023,45,3,10,1,3,4670##4671##4672##4673,20##6##4##3,4,4321405.0
2023,45,3,10,1,4,4888,11,1,289993.0
2023,45,3,11,1,3,4672,4,1,1886000.0
2023,45,3,11,1,4,4825,7,1,462000.0
2023,46,3,1,1,4,4583,7,1,1026000.0
2023,46,3,4,1,4,4583,7,1,720000.0
2023,46,3,7,1,4,4582,3,1,1000000.0
2023,46,3,9,1,4,4584,4,1,1199852.0
2023,46,3,10,1,4,4585##4586,11##6,2,2500000.0
2023,46,3,14,1,4,4583,7,1,54000.0
2023,50,3,3,1,3,4509,4,1,108498.0
2023,50,3,4,1,3,4508,11,1,67287.0
2023,50,3,7,1,3,4507##4509##4510,6##4##3,3,299775.0
2023,50,3,10,1,3,4507##4509,6##4,2,52274.0
2023,50,3,11,1,3,4508##4509,11##4,2,272186.0
2023,50,3,14,1,3,4506,7,1,200000.0
2023,52,3,6,1,4,4655##4660,5##2,2,3500000.0
2023,52,3,7,1,4,4657##4661,6##3,2,795911.0
2023,52,3,10,1,4,4657,6,1,504000.0
2023,52,3,11,1,4,4659,4,1,1000000.0
2023,52,3,13,1,4,4658,11,1,1000000.0
2023,52,3,14,1,4,4656,7,1,1201435.0
2023,55,1,3,2,1,27036##27053##27076,4418615.9241##4404930.7025##254887.2523,3,2043813.75
2023,55,1,3,2,2,25224##25265##25320##25450,263440.5158##116324.3836##834798.5176##4735086.6736,4,1815458.49
2023,55,1,4,2,1,27025##27026##27027##27028,263440.5158##4418615.9241##5131.9581##157380.0484,4,1348000.16
2023,55,1,4,2,2,25241##25375##25413##25448,660311.9422##111192.4255##4918126.5125##685971.7327,4,349743.61
2023,55,1,6,2,1,27025##27027,263440.5158##5131.9581,2,987999.92
2023,55,1,6,2,2,25241##25446##25448##25453,660311.9422##4430590.493##685971.7327##752687.188,4,3343627.12
2023,55,1,7,2,2,25228##25413,4654685.9967##4918126.5125,2,634114.29
2023,55,1,9,2,1,27027,5131.9581,1,104000.05
2023,55,1,10,2,1,27036##27053##27076,4418615.9241##4404930.7025##254887.2523,3,651013.35
2023,55,1,10,2,2,25256##25265##25308##25359##25375##25411##25413##25450,834798.5176##116324.3836##4889045.4166##4182545.8515##111192.4255##7673988.0122##4918126.5125##4735086.6736,8,2328860.93
2023,55,1,11,2,1,27025##27026##27027##27028##27036,263440.5158##4418615.9241##5131.9581##157380.0484,5,1319121.45
2023,55,1,11,2,2,25224##25446##25448##25450##25453,263440.5158##4430590.493##685971.7327##4735086.6736##752687.188,5,641454.1
2023,55,1,12,2,2,25359##25361##25440##25446,4182545.8515##268572.4739##4430590.493,4,846601.17
2023,55,2,3,2,1,27024##27041##27059,532012.9897##7501212.0895##663733.2476,3,2129566.24
2023,55,2,3,2,2,25351##25387##25428##25481,3055225.7222##7273695.2804##7501212.0895##663733.2476,4,1497986.71
2023,55,2,4,2,2,25351##25397##25409,3055225.7222##7624379.0839##7030782.597,3,206930.79
2023,55,2,6,2,1,27033,672286.5111,1,559698.71
2023,55,2,6,2,2,25347##25390##25397##25409##25410,7275405.9331##2256350.9113##7624379.0839##7030782.597,5,1544546.57
2023,55,2,7,2,1,27029,532012.9897,1,400000.0
2023,55,2,7,2,2,25246##25396##25472,704788.9124##3089438.7762##2299117.2288,3,508506.42
2023,55,2,10,2,1,27024##27033##27059,532012.9897##672286.5111##663733.2476,3,456308.07
2023,55,2,10,2,2,25246##25324##25351##25367##25387##25390##25397##25405##25472##25481##25487,704788.9124##1296674.7466##3055225.7222##2603613.4094##7273695.2804##2256350.9113##7624379.0839##1399313.9086##2299117.2288##663733.2476##1294964.0939,11,2176620.23
2023,55,2,11,2,1,27059,663733.2476,1,49996.38
2023,55,2,11,2,2,25390##25481,2256350.9113##663733.2476,2,121825.93
2023,55,2,12,2,2,25324##25429##25449,1296674.7466##532012.9897,3,289535.21
2023,55,2,13,2,2,25449,532012.9897,1,330999.47
2023,55,3,7,1,4,4621##4622,7##6,2,1350000.0
2023,55,3,9,1,4,4624,4,1,900000.0
2023,55,3,10,1,4,4621##4622##4623,7##6##11,3,3650000.0
2023,55,3,11,1,4,4624,4,1,2100000.0
2023,58,3,4,1,3,4745##4750,7##11,2,2994000.0
2023,58,3,7,1,3,4749,3,1,3000000.0
2023,58,3,10,1,3,4746##4747##4750,6##4##11,3,1006000.0
2023,58,3,11,1,3,4748,4,1,3000000.0
2023,59,3,1,1,4,4538,7,1,84000.0
2023,59,3,3,1,4,4536,4,1,499988.0
2023,59,3,4,1,4,4538,7,1,616000.0
2023,59,3,6,1,3,4875##4877,2##5,2,2396000.0
2023,59,3,6,1,4,4533##4537,5##2,2,3994000.0
2023,59,3,7,1,3,4876##4878,3##6,2,500000.0
2023,59,3,7,1,4,4534##4535,3##6,2,1001000.0
2023,59,3,9,1,3,4875##4879,2##4,2,504000.0
2023,59,3,9,1,4,4536##4537,4##2,2,1520968.0
2023,59,3,10,1,3,4878##4879,6##4,2,300000.0
2023,59,3,10,1,4,4535##4536,6##4,2,638994.0
2023,59,3,11,1,3,4879,4,1,300000.0
2023,59,3,12,1,4,4537,2,1,145000.0
2023,60,3,1,1,3,4517,7,1,152000.0
2023,60,3,4,1,3,4516##4517,11##7,2,1148000.0
2023,60,3,6,1,3,4515,2,1,896000.0
2023,60,3,6,1,4,4808,2,1,500000.0
2023,60,3,7,1,3,4511##4512##4514##4520,6##4##3,4,1270011.0
2023,60,3,9,1,3,4512,4,1,510000.0
2023,60,3,9,1,4,4807,4,1,780000.0
2023,60,3,10,1,3,4511##4512##4518##4519##4520,6##4##17,5,1319000.0
2023,60,3,10,1,4,4807,4,1,220000.0
2023,60,3,11,1,3,4512##4519,4,2,3701000.0
2023,60,3,11,1,4,4807,4,1,1000000.0
2023,60,3,12,1,3,4513##4515,2,2,804011.0
2023,60,3,12,1,4,4808,2,1,1500000.0
2023,61,1,3,2,2,26049##26050,27439811.7682##27372046.7524,2,197778.48
2023,61,1,6,2,2,26050##26051##26073##26078,27372046.7524##27437301.9528##27369536.937##27382086.014,4,808892.4
2023,61,1,7,2,2,26051##26052##26056,27437301.9528##27384595.8294##27279183.5826,3,950000.0
2023,61,1,9,2,2,26049##26056##26066,27439811.7682##27279183.5826##27424752.8758,3,435000.0
2023,61,1,10,2,2,26049##26051##26052##26056##26066##26073##26078,27439811.7682##27437301.9528##27384595.8294##27279183.5826##27424752.8758##27369536.937##27382086.014,7,995000.0
2023,61,1,11,2,2,26050##26052##26066##26078,27372046.7524##27384595.8294##27424752.8758##27382086.014,4,810560.12
2023,61,2,3,2,2,26094,27274163.9518,1,132299.86
2023,61,2,6,2,2,26094##26101,27274163.9518##27329379.8906,2,357599.79
2023,61,2,7,2,2,26094##26101,27274163.9518##27329379.8906,2,354499.91
2023,61,2,9,2,2,26094,27274163.9518,1,201599.78
2023,61,2,10,2,2,26101,27329379.8906,1,104000.01
2023,61,3,3,1,4,4836##4837,4##11,2,1523096.0
2023,61,3,6,1,3,4612##4614,5##2,2,3300000.0
2023,61,3,6,1,4,4834##4838,2##5,2,1994022.0
2023,61,3,7,1,4,4835##4861,3##6,2,1497934.0
2023,61,3,9,1,3,4613##4614,4##2,2,3000000.0
2023,61,3,9,1,4,4834##4836,2##4,2,989313.0
2023,61,3,10,1,4,4836##4837##4861,4##11##6,3,1995635.0
2023,61,3,11,1,3,4613,4,1,700000.0
2023,66,3,3,1,4,4839,4,1,1166000.0
2023,66,3,4,1,3,4524,7,1,1300000.0
2023,66,3,6,1,3,4522##4525,2##5,2,1999922.0
2023,66,3,6,1,4,4840##4847,2##5,2,2000000.0
2023,66,3,7,1,3,4521##4523##4526,3##4##6,3,2004241.0
2023,66,3,10,1,4,4839##4841##4862##4890,4##11##6##7,4,3634000.0
2023,66,3,11,1,3,4523,4,1,4691050.0
2023,67,1,3,2,2,25454##25491##25573##25574##25636##25650##25657##25692##27013,3203600.172##2205428.2895##760736.914##1125748.8805##603628.2035##93320.2115##2277485.668##1333652.1365,9,2609033.31
2023,67,1,4,2,1,25310##25317##25336,3203600.172##603628.2035##3194150.024,3,999000.0
2023,67,1,4,2,2,25422##25454##25491##25521##25636##25645##25657##25692##25709##26856##26857##26864##26884##26918##26978##27004##27013,760736.914##3203600.172##2205428.2895##640247.527##603628.2035##93320.2115##2277485.668##2895289.0935##1954999.3675##3057122.878##4774687.277##1901842.285##1333652.1365,17,2703436.39
2023,67,1,6,2,2,25454##25491##25521##25573##25574##25636##25657##25684##25692##25709##26857##26864##26884##26918##26978##27004,3203600.172##2205428.2895##640247.527##760736.914##1125748.8805##603628.2035##93320.2115##2895289.0935##2277485.668##1954999.3675##3057122.878##4774687.277##1901842.285,16,5173761.65
2023,67,1,7,2,1,25310##27008,3203600.172##1954999.3675,2,800000.0
2023,67,1,7,2,2,25574##25636##25650##25657##25658##25692##25699##26857##26978##27004##27013,1125748.8805##603628.2035##2205428.2895##93320.2115##1901842.285##2277485.668##1542736.661##1954999.3675##4774687.277##1333652.1365,11,2091561.65
2023,67,1,9,2,2,25645##25650##25657##25658##26918,603628.2035##2205428.2895##93320.2115##1901842.285,5,464318.47
2023,67,1,10,2,2,25422##25454##25491##25521##25574##25636##25645##25650##25657##25658##25684##25692##25709##26856##26864##26884##26918##26978##27004##27013,760736.914##3203600.172##2205428.2895##640247.527##1125748.8805##603628.2035##93320.2115##1901842.285##2895289.0935##2277485.668##3057122.878##4774687.277##1333652.1365,20,3571494.26
2023,67,1,11,2,1,25314##25317##25336,3057122.878##603628.2035##3194150.024,3,501000.0
2023,67,1,11,2,2,25422##25454##25491##25521##25640##25645##25650##25657##26856##26864##26918##26978,760736.914##3203600.172##2205428.2895##640247.527##3057122.878##603628.2035##93320.2115##4774687.277,12,2883745.32
2023,67,2,3,2,1,25701##25707,507945.455##641428.7955,2,599985.45
2023,67,2,3,2,2,25458##25459##25677##25693##26854##26920##26951##26982,507945.455##1134017.76##641428.7955##602446.935##5292082.88##1443510.107,8,957409.65
2023,67,2,4,2,1,27009,636703.7215,1,119000.0
2023,67,2,4,2,2,25461##25488##25677##25693##26854##26920##26949##26951##26982##27007##27014,1331289.5995##5057010.4485##1134017.76##641428.7955##602446.935##5292082.88##636703.7215##1443510.107##1129292.686##4735705.4165,11,1544495.47
2023,67,2,6,2,1,27009,636703.7215,1,385000.0
2023,67,2,6,2,2,25458##25459##25461##25488##25500##25677##25693##26854##26949##26950##26982,507945.455##1331289.5995##5057010.4485##598903.1295##1134017.76##641428.7955##602446.935##636703.7215,11,1738523.75
2023,67,2,7,2,2,25458##25500##26854##26950##26951##27014,507945.455##598903.1295##602446.935##1443510.107##4735705.4165,6,776757.4
2023,67,2,9,2,2,25488##25500##25693,5057010.4485##598903.1295##641428.7955,3,168099.41
2023,67,2,10,2,2,25458##25459##25461##25488##25693##26854##26920##26949##26950##26951##26982##27014,507945.455##1331289.5995##5057010.4485##641428.7955##602446.935##5292082.88##636703.7215##598903.1295##1443510.107##1134017.76##4735705.4165,12,1071483.49
2023,67,2,11,2,1,27009,636703.7215,1,196000.0
2023,67,2,11,2,2,25461##25500##25550##25648##25693##25700##27007,1331289.5995##598903.1295##1768358.9445##2211334.632##641428.7955##1129292.686,7,1057925.45
2023,67,3,3,1,4,4850,4,1,700000.0
2023,67,3,4,1,3,4632##4634##4908,7##11,3,4110546.0
2023,67,3,4,1,4,4846,11,1,1758581.0
2023,67,3,6,1,3,4636##4910,2,2,3000000.0
2023,67,3,6,1,4,4843##4851,5##2,2,2300000.0
2023,67,3,6,2,1,25679##25691,584727.9075##3074841.9055,2,3000000.44
2023,67,3,7,1,3,4633##4637##4909,6##3##4,3,3204614.0
2023,67,3,7,1,4,4844##4845##4850##4852,7##6##4##3,4,2097472.0
2023,67,3,7,2,2,25598,3116186.303,1,265462.89
2023,67,3,9,2,1,25708,3116186.303,1,798000.01
2023,67,3,9,2,2,25598,3116186.303,1,415211.18
2023,67,3,10,1,3,4633##4634##4635##4908##4909,6##11##4,5,3480046.0
2023,67,3,10,1,4,4845##4846##4850##4911,6##11##4##7,4,1530530.0
2023,67,3,10,2,1,25708,3116186.303,1,602000.0
2023,67,3,11,1,3,4635##4909,4,2,3211500.0
2023,67,3,11,1,4,4850,4,1,1008000.0
2023,67,3,12,2,1,26297,2955533.787,1,146673.17
2023,71,1,3,2,2,25911##25926##25956,10032690.192##10018323.5712##10008745.824,3,645989.39
2023,71,1,4,2,2,25887##25907##25910##25925##25928,10068606.744##10039873.5024##10049451.2496##10023112.4448##9991984.7664,5,1676500.08
2023,71,1,6,2,2,25925##25934##25941##25954##25956,10023112.4448##10051845.6864##10080578.928##10071001.1808##10008745.824,5,1296000.49
2023,71,1,7,2,2,25925##25926##25934##25941##25956,10023112.4448##10018323.5712##10051845.6864##10080578.928##10008745.824,5,826000.09
2023,71,1,10,2,2,25887##25907##25911##25934##25954##25956,10068606.744##10039873.5024##10032690.192##10051845.6864##10071001.1808##10008745.824,6,1353781.48
2023,71,1,11,2,2,25907##25910##25925##25928##25941,10039873.5024##10049451.2496##10023112.4448##9991984.7664##10080578.928,5,1846000.12
2023,71,2,3,2,2,25895,10035084.6288,1,120000.07
2023,71,2,4,2,2,25889##25898##25936,10063817.8704##10001562.5136##25946117.1648,3,540000.12
2023,71,2,6,2,2,25894##25923,10030295.7552##10054240.1232,2,819688.29
2023,71,2,7,2,2,25889##25923,10063817.8704##10054240.1232,2,380000.12
2023,71,2,10,2,2,25889##25895,10063817.8704##10035084.6288,2,600000.32
2023,71,2,11,2,2,25894##25898##25936,10030295.7552##10001562.5136##25946117.1648,3,889532.43
2023,72,1,1,2,2,27185,4873230.225,1,175000.0
2023,72,1,3,2,2,27149##27185,5621489.625##4873230.225,2,245000.0
2023,72,1,7,2,1,25706##25712,4806421.35##4768244.85,2,682000.0
2023,72,1,9,2,1,25680##25695##25697##25706##25712##25746,7631482.35##4758700.725##5186277.525##4806421.35##4768244.85##3025487.625,6,2938802.5
2023,72,1,9,2,2,27208,5186277.525,1,100000.01
2023,72,1,10,2,1,25695##25712##25713,4758700.725##4768244.85##3193464.225,3,791200.01
2023,72,1,10,2,2,27149##27161##27167##27185##27208,5621489.625##3193464.225##5134739.25##4873230.225##5186277.525,5,1980000.02
2023,72,1,11,2,1,25682##25695##25706##25712##25715##25746,5134739.25##4758700.725##4806421.35##4768244.85##4951492.05##3025487.625,6,2594453.78
2023,72,2,1,2,2,27116##27285,3533235.075##3101840.625,2,434995.13
2023,72,2,3,2,2,27132##27186##27314##27316##27324##27392,20571407.025##7877720.775##3208734.825##7885356.075##3241184.85##3033122.925,6,1524995.07
2023,72,2,4,2,2,27116##27285,3533235.075##3101840.625,2,279995.26
2023,72,2,6,2,2,27152,3092296.5,1,125000.0
2023,72,2,7,2,1,25671##25675##25686,7889173.725##7644844.125##3033122.925,3,803344.63
2023,72,2,7,2,2,27099##27339##27403,7889173.725##7879629.6##3220187.775,3,999967.88
2023,72,2,9,2,1,25669##25675##25685##25688##25696,20661121.8##7644844.125##3044575.875##7620029.4##3124746.525,5,1069481.66
2023,72,2,9,2,2,27427,7620029.4,1,300000.0
2023,72,2,10,2,1,25669##25671##25696,20661121.8##7889173.725##3124746.525,3,699925.51
2023,72,2,10,2,2,27099##27116##27128##27132##27152##27186##27230##27285##27314##27316##27323##27324##27339##27346##27392##27424,7889173.725##3533235.075##3241184.85##20571407.025##3092296.5##7877720.775##3101840.625##3208734.825##7885356.075##20601948.225##7879629.6##20661121.8##3033122.925##7629573.525,16,4534959.14
2023,72,2,11,2,1,25673##25685##25702##25704,3187737.75##3044575.875##20706933.6##3208734.825,4,1396999.73
2023,72,2,11,2,2,27152##27285##27427,3092296.5##3101840.625##7620029.4,3,299998.29
2023,72,2,12,2,2,27137##27151,3256455.45##3596226.3,2,600000.05
2023,72,3,2,2,2,27406,5335165.875,1,248777.22
2023,72,3,5,2,2,27188,5094653.925,1,99929.05
2023,72,3,6,1,3,4617##4619,2##5,2,7000000.0
2023,72,3,9,1,3,4618,4,1,2000000.0
2023,72,3,9,2,2,27194,5050750.95,1,600000.36
2023,72,3,10,2,2,27406,5335165.875,1,248777.22
2023,72,3,12,2,2,27613,4789241.925,1,200000.0
2023,73,1,3,2,2,24596##24655##24689##26896##26925,4352159.8097##4423756.4184##4052063.386##4271423.2084,5,1023839.49
2023,73,1,4,2,1,26805##26806##26809##27340##27357##27361##27390##27409##27412,4343019.8171##3727593.6487##3875356.8624##3755013.6265##4262283.2158##763189.3821##3936290.1464,9,11485986.95
2023,73,1,4,2,2,24527##24531##24538##24682##26919,3727593.6487##4262283.2158##3875356.8624##4181546.6145##4271423.2084,5,2137023.95
2023,73,1,6,2,1,26799##26800##27356##27360##27374##27388##27401##27410##27413,4343019.8171##3727593.6487##4262283.2158##4181546.6145##763189.3821##4109950.0058##3936290.1464,9,9199284.77
2023,73,1,6,2,2,24592##24606##24636##24744##24746##26853##26916,4109950.0058##3727593.6487##4343019.8171##4271423.2084##4160219.9651,7,2619950.0
2023,73,1,7,2,1,26827##27352##27355##27376,4205919.9281##4352159.8097,4,5293863.97
2023,73,1,7,2,2,24552##24688##24700##26775,4160219.9651##4205919.9281,4,2059999.87
2023,73,1,10,2,1,26810##27343##27367##27408,4423756.4184##4285133.1973##4352159.8097##3936290.1464,4,3099999.19
2023,73,1,10,2,2,24591##24655##24671##26700##26705##26778,4423756.4184##3875356.8624##4052063.386##4277516.5368,6,1993663.98
2023,73,1,11,2,1,26814##27358##27366##27387##27389##27411,4271423.2084##4262283.2158##4181546.6145##4343019.8171##763189.3821,6,4097218.65
2023,73,1,11,2,2,24666##24697##26701,4181546.6145##4271423.2084##4262283.2158,3,964924.19
2023,73,1,14,2,1,27350##27364##27365##27386##27391##27400,4262283.2158##3875356.8624##3755013.6265##3936290.1464##763189.3821##4109950.0058,6,5996742.77
2023,73,1,14,2,2,24540##24583##24733##26851##26900,3755013.6265##4285133.1973##3727593.6487##3936290.1464,5,1690137.99
2023,73,2,3,2,2,24672,2764847.7615,1,259801.89
2023,73,2,4,2,1,26808,667219.4598,1,500000.3
2023,73,2,4,2,2,24675##24705##26894,697686.1018##667219.4598,3,1046973.7
2023,73,2,6,2,1,26801,720536.0833,1,800000.0
2023,73,2,6,2,2,24687##24691##24706,720536.0833##1814288.5311##671789.4561,3,1229404.29
2023,73,2,7,2,1,26802##26803,676359.4524##700732.766,2,1600000.0
2023,73,2,7,2,2,24664##24679,676359.4524##682452.7808,2,875002.03
2023,73,2,10,2,1,26811##26812,685499.445##1200385.6948,2,600000.18
2023,73,2,10,2,2,24654##24665##24712,1200385.6948##676359.4524##685499.445,3,939906.96
2023,73,2,11,2,1,26815##26816##26842##27416,667219.4598##720536.0833##697686.1018,4,1448056.91
2023,73,2,11,2,2,24702##24722##24738##26885,667219.4598##720536.0833##697686.1018,4,1615991.65
2023,73,3,3,1,4,4752,4,1,195000.0
2023,73,3,4,1,3,4757,13,1,3000000.0
2023,73,3,6,1,3,4758,2,1,2000000.0
2023,73,3,6,1,4,4754,2,1,3000000.0
2023,73,3,6,2,1,27344##27349,4301889.8504##4064250.0428,2,5299865.92
2023,73,3,6,2,2,24715,4064250.0428,1,1803044.23
2023,73,3,7,1,3,4756##4759,4##3,2,3000000.0
2023,73,3,7,1,4,4755,3,1,500000.0
2023,73,3,7,2,1,27353##27377##27398##27405,3992653.4341##4023120.0761##4073390.0354##4301889.8504,4,7639779.6
2023,73,3,9,2,1,27377##27381##27405,4023120.0761##4064250.0428##4301889.8504,3,3242326.9
2023,73,3,10,1,4,4751##4752##4753##4906,6##4##12##17,4,2498000.0
2023,73,3,10,2,1,27396,4036830.065,1,300000.18
2023,73,3,11,1,3,4756,4,1,1000000.0
2023,73,3,11,1,4,4752,4,1,507000.0
2023,73,3,11,2,1,27375##27399,4023120.0761##3968280.1205,2,2649970.21
2023,73,3,12,1,3,4893,13,1,3000000.0
2023,73,3,12,2,1,27404,4301889.8504,1,4161815.66
2023,74,3,9,1,4,4577##4578##4579,4##2##3,3,5484289.0
2023,74,3,10,1,4,4580,6,1,1000025.0
2023,77,3,1,1,3,4550,7,1,375002.0
2023,77,3,3,1,3,4546,4,1,262919.0
2023,77,3,4,1,3,4550,7,1,750004.0
2023,77,3,6,1,3,4547##4549,2##5,2,1910000.0
2023,77,3,7,1,3,4545##4546##4548,6##4##3,3,1423527.0
2023,77,3,9,1,3,4546,4,1,262919.0
2023,77,3,10,1,3,4545##4546,6##4,2,828049.0
2023,77,3,11,1,3,4546,4,1,680496.0
2023,77,3,14,1,3,4550,7,1,375001.0
2023,80,1,4,2,1,25583##25585##25586##25629##25651##25665##25716##25737##25758##26863##27453##27482##27542##27546##27555##27556##27561,368604.6848##333247.1296##343932.5824##955783.3472##327165.9776##353228.0576##332030.8992##328382.208##335679.5904##336027.0848##327426.5984,17,10883206.12
2023,80,1,6,2,1,25583##25651##27453##27548##27549##27556##27566,368604.6848##955783.3472##335679.5904##333247.1296##328729.7024##333160.256,7,3315734.33
2023,80,1,7,2,1,25584##25586##25607##25651##25660##25668##25694##25731##25737##25742##25759##25824##27178##27182##27202##27276##27453##27517##27542##27546##27548##27549##27551##27552##27556##27557##27560##27563##27564##27565##27566,333160.256##343932.5824##327426.5984##955783.3472##373556.48##340544.512##333247.1296##330119.68##336113.9584##328729.7024##328208.4608##335679.5904##335853.3376,31,17167840.6
2023,80,1,9,2,1,25606##25660##25668##25694##25731##25737##25742##25759##27277##27453##27517##27546##27548##27549##27551##27552##27556##27560##27563,327426.5984##373556.48##340544.512##333247.1296##343932.5824##330119.68##335679.5904##335853.3376##328729.7024##328208.4608,19,6809319.69
2023,80,1,10,2,1,25583##25585##25587##25629##25651##25665##25694##25731##25736##25756##27453##27482##27483##27514##27516##27517##27541##27542##27543##27545##27546##27548##27556##27557##27561,368604.6848##333247.1296##331683.4048##955783.3472##327165.9776##340544.512##335679.5904##336027.0848##329945.9328##335853.3376##327426.5984##343932.5824,25,12310182.89
2023,80,1,11,2,1,24811##24822##25584##25585##25586##25629##25651##25660##25666##25694##25731##25742##25755##25759##25793##25822##26403##26863##26865##27174##27178##27202##27453##27513##27514##27516##27517##27520##27542##27543##27546##27550##27555##27556##27557##27560##27563##27565,332030.8992##357745.4848##333160.256##333247.1296##343932.5824##955783.3472##373556.48##327687.2192##344366.9504##330119.68##360091.072##328382.208##335853.3376##328208.4608##335679.5904##329945.9328##327426.5984##338112.0512,38,18171842.77
2023,80,1,12,2,1,24841,368604.6848,1,150000.0
2023,80,2,4,2,1,25662##27558,345670.0544##340805.1328,2,614005.92
2023,80,2,6,2,1,25667,344019.456,1,650000.0
2023,80,2,7,2,1,27547,327339.7248,1,149800.0
2023,80,2,9,2,1,27547,327339.7248,1,149800.0
2023,80,2,10,2,1,25661##25739##27448##27547,341326.3744##343671.9616##327339.7248,4,1486854.39
2023,80,2,11,2,1,27213,343411.3408,1,600000.0
2023,80,3,1,1,3,4683##4783,11,2,930000.0
2023,80,3,3,1,4,4587,4,1,560000.0
2023,80,3,4,1,3,4683##4783,11,2,4170000.0
2023,80,3,4,1,4,4610,7,1,2925000.0
2023,80,3,4,2,1,24835##26165##26862,334810.8544,3,4173078.45
2023,80,3,6,1,3,4684##4778,5,2,3000000.0
2023,80,3,6,1,4,4616,5,1,500000.0
2023,80,3,6,2,1,26024,329250.944,1,1579391.7
2023,80,3,7,1,3,4681##4682##4685##4779##4780##4782,3##4##7##6,6,9269945.0
2023,80,3,7,1,4,4587##4602,4##3,2,2220000.0
2023,80,3,7,2,1,27180,335592.7168,1,1499990.47
2023,80,3,9,1,3,4682##4685##4780##4781,4##7##2,4,6525000.0
2023,80,3,9,1,4,4587,4,1,680000.0
2023,80,3,10,1,3,4685##4686##4779##4783,7##6##11,4,3370000.0
2023,80,3,10,1,4,4587##4611##4620,4##6##11,3,4765200.0
2023,80,3,11,1,3,4682##4780,4,2,4735000.0
2023,80,3,11,1,4,4587##4610,4##7,2,2935000.0
2023,80,3,11,2,1,27263,334897.728,1,500002.0
2023,80,3,12,1,3,4687##4688,2##1,2,6996626.0
2023,80,3,12,1,4,4581,2,1,3500293.0
2023,80,3,13,1,3,4683,11,1,500000.0
2023,80,3,14,1,3,4784,7,1,2500000.0
2023,80,4,4,2,1,26418,956912.704,1,60000.0
2023,80,4,6,2,1,26418,956912.704,1,230000.0
2023,80,4,7,2,1,26418,956912.704,1,370000.0
2023,80,4,11,2,1,26418,956912.704,1,340000.0
2023,81,3,4,1,3,4675,2,1,322000.0
2023,81,3,6,1,3,4674##4675,5##2,2,778000.0
2023,81,3,7,1,3,4676,3,1,400000.0
2023,87,1,1,2,2,25029,25353.4764,1,394574.48
2023,87,1,6,2,1,26651##26685,65561.2902##11743.4814,2,999999.87
2023,87,1,7,2,1,24790##25209##26541##26571##26580##26594##26596##27080##27148,26286.7332##62217.12##622.1712##2955.3132##69994.26##11121.3102##16098.6798,9,3888667.89
2023,87,1,7,2,2,25082##25110,2955.3132##68127.7464,2,1399999.99
2023,87,1,10,2,2,25131##25156,68127.7464##25353.4764,2,749922.13
2023,87,1,11,2,1,24790##25208##26541##26562##26572##27164,26286.7332##1166.571##65950.1472##622.1712##64705.8048,6,2650973.01
2023,87,1,11,2,2,25059##25083##25084##25119##25173##25180,64705.8048##11121.3102##2955.3132##1244.3424##311.0856##11743.4814,6,2971241.93
2023,87,1,13,2,1,25711,63150.3768,1,300000.0
2023,87,1,13,2,2,25090,12210.1098,1,450000.01
2023,87,2,1,2,2,25016##25044##25050,65872.3758##62839.2912##68672.1462,3,1199170.64
2023,87,2,4,2,1,24782##25205##25210##26532##26539##26544##26551##26583##27073##27081##27098##27144##27147,68983.2318##63072.6054##62683.7484##64316.9478##62839.2912##70227.5742##68672.1462##70305.3456##67272.261##4199.6556,13,6649338.41
2023,87,2,6,2,1,26535##26546##26547##26561##26570##26587,62994.834##66416.7756##70383.117##68516.6034##26753.3616##8321.5398,6,1999023.76
2023,87,2,7,2,1,24792##26537##26542##26597##27075##27082##27162,68205.5178##66727.8612##62528.2056##8321.5398##65250.2046##22164.849##66883.404,7,2524708.82
2023,87,2,7,2,2,25014##25027##25070##25075##25095##25125##25128,66027.9186##22164.849##65250.2046##62450.4342##66883.404##62372.6628##67583.3466,7,3698623.39
2023,87,2,9,2,2,25010##25011##25021##25026##25035##25040##25078##25103##25117##25135,18976.2216##66339.0042##62528.2056##22164.849##68516.6034##15865.3656##8321.5398##67116.7182##68283.2892##63694.7766,10,4499881.66
2023,87,2,10,2,1,26534##26553##26554##26578##26618##27072##27085##27143,65872.3758##70305.3456##63772.548##70460.8884##27919.9326##67661.118##63539.2338##67272.261,8,2264624.42
2023,87,2,10,2,2,25013##25018##25019##25020##25067##25096,18976.2216##63539.2338##65872.3758##23331.42##63928.0908##63694.7766,6,2250651.83
2023,87,2,11,2,1,24792##25206##25207##25218##26536##26540##26549##26573##26613##26614##27071##27083##27084##27106##27146##27156,68205.5178##15865.3656##27608.847##63228.1482##66416.7756##27919.9326##19909.4784##62528.2056##68905.4604##69760.9458##68672.1462##63539.2338##65250.2046##67272.261##9721.425,16,7213793.88
2023,87,2,11,2,2,25017##25023##25028##25034##25037##25049##25055##25058##25060##25076##25132##25143##25153##25155##25159##25171##25172,63539.2338##62839.2912##69294.3174##68516.6034##15865.3656##68672.1462##27064.4472##67116.7182##66883.404##5988.3978##65250.2046##67272.261##15632.0514##6843.8832##64239.1764##68283.2892##65172.4332,17,6998199.04
2023,87,3,3,1,3,4626,4,1,1000000.0
2023,87,3,4,1,3,4774,11,1,2000000.0
2023,87,3,6,1,3,4627##4629##4772##4776,2##5,4,10765000.0
2023,87,3,7,1,3,4628##4777,3,2,5250000.0
2023,87,3,8,2,1,26849##27320,1944.285,2,2560000.67
2023,87,3,9,1,3,4626##4627,4##2,2,2985000.0
2023,87,3,10,1,3,4625,11,1,3000000.0
2023,87,3,11,1,3,4773##4775,7##4,2,3000009.0
2023,87,3,13,2,1,24517,62061.5772,1,965506.45
2023,88,1,1,2,1,25360,472782.42,1,899987.45
2023,88,1,4,2,1,25797,475768.7,1,1000000.07
2023,88,1,6,2,1,25537##25559##25829,472103.72##471696.5##478890.72,3,2400000.0
2023,88,1,7,2,1,25346##25362##25366##25568##25577##25622##25819##26513,472646.68##482284.22##476175.92##476447.4##478212.02,8,2878453.69
2023,88,1,9,2,1,25362##25366##25399##25544##25552##25554##25557##25622##25829,482284.22##476175.92##474682.78##476854.62##471017.8##476447.4##543774.44##478890.72,9,3205978.07
2023,88,1,10,2,1,25346##25362##25371##25792##26422,472646.68##482284.22##474954.26,5,1982999.96
2023,88,1,11,2,1,25345##25376##25539##25544##25552##25568##25795##26559,480926.82##472510.94##476990.36##476854.62##471017.8##476447.4##471560.76,8,4461483.3
2023,88,2,4,2,1,26509,494093.6,1,375000.0
2023,88,2,6,2,1,25543,498165.8,1,504000.0
2023,88,2,7,2,1,25546##25566##26489,507396.12##489206.96,3,834959.4
2023,88,2,10,2,1,25356##25358##25831##26577,489885.66##495179.52##494093.6,4,999999.96
2023,88,2,11,2,1,25543##25565##25619,498165.8##495179.52##506038.72,3,1596000.0
2023,88,2,14,2,1,25358##25402,495179.52##494093.6,2,749999.99
2023,88,3,1,1,3,4645##4646,7##11,2,1510000.0
2023,88,3,1,2,1,25195##25393,470203.36,2,3100000.0
2023,88,3,4,2,1,25196##25202,470203.36,2,5500000.0
2023,88,3,6,1,3,4644##4666##4668##4740,2##5,4,14969992.0
2023,88,3,6,2,1,25403,469931.88,1,1000000.0
2023,88,3,7,1,3,4643##4735##4738,3##6,3,1501008.0
2023,88,3,7,2,1,25373##25382##25591##25608,470610.58##469796.14,4,4540000.1
2023,88,3,8,2,1,25192##25785##25787##26495,470339.1##470203.36##469660.4,4,10999942.62
2023,88,3,9,1,3,4667##4668##4739,4##2,3,4245000.0
2023,88,3,9,2,1,25556,470067.62,1,483478.38
2023,88,3,10,1,3,4646##4667##4669##4735,11##4##6,4,2398009.0
2023,88,3,10,2,1,25200,470610.58,1,750000.33
2023,88,3,11,1,3,4739,4,1,986000.0
2023,88,3,11,2,1,25198##25398##25556,470067.62##470203.36,3,6600435.12
2023,88,3,12,1,3,4644##4645##4646##4736##4737,2##7##11,5,8390000.0
2023,88,3,14,2,1,25401,470203.36,1,737567.31
2023,91,1,2,2,1,24820##24839##24902##24962,3327649.399##1428371.655##3507663.361##3751595.324,4,1466870.87
2023,91,1,2,2,2,26493##26502##26516##26517##26615,2106685.135##3259818.051##3507663.361##5185184.775##3591148.097,5,1157909.2
2023,91,1,3,2,1,24810##24832##24842##24875,5185184.775##2239738.933##3674632.833##3681155.078,4,1618994.58
2023,91,1,3,2,2,26491##26502##26517##26526##26564##26601##26615,2239738.933##3259818.051##5185184.775##3203726.744##3681155.078##3613323.73##3591148.097,7,2835934.41
2023,91,1,4,2,1,24638##24647##24656##24948##24986,3926391.49##3507663.361##3203726.744##3773770.957##3591148.097,5,2735879.59
2023,91,1,4,2,2,26488##26500##26516##26517##26557##26579##26615##26638##26686,3926391.49##3751595.324##3507663.361##5185184.775##3306778.215##5549126.046##3591148.097##3773770.957##3327649.399,9,4203382.13
2023,91,1,6,2,1,24808##24843##24878,2106685.135##3674632.833##3926391.49,3,850000.0
2023,91,1,6,2,2,26488##26493##26500##26528##26590##26605##26638##26654##26686,3926391.49##2106685.135##3751595.324##5425203.391##1986675.827##3674632.833##3773770.957##845282.952##3327649.399,9,2541255.89
2023,91,1,7,2,1,24940##24946,3306778.215##845282.952,2,533910.45
2023,91,1,7,2,2,26557##26560##26654,3306778.215##3533752.341##845282.952,3,910161.89
2023,91,1,10,2,1,24809##24917,2106685.135##5549126.046,2,946119.05
2023,91,1,10,2,2,26491##26493##26502##26565##26579##26590##26601,2239738.933##2106685.135##3259818.051##5730444.457##5549126.046##1986675.827##3613323.73,7,1781228.12
2023,91,1,11,2,1,24836##24837##24901##24904##24905##24952,2239738.933##3751595.324##3507663.361##3203726.744##3622454.873##3327649.399,6,4049354.42
2023,91,1,11,2,2,26488##26491##26516##26526##26528##26557##26564##26599##26654##26686,3926391.49##2239738.933##3507663.361##3203726.744##5425203.391##3306778.215##3681155.078##3622454.873##845282.952##3327649.399,10,4992659.51
2023,91,2,2,2,1,24831##24944,5369112.084##1978849.133,2,536765.5
2023,91,2,2,2,2,26555##26633,623526.622##1745352.762,2,631348.51
2023,91,2,3,2,1,24862##24897##24957,623526.622##1810575.212##5808711.397,3,887711.84
2023,91,2,3,2,2,26650,632657.765,1,374385.0
2023,91,2,4,2,1,24650##24852##24922##24936,623526.622##632657.765##1305753.449,4,1764747.96
2023,91,2,4,2,2,26496##26617##26668##26682,1369671.45##1917540.03##1385324.838##1305753.449,4,1410172.45
2023,91,2,6,2,1,24933##24951##24961,1385324.838##1364453.654##1451851.737,3,749933.17
2023,91,2,6,2,2,26555##26668,623526.622##1385324.838,2,1010784.88
2023,91,2,7,2,1,24840##24884##24911##24913##24932,5800884.703##1978849.133##2440624.079##1451851.737##1377498.144,5,1640561.84
2023,91,2,7,2,2,26563##26668##26669,5410854.452##1385324.838##1451851.737,3,847518.09
2023,91,2,9,2,2,26645,1360540.307,1,126840.37
2023,91,2,10,2,1,24874##24920##24959,2161471.993##632657.765##1385324.838,3,1022931.24
2023,91,2,10,2,2,26555##26607##26633##26669##26679,623526.622##5288236.246##1745352.762##1451851.737##2276263.505,5,1092073.16
2023,91,3,2,2,1,24908,3399394.094,1,999999.96
2023,91,3,2,2,2,26529##26671,14375027.98##3399394.094,2,1079460.0
2023,91,3,3,2,2,26684,3446354.258,1,277364.16
2023,91,3,4,1,3,4505,11,1,2100000.0
2023,91,3,4,1,4,4539##4540##4542,7##11##13,3,8900000.0
2023,91,3,4,2,1,24663##24677##24886##24896,3432005.319##3399394.094##644397.806,4,3287725.21
2023,91,3,4,2,2,26606,3432005.319,1,1564911.0
2023,91,3,6,1,3,4503,2,1,3000000.0
2023,91,3,6,2,1,24844##24898,3687677.323##644397.806,2,600000.0
2023,91,3,6,2,2,26660,3687677.323,1,1275000.39
2023,91,3,7,1,3,4501##4502,6##3,2,5320000.0
2023,91,3,7,1,4,4542##4543,13##3,2,6210000.0
2023,91,3,7,2,1,24891##24930,3489401.075##3422874.176,2,1724479.93
2023,91,3,7,2,2,26501##26512##26684,3489401.075##3422874.176##3446354.258,3,1687797.99
2023,91,3,8,2,1,26046,3476356.585,1,1499798.5
2023,91,3,9,2,1,24883,3446354.258,1,700000.0
2023,91,3,10,1,3,4501##4504##4505,6##4##11,3,2480000.0
2023,91,3,10,1,4,4541##4542##4544,4##13##6,3,1560000.0
2023,91,3,10,2,1,24663##24845,3432005.319##3422874.176,2,823686.05
2023,91,3,10,2,2,26512##26661,3422874.176##5888282.786,2,1295476.29
2023,91,3,11,1,3,4504,4,1,2100000.0
2023,91,3,11,1,4,4541,4,1,7920000.0
2023,91,3,11,2,1,24958##27485,3489401.075##3446354.258,2,2949998.87
2023,91,3,12,1,4,4541,4,1,90000.0
2023,91,3,14,1,4,4542,13,1,320000.0
2023,96,3,3,1,3,4500,4,1,652500.0
2023,96,3,4,1,3,4495##4497##4500,7##11##4,3,3762500.0
2023,96,3,6,1,3,4498,2,1,1260010.0
2023,96,3,7,1,3,4496,6,1,800000.0
2023,96,3,10,1,3,4495,7,1,450000.0
2023,96,3,11,1,3,4495##4499##4500,7##1##4,3,2435225.0
2023,96,3,12,1,3,4498,2,1,840006.0
2023,97,3,6,1,4,4806,2,1,2400000.0
2023,97,3,7,1,4,4804,11,1,2100000.0
2023,97,3,9,1,4,4805,4,1,1000000.0
2023,97,3,10,1,4,4803##4889,17,2,1000001.0
2023,98,1,3,2,2,24770##24969##24989,9834252.1767##9903272.2848##10295128.3824,3,1819594.31
2023,98,1,4,2,1,24494##24496##24498##24508##24513##26169##26171##26172##26176##26182##26183##26187##26188##26190##26195##26215##26218##26219##26228##26236##26244##26249,6040372.6863##5991390.6741##9921083.9256##9807534.7155##5463720.8154##10197164.358##9794175.9849##6481210.7961##9878781.2787##10217202.4539##9818666.991##10201617.2682##9809761.1706##6663780.1143##5686366.3254##10288449.0171##10370827.8558,22,42646071.81
2023,98,1,4,2,2,24763##24766##24774##24872##24889##24955##24974##24985##25009,9958933.6623##10201617.2682##9809761.1706##5991390.6741##10197164.358##6040372.6863##9921083.9256##10190484.9927##9878781.2787,9,7175799.31
2023,98,1,6,2,1,26172##26182##26183##26195##26215,9794175.9849##5991390.6741##6481210.7961##10201617.2682##9809761.1706,5,4667039.96
2023,98,1,6,2,2,24766##24774##24872##24955##24974,10201617.2682##9809761.1706##5991390.6741##6040372.6863##9921083.9256,5,4323272.13
2023,98,1,7,2,1,24508##24512,9807534.7155##9840931.542,2,1644891.54
2023,98,1,7,2,2,24860##24889##24927##24954##24985##24989##26970,6312000.2085##10197164.358##10486603.521##10206070.1784##10190484.9927##10295128.3824##9803081.8053,7,8753793.15
2023,98,1,10,2,1,24496##24497##24499##24508##24528,5991390.6741##6481210.7961##9807534.7155##10199390.8131,5,4880128.47
2023,98,1,10,2,2,24770##24860##24872##24889##24915##24927##24954##24955##24969##24974##24985##24989##25042,9834252.1767##6312000.2085##5991390.6741##10197164.358##9896592.9195##10486603.521##10206070.1784##6040372.6863##9903272.2848##9921083.9256##10190484.9927##10295128.3824##10644681.8331,13,10674857.03
2023,98,1,11,2,1,24499##24510##24513##26172##26179##26219,6481210.7961##10217202.4539##5463720.8154##9794175.9849##9958933.6623##9921083.9256,6,6443732.15
2023,98,1,11,2,2,24763##24860##24974##24989##25009,9958933.6623##6312000.2085##9921083.9256##10295128.3824##9878781.2787,5,3580424.42
2023,98,1,12,2,2,24813,5463720.8154,1,359972.28
2023,98,1,14,2,1,24513,5463720.8154,1,1620000.0
2023,98,1,14,2,2,24763##24766##24774##24872##24889##24915##24974##24985,9958933.6623##10201617.2682##9809761.1706##5991390.6741##10197164.358##9896592.9195##9921083.9256##10190484.9927,8,5428222.87
2023,98,2,3,2,2,24888##24977##24998,9277638.4017##4225811.7798##10620190.827,3,3040893.27
2023,98,2,4,2,1,26192##26203##26224##26250,4230264.69##8852385.4776##9277638.4017##4301511.2532,4,5830112.83
2023,98,2,4,2,2,24740##24791##24793##25051##25065,8852385.4776##10450980.2394##4230264.69##4214679.5043##4301511.2532,5,4314416.03
2023,98,2,6,2,2,24740##25051##25054##25065,8852385.4776##4214679.5043##10624643.7372##4301511.2532,4,1558511.39
2023,98,2,7,2,2,24795##24977,9894366.4644##4225811.7798,2,1180892.21
2023,98,2,10,2,1,24507,4239170.5104,1,3459766.89
2023,98,2,10,2,2,24779##24791##24793##24795##24797##24888##24903##24998##25051##25054,10450980.2394##4230264.69##9894366.4644##4252529.241##9277638.4017##10061350.5969##10620190.827##4214679.5043##10624643.7372,10,13170706.76
2023,98,2,11,2,2,24740##24779##24797##24888##25051##25054,8852385.4776##10450980.2394##4252529.241##9277638.4017##4214679.5043##10624643.7372,6,2863753.45
2023,98,2,14,2,2,24793##24903,4230264.69##10061350.5969,2,2861914.11
2023,98,3,4,2,1,24503##26170##26247,5868935.6436##5588402.301,3,10708348.37
2023,98,3,6,2,1,24511##24514##26174,9030501.8856##9791949.5298,3,9641853.4
2023,98,3,7,2,1,24515,8979293.4183,1,5714482.2
2023,98,3,10,2,1,24501##24503##24514,5846671.0926##5868935.6436##9791949.5298,3,9408818.73
2023,98,3,11,2,1,24502,5588402.301,1,5900000.18
2023,101,3,1,1,3,4529##4797,7,2,185000.0
2023,101,3,4,1,3,4529##4797,7,2,715000.0
2023,101,3,6,1,3,4527,5,1,500000.0
2023,101,3,9,1,3,4798,4,1,198000.0
2023,101,3,11,1,3,4528##4798,4,2,1165281.0
2023,102,1,3,2,2,26852,9865353.108,1,200000.01
2023,102,1,4,2,2,25415##26914,10683569.598##9900419.529,2,192239.35
2023,102,1,6,2,2,25415##25590##26852##26973##26998,10683569.598##9886392.9606##9865353.108##9895744.0062,5,985850.12
2023,102,1,7,2,2,25590##26914##26981,9886392.9606##9900419.529##10655516.4612,3,485976.6
2023,102,1,9,2,2,26914##26981,9900419.529##10655516.4612,2,117332.48
2023,102,1,10,2,2,25415##25590##26973##26998,10683569.598##9886392.9606##9895744.0062,4,714428.06
2023,102,1,11,2,2,25415##26852##26914##26973##26981,10683569.598##9865353.108##9900419.529##9886392.9606##10655516.4612,5,703842.32
2023,102,2,3,2,2,25492##25617##26889##26965##26988##26989##26990,9549755.319##9573132.933##10692920.6436##10662529.7454##9872366.3922,7,1332608.27
2023,102,2,4,2,2,25485##25492##26889##26964##26990##27000,9584821.74##9549755.319##10692920.6436##9872366.3922##9589497.2628,6,745843.57
2023,102,2,6,2,2,25432##25492##25617##26889##26964##26965##26966##26988##26989##26990##27000,10681231.8366##9549755.319##9573132.933##10692920.6436##9584821.74##9552093.0804##10662529.7454##9872366.3922##9589497.2628,11,2116114.04
2023,102,2,7,2,2,25545##25572##26944##26988,9598848.3084##9580146.2172##9888730.722##10662529.7454,4,1594484.89
2023,102,2,9,2,2,26966,9552093.0804,1,162506.25
2023,102,2,10,2,2,25432##25485##25572##26964##26966##26988##27000,10681231.8366##9584821.74##9580146.2172##9552093.0804##10662529.7454##9589497.2628,7,1874520.09
2023,102,2,11,2,2,25492##25572##26889##26944##26965##26966##26989,9549755.319##9580146.2172##10692920.6436##9888730.722##9552093.0804##9573132.933,7,937270.45
2023,102,3,4,1,4,4870##4871,7##11,2,870000.0
2023,102,3,6,1,4,4869##4873,5##2,2,3000000.0
2023,102,3,7,1,4,4870##4872##4874##4880,7##4##6##3,4,1885502.0
2023,102,3,9,1,4,4872,4,1,270000.0
2023,102,3,10,1,4,4870##4871##4872##4874##4892,7##11##4##6,5,1859500.0
2023,102,3,11,1,4,4880,3,1,360000.0
2023,105,1,1,2,1,24997,3404023.7952,1,773719.48
2023,105,1,3,2,2,25868##25967,1023014.0928##840928.704,2,630011.64
2023,105,1,4,2,1,24997,3404023.7952,1,555059.63
2023,105,1,6,2,2,25863##25864##25873##25960##25979,3568039.6416##878457.7536##840928.704##3747345.1008,5,4005258.4
2023,105,1,7,2,1,27058##27074,155676.0576##1023014.0928,2,789999.77
2023,105,1,7,2,2,25840##26003,1023014.0928##155676.0576,2,1071340.06
2023,105,1,9,2,1,27045##27052##27058##27074,3761244.7488##3747345.1008##155676.0576##1023014.0928,4,1694395.06
2023,105,1,9,2,2,25846,3761244.7488,1,270475.71
2023,105,1,10,2,1,26958##26969##26979##26993,5647426.9824##3733445.4528##6638471.8848##3979469.2224,4,2000121.95
2023,105,1,10,2,2,25846##25863##25864##25868##25955,3761244.7488##3568039.6416##1023014.0928##8339.7888,5,1750125.8
2023,105,1,11,2,1,24997##27045##27052##27063##27074,3404023.7952##3761244.7488##3747345.1008##3802943.6928##1023014.0928,5,2208816.58
2023,105,1,11,2,2,25830##25840##25846##25864##25876,3595838.9376##1023014.0928##3761244.7488##3568039.6416##8339.7888,5,3236860.94
2023,105,1,13,2,2,25950,3467962.176,1,750000.0
2023,105,2,1,2,1,24968##24993##25033##25069,5657156.736##718611.8016##2296221.8496##1111971.84,4,788200.65
2023,105,2,1,2,2,25852##25859##25871##25912##25915##25981##25986,4153214.8224##711661.9776##2285102.1312##1111971.84##5657156.736##2494986.816##1388574.8352,7,1702152.97
2023,105,2,3,2,2,25838##25858##25859##25861##25885##25903##25937##25947##25972##25981##25982##25993##25997##26000##26005,2328191.04##5657156.736##711661.9776##1043863.5648##1922321.3184##1021624.128##1128651.4176##1114751.7696##2305951.6032##2494986.816##2492206.8864##1591509.696##6018547.584##849268.4928,15,5433546.18
2023,105,2,4,2,1,24968##24971##25033##25069##27469,5657156.736##718611.8016##2296221.8496##1111971.84,5,3022229.57
2023,105,2,4,2,2,25859##25871##25912##25915##25946,711661.9776##2285102.1312##1111971.84##5657156.736##5684956.032,5,1782206.51
2023,105,2,6,2,2,25854##25872##25885##25993,711661.9776##1922321.3184##2492206.8864,4,1929550.51
2023,105,2,7,2,1,27030##27042##27046##27090##27093##27097##27107##27115,718611.8016##1922321.3184##715831.872##2492206.8864##722781.696##4153214.8224##2069657.5872,8,5806200.6
2023,105,2,7,2,2,25867##25885,2492206.8864##1922321.3184,2,1736407.05
2023,105,2,9,2,1,27030##27042##27093##27094,718611.8016##1922321.3184##722781.696##2069657.5872,4,1090490.8
2023,105,2,9,2,2,25885##25945,1922321.3184##2069657.5872,2,775673.99
2023,105,2,10,2,1,25069,1111971.84,1,300000.0
2023,105,2,10,2,2,25854##25859##25861##25871##25872##25878##25912##25945##25969##25972##25981##25985##25997,711661.9776##1043863.5648##2285102.1312##1922321.3184##846488.5632##1111971.84##2069657.5872##4153214.8224##2305951.6032##2494986.816##1388574.8352##1591509.696,13,4861581.15
2023,105,2,11,2,1,24968##24973##24993##25033##25069##27030##27042##27046##27049##27091##27093##27095##27107##27469,5657156.736##2492206.8864##718611.8016##2296221.8496##1111971.84##1922321.3184##715831.872##2285102.1312##722781.696##2494986.816,14,6247478.93
2023,105,2,11,2,2,25854##25866##25872##25880##25890,711661.9776##1043863.5648##1922321.3184##1182860.0448##2656222.7328,5,2460381.35
2023,105,2,12,2,2,25859,711661.9776,1,20414.73
2023,105,3,3,1,4,4789,4,1,837001.0
2023,105,3,4,1,4,4786##4788,7##11,2,6045000.0
2023,105,3,4,2,2,25968,4194913.7664,1,205807.25
2023,105,3,6,1,3,4594,5,1,2900000.0
2023,105,3,6,1,4,4785##4790,5##2,2,5000000.0
2023,105,3,7,1,3,4595##4596##4599##4600,7##6##3##4,4,4452333.0
2023,105,3,7,1,4,4787##4791,6##3,2,3389606.0
2023,105,3,7,2,1,27032##27040,3711206.016##3476301.9648,2,3525000.0
2023,105,3,8,2,1,26166,3698696.3328,1,2350001.57
2023,105,3,9,1,3,4598##4599##4600,2##3##4,3,5794325.0
2023,105,3,9,2,1,27061,3698696.3328,1,5000000.81
2023,105,3,9,2,2,25965,3665337.1776,1,2998269.28
2023,105,3,10,1,4,4787,6,1,2110661.0
2023,105,3,10,2,1,26959,3665337.1776,1,1049994.04
2023,105,3,11,1,3,4600,4,1,1922000.0
2023,105,3,11,1,4,4789,4,1,1863001.0
2023,105,3,11,2,1,27040##27069##27239,3476301.9648##3665337.1776,3,3024995.92
2023,105,3,11,2,2,25968,4194913.7664,1,458087.09
2023,105,3,12,2,1,25717##25719##25842##26175,3476301.9648##3616688.4096##3694526.4384,4,4543577.51
2023,105,3,13,2,1,25003,3637537.8816,1,1450001.2
2023,105,3,13,2,2,25836##25879,3476301.9648##3651437.5296,2,1598814.53
2023,105,3,14,1,3,4595##4597,7##11,2,2932000.0
2023,105,3,14,1,4,4786,7,1,755000.0
2023,105,4,4,2,2,25834,3804333.6576,1,149995.52
2023,105,4,7,2,2,25834##25865,3804333.6576,2,1199953.73
2023,105,4,9,2,2,25865,3804333.6576,1,299986.58
2023,105,4,13,2,2,25834,3804333.6576,1,349989.54
2023,107,3,6,1,3,4904,5,1,1200000.0
2023,107,3,7,1,3,4663##4905,3,2,1196059.0
2023,107,3,9,1,3,4903,4,1,598000.0
2023,107,3,10,1,3,4902,6,1,500000.0
2023,107,3,11,1,3,4662##4903,4,2,2502000.0
2023,108,1,1,2,1,24621,631864.38,1,322175.87
2023,108,1,1,2,2,26829,631864.38,1,262770.08
2023,108,1,2,2,1,25306,63186.438,1,834553.72
2023,108,1,3,2,1,24570##24605##25257,4456306.68##377455.827,3,2130783.52
2023,108,1,3,2,2,26765,4456306.68,1,925933.96
2023,108,1,4,2,1,24576##24590##24610##25300,83140.05##631864.38##1682754.612,4,3216396.53
2023,108,1,4,2,2,26757##26844,621887.574##83140.05,2,2690641.56
2023,108,1,6,2,1,24541##25301,63186.438##8314.005,2,1921532.07
2023,108,1,6,2,2,26829,631864.38,1,204376.72
2023,108,1,7,2,1,25258##26930,581980.35,2,1470632.74
2023,108,1,7,2,2,26749##26807,581980.35##2336235.405,2,560966.72
2023,108,1,9,2,1,24619,1682754.612,1,749067.41
2023,108,1,10,2,2,26704##26749##26819##26829##26895##26903,4725680.442##581980.35##4283375.376##631864.38##4243468.152##4753948.059,6,2512768.16
2023,108,1,11,2,1,24594##25252##25253##25299##25369,377455.827##83140.05,5,5617781.02
2023,108,1,11,2,2,26772##26807,377455.827##2336235.405,2,678766.79
2023,108,1,12,2,1,24575##25374,8314.005,2,347401.49
2023,108,2,1,2,1,24626##26926,2036931.225##3029623.422,2,648767.87
2023,108,2,1,2,2,26708##26759,2036931.225##3029623.422,2,777531.92
2023,108,2,2,2,1,24544##24550##24555##24600##24613##25247##25273##25277##25292##25294##25329##25333##25378,1423357.656##989366.595##1687743.015##2036931.225##593619.957##4955146.98##2030280.021##616899.171,13,8730681.3
2023,108,2,2,2,2,26706##26717##26720##26737##26738##26764##26774##26787##26822,2036931.225##4955146.98##616899.171##1506497.706##1687743.015##2030280.021##2334572.604##989366.595##596945.559,9,4776722.91
2023,108,2,3,2,1,24562##24574##25248##25273##26928,1717673.433##2334572.604##989366.595##593619.957,5,3332341.38
2023,108,2,3,2,2,26734##26761##26768##26787##26788##26830,2334572.604##1102437.063##593619.957##989366.595##1717673.433##596945.559,6,3956028.42
2023,108,2,4,2,1,24551##24569##24573##24578##24586##24589##24616##24620##24648##25242##25243##25267##25292##25302##25303##25330##25370,989366.595##6622936.383##1102437.063##613573.569##590294.355##606922.365##616899.171##593619.957##1506497.706##1687743.015,17,14288423.93
2023,108,2,4,2,2,26761##26764##26780##26787##26820,1102437.063##2030280.021##590294.355##989366.595##1506497.706,5,1901704.49
2023,108,2,6,2,1,24532##24547##24554##24563##24580##24581##24585##24618##24622##24644##24659##25285##25325##25378,1717673.433##3026297.82##1687743.015##596945.559##613573.569##2334572.604##590294.355##588631.554##2628888.381##2607271.968##872970.525##1102437.063##2030280.021##616899.171,14,8443088.98
2023,108,2,6,2,2,26706##26722##26774##26777##26780##26820##26822,2036931.225##3026297.82##2334572.604##872970.525##590294.355##1506497.706##596945.559,7,2311215.25
2023,108,2,7,2,1,24543##24597##24599##24607##25275##25281##25289##25330##25332##26929,1423357.656##608585.166##583643.151##906226.545##590294.355,10,6277779.93
2023,108,2,7,2,2,26760##26776##26818##26824,583643.151##590294.355##906226.545##1423357.656,4,2486684.85
2023,108,2,9,2,1,24588##25266##25277##25368,6622936.383##1423357.656##583643.151,4,1608413.62
2023,108,2,9,2,2,26722##26753##26760##26762##26773,3026297.82##6622936.383##583643.151##1423357.656,5,1360661.25
2023,108,2,10,2,1,24543##24562##24585##24595##24609##24643##25275##25280##25284##25290##25352##25368##25378,1423357.656##1717673.433##590294.355##608585.166##2030280.021##906226.545##2602283.565##593619.957##583643.151##616899.171,13,4886021.32
2023,108,2,10,2,2,26720##26761##26762##26764##26768##26769##26776##26790##26798,616899.171##1102437.063##583643.151##2030280.021##593619.957##578654.748##590294.355##608585.166##1669452.204,9,4244874.75
2023,108,2,11,2,1,24536##24559##24608##24612##24617##25250##25267##25348##26927,1102437.063##2602283.565##588631.554##2030280.021##606922.365##1423357.656,9,5772525.11
2023,108,2,11,2,2,26789##26840,613573.569##2602283.565,2,978850.81
2023,108,2,12,2,1,25321,2510829.51,1,384703.53
2023,108,3,1,2,1,24623,109744.866,1,1487162.11
2023,108,3,2,2,1,24542##25245##25261,4334922.207##109744.866,3,4386036.39
2023,108,3,3,2,1,25316##25364,237780.543,2,3458720.0
2023,108,3,4,2,1,25251##25298,109744.866##236117.742,2,7963576.99
2023,108,3,6,2,1,24642##25261##25340,109744.866##249420.15,3,9672330.18
2023,108,3,7,2,1,25297,251082.951,1,1592629.3
2023,108,3,7,2,2,26783,229466.538,1,399895.16
2023,108,3,9,2,1,25340,249420.15,1,1789969.99
2023,108,3,10,2,1,24623##24624##25261##25263,109744.866##229466.538,4,2274300.5
2023,108,3,11,2,1,25244,237780.543,1,4362306.75
2023,108,3,12,2,1,24767,109744.866,1,510776.23
2023,108,4,8,2,1,24557,1075832.247,1,101217.13
2023,108,4,9,2,2,26781,628538.778,1,574632.32
2023,203,3,1,1,3,4689,7,1,59973.0
2023,203,3,4,1,3,4689##4690,7##11,2,1068977.0
2023,203,3,6,1,3,4689,7,1,299866.0
2023,203,3,7,1,3,4689##4692,7##6,2,420796.0
2023,203,3,10,1,3,4689##4690##4691##4692,7##11##4##6,4,980861.0
2023,203,3,11,1,3,4691,4,1,715199.0
2024,1,1,4,2,1,28075##28093##28152##34394##34415##34417##34419##34424##34434,954.96##1087.44##253.92##1145.4##985.32##966.0##1021.2##1035.0,9,4758649.26
2024,1,1,4,2,2,33475##33476##33510##33533##33537##33539##33567##33570,1275.12##1021.2##1035.0##433.32##957.72##985.32##1087.44##974.28,8,5251131.89
2024,1,1,6,2,1,28087##34403##34416##34435##34466##34496,966.0##1092.96##954.96##1035.0##985.32,6,3903304.9
2024,1,1,7,2,1,27991##28017##28204##28291##34384##34387##34395,946.68##971.52##977.04##1057.08##982.56,7,4068707.77
2024,1,1,9,2,1,28017##28066##28205##34387,971.52##996.36##977.04##1057.08,4,1186348.09
2024,1,1,10,2,1,28036##28152##28153##34432,1156.44##253.92,4,1863918.09
2024,1,1,10,2,2,33677##33755,408.48##971.52,2,690592.7
2024,1,1,11,2,1,27990##28013##28075##28084##28086##28118##28145##28153##28205##34385##34386##34419,1374.48##1126.08##954.96##1018.44##1087.44##253.92##977.04##1261.32,12,5456117.91
2024,1,1,13,2,2,33511##33522##33532##33629##33659,1126.08##1059.84##1145.4##1035.0##1092.96,5,2723767.15
2024,1,2,3,2,1,28050##28070##28158##28218##28220,1294.44##1352.4##1380.0##1186.8##1161.96,5,1467041.87
2024,1,2,4,2,1,28141##34437,1128.84##1239.24,2,874139.54
2024,1,2,4,2,2,33471##33553##33584##33617,1161.96##1128.84##1294.44##1388.28,4,2809467.83
2024,1,2,6,2,1,28041##28064##28141##28148##28158##28195##28218##34440##34494,1388.28##1294.44##1128.84##1308.24##1380.0##1377.24##1186.8##941.16,9,3918047.72
2024,1,2,7,2,1,28217##34414,1302.72##1101.24,2,1055068.42
2024,1,2,9,2,1,34383##34414,941.16##1101.24,2,512045.33
2024,1,2,10,2,1,28012##28094##28195##34428##34431,1001.88##1095.72##1377.24##1029.48##1104.0,5,2391784.74
2024,1,2,11,2,1,28003##28050##28065##34430,1195.08##1294.44##1280.64,4,1666531.71
2024,1,3,4,2,1,27995##34433,1291.68,2,1004596.95
2024,1,3,4,2,2,33566##33628,1291.68##391.92,2,1879046.05
2024,1,3,7,2,1,28069##28161##34380,416.76##380.88,3,2857137.4
2024,1,3,9,2,1,28069##28099##34380,416.76##394.68,3,1202061.28
2024,1,3,10,2,1,27995,1291.68,1,599537.18
2024,1,3,10,2,2,33637,380.88,1,650000.0
2024,1,3,11,2,1,28099##34382##34388,394.68##182.16,3,1747512.78
2024,1,3,13,2,2,33628,391.92,1,676772.52
2024,3,3,6,1,3,5033,2,1,907500.0
2024,3,3,9,1,3,5032##5033,4##2,2,1591627.0
2024,3,3,11,1,3,5032,4,1,498693.0
2024,7,3,3,1,3,4930,4,1,68994.0
2024,7,3,6,1,3,4927##5047,5,2,1370285.0
2024,7,3,7,1,3,4928##5048,6,2,654463.0
2024,7,3,10,1,3,4928##5048,6,2,702577.0
2024,7,3,11,1,3,4930##5046,4,2,2133197.0
2024,7,3,12,1,3,4930,4,1,252978.0
2024,7,3,14,1,3,4929##4930##5049,2##4,3,8429980.0
2024,13,1,1,2,2,33051,10711837.7425,1,119999.66
2024,13,1,4,2,2,32982##32996##33014##33185,10643187.8325##10576989.705##10527954.055##10523050.49,4,1400000.34
2024,13,1,6,2,2,32982##33010##33033##33039##33051##33098##33101##33188,10643187.8325##10520598.7075##26479251.0##10645639.615##10711837.7425##10650543.18##10714289.525##10662802.0925,8,2554020.24
2024,13,1,7,2,2,32982##32986##33029##33039##33098##33101##33112##33119##33188,10643187.8325##10515695.1425##10572086.14##10645639.615##10650543.18##10714289.525##10569634.3575##10638284.2675##10662802.0925,9,2505498.98
2024,13,1,9,2,2,32982##32986##33036##33039##33098##33101##33112,10643187.8325##10515695.1425##10675061.005##10645639.615##10650543.18##10714289.525##10569634.3575,7,1175999.72
2024,13,1,10,2,2,32982##32986##33010##33014##33029##33033##33036##33098##33101##33119##33188,10643187.8325##10515695.1425##10520598.7075##10527954.055##10572086.14##26479251.0##10675061.005##10650543.18##10714289.525##10638284.2675##10662802.0925,11,2949018.31
2024,13,1,11,2,2,32982##32996##33039##33098##33185,10643187.8325##10576989.705##10645639.615##10650543.18##10523050.49,5,695499.99
2024,13,2,6,2,2,33011##33052##33121##33127##33132,27197623.2725##10692223.4825##26533190.215##10724096.655##10694675.265,5,932999.36
2024,13,2,7,2,2,33121##33132,26533190.215##10694675.265,2,134999.62
2024,13,2,9,2,2,33011##33121##33127##33132,27197623.2725##26533190.215##10724096.655##10694675.265,4,387999.6
2024,13,2,10,2,2,33011##33052##33121##33127##33132,27197623.2725##10692223.4825##26533190.215##10724096.655##10694675.265,5,453999.52
2024,13,2,11,2,2,33011##33127,27197623.2725##10724096.655,2,189999.93
2024,13,3,6,1,3,5062,2,1,754000.0
2024,13,3,7,1,3,5067,3,1,600003.0
2024,13,3,9,1,3,5057##5062,4##2,2,636002.0
2024,13,3,10,1,3,5056,11,1,750000.0
2024,13,3,11,1,3,5057,4,1,375002.0
2024,13,3,12,1,3,5062,2,1,1885000.0
2024,13,4,4,2,2,33025,10729000.22,1,289933.13
2024,13,4,11,2,2,33025,10729000.22,1,209951.58
2024,14,3,4,1,3,5060,7,1,800000.0
2024,14,3,6,1,3,5061,2,1,650000.0
2024,14,3,7,1,3,5058,4,1,102000.0
2024,14,3,10,1,3,5058##5059,4##6,2,353771.0
2024,14,3,11,1,3,5058,4,1,595002.0
2024,18,1,1,2,2,32991##33144##33169,344471.4702##336445.164##335455.6194,3,422498.9
2024,18,1,4,2,2,32989##32991##33040##33075##33144##33169##33217,344031.6726##344471.4702##335345.67##1225496.0124##336445.164##335455.6194##339083.9496,7,1678248.9
2024,18,1,6,2,2,33040,335345.67,1,614250.0
2024,18,1,9,2,2,33006##33085##33182,335125.7712##332486.9856##345680.9136,3,722000.0
2024,18,1,10,2,1,27567##27574##27575##34041,344581.4196##347220.2052##337214.8098##334905.8724,4,2540000.0
2024,18,1,10,2,2,32989##32999##33002##33006##33022##33041##33061##33144##33152##33169##33182,344031.6726##457169.6052##456619.8582##335125.7712##342272.4822##335675.5182##332926.7832##336445.164##347220.2052##335455.6194##345680.9136,11,4614998.53
2024,18,1,11,2,2,32991##33061##33085##33147##33217,344471.4702##332926.7832##332486.9856##334466.0748##339083.9496,5,1847999.96
2024,18,2,1,2,2,33136##33194##33205##33242,1211202.5904##347660.0028##332377.0362##1207904.1084,4,239960.44
2024,18,2,3,2,2,33090,338204.3544,1,100000.0
2024,18,2,4,2,2,33100##33194##33205##33242,347330.1546##347660.0028##332377.0362##1207904.1084,4,434960.44
2024,18,2,6,2,2,33015##33123##33175##33235,337654.6074##1211532.4386##1209003.6024##1207354.3614,4,820000.0
2024,18,2,7,2,2,33177,1226595.5064,1,40000.0
2024,18,2,9,2,2,33123##33128##33177,1211532.4386##343921.7232##1226595.5064,3,450000.0
2024,18,2,10,2,1,27569##27571##27577,497191.1868##496971.288##343262.0268,3,960000.43
2024,18,2,10,2,2,33004##33015##33136##33190##33203##33222##33235,1207464.3108##337654.6074##1211202.5904##497850.8832##1235391.4584##456399.9594##1207354.3614,7,990000.0
2024,18,2,11,2,2,33004##33100##33103##33207##33242,1207464.3108##347330.1546##1208453.8554##343262.0268##1207904.1084,5,1525000.0
2024,18,3,9,2,1,27576,335015.8218,1,500000.02
2024,19,3,6,1,4,5019##5020,2##5,2,7000000.0
2024,19,3,7,1,4,5016,3,1,1999236.0
2024,19,3,9,1,4,5018,4,1,2000000.0
2024,19,3,10,1,4,5064,4,1,400000.0
2024,19,3,11,1,4,5018,4,1,3000000.0
2024,19,3,12,1,4,5017,2,1,1000000.0
2024,23,3,7,1,3,5025##5026,3##4,2,559994.0
2024,23,3,11,1,3,5026,4,1,439956.0
2024,27,1,3,2,2,27900##27918,679120.185##687179.7,2,1750000.0
2024,27,1,4,2,1,27578,714539.6325,1,1500000.0
2024,27,1,6,2,1,34693,1002137.0625,1,300000.0
2024,27,1,6,2,2,27934##27967,692906.1975##675090.4275,2,1350000.0
2024,27,1,7,2,1,34693,1002137.0625,1,75000.0
2024,27,1,7,2,2,27915##27983,707752.6725##706055.9325,2,1920000.0
2024,27,1,9,2,1,34693,1002137.0625,1,75000.0
2024,27,1,9,2,2,27900##27915##27949##27953,679120.185##707752.6725##687391.7925##721326.5925,4,1855000.0
2024,27,1,10,2,1,33524##34218##34617##34693,674454.15##678696.0##709873.5975##1002137.0625,4,1550000.01
2024,27,1,10,2,2,27847##27870##27932,705631.7475##688028.07##677211.3525,3,2456000.0
2024,27,1,11,2,1,27579##27580,679968.555##678908.0925,2,2000000.0
2024,27,1,11,2,2,27847##27915##27977,705631.7475##707752.6725##989623.605,3,1969000.01
2024,27,2,3,2,2,27829,686967.6075,1,247000.0
2024,27,2,4,2,1,33504##34200,691633.6425,2,940000.0
2024,27,2,4,2,2,28007,728537.7375,1,270000.0
2024,27,2,6,2,1,33488##33489##33495##33503##33530##33551##33612##33620##34219##34618##34628##34679,722174.9625##994501.7325##690997.365##1003621.71##984321.2925##711358.245##728537.7375##732355.4025##693118.29##686967.6075##691633.6425,12,5044500.0
2024,27,2,6,2,2,27811##27819##27834##27836,726204.72##728961.9225##720054.0375##712842.8925,4,2650000.0
2024,27,2,7,2,1,33514##33552##33603##34618,689088.5325##995350.1025##2398554.0825##693118.29,4,1252000.0
2024,27,2,7,2,2,27816##27831,985169.6625##981139.905,2,1100000.0
2024,27,2,9,2,1,34628##34679,686967.6075##691633.6425,2,550000.0
2024,27,2,10,2,1,33494##33495##33503##33504##33551##33603##33612##34227##34618##34628##34638,712418.7075##690997.365##1003621.71##691633.6425##711358.245##2398554.0825##994501.7325##694390.845##693118.29##686967.6075##699481.065,11,3165500.01
2024,27,2,10,2,2,27820##27861,1006591.005##699481.065,2,1000000.0
2024,27,2,11,2,1,33514##33530##34200##34227,689088.5325##984321.2925##691633.6425##694390.845,4,950000.0
2024,27,2,11,2,2,27829##27919##27939,686967.6075##707540.58##701389.8975,3,2003000.05
2024,27,2,14,2,1,33504##33552##33620,691633.6425##995350.1025##728537.7375,3,798000.0
2024,27,2,14,2,2,28007,728537.7375,1,230000.0
2024,27,3,1,1,4,4998##5001,7##11,2,2265000.0
2024,27,3,4,1,3,4949,11,1,899318.0
2024,27,3,4,1,4,4998##5001,7##11,2,4360000.0
2024,27,3,6,1,4,4997##5002,5##2,2,4006421.0
2024,27,3,7,1,3,4947##4948,3##4,2,1797296.0
2024,27,3,10,1,3,4948##4949,4##11,2,337524.0
2024,27,3,10,1,4,4999##5000##5001##5068,6##4##11,4,5762220.0
2024,27,3,11,1,3,4948,4,1,1445400.0
2024,27,3,11,1,4,5000,4,1,2315321.0
2024,27,3,12,1,4,5002,2,1,2000000.0
2024,27,3,14,1,3,4950,2,1,1500000.0
2024,36,1,3,2,1,34264##34270,612924.4466##2427867.1314,2,656000.0
2024,36,1,4,2,1,33162##33165##33178##33211##33226##33249##33328##33329,2421194.548##2427867.1314##610064.768##975150.4026##3766196.7162##148703.2872##2744338.2298##2356375.1664,8,2453999.99
2024,36,1,4,2,2,27628##27696##27732,612924.4466##1443184.4668##2744338.2298,3,2390000.0
2024,36,1,6,2,1,33206##33227##33260##33265##33266##33966##33969##33972##33975##33991##34028##34029##34262##34270,324096.908##612924.4466##1443184.4668##2362094.5236##2671893.0386##2795812.4446##978010.0812##192551.6924##990402.0218##2744338.2298##148703.2872##2427867.1314,14,4097596.94
2024,36,1,6,2,2,27628##27630##27636##27663##27671##27683##27693##27696##27700##27703##27724##27747,612924.4466##2356375.1664##148703.2872##2362094.5236##2373533.238##324096.908##1443184.4668##2427867.1314##2671893.0386,12,4306984.19
2024,36,1,7,2,1,33162##33178##33206##33211##33226##33227##33260##33265##33266##33304##33328##33968##33969##33975##33989##34001##34028##34029##34264##34286,2421194.548##610064.768##324096.908##975150.4026##3766196.7162##612924.4466##1443184.4668##2362094.5236##2671893.0386##2373533.238##2744338.2298##978010.0812##2354468.714##3860566.11##4056930.7072,20,3434784.61
2024,36,1,7,2,2,27628##27636##27663##27671##27683##27693##27696##27700##27703##27724##27732##27747,612924.4466##148703.2872##2362094.5236##2373533.238##324096.908##1443184.4668##2427867.1314##2671893.0386##2744338.2298,12,3898986.7
2024,36,1,9,2,1,33162##33206##33211##33226##33227##33260##33265##33266##33304##33968##33969##33975##33989##34001##34028##34029##34264,2421194.548##324096.908##975150.4026##3766196.7162##612924.4466##1443184.4668##2362094.5236##2671893.0386##2373533.238##978010.0812##2354468.714##3860566.11##2744338.2298,17,2870284.92
2024,36,1,9,2,2,27628##27630##27636##27663##27671##27683##27693##27696##27700##27703##27724##27732##27747,612924.4466##2356375.1664##148703.2872##2362094.5236##2373533.238##324096.908##1443184.4668##2427867.1314##2671893.0386##2744338.2298,13,3850987.02
2024,36,1,10,2,1,34270##34592,2427867.1314##10846760.9298,2,102000.0
2024,36,1,10,2,2,27695,1443184.4668,1,400000.0
2024,36,1,11,2,1,33162##33165##33178##33206##33211##33226##33227##33249##33260##33265##33266##33304##33328##33329##33966##33968##33969##33972##33975##33989##34028##34029##34258##34262##34264,2421194.548##2427867.1314##610064.768##324096.908##975150.4026##3766196.7162##612924.4466##148703.2872##1443184.4668##2362094.5236##2671893.0386##2373533.238##2744338.2298##2356375.1664##2795812.4446##978010.0812##192551.6924##2354468.714,25,6146367.55
2024,36,1,11,2,2,27628##27630##27636##27671##27683##27693##27696##27700##27703##27724##27732##27747,612924.4466##2356375.1664##148703.2872##2362094.5236##2373533.238##324096.908##1443184.4668##2427867.1314##2671893.0386##2744338.2298,12,4452989.67
2024,36,2,4,2,1,33171##33208##33277##34260##34285,1842586.2446##10464517.2236##2823456.0044##10343457.4962##1515629.658,5,1215999.98
2024,36,2,4,2,2,27729,1842586.2446,1,200000.0
2024,36,2,6,2,1,33160##33197##33209##33970##33976##34018##34269,1843539.4708##1515629.658##10464517.2236##1842586.2446##4188475.9228##10465470.4498,7,1937303.99
2024,36,2,6,2,2,27626##27643##27645##27650##27668##27686##27710##27717##27729,1843539.4708##1515629.658##10464517.2236##1838773.3398##3888209.6698##1842586.2446,9,2239893.4
2024,36,2,7,2,1,33160##33171##33197##33209##33292##33303##33970##33976##34018##34281,1843539.4708##1842586.2446##1515629.658##10464517.2236##4188475.9228,10,2729003.19
2024,36,2,7,2,2,27626##27627##27643##27645##27650##27668##27680##27710##27717##27729,1843539.4708##2878743.124##1515629.658##10464517.2236##1838773.3398##4188475.9228##1842586.2446,10,2229990.96
2024,36,2,9,2,1,33160##33171##33197##33208##33209##33277##33292##33303##33970##33976##34018##34260##34281##34285,1843539.4708##1842586.2446##1515629.658##10464517.2236##2823456.0044##4188475.9228##10343457.4962,14,3935601.0
2024,36,2,9,2,2,27626##27627##27643##27645##27650##27668##27710##27717##27729,1843539.4708##2878743.124##1515629.658##10464517.2236##1838773.3398##1842586.2446,9,1979993.97
2024,36,2,10,2,1,34260##34281##34597,10343457.4962##1843539.4708##10478815.6166,3,1040000.0
2024,36,2,10,2,2,27649##27692##27702##27735,10521710.7956##1356440.8826##10466423.676##10484534.9738,4,2599912.27
2024,36,2,11,2,1,33160##33171##33197##33208##33209##33277##33970##33976##34018##34285,1843539.4708##1842586.2446##1515629.658##10464517.2236##2823456.0044##4188475.9228,10,2085097.42
2024,36,2,11,2,2,27626##27627##27643##27645##27650##27668##27710##27717##27729,1843539.4708##2878743.124##1515629.658##10464517.2236##1838773.3398##1842586.2446,9,2649990.96
2024,36,3,6,1,3,4958##4960,5##2,2,9066667.0
2024,36,3,9,1,3,4959##4960,4##2,2,4136667.0
2024,36,3,11,1,3,4959,4,1,3796667.0
2024,45,3,6,1,3,4985,2,1,3096000.0
2024,45,3,7,1,3,4982##4983##4984,3##4##6,3,5785400.0
2024,45,3,9,1,3,4983##4985,4##2,2,511000.0
2024,45,3,10,1,3,4984,6,1,878600.0
2024,45,3,11,1,3,4983,4,1,740000.0
2024,45,3,12,1,3,4985,2,1,989000.0
2024,46,3,1,1,4,4981,7,1,400000.0
2024,46,3,4,1,4,4981,7,1,350000.0
2024,46,3,6,1,4,4978,2,1,1500000.0
2024,46,3,7,1,4,4977,3,1,992670.0
2024,46,3,9,1,4,4979,4,1,750000.0
2024,46,3,10,1,4,4980##4981##5070,11##7##4,3,1650000.0
2024,46,3,11,1,4,4979,4,1,750000.0
2024,52,3,4,1,3,5027##5028,7##11,2,800000.0
2024,52,3,6,1,3,5030,2,1,600000.0
2024,52,3,7,1,3,5029##5031,4##3,2,799128.0
2024,52,3,11,1,3,5028##5029,11##4,2,801013.0
2024,55,1,3,2,1,33992##34008##34570##34583##34595##34607##34609##34687,263440.5158##4418615.9241##7263431.3642##157380.0484##4404930.7025##4735086.6736,8,1540706.8
2024,55,1,4,2,1,33992##33996##33999##34008##34009##34010##34012##34570##34581##34582##34583##34584##34590##34595##34604##34607##34608##34609##34641##34677##34687,263440.5158##111192.4255##157380.0484##4418615.9241##268572.4739##5131.9581##4430590.493##7263431.3642##4918126.5125##660311.9422##138562.8687##4668371.2183##4404930.7025##4182545.8515##4735086.6736,21,6435430.06
2024,55,1,4,2,2,27841##27903##27905##27925##27960##27974##27988##28019##28140##28243##28277##28284##28315,7263431.3642##4430590.493##111192.4255##4918126.5125##660311.9422##359237.067##2755861.4997##157380.0484##5131.9581##685971.7327##263440.5158##165933.3119,13,2863970.59
2024,55,1,6,2,1,33992##33999##34010##34012##34570##34582##34584##34604##34608##34609##34641,263440.5158##157380.0484##5131.9581##4430590.493##7263431.3642##268572.4739##660311.9422##4668371.2183##4182545.8515,11,4039945.44
2024,55,1,6,2,2,27841##27903##27960##27974##27988##28019##28140##28277##28284##28316,7263431.3642##4430590.493##660311.9422##359237.067##2755861.4997##157380.0484##5131.9581##685971.7327##263440.5158,10,3547009.93
2024,55,1,7,2,1,34007##34576##34581##34590##34607##34641,4918126.5125##7673988.0122##138562.8687##4404930.7025##5131.9581,6,3133503.86
2024,55,1,7,2,2,27925##27957##27985##28140##28215##28250##28299##28315##28316##28322,4918126.5125##7673988.0122##673997.1638##5131.9581##4404930.7025##4182545.8515##691103.6908##165933.3119##1305228.0101,10,3168745.84
2024,55,1,9,2,1,34007##34010##34576##34581##34595##34607##34641,4918126.5125##5131.9581##7673988.0122##4418615.9241##4404930.7025,7,721928.09
2024,55,1,9,2,2,27925##27957##27985##28140##28215##28299##28316##28322,4918126.5125##7673988.0122##673997.1638##5131.9581##4404930.7025##691103.6908##1305228.0101,8,618966.36
2024,55,1,10,2,1,33996##34008##34009##34570##34576##34577##34581##34582##34595##34604##34611##34677##34687,111192.4255##4418615.9241##268572.4739##7263431.3642##7673988.0122##2755861.4997##4918126.5125##4668371.2183##834798.5176##4735086.6736,13,4061929.37
2024,55,1,10,2,2,27841##27905##27925##27957##27985##27988##28215##28250##28284##28315##28322##28336,7263431.3642##111192.4255##4918126.5125##7673988.0122##673997.1638##2755861.4997##4404930.7025##4182545.8515##263440.5158##165933.3119##1305228.0101##4668371.2183,12,1499887.63
2024,55,1,11,2,1,33992##33996##33999##34008##34010##34012##34583##34584##34595##34604##34608##34609##34641##34687,263440.5158##111192.4255##157380.0484##4418615.9241##5131.9581##4430590.493##660311.9422##4668371.2183##4182545.8515##4735086.6736,14,4327999.99
2024,55,1,11,2,2,27925##27957##27960##27974##28019##28140##28215##28243##28277##28284##28315##28316,4918126.5125##7673988.0122##660311.9422##359237.067##157380.0484##5131.9581##4404930.7025##4430590.493##685971.7327##263440.5158##165933.3119,12,3584584.64
2024,55,1,12,2,2,28135##28206##28211##28250,7263431.3642##752687.188##4182545.8515,4,892708.43
2024,55,2,2,2,2,28209,532012.9897,1,90124.78
2024,55,2,3,2,1,33986##34016##34565##34591##34619##34625##34629##34686##34695,532012.9897##663733.2476##7703069.1081##7680830.623##18873631.2391##7501212.0895##672286.5111##708210.2178,9,3229225.57
2024,55,2,4,2,1,33995##34006##34011##34598##34606##34625##34673##34686##34688,18873631.2391##7030782.597##1436948.268##682550.4273##667154.553##672286.5111,9,2348310.82
2024,55,2,4,2,2,27912##28114##28202##28226##28288##28296##28314##28335,2603613.4094##672286.5111##7030782.597##1296674.7466##532012.9897##663733.2476,8,883417.88
2024,55,2,6,2,1,33987##33995##34006##34011##34017##34598##34601##34673##34688,6945249.962##18873631.2391##7030782.597##1436948.268##708210.2178##682550.4273##704788.9124,9,2874991.66
2024,55,2,6,2,2,27835##27947##28055##28114##28202##28209##28226##28288##28296##28306##28312##28314##28335,682550.4273##2256350.9113##704788.9124##672286.5111##7030782.597##532012.9897##1296674.7466##2299117.2288##667154.553##663733.2476,13,2693097.77
2024,55,2,7,2,1,33986##33987##34002##34015##34598##34601##34606##34612##34619##34643,532012.9897##6945249.962##5161039.1959##667154.553##682550.4273##704788.9124##2603613.4094##3089438.7762,10,3775211.12
2024,55,2,7,2,2,27835##27912##27947##28055##28209##28306##28312,682550.4273##2603613.4094##2256350.9113##704788.9124##532012.9897##2299117.2288##667154.553,7,2012627.25
2024,55,2,9,2,1,33987##34619,6945249.962##532012.9897,2,81500.0
2024,55,2,10,2,1,33986##34002##34003##34011##34015##34016##34017##34565##34601##34603##34606##34612##34619##34624##34673##34686,532012.9897##5161039.1959##1296674.7466##1436948.268##667154.553##663733.2476##708210.2178##7703069.1081##704788.9124##2945743.9494##2603613.4094##1874875.3592##672286.5111,16,3752699.81
2024,55,2,10,2,2,27835##27912##27947##28055##28114##28209##28288##28296##28306##28312##28314##28335,682550.4273##2603613.4094##2256350.9113##704788.9124##672286.5111##532012.9897##7030782.597##1296674.7466##2299117.2288##667154.553##663733.2476,12,1699413.9
2024,55,2,11,2,1,33987##33995##34011##34017##34625##34686##34688,6945249.962##18873631.2391##1436948.268##708210.2178##672286.5111##7030782.597,7,1269935.4
2024,55,2,11,2,2,27835##27947##28202##28209##28226##28314,682550.4273##2256350.9113##7030782.597##532012.9897,6,469584.7
2024,55,3,4,1,4,5004,11,1,418000.0
2024,55,3,7,1,4,5003##5004##5007,7##11##3,3,2231000.0
2024,55,3,9,1,4,5005,4,1,506000.0
2024,55,3,10,1,4,5003##5004##5005,7##11##4,3,1396001.0
2024,55,3,11,1,4,5005,4,1,1210000.0
2024,55,3,12,1,4,5003,7,1,133000.0
2024,55,3,14,1,4,5004##5006,11##2,2,3106000.0
2024,59,3,3,1,3,4989,4,1,100000.0
2024,59,3,4,1,3,4987,7,1,225000.0
2024,59,3,6,1,3,4986##4991,5##2,2,1375000.0
2024,59,3,7,1,3,4988##4990,6##3,2,501000.0
2024,59,3,10,1,3,4988##4989,6##4,2,299000.0
2024,59,3,11,1,3,4989,4,1,500000.0
2024,60,3,6,1,3,5037##5040,5##2,2,1112500.0
2024,60,3,9,1,3,5036##5040,4##2,2,529390.0
2024,60,3,10,1,3,5036,4,1,111722.0
2024,60,3,11,1,3,5036,4,1,242064.0
2024,61,1,4,2,2,33724##33763##33792##33793##33906##33909,27490008.0762##27372046.7524##27442321.5836##27314320.9982##27374556.5678##27427262.6912,6,1638000.0
2024,61,1,6,2,2,33724##33909,27490008.0762##27427262.6912,2,556000.0
2024,61,1,9,2,2,33793##33906,27314320.9982##27374556.5678,2,235000.0
2024,61,1,10,2,2,33906,27374556.5678,1,175000.0
2024,61,1,11,2,2,33792##33793##33909,27442321.5836##27314320.9982##27427262.6912,3,696000.0
2024,61,2,4,2,2,33845,27389615.4602,1,49996.4
2024,61,2,6,2,2,33845,27389615.4602,1,105992.37
2024,61,2,7,2,2,33862,27259105.0594,1,90000.0
2024,61,2,9,2,2,33845##33862,27389615.4602##27259105.0594,2,253996.83
2024,61,2,10,2,2,33831,27274163.9518,1,400000.0
2024,61,3,6,1,3,5012##5015,5##2,2,5495013.0
2024,61,3,9,1,3,5014##5015,4##2,2,3205000.0
2024,61,3,13,1,3,5013,11,1,2300001.0
2024,63,3,4,1,3,4935,11,1,309528.0
2024,63,3,6,1,3,4934,2,1,1179652.0
2024,63,3,10,1,3,4933##4935,4##11,2,1002726.0
2024,63,3,11,1,3,4933##4935,4##11,2,508076.0
2024,65,3,3,1,3,4994,4,1,130007.0
2024,65,3,6,1,3,4992,5,1,700000.0
2024,65,3,9,1,3,4994,4,1,225011.0
2024,65,3,10,1,3,4993##4994,6##4,2,495007.0
2024,66,3,3,1,3,4973,4,1,306000.0
2024,66,3,4,1,3,4975,7,1,660000.0
2024,66,3,6,1,3,4976,2,1,2160001.0
2024,66,3,7,1,3,4912##4913##4973,4##3,3,1324050.0
2024,66,3,9,1,3,4973,4,1,265200.0
2024,66,3,10,1,3,4973##4974,4##11,2,1629600.0
2024,66,3,11,1,3,4912##4973,4,2,1155150.0
2024,67,1,3,2,2,32783##33456##33458,1949093.025##2205428.2895##93320.2115,3,248007.28
2024,67,1,4,2,1,27837##27856##34472,603628.2035##3203600.172##3205962.709,3,717600.02
2024,67,1,4,2,2,32657##32661##32703##32783##32793##32794##32799##32820##32821##33453##33454##33456##33457##33458##33464,13037660.4345##640247.527##603628.2035##1949093.025##1125748.8805##13160512.3585##4774687.277##1954999.3675##3203600.172##2205428.2895##93320.2115##3205962.709,15,3031804.36
2024,67,1,6,2,1,27833##27837##34465##34472,2277485.668##603628.2035##4774687.277##3205962.709,4,2140600.04
2024,67,1,6,2,2,32661##32783##32793##32794##32799##32820##32821##33453##33456##33458##33464,640247.527##1949093.025##1125748.8805##13160512.3585##4774687.277##1954999.3675##2205428.2895##93320.2115##3205962.709,11,1237867.4
2024,67,1,7,2,1,27879##34478,1542736.661##1333652.1365,2,1199972.21
2024,67,1,7,2,2,32657##32799##33457##33458##33463,13037660.4345##13160512.3585##93320.2115##3046491.4615,5,715138.87
2024,67,1,9,2,2,32794##33454##33463,13160512.3585##3203600.172##3046491.4615,3,177488.66
2024,67,1,10,2,2,27682##27691##27738##32657##32661##32703##32783##32793##32794##32799##32820##32821##33453##33454##33456##33457##33458##33463##33464,1901842.285##2895289.0935##4916439.497##13037660.4345##640247.527##603628.2035##1949093.025##1125748.8805##13160512.3585##4774687.277##1954999.3675##3203600.172##2205428.2895##93320.2115##3046491.4615##3205962.709,19,5259415.31
2024,67,1,11,2,1,27833##27837##27856##34465,2277485.668##603628.2035##3203600.172##4774687.277,4,741800.01
2024,67,1,11,2,2,32657##32661##32703##32783##32793##32820##32821##33453##33454##33456##33457##33458##33464,13037660.4345##640247.527##603628.2035##1949093.025##1125748.8805##4774687.277##1954999.3675##3203600.172##2205428.2895##93320.2115##3205962.709,13,2623292.25
2024,67,2,3,2,2,32732##32790##32801##32816,598903.1295##4734524.148##1134017.76##1579355.9845,4,184659.07
2024,67,2,4,2,1,27840##34461##34462##34463,507945.455##5425566.2205##1129292.686,4,1063000.02
2024,67,2,4,2,2,32652##32656##32670##32694##32732##32790##32798##32801##32811##32816##32822##32824##33452##33455##33459,507945.455##598903.1295##13159331.09##5425566.2205##4734524.148##2211334.632##1134017.76##1579355.9845##1129292.686##641428.7955##1331289.5995,15,1655663.89
2024,67,2,6,2,1,34461,5425566.2205,1,600000.0
2024,67,2,6,2,2,32652##32656##32694##33452##33459,507945.455##598903.1295##5425566.2205##641428.7955,5,386737.09
2024,67,2,7,2,1,34461##34463,5425566.2205##507945.455,2,532000.05
2024,67,2,7,2,2,32652##32656##32694##32790##32822##32824,507945.455##598903.1295##5425566.2205##4734524.148##1579355.9845##1129292.686,6,219596.81
2024,67,2,9,2,2,32694##32822##33455,5425566.2205##1579355.9845##1331289.5995,3,188122.39
2024,67,2,10,2,2,32656##32666##32670##32694##32732##32790##32798##32801##32816##32822##32824##33455##33459,598903.1295##13156968.553##13159331.09##5425566.2205##4734524.148##2211334.632##1134017.76##1579355.9845##1129292.686##1331289.5995##507945.455,13,1061593.53
2024,67,2,11,2,1,27840##34461##34462##34463,507945.455##5425566.2205##1129292.686,4,1005000.03
2024,67,2,11,2,2,32652##32656##32670##32694##32732##32748##32790##32811##32816##32822##32824##33452##33459,507945.455##598903.1295##13159331.09##5425566.2205##2022331.672##4734524.148##2211334.632##1579355.9845##1129292.686##641428.7955,13,905065.68
2024,67,3,10,2,2,27629,3116186.303,1,2000000.0
2024,69,3,6,1,3,5043,5,1,350000.0
2024,69,3,7,1,3,5044,6,1,122955.0
2024,69,3,10,1,3,5038##5044,4##6,2,596103.0
2024,69,3,11,1,3,5038,4,1,143848.0
2024,69,3,14,1,3,5038##5045,4##2,2,2194677.0
2024,71,1,6,2,2,34303##34337##34390,10003956.9504##10023112.4448##10008745.824,3,1125920.13
2024,71,1,7,2,2,34350,9999168.0768,1,235989.04
2024,71,1,9,2,2,34350##34360##34378,9999168.0768##10066212.3072##25970061.5328,3,914197.21
2024,71,1,10,2,2,34350##34378##34390,9999168.0768##25970061.5328##10008745.824,3,656370.17
2024,71,1,11,2,2,34303##34337##34360##34378,10003956.9504##10023112.4448##10066212.3072##25970061.5328,4,995505.04
2024,71,2,4,2,1,27677##32687,10013534.6976##10030295.7552,2,280922.51
2024,71,2,4,2,2,34429,25946117.1648,1,254800.39
2024,71,2,6,2,1,27677##32650##32687##32697,10013534.6976##26518387.56##10030295.7552##26508809.8128,4,1213640.36
2024,71,2,6,2,2,34342##34370##34408##34429,10035084.6288##10030295.7552##10025506.8816##25946117.1648,4,1257938.71
2024,71,2,7,2,1,32650##32687##32697,26518387.56##10030295.7552##26508809.8128,3,168997.0
2024,71,2,7,2,2,34317,26508809.8128,1,361030.0
2024,71,2,10,2,1,32650,26518387.56,1,55958.41
2024,71,2,10,2,2,34317,26508809.8128,1,95970.0
2024,71,2,11,2,1,32650##32697,26518387.56##26508809.8128,2,179925.54
2024,71,2,11,2,2,34359##34370##34408##34429,10006351.3872##10030295.7552##10025506.8816##25946117.1648,4,980152.77
2024,71,3,4,1,4,5022,7,1,1700000.0
2024,71,3,6,1,4,5021##5039##5042,5##2##17,3,2509671.0
2024,71,3,9,1,4,5024##5039,4##2,2,1469526.0
2024,71,3,10,1,4,5023##5024##5041##5069,6##4##11,4,2607509.0
2024,71,3,11,1,4,5022,7,1,300000.0
2024,71,3,12,1,4,5039,2,1,1989754.0
2024,72,1,1,2,1,33848##33849##33873##33874,3120928.875##4768244.85##5621489.625##4873230.225,4,598135.0
2024,72,1,4,2,1,33848##33849##33873##33874,3120928.875##4768244.85##5621489.625##4873230.225,4,793815.0
2024,72,1,6,2,1,33438,5163371.625,1,400000.0
2024,72,1,7,2,1,32710##32717##33437##33440##33873##33926##33936,3025487.625##4768244.85##4806421.35##5621489.625##7887264.9,7,2502324.27
2024,72,1,9,2,1,32709##32716##32730##32752##32766,3025487.625##4768244.85##4806421.35##3552323.325##5186277.525,5,3600000.0
2024,72,1,10,2,1,33873,5621489.625,1,201480.0
2024,72,1,11,2,1,32707##32710##32717##33436##33440##33848##33873##33874,4873230.225##3025487.625##4768244.85##5134739.25##4806421.35##3120928.875##5621489.625,8,3123210.0
2024,72,2,1,2,1,33855,3533235.075,1,151900.0
2024,72,2,4,2,1,33855,3533235.075,1,200725.0
2024,72,2,7,2,1,32725##32742##33641##33847##33865##33945,7889173.725##3256455.45##3033122.925##7879629.6,6,2056948.19
2024,72,2,9,2,1,32715##32729##33641,3124746.525##7879629.6##3033122.925,3,899500.03
2024,72,2,10,2,1,32719##32756##33865##33945,7641026.475##7629573.525##7889173.725##7879629.6,4,1799114.63
2024,72,2,11,2,1,32706##32711##32712##32742##33847##33855##33865,3044575.875##3096114.15##3187737.75##3256455.45##3533235.075##7889173.725,7,2072770.82
2024,72,3,1,2,1,33439,4789241.925,1,252000.0
2024,72,3,4,2,1,33439,4789241.925,1,348000.0
2024,73,1,1,2,2,33701,4352159.8097,1,250000.0
2024,73,1,3,2,1,27660##27859,4271423.2084##4352159.8097,2,677402.0
2024,73,1,3,2,2,33698##33712,1835615.1805##673312.7882,2,702706.33
2024,73,1,4,2,1,27656##27969,4262283.2158##3727593.6487,2,1250000.02
2024,73,1,4,2,2,33541##33593##33685##33700##33756,3875356.8624##3727593.6487##763189.3821##4271423.2084,5,3577059.44
2024,73,1,6,2,1,27658,4343019.8171,1,500000.0
2024,73,1,6,2,2,33631##33632##33764##33791##33880,4343019.8171##4160219.9651##4271423.2084##763189.3821,5,2307219.63
2024,73,1,7,2,1,27652##27852,3850983.5488##4205919.9281,2,956498.07
2024,73,1,7,2,2,33625##33672##33853,4205919.9281##4160219.9651,3,984648.11
2024,73,1,9,2,2,33626,4205919.9281,1,398243.93
2024,73,1,10,2,2,33550##33757##33826,4277516.5368##4343019.8171##4052063.386,3,1139009.39
2024,73,1,11,2,1,27654,4271423.2084,1,500000.3
2024,73,1,11,2,2,33542##33624##33633##33657##33686##33689##33766,4343019.8171##4205919.9281##4271423.2084##3946953.4711##722059.4154##763189.3821##3936290.1464,7,3664242.52
2024,73,1,14,2,2,33646##33769##33824##33858##33892,4109950.0058##3727593.6487##3936290.1464##763189.3821##3755013.6265,5,2947339.76
2024,73,2,1,2,2,33678,1023679.1712,1,249999.88
2024,73,2,3,2,1,27760,2700867.8133,1,322498.0
2024,73,2,3,2,2,33587##33669##33871,2700867.8133##949035.8983##2699344.4812,3,1444838.15
2024,73,2,4,2,1,27657##27784##27850,667219.4598##697686.1018##1023679.1712,3,1250052.87
2024,73,2,4,2,2,33688,1023679.1712,1,1000000.0
2024,73,2,6,2,1,27659,720536.0833,1,500000.0
2024,73,2,6,2,2,33684##33748##33770,683976.1129##667219.4598##671789.4561,3,1501586.64
2024,73,2,7,2,1,27651##27762,700732.766##676359.4524,2,1043458.0
2024,73,2,7,2,2,33745##33916,676359.4524##700732.766,2,649969.44
2024,73,2,9,2,2,33818,2898900.9863,1,399946.74
2024,73,2,10,2,1,27661##27764##27774##27877,939895.9057##1180582.3775##1200385.6948##676359.4524,4,998100.83
2024,73,2,10,2,2,33645##33822##33854##33911,685499.445##706826.0944##682452.7808##676359.4524,4,1623324.84
2024,73,2,11,2,1,27655##27775##27789##27792,667219.4598##697686.1018##671789.4561##683976.1129,4,1499729.13
2024,73,2,11,2,2,33590##33846,1390802.2073##667219.4598,2,750000.0
2024,73,2,14,2,1,27778##27860,1814288.5311##720536.0833,2,999868.99
2024,73,2,14,2,2,33819,1814288.5311,1,799999.2
2024,73,3,3,2,2,33696##33794,4301889.8504,2,1000959.96
2024,73,3,4,2,2,33752,4301889.8504,1,850003.72
2024,73,3,7,2,2,33563,4073390.0354,1,2636868.54
2024,73,3,10,2,1,34480,4023120.0761,1,501783.86
2024,73,3,10,2,2,33867,4301889.8504,1,250000.0
2024,73,3,11,2,2,33667##33690,4301889.8504##3968280.1205,2,813665.37
2024,73,3,12,2,1,27540##34438,4301889.8504##4042923.3934,2,8540083.06
2024,79,3,3,1,3,4925,4,1,146556.0
2024,79,3,4,1,3,4922,11,1,220000.0
2024,79,3,6,1,3,4922##4923,11##2,2,543000.0
2024,79,3,7,1,3,4922##4924##4925##4926,11##3##4##6,4,1048523.0
2024,79,3,9,1,3,4925,4,1,104682.0
2024,79,3,10,1,3,4922##4925##4926,11##4##6,3,635055.0
2024,79,3,11,1,3,4922##4925,11##4,2,899007.0
2024,80,1,4,2,1,27618##33295##33411##33466##33468##33478##33513##33515##33516##33526##33560##33610##33648##33860##33893##34420##34500##34610##34613##34631##34639##34642##34672##34681,955783.3472##333247.1296##335679.5904##336027.0848##329945.9328##327426.5984##335853.3376##329598.4384##333160.256##343932.5824##333073.3824,24,17111339.5
2024,80,1,6,2,1,27589##27592##27593##27594##27597##27598##27599##27600##27601##27602##27603##27605##27606##27607##27608##27610##27611##27615##27616##27618##27619##27624##33356##33400##33404##33443##34081##34410##34418##34436##34448##34455##34474##34486##34492##34500##34620##34621##34622##34627##34632##34639##34642##34660##34664##34672##34681,335853.3376##328729.7024##357745.4848##335679.5904##333247.1296##329945.9328##368604.6848##333160.256##331683.4048##328382.208##327426.5984##329598.4384##327079.104##333073.3824##955783.3472##336027.0848##332030.8992,47,44078501.51
2024,80,1,7,2,1,27591##27594##27599##27607##27610##27611##27616##27618##27619##32787##33281##33368##33411##33466##33468##33469##33472##33479##33515##33516##33517##33526##33536##33561##33610##33622##33634##33648##33985##34038##34409##34474##34500##34526##34620##34621##34622##34632##34660##34672,344366.9504##335679.5904##333247.1296##327426.5984##329598.4384##333073.3824##955783.3472##336113.9584##343932.5824##335853.3376##328729.7024##373556.48##356963.6224,40,32044627.07
2024,80,1,9,2,1,27591##27592##27593##27594##27597##27599##27600##27601##27603##27606##27607##27608##27610##27611##27616##27619##33281##33466##33468##33469##33472##33479##33515##33516##33517##33526##33536##33561##33610##33622##33634##33648##34038##34409##34474##34620##34621##34622##34632##34660##34672,344366.9504##328729.7024##357745.4848##335679.5904##333247.1296##333160.256##328382.208##327426.5984##329598.4384##333073.3824##335853.3376##373556.48,41,23526994.23
2024,80,1,10,2,1,27615##27618##27622##27624##33295##33389##33466##33468##33474##33478##33479##33507##33513##33515##33516##33526##33561##33610##33634##33648##34418##34436##34448##34451##34500##34511##34526##34610##34613##34620##34621##34627##34631##34632##34639##34660##34672##34681,327079.104##955783.3472##368604.6848##336027.0848##333247.1296##335679.5904##344366.9504##327426.5984##340544.512##329945.9328##335853.3376##333073.3824##332030.8992##331683.4048##343932.5824,38,21491161.95
2024,80,1,11,2,1,27591##27597##27598##27600##27601##27603##27606##27607##27608##27610##27618##27624##27943##33295##33356##33404##33466##33472##33474##33478##33479##33513##33515##33516##33526##33560##33561##33622##33648##33860##33893##33978##33981##33983##33997##34420##34436##34448##34474##34475##34500##34526##34622##34639##34642##34664##34672,344366.9504##333247.1296##329945.9328##333160.256##328382.208##327426.5984##329598.4384##955783.3472##336027.0848##357745.4848##331683.4048##335679.5904##333073.3824##335853.3376##373556.48##328208.4608##334202.7392##343932.5824##332030.8992,47,29757595.4
2024,80,1,14,2,1,33345##33368##33379##33400##33507##34610##34613##34631,368604.6848##343932.5824##332030.8992##333160.256##340544.512##327426.5984,8,5597224.57
2024,80,2,4,2,1,34684,345670.0544,1,154080.0
2024,80,2,6,2,1,34684,345670.0544,1,202230.0
2024,80,2,7,2,1,34684,345670.0544,1,231120.0
2024,80,2,9,2,1,34684,345670.0544,1,221490.0
2024,80,2,10,2,1,33543##34684,341326.3744##345670.0544,2,581814.11
2024,80,3,1,1,4,4972,11,1,315000.0
2024,80,3,4,1,4,4967,7,1,2345000.0
2024,80,3,4,2,1,32929,334810.8544,1,2000000.0
2024,80,3,6,1,3,4943,2,1,4499999.0
2024,80,3,6,1,4,4971,5,1,10000000.0
2024,80,3,6,2,1,32829,976459.264,1,300000.39
2024,80,3,7,1,4,4968##4969##4970,6##4##3,3,3450000.0
2024,80,3,9,1,3,4942##4943,4##2,2,10498359.0
2024,80,3,10,1,4,4968##4972##5066,6##11##4,3,6462229.0
2024,80,3,10,2,1,33410##34422,334810.8544##334723.9808,2,3368000.03
2024,80,3,11,1,4,4967##4969,7##4,2,3640000.0
2024,87,1,7,2,1,27583##27585##34158,62217.12##26286.7332,3,1113945.77
2024,87,1,7,2,2,28100##28110##28129,12210.1098##2955.3132##67038.9468,3,1999261.94
2024,87,1,9,2,2,28111,2955.3132,1,500000.0
2024,87,1,11,2,2,28082##28193##28221##28311,26286.7332##622.1712##9565.8822##64705.8048,4,1575067.08
2024,87,1,13,2,1,33309##33315,63150.3768##12210.1098,2,650000.0
2024,87,1,14,2,1,27588,11743.4814,1,600000.0
2024,87,1,14,2,2,28102,311.0856,1,449170.97
2024,87,2,7,2,1,27584##34142,62839.2912##65250.2046,2,874237.52
2024,87,2,7,2,2,28040##28053##28085##28234##28245##28252##28276##28278,68827.689##66339.0042##66883.404##8321.5398##66027.9186##70849.7454##62372.6628##67816.6608,8,3198766.98
2024,87,2,9,2,1,34152##34153##34154##34156,66027.9186##71083.0596##23331.42##68516.6034,4,1599218.42
2024,87,2,9,2,2,28045##28052##28063##28076##28079##28109##28130##28134##28162##28185##28233##28234##28236##28256,66027.9186##66339.0042##19909.4784##64239.1764##22164.849##67583.3466##26597.8188##15865.3656##72249.6306##13765.5378##71083.0596##8321.5398##63694.7766##71160.831,14,4894305.38
2024,87,2,10,2,2,28000##28030##28032##28165##28178##28207##28253,65872.3758##70227.5742##67661.118##70305.3456##68438.832##63772.548##70694.2026,7,2499999.81
2024,87,2,11,2,1,27581##27582##27586##34114##34127##34130##34131##34147,62839.2912##69838.7172##3344.1702##72638.4876##69760.9458##65250.2046##27064.4472##71083.0596,8,3223658.48
2024,87,2,11,2,2,28005##28006##28024##28027##28031##28034##28037##28043##28067##28088##28091##28119##28133##28164##28216##28227##28234,63228.1482##70616.4312##72249.6306##67272.261##67116.7182##65250.2046##70305.3456##63539.2338##72094.0878##71160.831##27064.4472##64239.1764##15865.3656##67816.6608##71549.688##71783.0022##8321.5398,17,6511225.37
2024,87,2,14,2,1,27587,62839.2912,1,299877.32
2024,87,2,14,2,2,28047##28068##28092##28122##28143##28237##28271##28324,70227.5742##72094.0878##70694.2026##5988.3978##62839.2912##69838.7172##7854.9114##70383.117,8,2948378.78
2024,87,3,7,1,3,4995##4996,4##3,2,1142894.0
2024,87,3,11,1,3,4995,4,1,856421.0
2024,87,4,11,2,2,27992,62294.8914,1,399966.93
2024,88,1,3,2,2,32736##32795,472646.68##474139.82,2,504399.43
2024,88,1,4,2,1,33939,475768.7,1,214531.0
2024,88,1,4,2,2,32760##32865,476990.36##475768.7,2,637700.0
2024,88,1,6,2,2,32726##32776##32777##32814##32873##32882,476990.36##487849.56##477126.1##470746.32##471289.28,6,2540442.53
2024,88,1,7,2,1,27496##27498##33914##34498,482284.22##478212.02##472646.68,4,1479844.33
2024,88,1,7,2,2,32792##32812,474682.78##476175.92,2,778500.04
2024,88,1,9,2,1,27499,478890.72,1,500000.0
2024,88,1,9,2,2,32773##32776##32812##32943,543774.44##487849.56##476175.92##480926.82,4,1621532.29
2024,88,1,10,2,1,27501##27502,473868.34##472646.68,2,650000.0
2024,88,1,10,2,2,32736##32795##32865,472646.68##474139.82##475768.7,3,740119.54
2024,88,1,11,2,1,27492##27500##27537##33933##33947##34508,477126.1##474547.04##471560.76##543774.44##480926.82##478212.02,6,2045162.19
2024,88,1,11,2,2,32760##32773##32795##32943,476990.36##543774.44##474139.82##480926.82,4,2497778.84
2024,88,1,12,2,2,32945,489614.18,1,500000.0
2024,88,2,3,2,2,32750##32755##32803##32844##32861,489206.96##495179.52##1504677.9##488256.78##498165.8,5,1602499.86
2024,88,2,4,2,1,33937##33940,506038.72##495179.52,2,667304.91
2024,88,2,4,2,2,32849,506038.72,1,341850.0
2024,88,2,6,2,2,32758##32887,488256.78##1508342.88,2,475199.68
2024,88,2,7,2,1,33905##33912##33925##33937##34499##34502,489206.96##486356.42##507396.12##506038.72,6,2045470.49
2024,88,2,7,2,2,32731##32750##32813,507396.12##489206.96##546082.02,3,747999.86
2024,88,2,9,2,2,32731,507396.12,1,252000.0
2024,88,2,10,2,2,32713##32734##32755##32758##32844##32856##32919,499115.98##1509157.32##495179.52##488256.78##548525.34##489885.66,7,2458299.98
2024,88,2,11,2,1,27497##33937##33940##34503##34504##34514,495179.52##506038.72##507396.12,6,2009151.86
2024,88,2,11,2,2,32755##32840##32849##32861##32903,495179.52##509025.0##506038.72##498165.8##1508342.88,5,1203149.02
2024,88,3,1,2,1,27493,469660.4,1,750000.0
2024,88,3,4,1,3,4919,11,1,625000.0
2024,88,3,4,2,1,33971,470203.36,1,428185.2
2024,88,3,4,2,2,32757,470203.36,1,1165000.0
2024,88,3,6,1,3,4921,2,1,2000000.0
2024,88,3,6,2,2,32925,469931.88,1,720000.05
2024,88,3,7,2,1,33961##34520##34528,469796.14##469660.4,3,2155021.68
2024,88,3,7,2,2,32810##32960,469796.14##470610.58,2,1169999.05
2024,88,3,8,2,1,27494##34529,470203.36##470339.1,2,2800000.01
2024,88,3,11,1,3,4920,4,1,1500000.0
2024,88,3,11,2,1,27495##33971##34501##34520,470203.36##469660.4,4,3215892.8
2024,88,3,12,1,3,4918,7,1,4000000.0
2024,88,3,13,1,3,4919,11,1,1875000.0
2024,91,1,2,2,2,33210##33272##33358,3507663.361##2106685.135##5185184.775,3,1022428.68
2024,91,1,3,2,2,33212##33214##33300##33336##33358##33366,2239738.933##3203726.744##3681155.078##3613323.73##5185184.775##3591148.097,6,2480538.27
2024,91,1,4,2,2,33210##33247##33359##33366##33391##33393,3507663.361##3751595.324##3926391.49##3591148.097##3327649.399##3773770.957,6,2265399.08
2024,91,1,6,2,2,33214##33247##33262##33307##33359##33377##33391##33393,3203726.744##3751595.324##1986675.827##5425203.391##3926391.49##3674632.833##3327649.399##3773770.957,8,3074847.88
2024,91,1,7,2,2,33216##33221##33237##33262##33377,3533752.341##845282.952##3306778.215##1986675.827##3674632.833,5,1255181.73
2024,91,1,9,2,2,33221##33363,845282.952##5572606.128,2,310579.28
2024,91,1,10,2,2,33212##33216##33262##33270##33272##33278##33306##33336,2239738.933##3533752.341##1986675.827##5549126.046##2106685.135##5730444.457##5568692.781##3613323.73,8,2551328.83
2024,91,1,11,2,2,33212##33214##33221##33270##33300##33307##33318##33359##33391,2239738.933##3203726.744##845282.952##5549126.046##3681155.078##5425203.391##3622454.873##3926391.49##3327649.399,9,4532747.2
2024,91,1,14,2,2,33276##33280##33285##33325,3203726.744##3926391.49##3622454.873##845282.952,4,2274998.99
2024,91,2,2,2,2,33279##33334##33346##33399,623526.622##1978849.133##632657.765##5369112.084,4,1051022.39
2024,91,2,3,2,2,33346,632657.765,1,317837.5
2024,91,2,4,2,2,33322##33334##33367##33398,2276263.505##1978849.133##5410854.452##1305753.449,4,1138658.29
2024,91,2,6,2,2,33279##33293##33312##33375##33406,623526.622##1451851.737##1369671.45##1385324.838##5567388.332,5,2106649.02
2024,91,2,7,2,2,33332##33334##33361##33375##33394,1451851.737##1978849.133##2276263.505##1385324.838##628744.418,5,1241344.08
2024,91,2,9,2,2,33293##33383,1451851.737##1381411.491,2,385603.78
2024,91,2,10,2,2,33279##33293##33322##33332##33346##33361##33375,623526.622##1451851.737##2276263.505##632657.765##1385324.838,7,1117227.89
2024,91,2,11,2,2,33322,2276263.505,1,784135.63
2024,91,2,14,2,2,33331,623526.622,1,473183.72
2024,91,3,3,2,2,33395,3446354.258,1,249999.94
2024,91,3,4,2,2,33342,3432005.319,1,851772.37
2024,91,3,6,1,4,5071##5072,5##2,2,4000000.0
2024,91,3,6,2,2,33248##33376,3476356.585##644397.806,2,1105593.55
2024,91,3,7,1,4,5073,3,1,5500000.0
2024,91,3,7,2,2,33258##33339##33376,3489401.075##3422874.176##644397.806,3,1270040.88
2024,91,3,9,1,4,5074,4,1,5985000.0
2024,91,3,9,2,2,33248##33339,3476356.585##3422874.176,2,331658.16
2024,91,3,10,1,4,5075,6,1,650000.0
2024,91,3,10,2,2,33339##33396,3422874.176##5888282.786,2,970000.01
2024,91,3,11,1,4,5074,4,1,4515000.0
2024,91,3,11,2,2,33258,3489401.075,1,559000.03
2024,91,3,14,2,2,33326,644397.806,1,650000.0
2024,91,4,2,2,2,33324,3673328.384,1,657353.57
2024,93,3,6,1,3,4916##4917,5##2,2,1527956.0
2024,93,3,9,1,3,4915##4917,4##2,2,227863.0
2024,93,3,11,1,3,4915,4,1,315000.0
2024,98,1,1,2,1,32952##32958##33142,6438908.1492##10646908.2882##5991390.6741,3,1228385.85
2024,98,1,3,2,2,27265##27270##27283##27464,9834252.1767##10221655.3641##10292901.9273##9872101.9134,4,2620034.71
2024,98,1,4,2,1,32939##32951##32952##32961##32962##32964##32969##32970##32988##33030##33089##33093##33097##33102##33140##33142##33153,10194937.9029##5463720.8154##6438908.1492##10197164.358##10217202.4539##5686366.3254##10201617.2682##6040372.6863##6561363.1797##9794175.9849##6481210.7961##9809761.1706##10484377.0659##9878781.2787##10370827.8558##5991390.6741##10288449.0171,17,42031247.77
2024,98,1,4,2,2,27251##27309##27335##27371##27527##27532,10192711.4478##9829799.2665##10201617.2682##5463720.8154##5991390.6741##10370827.8558,6,8311012.65
2024,98,1,6,2,2,27335##27527,10201617.2682##5991390.6741,2,2359541.5
2024,98,1,7,2,2,27243##27292##27312##27328##27458##27522,10197164.358##9803081.8053##10277316.7416##10468791.8802##10206070.1784##9807534.7155,6,7014960.35
2024,98,1,10,2,2,27243##27250##27265##27270##27283##27286##27292##27312##27328##27371##27458##27464##27522##27527##27529,10197164.358##10199390.8131##9834252.1767##10221655.3641##10292901.9273##10486603.521##9803081.8053##10277316.7416##10468791.8802##5463720.8154##10206070.1784##9872101.9134##9807534.7155##5991390.6741##9832025.7216,15,16277814.28
2024,98,1,11,2,2,27251##27309##27371,10192711.4478##9829799.2665##5463720.8154,3,3388055.03
2024,98,1,14,2,2,27371##27529,5463720.8154##9832025.7216,2,1350713.0
2024,98,2,1,2,1,33117##33137##34151##34168##34188##34193##34225##34226,4239170.5104##4214679.5043##24778218.8079##9277638.4017##4252529.241##10450980.2394##10560076.5393,8,11327724.04
2024,98,2,1,2,2,27442##27449##27452##27465##27491##27511,24568932.0285##10613511.4617##10450980.2394##4239170.5104##9277638.4017##4214679.5043,6,4194103.95
2024,98,2,3,2,2,27420##27452##27471##27491,9883234.1889##10450980.2394##10620190.827##9277638.4017,4,2656506.12
2024,98,2,4,2,1,32955##32972##32979##33021##33068##33117##33137,8852385.4776##4230264.69##9277638.4017##10061350.5969##4301511.2532##4239170.5104##4214679.5043,7,17184263.8
2024,98,2,4,2,2,27278##27420##27442##27452##27465##27486##27491##27511##27521##27523##27525##27535,8852385.4776##9883234.1889##24568932.0285##10450980.2394##4239170.5104##4230264.69##9277638.4017##4214679.5043##4301511.2532##24065753.1759##24584517.2142##24609008.2203,12,5380181.88
2024,98,2,6,2,2,27420##27439##27442##27491##27521,9883234.1889##24602328.855##24568932.0285##9277638.4017##4301511.2532,5,1296662.88
2024,98,2,7,2,2,27278##27475##27503,8852385.4776##4283699.6124##10577888.1801,3,1332912.49
2024,98,2,10,2,1,34151##34168##34188##34193##34225##34226,24778218.8079##9277638.4017##4252529.241##10450980.2394##10560076.5393##4214679.5043,6,11243649.23
2024,98,2,10,2,2,27281##27431##27442##27446##27449##27452##27463##27465##27471##27475##27486##27491##27503##27511,9938895.5664##10606832.0964##24568932.0285##10589020.4556##10613511.4617##10450980.2394##10061350.5969##4239170.5104##10620190.827##4283699.6124##4230264.69##9277638.4017##10577888.1801##4214679.5043,14,12430164.72
2024,98,2,11,2,1,34188,4252529.241,1,149998.84
2024,98,2,11,2,2,27278##27420##27434##27439##27452##27465##27486##27525##27535,8852385.4776##9883234.1889##24593423.0346##24602328.855##10450980.2394##4239170.5104##4230264.69##24584517.2142##24609008.2203,9,4144950.3
2024,98,2,14,2,2,27446##27463##27465##27486,10589020.4556##10061350.5969##4239170.5104##4230264.69,4,3416292.62
2024,98,3,4,2,1,32946,5868935.6436,1,4999695.75
2024,102,1,4,2,1,34368,9886392.9606,1,73291.71
2024,102,1,6,2,1,34301##34368,10688245.1208##9886392.9606,2,169290.48
2024,102,1,7,2,2,33573##33592##33704,10683569.598##10678894.0752##9886392.9606,3,819966.6
2024,102,1,10,2,1,34301##34368,10688245.1208##9886392.9606,2,1535296.79
2024,102,1,10,2,2,33573##33704,10683569.598##9886392.9606,2,559970.96
2024,102,1,11,2,1,34368,9886392.9606,1,87950.05
2024,102,1,11,2,2,33573##33592##33704,10683569.598##10678894.0752##9886392.9606,3,619966.41
2024,102,2,3,2,1,34399,25862654.3682,1,77332.52
2024,102,2,4,2,2,33534##33569##33708,9552093.0804##25956164.8242##9856002.0624,3,251826.95
2024,102,2,6,2,1,34399,25862654.3682,1,70607.95
2024,102,2,6,2,2,33535##33554##33569##33577##33658##33705##33708,9552093.0804##9905095.0518##25956164.8242##10681231.8366##9577808.4558##10660191.984##9856002.0624,7,779178.29
2024,102,2,7,2,1,34325,25995906.768,1,78371.9
2024,102,2,7,2,2,33534##33554##33597##33636,9552093.0804##9905095.0518##10662529.7454##9888730.722,4,1195211.97
2024,102,2,9,2,2,33535##33554##33569##33705,9552093.0804##9905095.0518##25956164.8242##10660191.984,4,760478.14
2024,102,2,10,2,1,34325##34379##34398##34399##34404,25995906.768##10713960.4962##9580146.2172##25862654.3682##25902396.312,5,1933815.88
2024,102,2,10,2,2,33534##33569##33577##33597##33636##33658##33705##33708,9552093.0804##25956164.8242##10681231.8366##10662529.7454##9888730.722##9577808.4558##10660191.984##9856002.0624,8,1247664.3
2024,102,2,11,2,1,34379,10713960.4962,1,55964.65
2024,102,2,11,2,2,33534##33535##33554##33569##33636##33658##33705##33708,9552093.0804##9905095.0518##25956164.8242##9888730.722##9577808.4558##10660191.984##9856002.0624,8,1297544.23
2024,102,4,7,2,1,33409,25857978.8454,1,450000.0
2024,102,4,11,2,1,33409,25857978.8454,1,550000.0
2024,105,1,4,2,2,34105##34107,3467962.176##4129585.4208,2,514036.47
2024,105,1,6,2,2,34030##34045##34052##34088,3802943.6928##3534680.4864##3761244.7488##3568039.6416,4,2768219.43
2024,105,1,7,2,2,34052,3761244.7488,1,246160.0
2024,105,1,9,2,1,27744##27748##27753##27768##27783,3761244.7488##4003098.624##155676.0576##8339.7888##3873831.8976,5,2630247.41
2024,105,1,9,2,2,34052,3761244.7488,1,376480.0
2024,105,1,10,2,2,34107,4129585.4208,1,29999.96
2024,105,1,11,2,2,34030##34052##34088##34105##34166,3802943.6928##3761244.7488##3568039.6416##3467962.176##3595838.9376,5,2085802.09
2024,105,2,1,2,2,34048##34049##34055##34057##34059##34084##34110##34174,1021624.128##2285102.1312##1043863.5648##4153214.8224##711661.9776##2296221.8496##5684956.032,8,2088012.55
2024,105,2,3,2,2,34071##34086,2494986.816##718611.8016,2,444902.25
2024,105,2,4,2,2,34026##34040##34049##34055##34057##34059##34065##34066##34071##34084##34085##34086##34106##34110##34178,5684956.032##6014377.6896##2285102.1312##1043863.5648##4153214.8224##722781.696##2494986.816##711661.9776##718611.8016##2492206.8864##2296221.8496##15257643.6096,15,5903182.22
2024,105,2,6,2,2,34048##34059##34065##34066##34069##34085##34086##34095##34101##34120##34125##34141##34160,1021624.128##2285102.1312##722781.696##2297611.8144##718611.8016##846488.5632##2492206.8864##14972700.8256##1388574.8352##1182860.0448##6011597.76,13,6815806.31
2024,105,2,7,2,2,34043##34048##34058##34059##34085##34148,2069657.5872##1021624.128##4153214.8224##2285102.1312##718611.8016##2513056.3584,6,1542592.7
2024,105,2,9,2,1,27751##27755##27765##27818,722781.696##718611.8016##1021624.128##2069657.5872,4,2806097.47
2024,105,2,9,2,2,34043##34048##34058##34059##34079,2069657.5872##1021624.128##4153214.8224##2285102.1312,5,1144052.66
2024,105,2,10,2,2,34049##34055##34057##34059##34060##34065##34066##34084##34086##34095##34100##34125##34148,2285102.1312##1043863.5648##4153214.8224##715831.872##722781.696##711661.9776##718611.8016##846488.5632##1388574.8352##2513056.3584,13,2426907.1
2024,105,2,11,2,2,34051##34055##34059##34065##34066##34071##34085##34086##34095##34110##34141##34179,711661.9776##1043863.5648##2285102.1312##722781.696##2494986.816##718611.8016##846488.5632##2296221.8496##1182860.0448##6012987.7248,12,2706866.39
2024,105,2,12,2,2,34084,711661.9776,1,14340.08
2024,105,2,13,2,2,34071,2494986.816,1,123592.39
2024,105,3,4,2,2,34035,4194913.7664,1,109834.72
2024,105,3,6,1,3,4966,2,1,7000000.0
2024,105,3,7,2,1,34042,3711206.016,1,1500000.0
2024,105,3,10,2,2,34167,3665337.1776,1,368426.43
2024,105,3,11,2,2,34035,4194913.7664,1,439338.89
2024,106,3,6,1,3,5008##5011,5##2,2,3257555.0
2024,106,3,7,1,3,4931##4932,4##3,2,1143487.0
2024,106,3,9,1,3,4931##5010,4,2,1171613.0
2024,106,3,10,1,3,4931##5009,4##11,2,682395.0
2024,106,3,11,1,3,4931##5010,4,2,1775796.0
2024,107,3,9,1,3,5054,4,1,1000758.0
2024,107,3,12,1,3,5055,2,1,1999969.0
2024,108,1,1,2,1,34247,631864.38,1,696698.36
2024,108,1,1,2,2,33032##33156,631864.38##621887.574,2,264143.99
2024,108,1,2,2,1,34257,63186.438,1,335017.3
2024,108,1,2,2,2,33109##33114##33250,4243468.152##377455.827##63186.438,3,588015.99
2024,108,1,3,2,1,34250,4456306.68,1,1100000.0
2024,108,1,3,2,2,33028,4456306.68,1,1235000.0
2024,108,1,4,2,1,34252,377455.827,1,651000.0
2024,108,1,4,2,2,33032##33109,631864.38##4243468.152,2,2685343.14
2024,108,1,6,2,2,32967##33156##33250,8314.005##621887.574##63186.438,3,1836602.64
2024,108,1,7,2,1,34248,631864.38,1,666551.6
2024,108,1,7,2,2,33113##33163,581980.35##2336235.405,2,967792.19
2024,108,1,9,2,2,33114,377455.827,1,271075.2
2024,108,1,10,2,2,33109##33113##33230##33250##33284,4243468.152##581980.35##4753948.059##63186.438##4725680.442,5,1472771.83
2024,108,1,11,2,1,34252##34333,377455.827##199536.12,2,769225.53
2024,108,1,11,2,2,33109##33114##33163,4243468.152##377455.827##2336235.405,3,1617094.04
2024,108,1,14,2,1,34266##34340,377455.827##63186.438,2,2056529.03
2024,108,1,14,2,2,33250,63186.438,1,577796.71
2024,108,2,1,2,1,34251##34254##34273##34326,613573.569##590294.355##1102437.063##3029623.422,4,874689.03
2024,108,2,1,2,2,33151##33159##33181,1102437.063##590294.355##3029623.422,3,885252.36
2024,108,2,2,2,1,34251##34267##34273##34291,613573.569##2036931.225##1102437.063##1506497.706,4,1221435.54
2024,108,2,2,2,2,33070##33139##33196##33274##33286,1687743.015##613573.569##1105762.665##2036931.225##4955146.98,5,2145487.88
2024,108,2,3,2,1,34277##34287##34290##34375,1717673.433##2334572.604##578654.748##593619.957,4,3022911.16
2024,108,2,3,2,2,33070##33084##33308,1687743.015##1717673.433##1506497.706,3,2936093.92
2024,108,2,4,2,1,34284##34327##34358,2030280.021##6622936.383##578654.748,3,1381302.7
2024,108,2,4,2,2,33139##33151##33159##33263##33286##33310,613573.569##1102437.063##590294.355##578654.748##4955146.98##593619.957,6,4307692.72
2024,108,2,6,2,2,33126##33159##33161##33172##33181,3026297.82##590294.355##596945.559##872970.525##3029623.422,5,2456071.67
2024,108,2,7,2,1,34244##34276##34289##34323##34328,1423357.656##583643.151##616899.171##6622936.383##608585.166,5,5174715.4
2024,108,2,7,2,2,32981##33003##33167##33200##33310,906226.545##583643.151##608585.166##6622936.383##593619.957,5,4154178.83
2024,108,2,9,2,2,33200##33263,6622936.383##578654.748,2,925655.69
2024,108,2,10,2,2,33003##33122##33139##33151##33155##33159##33196##33200##33274##33282,583643.151##2030280.021##613573.569##1102437.063##989366.595##590294.355##1105762.665##6622936.383##2036931.225##1669452.204,10,3492610.99
2024,108,2,11,2,1,34251##34254##34273##34284##34326##34327##34358##34375,613573.569##590294.355##1102437.063##2030280.021##3029623.422##6622936.383##578654.748##593619.957,8,2144229.65
2024,108,2,11,2,2,33108##33139##33151##33159##33263##33310,2602283.565##613573.569##1102437.063##590294.355##578654.748##593619.957,6,2751568.08
2024,108,2,12,2,2,33078,2510829.51,1,299995.64
2024,108,2,14,2,1,34253##34289##34316##34323##34329##34351,613573.569##616899.171##1687743.015##6622936.383##2030280.021##3029623.422,6,3960830.49
2024,108,2,14,2,2,33122##33155,2030280.021##989366.595,2,1606007.12
2024,108,3,2,2,1,34265,4334922.207,1,772004.98
2024,108,3,2,2,2,32992,4334922.207,1,793916.42
2024,108,3,4,2,1,34268,109744.866,1,534605.93
2024,108,3,7,2,1,34249,251082.951,1,1002531.86
2024,108,3,7,2,2,33170,229466.538,1,583122.67
2024,108,3,10,2,1,34268,109744.866,1,1960221.74
2024,108,3,10,2,2,33143,109744.866,1,400792.92
2024,108,3,11,2,2,32992,4334922.207,1,198479.11
2024,108,3,14,2,1,34268,109744.866,1,475205.27
2024,108,4,9,2,2,33195,628538.778,1,668899.5
2024,108,4,12,2,2,33064,1075832.247,1,389923.48
2024,253,2,2,2,1,34551,28716035.712,1,93861.14
2024,253,2,2,2,2,33962,28777680.1536,1,160627.57
2024,253,2,3,2,1,34477,28646685.7152,1,80499.92
2024,253,2,3,2,2,33844,28656959.7888,1,142823.43
2024,253,2,6,2,1,34539##34544##34551,28865009.7792##29029394.9568##28716035.712,3,295419.62
2024,253,2,6,2,2,33952##33962##33973##33984,28780248.672##28777680.1536##28667233.8624##28662096.8256,4,333372.78
2024,253,2,7,2,1,34482##34539,28649254.2336##28865009.7792,2,235331.29
2024,253,2,7,2,2,33844,28656959.7888,1,31738.54
2024,253,2,10,2,1,34477##34482##34539##34544,28646685.7152##28649254.2336##28865009.7792##29029394.9568,4,405874.29
2024,253,2,10,2,2,33844##33952##33973##33984##34000,28656959.7888##28780248.672##28667233.8624##28662096.8256##28685213.4912,5,749627.26
2024,253,2,11,2,1,34482##34539##34544##34551,28649254.2336##28865009.7792##29029394.9568##28716035.712,4,246395.3
2024,253,2,11,2,2,33973##33984,28667233.8624##28662096.8256,2,230443.94
2024,254,1,3,2,2,34173##34183,29414183.1984##29640183.3552,2,619999.66
2024,254,1,4,2,2,34229,29695369.44,1,53056.79
2024,254,1,6,2,2,34161##34173##34229,29679601.9872##29414183.1984##29695369.44,3,949806.7
2024,254,1,10,2,2,34176,29416811.1072,1,200000.0
2024,254,1,11,2,2,34173##34229,29414183.1984##29695369.44,2,256113.58
2024,254,2,3,2,2,34191,29558718.1824,1,499807.7
2024,254,2,6,2,2,34211##34239,29403671.5632##29419439.016,2,997544.5
2024,254,2,7,2,2,34231,29529811.1856,1,150001.82
2024,254,2,10,2,2,34162,29390532.0192,1,199681.05
2024,254,2,11,2,2,34194,29587625.1792,1,100000.0
2025,1,1,4,2,1,35079##35082##35108##35113##35115##35416##37539##37560,1275.12##974.28##979.8##957.72##253.92##993.6##985.32,8,5659636.27
2025,1,1,6,2,1,35086##35109##35120##35224##35416##37707##37730##37742,433.32##1131.6##1059.84##1363.44##993.6##974.28##1021.2,8,4847375.56
2025,1,1,7,2,1,35080##35107##35111##35128##35464##35465##35580##37469##37494##37495##37499##37537##37538##37546##37555##37561##37726##37736##37758##37763##37770##37994,309.12##924.6##1010.16##946.68##982.56##977.04##1611.84##996.36##1537.32##932.88##979.8##1023.96##1070.88##1087.44##1057.08,22,6514509.63
2025,1,1,9,2,1,35111##35580##37499##37537##37538##37561##37726##37758##37793,1010.16##977.04##932.88##996.36##979.8##309.12##1070.88##946.68##314.64,9,2478488.91
2025,1,1,10,2,1,35119##35541##35567##35682##37476##37480##37582##37758##37786##37891,253.92##954.96##314.64##433.32##408.48##946.68##1156.44##996.36,10,4075033.22
2025,1,1,11,2,1,35117##35129##35135##35191##35541##35568##35583##37499##37538##37540##37547##37708##37773##37794,1126.08##957.72##1018.44##993.6##954.96##977.04##1035.0##932.88##979.8##314.64##974.28##1087.44,14,9817201.73
2025,1,1,13,2,1,35089##35120##35541##35563,433.32##1059.84##954.96##1035.0,4,1938638.79
2025,1,2,4,2,2,35901,1106.76,1,522329.63
2025,1,2,6,2,1,35083##35099##35101##35116##35133##35136##35183##37723##37749##37751##37854##37868##38015,1250.28##1382.76##1335.84##1104.0##941.16##1029.48##1101.24##1294.44##1556.64##1308.24##1465.56##1208.88##1512.48,13,6126949.96
2025,1,2,6,2,2,35764##35778##35788##35798,1382.76##1377.24##1335.84##1186.8,4,1950539.49
2025,1,2,7,2,1,35084##35127##35183##35506##37472##37502##37533##37576,1302.72##1051.56##1101.24##1128.84##1349.64##1181.28##1377.24,8,2610791.89
2025,1,2,7,2,2,35644##35761##35763,1208.88##1388.28##1128.84,3,828180.15
2025,1,2,9,2,1,35084##35090##35099##35506##35512##35538##35564##37472##37576##37868,1302.72##941.16##1382.76##1128.84##1388.28##1250.28##1349.64##1208.88,10,3280692.89
2025,1,2,9,2,2,35644##35761##35763,1208.88##1388.28##1128.84,3,787701.82
2025,1,2,10,2,1,35092##35102##35391##37727##37735,1090.2##1322.04##1526.28,5,2065894.74
2025,1,2,10,2,2,35679##35840,1159.2##1150.92,2,641834.02
2025,1,2,11,2,1,35105##35199##35500##35514##37468##37478##37702##37748,1294.44##1393.8##1159.2##1195.08##1410.36,8,5347485.24
2025,1,2,11,2,2,35643##35646##35679##35787,1195.08##1280.64##1159.2##1410.36,4,1936640.4
2025,1,3,4,2,1,35088##35122,182.16##391.92,2,1624579.69
2025,1,3,7,2,1,35077##35078##35631,380.88##416.76##182.16,3,2394717.5
2025,1,3,9,2,1,35078,416.76,1,403022.78
2025,1,3,10,2,1,35122##35220##35625##35631##35678,391.92##1291.68##952.2##182.16,5,3873712.59
2025,1,3,11,2,1,35088##35143,182.16##394.68,2,1485717.15
2025,1,3,13,2,1,35625##35678,952.2##391.92,2,2227068.9
2025,13,1,4,2,1,36852##36871,10523050.49##10576989.705,2,376000.0
2025,13,1,6,2,1,36787##36794##36811##36834##36852,10645639.615##10520598.7075##10530405.8375##10518146.925##10523050.49,5,1704500.0
2025,13,1,7,2,1,36787##36794,10645639.615##10520598.7075,2,536000.0
2025,13,1,9,2,1,36787##36836##36837##36838,10645639.615##10714289.525##10638284.2675##10515695.1425,4,867549.5
2025,13,1,10,2,1,36794##36811##36834##36836##36837##36838##36852,10520598.7075##10530405.8375##10518146.925##10714289.525##10638284.2675##10515695.1425##10523050.49,7,1521489.1
2025,13,1,11,2,1,36811##36836##36837##36838##36852##36871,10530405.8375##10714289.525##10638284.2675##10515695.1425##10523050.49##10576989.705,6,1526659.4
2025,13,2,3,2,1,36813,10724096.655,1,339390.8
2025,13,2,4,2,1,36790##36813##36879##36893,10628477.1375##10724096.655##26432667.1325##10665253.875,4,552325.25
2025,13,2,6,2,1,36839##36879##36893,10692223.4825##26432667.1325##10665253.875,3,658750.08
2025,13,2,9,2,1,36839,10692223.4825,1,166250.0
2025,13,2,10,2,1,36790##36813,10628477.1375##10724096.655,2,320415.2
2025,13,2,11,2,1,36790##36813##36879##36893,10628477.1375##10724096.655##26432667.1325##10665253.875,4,428228.85
2025,18,1,1,2,1,38624,344471.4702,1,50000.0
2025,18,1,3,2,1,38852,334136.2266,1,220000.0
2025,18,1,4,2,1,38020##38624##38665,336445.164##344471.4702##456619.8582,3,990000.0
2025,18,1,6,2,1,38011##38097##38813##38850,344471.4702##334466.0748##335675.5182##456290.01,4,1024000.0
2025,18,1,7,2,1,36773##38097##38101##38645,333256.6314##334466.0748##333806.3784##335125.7712,4,863500.0
2025,18,1,9,2,1,36773##38101##38853,333256.6314##333806.3784,3,860000.0
2025,18,1,10,2,1,36774##36935##38101##38623##38645##38665##38723##38775##38813##38852##38856,335675.5182##343811.7738##333806.3784##457169.6052##335125.7712##456619.8582##345351.0654##335455.6194##334136.2266##334905.8724,11,3602000.0
2025,18,1,11,2,1,36775##38011##38037##38097##38644##38665##38845,338864.0508##344471.4702##456619.8582##334466.0748##334246.176,7,3040500.04
2025,18,2,1,2,1,38776##38780##38854,1207904.1084##1211202.5904##332377.0362,3,294000.0
2025,18,2,3,2,1,38034##38063##38693,347550.0534##332377.0362,3,440000.0
2025,18,2,4,2,1,38776##38780##38854,1207904.1084##1211202.5904##332377.0362,3,372000.0
2025,18,2,6,2,1,38049##38632##38808,1209003.6024##493013.1096##1207464.3108,3,1000000.0
2025,18,2,7,2,1,38063##38648##38663##38729,332377.0362##1226595.5064##343921.7232##456399.9594,4,1135000.0
2025,18,2,9,2,1,38063##38648,332377.0362##1226595.5064,2,250000.0
2025,18,2,10,2,1,38034##38052##38089##38693##38714##38729##38776##38807##38808##38848##38849,347550.0534##1211532.4386##343262.0268##333146.682##456399.9594##1207904.1084##343591.875##1207464.3108##1208453.8554,11,1979000.0
2025,18,2,11,2,1,38808##38848##38849,1207464.3108##343262.0268##1208453.8554,3,680000.0
2025,18,2,12,2,1,37701,1211532.4386,1,400000.0
2025,27,1,3,2,1,35587##35606,709873.5975##676150.89,2,438000.09
2025,27,1,3,2,2,38447,974565.0375,1,76050.0
2025,27,1,4,2,1,35498##35502,673393.6875##675302.52,2,714050.0
2025,27,1,4,2,2,38460,714539.6325,1,299992.37
2025,27,1,6,2,1,35407##35456##35619,989623.605##692906.1975##676999.26,3,991739.85
2025,27,1,6,2,2,38437##38440##38443##38503,679968.555##675302.52##709873.5975##673393.6875,4,1879400.0
2025,27,1,7,2,1,35407##35428##35554##35572##35618##36856,989623.605##706055.9325##707752.6725##676575.075##674029.965,6,2674365.07
2025,27,1,7,2,2,38457##38503##38551,706055.9325##673393.6875##674029.965,3,1151500.0
2025,27,1,8,2,2,38565,707752.6725,1,299200.01
2025,27,1,9,2,1,35408##35549##35618,687391.7925##675090.4275##674029.965,3,900000.0
2025,27,1,9,2,2,38478##38503,687391.7925##673393.6875,2,522000.0
2025,27,1,10,2,1,35450##35456##35511##35549##35587##35606,714539.6325##692906.1975##674454.15##675090.4275##709873.5975##676150.89,6,1674500.11
2025,27,1,10,2,2,38437##38440##38443##38447##38474##38520##38551,679968.555##675302.52##709873.5975##974565.0375##1001924.97##692906.1975##674029.965,7,2272846.03
2025,27,1,11,2,1,35407##35498##35502##35511##35550##35554##35618##35619,989623.605##673393.6875##675302.52##674454.15##679968.555##707752.6725##674029.965##676999.26,8,1859134.48
2025,27,1,11,2,2,38447##38478##38503##38551##38565##38586,974565.0375##687391.7925##673393.6875##674029.965##707752.6725##678483.9075,6,2095150.01
2025,27,1,14,2,1,35407##35456##35502,989623.605##692906.1975##675302.52,3,753016.56
2025,27,1,14,2,2,38440##38447##38474##38520##38586,675302.52##974565.0375##1001924.97##692906.1975##678483.9075,5,2402626.03
2025,27,2,3,2,1,35525##35615,725144.2575##696723.8625,2,401000.0
2025,27,2,3,2,2,38541,722174.9625,1,198000.0
2025,27,2,4,2,1,35447##35457##35555,732143.31##723447.5175##728961.9225,3,1300000.0
2025,27,2,4,2,2,38538,732143.31,1,699200.0
2025,27,2,6,2,1,35411##35458##35468##35495##35519##35547##35560##35584##36882,1003621.71##981776.1825##690997.365##711358.245##722174.9625##1004682.1725##999379.86##998107.305##691845.735,9,2812800.0
2025,27,2,6,2,2,38444##38477##38529##38541##38561,1003621.71##686967.6075##732567.495##722174.9625##994501.7325,5,1899593.71
2025,27,2,7,2,1,35401##35427##35455##35459##35499,993229.1775##731294.94##975413.4075##995350.1025##987078.495,5,1333450.63
2025,27,2,7,2,2,38455##38459##38476##38487##38488##38529##38548,985169.6625##981139.905##731294.94##689088.5325##975413.4075##732567.495##995350.1025,7,2312768.22
2025,27,2,9,2,1,35401##35427##35499##35525##36882##36885,993229.1775##731294.94##987078.495##725144.2575##691845.735##720690.315,6,1501520.02
2025,27,2,9,2,2,38455##38476##38477##38548,985169.6625##731294.94##686967.6075##995350.1025,4,1096844.73
2025,27,2,10,2,1,35390##35401##35411##35458##35468##35476##35495##35509##35517##35519##35531##35547##35579##35584##35615##36841##36877##36885,977534.3325##993229.1775##1003621.71##981776.1825##690997.365##720690.315##711358.245##1007227.2825##693118.29##722174.9625##984109.2##1004682.1725##990047.79##998107.305##696723.8625##987290.5875,18,3350700.0
2025,27,2,10,2,2,38444##38459##38502##38523##38527##38529##38538##38541##38561##38567,1003621.71##981139.905##987290.5875##728537.7375##1007227.2825##732567.495##732143.31##722174.9625##994501.7325##701389.8975,10,1844850.0
2025,27,2,11,2,1,35459##35469##35495##35517##35525##35556##36841##36844,995350.1025##689088.5325##711358.245##693118.29##725144.2575##707116.395##696935.955,8,2429896.98
2025,27,2,11,2,2,38444##38477##38487##38523##38529##38567,1003621.71##686967.6075##689088.5325##728537.7375##732567.495##701389.8975,6,1964294.56
2025,27,2,14,2,1,35447##35556,732143.31##707116.395,2,587339.72
2025,27,2,14,2,2,38523##38527##38541,728537.7375##1007227.2825##722174.9625,3,1614200.0
2025,27,3,10,2,1,35337,678271.815,1,350000.0
2025,27,4,4,2,1,36851,733203.7725,1,350000.0
2025,36,1,1,2,1,37848##37905,2651875.2884##2421194.548,2,104000.0
2025,36,1,3,2,2,35912,324096.908,1,500000.0
2025,36,1,4,2,1,37846##37848##37904##37905##37938##37988,148703.2872##2651875.2884##1443184.4668##2421194.548##2671893.0386##2356375.1664,6,1446000.0
2025,36,1,6,2,1,37938,2671893.0386,1,264000.0
2025,36,1,6,2,2,35837##36100,2570851.0614##3786214.4664,2,341000.0
2025,36,1,7,2,1,35348##35402##37905##37940##37953,324096.908##148703.2872##2421194.548##3860566.11##609111.5418,5,989419.18
2025,36,1,7,2,2,35837##36100,2570851.0614##3786214.4664,2,376000.0
2025,36,1,9,2,1,35348##37846##37904##37905##37953##37988,324096.908##148703.2872##1443184.4668##2421194.548##609111.5418##2356375.1664,6,1410419.36
2025,36,1,9,2,2,35837,2570851.0614,1,126000.0
2025,36,1,10,2,1,35347##36076##37846##37848##37904##37905##37940##37953##37988,1002793.9624##2427867.1314##148703.2872##2651875.2884##1443184.4668##2421194.548##3860566.11##609111.5418##2356375.1664,9,1630764.03
2025,36,1,10,2,2,35837##35988##36025,2570851.0614##975150.4026##1443184.4668,3,1303000.0
2025,36,1,11,2,1,35402##35925##36085##37846##37848##37904##37905##37938##37988,148703.2872##2449791.334##2744338.2298##2651875.2884##1443184.4668##2421194.548##2671893.0386##2356375.1664,9,2783995.32
2025,36,1,11,2,2,35837,2570851.0614,1,154000.0
2025,36,1,14,2,1,37848##37904##37905##37953##37988,2651875.2884##1443184.4668##2421194.548##609111.5418##2356375.1664,5,476629.03
2025,36,2,1,2,1,35904##36062##37833##37865##37977##37989,10464517.2236##10484534.9738##10466423.676##10343457.4962##10862965.7752##3888209.6698,6,753995.54
2025,36,2,3,2,2,35863##36022##36027##36036##36060##36125,10539822.0934##10485488.2##10541728.5458##1842586.2446##4057883.9334##2823456.0044,6,3499959.8
2025,36,2,4,2,1,35834##35904##37817##37822##37829##37833##37842##37860##37865##37880##37896##37928##37947##37977##37989,10861059.3228##10464517.2236##1838773.3398##1356440.8826##1842586.2446##10466423.676##2823456.0044##4073135.5526##10343457.4962##2824409.2306##10431154.3066##4283798.5428##10862965.7752##3888209.6698,15,3188437.04
2025,36,2,6,2,1,37822##37829##37842##37896##37928,1356440.8826##1842586.2446##2823456.0044##10464517.2236##10431154.3066,5,695000.0
2025,36,2,6,2,2,35830##35885##35949##35966##36005##36029##36036##36046,1843539.4708##1356440.8826##1838773.3398##10464517.2236##10826743.1796##4309535.6502##1842586.2446##10814351.239,8,1629396.22
2025,36,2,7,2,1,35349##35365##35367##35370##35375##35449##35828##35846##37817##37822##37829##37831##37860##37865##37880##37896##37928##37947##37977##37989,2878743.124##1515629.658##10464517.2236##1843539.4708##10814351.239##10810538.3342##1838773.3398##1356440.8826##1842586.2446##10845807.7036##4073135.5526##10343457.4962##2824409.2306##10431154.3066##4283798.5428##10862965.7752##3888209.6698,20,3413352.12
2025,36,2,7,2,2,35830##35885##35949##35966##36005##36029##36036##36046,1843539.4708##1356440.8826##1838773.3398##10464517.2236##10826743.1796##4309535.6502##1842586.2446##10814351.239,8,1498107.48
2025,36,2,9,2,1,35365##35367##35828##35846##37817##37831##37842##37860##37865##37880##37947##37977##37989,1515629.658##10464517.2236##1843539.4708##1838773.3398##10845807.7036##2823456.0044##4073135.5526##10343457.4962##2824409.2306##4283798.5428##10862965.7752##3888209.6698,13,2829592.38
2025,36,2,9,2,2,35830##35885##35949##35966##36005##36029##36036##36046##36125,1843539.4708##1356440.8826##1838773.3398##10464517.2236##10826743.1796##4309535.6502##1842586.2446##10814351.239##2823456.0044,9,1890416.59
2025,36,2,10,2,1,35350##35382##35417##35843##35933##37817##37822##37831##37833##37860##37865##37880##37928##37947,1356440.8826##10466423.676##10862965.7752##10845807.7036##10343457.4962##1838773.3398##4073135.5526##2824409.2306##10431154.3066##4283798.5428,14,3491859.3
2025,36,2,10,2,2,35830##35871##35996##36003##36090##36142,1843539.4708##10819117.37##10521710.7956##10466423.676##10300562.3172##4188475.9228,6,3693670.3
2025,36,2,11,2,1,35349##35370##35375##35449##37817##37822##37829##37833##37842##37860##37865##37880##37896##37928##37947##37977##37989,2878743.124##1843539.4708##10814351.239##10810538.3342##1838773.3398##1356440.8826##1842586.2446##10466423.676##2823456.0044##4073135.5526##10343457.4962##2824409.2306##10464517.2236##10431154.3066##4283798.5428##10862965.7752##3888209.6698,17,2489940.54
2025,36,2,11,2,2,35830##35885##35949##35966##36005##36029##36036##36046##36125,1843539.4708##1356440.8826##1838773.3398##10464517.2236##10826743.1796##4309535.6502##1842586.2446##10814351.239##2823456.0044,9,1995554.43
2025,36,2,14,2,1,37817##37822##37829##37831##37833##37842##37860##37880##37896##37928##37947,1838773.3398##1356440.8826##1842586.2446##10845807.7036##10466423.676##2823456.0044##4073135.5526##2824409.2306##10464517.2236##10431154.3066##4283798.5428,11,1226352.01
2025,55,1,4,2,2,35741##35758##35759##35813##35816##35819##35839##35861,359237.067##111192.4255##660311.9422##4668371.2183##2755861.4997##4418615.9241##5131.9581##263440.5158,8,2194291.59
2025,55,1,6,2,2,35741##35759##35807##35813##35839##35861##35897##37897##37902##38019,359237.067##660311.9422##4668371.2183##5131.9581##263440.5158##685971.7327##7263431.3642,10,4365642.61
2025,55,1,7,2,2,35735##35751##35771##35772##35827##35906##37816##37820,4918126.5125##138562.8687##7673988.0122##136852.216##4404930.7025##5131.9581,8,4042262.46
2025,55,1,9,2,2,35735##35751##35771##35827##35906##37816,4918126.5125##138562.8687##7673988.0122##4404930.7025##5131.9581,6,390437.68
2025,55,1,10,2,2,35738##35758##35816##35819,111192.4255##2755861.4997##4418615.9241,4,1546793.59
2025,55,1,11,2,2,35729##35779##35819##35899##35936##35937##35974##37783##37795##37826##37999,5131.9581##4735086.6736##4418615.9241##157380.0484##263440.5158##165933.3119##111192.4255,11,7112929.0
2025,55,2,3,2,2,35810##35976,663733.2476##1436948.268,2,461321.08
2025,55,2,4,2,2,35773##35852##35857##35879##35896##35902##35943##35971##35992,7624379.0839##1436948.268##667154.553##18873631.2391##2299117.2288##672286.5111##1294964.0939##708210.2178,9,1603122.13
2025,55,2,6,2,2,35732##35773##35784##35801##35852##35867##35868##35895##35896##35902##35943##35976##35992##37901##37933##37992##38002,7679119.9703##7624379.0839##7696226.4973##2256350.9113##1436948.268##7030782.597##6943539.3093##2299117.2288##18873631.2391##672286.5111##708210.2178##682550.4273,17,6315320.96
2025,55,2,7,2,2,35748##35767##35817##35831##35844##37835##37920##37957##37960,3089438.7762##704788.9124##2603613.4094##6945249.962##667154.553##682550.4273##1438658.9207,9,3267112.87
2025,55,2,9,2,2,35817##37835##37920,2603613.4094##682550.4273,3,164344.4
2025,55,2,10,2,2,35767##35801##35810##35842##35857##35910##35971##35976,704788.9124##2256350.9113##663733.2476##682550.4273##667154.553##2945743.9494##1294964.0939##1436948.268,8,1921684.32
2025,55,2,11,2,2,35867##35883##37963##38001,7030782.597##663733.2476##18873631.2391##1436948.268,4,1557843.99
2025,55,3,12,2,1,34788,4475067.4632,1,149999.96
2025,55,3,17,1,3,41867,-1,1,10000000.0
2025,61,1,4,2,1,34849##34891##36947##36950##36968##36989##36998,27439811.7682##27269144.321##27442321.5836##27372046.7524##27427262.6912##27432282.322##27279183.5826,7,2116926.87
2025,61,1,6,2,1,34849##34891##36921##36947##36950##36968##36969,27439811.7682##27269144.321##27422243.0604##27442321.5836##27372046.7524##27427262.6912##27417223.4296,7,2387422.83
2025,61,1,7,2,1,36921,27422243.0604,1,375816.1
2025,61,1,9,2,1,36921,27422243.0604,1,68330.2
2025,61,1,11,2,1,34849##34891##36947##36968##36969,27439811.7682##27269144.321##27442321.5836##27427262.6912##27417223.4296,5,790783.63
2025,61,2,4,2,1,34894##36929##36939,27487498.2608##27389615.4602,3,455354.38
2025,61,2,6,2,1,34823##36927##36929,27304281.7366##27276673.7672##27487498.2608,3,925720.36
2025,61,2,7,2,1,36906##36927,27394635.091##27276673.7672,2,308271.23
2025,61,2,9,2,1,36906##36927,27394635.091##27276673.7672,2,200208.76
2025,61,2,11,2,1,34894##36929##36939,27487498.2608##27389615.4602,3,383502.88
2025,67,1,3,2,2,34988##38103,2205428.2895##93320.2115,2,91722.45
2025,67,1,4,2,1,35395##35513,1901842.285##3203600.172,2,380000.0
2025,67,1,4,2,2,34972##34973##34974##34976##34987##34988##35008##35016##35037##37915##37916##37927##37951,4774687.277##1333652.1365##13037660.4345##2205428.2895##3057122.878##603628.2035##93320.2115##1954999.3675,13,2276486.05
2025,67,1,6,2,1,35395,1901842.285,1,200000.0
2025,67,1,6,2,2,34988##37915##37916##37927##37951##38103,2205428.2895##603628.2035##1954999.3675##4774687.277##93320.2115,6,1291952.3
2025,67,1,7,2,1,35395,1901842.285,1,400000.0
2025,67,1,7,2,2,34974##34976##34987##35030##35037##35062##37927##38103,4774687.277##1333652.1365##13037660.4345##3294557.8465##93320.2115##1542736.661##1954999.3675,8,1720868.9
2025,67,1,9,2,2,34974##35030##35037##35062##38103,4774687.277##3294557.8465##93320.2115##1542736.661,5,1139186.37
2025,67,1,10,2,1,35395,1901842.285,1,200000.0
2025,67,1,10,2,2,34972##34973##34974##34987##34988##35008##35016##35030##37915##37916##37951##37955##38103,4774687.277##13037660.4345##2205428.2895##3057122.878##603628.2035##3294557.8465##2268035.52##93320.2115,13,1989801.63
2025,67,1,11,2,1,35513,3203600.172,1,200000.0
2025,67,1,11,2,2,34972##34973##34974##34976##34987##34988##35008##35016##35030##35037##35062##37915##37916##37927##37951##38103,4774687.277##1333652.1365##13037660.4345##2205428.2895##3057122.878##603628.2035##3294557.8465##93320.2115##1542736.661##1954999.3675,16,2680108.6
2025,67,1,14,2,1,35513,3203600.172,1,620000.0
2025,67,1,14,2,2,34972##34973##34974##34976##34987##35008##35016##35037##37915##37916##37951##38103,4774687.277##1333652.1365##13037660.4345##3057122.878##603628.2035##93320.2115,12,3679056.02
2025,67,2,3,2,2,34967##34980##35040##35069##35073##35131##37923##37956##38014##38028##38041,602446.935##1331289.5995##1129292.686##641428.7955##13177050.1175##13158149.8215##13159331.09##13709802.211##13195950.4135##507945.455##13697989.526,11,1106246.92
2025,67,2,4,2,1,35392##35394##35400,1331289.5995##602446.935##1129292.686,3,682138.51
2025,67,2,4,2,2,34967##34979##34980##34990##34992##34995##34996##34998##34999##35051##35055##35064##35069##35131##37923##38040##38079##38127##38133,602446.935##598903.1295##1331289.5995##1768358.9445##5057010.4485##507945.455##13165237.4325##4735705.4165##1579355.9845##13363690.5405##5010940.977##641428.7955##13158149.8215##13159331.09##5053466.643##13686176.841,19,3258050.3
2025,67,2,6,2,1,35392##35394##35400,1331289.5995##602446.935##1129292.686,3,826855.4
2025,67,2,6,2,2,34992##34995##35000##35040##35069##35074##35131##37956##38014##38028##38038##38040##38083##38127,5057010.4485##507945.455##4759330.7865##1129292.686##641428.7955##2211334.632##13158149.8215##13709802.211##13195950.4135##5425566.2205##5053466.643##13694445.7205##1579355.9845,14,1672209.23
2025,67,2,7,2,1,35400,1129292.686,1,180000.0
2025,67,2,7,2,2,34967##34979##34998##34999##35040##35051##35063##35074##37946##38013##38014##38038##38094##38113,602446.935##598903.1295##13165237.4325##4735705.4165##1129292.686##1579355.9845##2211334.632##13651920.0545##13675545.4245##13195950.4135##5425566.2205##13194769.145,14,1624546.23
2025,67,2,9,2,2,34979##34992##35055##35064##35069##37946##38079,598903.1295##5057010.4485##13363690.5405##5010940.977##641428.7955##13651920.0545##1331289.5995,7,611466.66
2025,67,2,10,2,1,35392,1331289.5995,1,120000.0
2025,67,2,10,2,2,34967##34968##34979##34980##34992##34995##34996##34998##34999##35000##35051##35064##35069##35073##37923##37946##38028##38038##38050##38079##38091##38094##38113##38127,602446.935##13156968.553##598903.1295##1331289.5995##5057010.4485##507945.455##13165237.4325##4735705.4165##4759330.7865##1579355.9845##5010940.977##641428.7955##13177050.1175##13159331.09##13651920.0545##5425566.2205##13688539.378##13194769.145,24,2137350.94
2025,67,2,11,2,1,35392##35394##35400,1331289.5995##602446.935##1129292.686,3,564277.02
2025,67,2,11,2,2,34967##34979##34980##34990##34992##34996##34998##34999##35051##35055##35063##35069##35073##35074##35131##37923##38028##38040##38079##38127##38133,602446.935##598903.1295##1331289.5995##1768358.9445##5057010.4485##507945.455##13165237.4325##4735705.4165##1579355.9845##13363690.5405##2211334.632##641428.7955##13177050.1175##13158149.8215##13159331.09##5053466.643##13686176.841,21,2373915.54
2025,67,2,14,2,1,35394##35400,602446.935##1129292.686,2,574319.13
2025,67,2,14,2,2,34967##34968##34979##34980##34995##34996##35040##35064##35073##37946##38013##38038##38050##38079##38083##38094##38113##38133##38137##38138,602446.935##13156968.553##598903.1295##1331289.5995##507945.455##1129292.686##5010940.977##13177050.1175##13651920.0545##13675545.4245##5425566.2205##13688539.378##13694445.7205##13194769.145##13686176.841##13654282.5915##4735705.4165,20,3656185.91
2025,67,3,10,2,2,35095,2955533.787,1,169638.87
2025,71,1,6,2,1,37195##37345##37373,10037479.0656##10051845.6864##25970061.5328,3,1192000.0
2025,71,1,7,2,1,37332##37345,10099734.4224##10051845.6864,2,755000.0
2025,71,1,10,2,1,37195##37332,10037479.0656##10099734.4224,2,253000.0
2025,71,1,11,2,1,37373,25970061.5328,1,100000.0
2025,71,2,6,2,1,37013##37023##37376,10030295.7552##10035084.6288##10013534.6976,3,1146625.34
2025,71,2,7,2,1,37013,10030295.7552,1,179417.75
2025,71,2,10,2,1,37023##37162##37377,10035084.6288##25888650.6816##10001562.5136,3,371999.26
2025,71,2,11,2,1,37162##37376##37377,25888650.6816##10013534.6976##10001562.5136,3,999969.24
2025,72,1,6,2,2,38238,4823600.775,1,150000.0
2025,72,1,7,2,2,35954##36055##37038##37051##37069##37138##37291##37340##37350##37399,7887264.9##3120928.875##3025487.625##5604310.2##4768244.85##4806421.35##3552323.325##5501233.65##5218727.55,10,1693805.26
2025,72,1,9,2,2,36034##36039##37038##37051##37069##37138##37168##37291##37340##37350##37427,3025487.625##4768244.85##5604310.2##4806421.35##7631482.35##3552323.325##5501233.65##5218727.55##4823600.775,11,2866992.24
2025,72,1,10,2,2,35947##37236##37368##37427##38249,3193464.225##4852233.15##4823600.775,5,549100.0
2025,72,1,11,2,2,36055##37368##37398##37427,3120928.875##4852233.15##7608576.45##4823600.775,4,440100.82
2025,72,2,1,2,1,35889##35893,20661121.8##3101840.625,2,300499.94
2025,72,2,1,2,2,38268,3101840.625,1,60000.0
2025,72,2,4,2,2,38268,3101840.625,1,60000.0
2025,72,2,6,2,1,35858##35872##35874##35889,20571407.025##3596226.3##3256455.45##20661121.8,4,1299499.88
2025,72,2,6,2,2,38233##38244##38294,20668757.1##3107567.1##3208734.825,3,750000.54
2025,72,2,7,2,2,35878##35908##36040##36044##36094##36104##37205##37228##37301##37326##37351##37360##37369##37375##37386##37407##37420##37428##38297,3092296.5##7889173.725##7879629.6##3533235.075##7641026.475##3033122.925##3256455.45##7877720.775##3107567.1##3187737.75##7870085.475##7875811.95##20601948.225##3101840.625##3124746.525##20580951.15,19,2832866.22
2025,72,2,9,2,2,35873##35878##35894##35908##36044##36052##36054##36098##36099##36114##36118##37032##37061##37224##37301##37302##37351##37360##37361##37369##37386##37393##37405##37406##37407##37415##37420##37428##38230,20661121.8##3092296.5##7877720.775##7889173.725##3533235.075##20571407.025##20659212.975##20601948.225##7870085.475##3124746.525##7618120.575##7629573.525##7862450.175##20706933.6##3107567.1##3187737.75##7879629.6##7864359.0##7642935.3##20580951.15##3101840.625,29,3548460.88
2025,72,2,10,2,1,35866##35893,3044575.875##3101840.625,2,200000.0
2025,72,2,10,2,2,35873##35997##36052##36058##36059##36099##37032##37090##37224##37250##37328##37354##37392##37424##37426##38230##38236##38239##38253##38263##38268##38277##38297,20661121.8##3044575.875##20571407.025##3241184.85##7642935.3##7870085.475##7629573.525##3224005.425##20706933.6##3092296.5##3109475.925##3113293.575##20642033.55##7862450.175##20573315.85##20678301.225##7606667.625##7633391.175##3101840.625##20580951.15,23,2687596.36
2025,72,2,11,2,2,35877##35997##36044##36052##36073##36098##37110##37250##37263##37302##37360##37369##37393##37406##37424##37428,3187737.75##3044575.875##3533235.075##20571407.025##20674483.575##20601948.225##3096114.15##3092296.5##7885356.075##20661121.8##7870085.475##7864359.0##20642033.55##3124746.525,16,1759273.85
2025,72,3,5,2,1,37025,5094653.925,1,100000.62
2025,72,4,6,2,2,38270,21898040.4,1,100000.63
2025,72,4,12,2,1,36002,21898040.4,1,199828.61
2025,73,1,3,2,1,34834##34916##35358##37693##38712##38804##38860,3875356.8624##4052063.386##945989.2341##673312.7882,7,3579920.55
2025,73,1,4,2,1,34839##34843##34872##34956##35210##37606##37626##37665##37674##37678,3727593.6487##3875356.8624##763189.3821##3755013.6265##4262283.2158##4160219.9651,10,7599634.09
2025,73,1,6,2,1,34835##34838##34840##34870##34935##35213##37613##37614##37616##37643##37659##37673##38820,3727593.6487##4343019.8171##4262283.2158##763189.3821##3936290.1464##4160219.9651##4109950.0058,13,5749500.0
2025,73,1,7,2,1,34851##35234##37635##37642##37670##38871##38905##38910,4205919.9281##4160219.9651##4277516.5368,8,4628738.59
2025,73,1,9,2,1,37607##37608##37634,3936290.1464##4205919.9281,3,1050000.0
2025,73,1,10,2,1,34845##34856##34887##34932##34959##37638##37648,3875356.8624##4285133.1973##16974489.5903##4352159.8097##3936290.1464##4052063.386,7,2316666.03
2025,73,1,11,2,1,34837##34844##34871##34898##35250##37610##37639##37655##37675##37682##38689##38709##38745##38877,4343019.8171##4262283.2158##763189.3821##3936290.1464##4271423.2084##4160219.9651##4205919.9281##3727593.6487,14,8191543.4
2025,73,1,14,2,1,34836##34842##34864##34945##35312##37615##37657##37663##37666##38608##38613##38677##38702##38708##38839,4343019.8171##4262283.2158##763189.3821##3755013.6265##3936290.1464##3727593.6487##4109950.0058,15,9145163.11
2025,73,2,1,2,1,37660##38749##38867,1023679.1712##720536.0833##667219.4598,3,1048396.71
2025,73,2,3,2,1,34862##34917##34922##37622##37684##37691##38739##38792,2700867.8133##1180582.3775##949035.8983##2699344.4812,8,4851828.12
2025,73,2,4,2,1,34920##34923##34937##35251##37637##37644##37671##37676##38832##38886,697686.1018##667219.4598##1023679.1712##720536.0833,10,5504925.36
2025,73,2,6,2,1,34846##34913##34940##34952##35255##37618##37624##37636##37658##38897,683976.1129##667219.4598##720536.0833##671789.4561##2699344.4812,10,4719860.91
2025,73,2,7,2,1,34915##34942##34960##37652##37697##38802##38887,682452.7808##700732.766##676359.4524,7,4363644.45
2025,73,2,9,2,1,37650,2898900.9863,1,250001.22
2025,73,2,10,2,1,34895##34921##34934##34936##34939##34951##35281##37649##37656##37677##37680,1200385.6948##685499.445##676359.4524##949035.8983##667219.4598##1180582.3775##939895.9057##720536.0833,11,3326865.97
2025,73,2,11,2,1,34860##34918##34933##34941##34948##35305##37625##37630##37632##37645##37692##38612##38803##38836,683976.1129##671789.4561##697686.1018##720536.0833##667219.4598##16773409.7531,14,6601149.65
2025,73,2,12,2,1,38872,697686.1018,1,1200000.0
2025,73,2,14,2,1,34914##34919##34953##35248##37611##37612##37620##37681##37687##37695##38740##38748##38768##38788##38882##38900,1814288.5311##667219.4598##685499.445##720536.0833##16773409.7531,16,8708581.04
2025,73,3,3,2,1,38734,4023120.0761,1,3999982.88
2025,73,3,6,2,1,34853,4265329.88,1,700000.0
2025,73,3,7,2,1,34848##34859##34861##37653##37664##38620##38795##38870##38912##38915,4073390.0354##4023120.0761##3992653.4341,10,9751887.02
2025,73,3,10,2,1,34912##37661##37784##38865,4036830.065##4023120.0761##3992653.4341##4253143.2232,4,2799089.5
2025,73,3,11,2,1,34938##34958##38731##38868,3968280.1205##4023120.0761,4,4199697.79
2025,73,3,12,2,1,37668,17530505.8068,1,397910.04
2025,73,3,14,2,1,38914,4064250.0428,1,1274440.07
2025,73,3,17,1,3,41868,-1,1,20000000.0
2025,74,1,11,2,2,38147,37053835.4395,1,120000.0
2025,74,2,4,2,1,37543##37548,36919732.8037##36935697.4032,2,55989.31
2025,74,2,4,2,2,38124##38161,37242217.7136##37338005.3106,2,249923.31
2025,74,2,6,2,1,37543##37548##37552,36919732.8037##36935697.4032,3,286104.61
2025,74,2,6,2,2,38145##38158##38168,36942083.243##37373127.4295##37331619.4708,3,403412.56
2025,74,2,7,2,1,37520,37041063.7599,1,31203.31
2025,74,2,11,2,1,37437##37439##37520##37548,36897382.3644##36890996.5246##37041063.7599##36935697.4032,4,374859.77
2025,74,2,11,2,2,38145##38168,36942083.243##37331619.4708,2,111291.77
2025,80,1,1,2,2,37193,332030.8992,1,520000.0
2025,80,1,4,2,1,35589##35607##35608##35642##35658##35693##37057##38313,357745.4848##336027.0848##343932.5824##333247.1296##332030.8992##955783.3472,8,8384999.98
2025,80,1,4,2,2,35230##35257##35284##35527##35528##37435##37568##39057##39073,335679.5904##333247.1296##333073.3824##328382.208##357745.4848##327426.5984##329598.4384,9,4036428.38
2025,80,1,6,2,1,35613##35616##35621##35658##35693##38311##38313##38317##38318,989142.8096##336027.0848##327079.104##332030.8992##955783.3472##393971.776##343932.5824,9,11305000.0
2025,80,1,6,2,2,35230##35257##35259##35269##35271##35284##35295##35523##35532##38741##38950##39050##39063##39073##39094##39098,335679.5904##333247.1296##327426.5984##335853.3376##333073.3824##330554.048##328208.4608##334202.7392##368604.6848##327079.104##357745.4848##328382.208,16,8426882.68
2025,80,1,7,2,1,35060##35591##35609##35613##35636##35640##35641##35693##36781##36783##36786##36840##37114##38317,336113.9584##327426.5984##343932.5824##989142.8096##333247.1296##955783.3472##333160.256##393971.776,14,14616049.8
2025,80,1,7,2,2,35071##35098##35138##35230##35257##35259##35269##35284##35294##35298##35523##35524##35526##35527##35546##35577##37010##37074##37108##37433##37434##37436##37477##37481##37490##37496##37570##37628##38436##38742##38747##38812##38855##39075##39098,343932.5824##333247.1296##333160.256##335679.5904##327426.5984##333073.3824##328208.4608##328382.208##356963.6224##330554.048##373643.3536##338112.0512##340544.512##329945.9328##373556.48,35,18653300.21
2025,80,1,9,2,1,35636##37114##38317,327426.5984##393971.776,3,4585000.0
2025,80,1,9,2,2,35098##35138##35230##35257##35259##35269##35284##35294##35298##35523##35524##35526##35527##35546##35577##37010##37074##37433##37434##37435##37436##37475##37481##37496##37568##37628##38436##38742##38812##39073##39075##39093##39098##39109,333247.1296##333160.256##335679.5904##327426.5984##333073.3824##328208.4608##328382.208##356963.6224##330554.048##373643.3536##340544.512##338112.0512##344366.9504,34,14844910.42
2025,80,1,10,2,1,35610##35613##35616##35621##35693##36781##36784##36788##36901##38311##38312##38313,368604.6848##989142.8096##336027.0848##327079.104##955783.3472##343932.5824##331683.4048##332030.8992,12,5981996.37
2025,80,1,10,2,2,35054##35059##35230##35259##35294##35298##35526##35527##35532##35577##37072##37433##37434##37435##37436##37475##37477##37479##37481##37490##37496##37568##37579##37580##37621##37627##38436##38741##38747##38862##39098,368604.6848##331683.4048##335679.5904##327426.5984##333247.1296##328382.208##334202.7392##330554.048##328208.4608##338112.0512##329945.9328##340544.512##333073.3824##343932.5824,31,20002106.47
2025,80,1,11,2,1,35591##35613##35616##35640##35641##35642##35645##35658##35693##36783##36786##36788##37057##38313##38317##38318,327426.5984##989142.8096##336027.0848##333247.1296##354096.7936##332030.8992##955783.3472##333160.256##331683.4048##393971.776##343932.5824,16,11572046.19
2025,80,1,11,2,2,35057##35141##35257##35259##35284##35298##35527##35528##35532##37001##37003##37074##37271##37433##37435##37475##37477##37479##37490##37568##37570##37580##37599##37694##38436##38747##38812##38814##38821##38825##38826##38940##39050##39094##39098,329945.9328##333160.256##333247.1296##327426.5984##333073.3824##328382.208##357745.4848##334202.7392##343932.5824##328208.4608##338112.0512##373556.48##332030.8992##327079.104,35,19684663.39
2025,80,1,14,2,1,36779##36784##38312,332030.8992##368604.6848,3,3910000.01
2025,80,1,14,2,2,35054##35068##37193##37568##38741##38826##38950,368604.6848##332030.8992##333073.3824,7,5292999.79
2025,80,2,4,2,1,38406,341326.3744,1,225000.0
2025,80,2,4,2,2,39052,337243.3152,1,750000.0
2025,80,2,6,2,1,38406,341326.3744,1,375000.0
2025,80,2,6,2,2,39052##39072,337243.3152##337156.4416,2,650000.0
2025,80,2,7,2,1,38406,341326.3744,1,450000.0
2025,80,2,9,2,2,39127,339154.5344,1,198000.0
2025,80,2,10,2,1,36922##36937##38406,337243.3152##337156.4416##341326.3744,3,2649716.5
2025,80,2,10,2,2,37696##39084##39127##39536,341326.3744##339154.5344,4,1959867.71
2025,80,2,11,2,1,38406,341326.3744,1,300000.0
2025,80,2,11,2,2,39082##39084,338546.4192##341326.3744,2,2199999.7
2025,80,2,14,2,1,38325,955957.0944,1,500000.0
2025,80,3,4,2,1,38346,330293.4272,1,2000000.0
2025,80,3,12,2,1,35339,330293.4272,1,2000000.6
2025,80,4,6,2,2,35262##39074,956912.704,2,1400000.0
2025,87,1,6,2,1,38750,65561.2902,1,761600.0
2025,87,1,6,2,2,36503##36507##36630,1244.3424##11121.3102##4121.8842,3,1742228.54
2025,87,1,7,2,1,38170##38181##38691##38710##38717,26286.7332##12210.1098##11121.3102##66105.69##68127.7464,5,3828731.02
2025,87,1,7,2,2,36505##36615,2955.3132##67038.9468,2,1399967.39
2025,87,1,9,2,1,38176##38181##38295##38654##38703##38717,16098.6798##12210.1098##2955.3132##622.1712##64783.5762##68127.7464,6,2459150.12
2025,87,1,11,2,1,38170##38171##38662##38716##38744,26286.7332##4121.8842##11121.3102##11743.4814##64705.8048,5,2507438.34
2025,87,1,11,2,2,36509##36561,2955.3132##4121.8842,2,800000.02
2025,87,1,13,2,1,37662,63150.3768,1,400000.0
2025,87,2,3,2,2,37102,2877.5418,1,261050.88
2025,87,2,4,2,2,37102,2877.5418,1,46067.8
2025,87,2,6,2,1,38173##38177##38178##38183##38184##38192##38638##38643##38659##38661##38666##38668##38688##38696##38722##38735##38782,9721.425##69372.0888##64083.6336##71316.3738##67427.8038##69527.6316##66027.9186##62839.2912##65405.7474##69916.4886##8321.5398##70383.117##73338.4302##6843.8832##72482.9448##70771.974##15632.0514,17,9089097.9
2025,87,2,6,2,2,36457##36523##36526##36527##36562##36634##36649##36752##37093##37146##37182##37225##37260,63539.2338##70305.3456##72871.8018##72638.4876##66416.7756##68516.6034##72094.0878##69838.7172##62994.834##70227.5742##69760.9458##68672.1462,13,5270858.48
2025,87,2,7,2,1,38182##38191##38636##38650##38753,67194.4896##66961.1754##66027.9186##62839.2912##63694.7766,5,2606342.53
2025,87,2,7,2,2,36448##36478##36483##36495##36514##36543##36587##36688##37103##37132##37137##37152##37160##37320,65250.2046##68827.689##70849.7454##66883.404##22164.849##73649.5158##66339.0042##73260.6588##8321.5398##67738.8894##71083.0596##69449.8602##67816.6608,14,4440301.39
2025,87,2,9,2,1,38182##38636##38641##38647##38650##38670##38674##38704,67194.4896##66027.9186##18976.2216##73649.5158##62839.2912##22164.849##27064.4472##15865.3656,8,3828136.41
2025,87,2,9,2,2,36443##36460##36465##36466##36467##36482##36487##36488##36489##36504##36510##36537##36538##37103##37132##37137##37152##37160##37320,71394.1452##63694.7766##8321.5398##72327.402##68827.689##72716.259##71083.0596##15865.3656##72560.7162##66339.0042##71160.831##62528.2056##73260.6588##67738.8894##69449.8602##67816.6608,19,4937427.98
2025,87,2,10,2,1,38174##38185##38713##38725##38726,70305.3456##9721.425##68672.1462##70227.5742##65250.2046,5,1619997.65
2025,87,2,10,2,2,36437##36678,70227.5742##71783.0022,2,529567.65
2025,87,2,11,2,1,38175##38179##38186##38652##38655##38656##38657##38658##38684##38695##38727##38732##38755,67272.261##65327.976##64083.6336##63694.7766##27064.4472##65250.2046##71160.831##69760.9458##72560.7162##72638.4876##71394.1452##68672.1462##67116.7182,13,5694998.54
2025,87,2,11,2,2,36435##36444##36446##36458##36473##36492##36497##36522##36546##36548##36552##36573##36593##36674##37067##37137##37169##37184##37218##37311,70227.5742##69760.9458##27919.9326##63539.2338##72560.7162##70305.3456##72638.4876##8321.5398##67272.261##66883.404##68983.2318##72871.8018##72094.0878##71549.688##22164.849##71083.0596##15865.3656,20,7776529.83
2025,87,2,13,2,2,37192##37244##37295,13609.995##73260.6588##3344.1702,3,919451.96
2025,87,3,13,2,1,38492,62139.3486,1,249148.93
2025,88,1,3,2,2,36215##36331##36387,476447.4##474139.82##475768.7,3,439190.01
2025,88,1,4,2,1,34949##38554,475768.7,2,569527.75
2025,88,1,4,2,2,36181##36627,473868.34##495993.96,2,422760.41
2025,88,1,6,2,1,38374,487849.56,1,176252.53
2025,88,1,6,2,2,36215##36361##36368,476447.4##471289.28##489614.18,3,721280.0
2025,88,1,7,2,1,35623##35626##38350##38355##38563,478890.72##544996.1##482284.22##478212.02,5,1360618.6
2025,88,1,7,2,2,36480,474682.78,1,474000.0
2025,88,1,9,2,1,35623##38343##38350##38355##38369##38374##38576,478890.72##482284.22##478212.02##495993.96##487849.56##481877.0,7,1967540.81
2025,88,1,9,2,2,36190##36215##36245,482284.22##476447.4##480926.82,3,601400.0
2025,88,1,10,2,1,38563,544996.1,1,374711.4
2025,88,1,10,2,2,36181##36235##36361##36387##36530,473868.34##476990.36##471289.28##475768.7##473325.38,5,1160600.12
2025,88,1,11,2,1,34947##34955##35629##38369##38385,495993.96##480926.82##471560.76##475768.7,5,1810827.18
2025,88,1,11,2,2,36215##36245##36316##36387,476447.4##480926.82##474547.04##475768.7,4,1009730.01
2025,88,2,3,2,2,36243##36295,488256.78##1506578.26,2,358000.0
2025,88,2,4,2,1,34943##38532,490021.4##540516.68,2,659260.0
2025,88,2,4,2,2,36177##36201##36214##36255##36298##36325,540516.68##506038.72##1540106.04##1538884.38##1541463.44##490021.4,6,982867.34
2025,88,2,6,2,1,38334##38339##38359##38361##38392##38403##38404##38411,1508342.88##507396.12##1503863.46##1537526.98##1541463.44##546082.02##482148.48,8,1799105.53
2025,88,2,6,2,2,36185##36257##36268##36360,1508342.88##483505.88##498165.8##1503863.46,4,1323142.11
2025,88,2,7,2,1,34946##34950##35622##36010##36012##38321##38331##38339##38341##38357##38403##38556,546082.02##506038.72##496129.7##507396.12##489206.96##485134.76,12,3319737.21
2025,88,2,7,2,2,36185##36196##36198##36201##36266##36324##36451,1508342.88##507396.12##506038.72##489206.96##496129.7##508753.52,7,2675638.38
2025,88,2,9,2,1,38339##38341##38372##38411##38571,507396.12##546082.02##482148.48##500201.9,5,1434168.12
2025,88,2,9,2,2,36196##36198##36257##36268,507396.12##483505.88##498165.8,4,899229.84
2025,88,2,10,2,1,34944##35132##35620##38575##38583,1508342.88##548796.82##488256.78##1537391.24##1506714.0,5,1129438.59
2025,88,2,10,2,2,36158##36185##36201##36232##36268##36317##36452,1505356.6##1508342.88##506038.72##500880.6##498165.8##1539020.12##502373.74,7,2147656.62
2025,88,2,11,2,1,35617##38327##38332##38341##38361##38392##38397##38404##38535##38542,483505.88##498165.8##509025.0##507396.12##1537526.98##1541463.44##1506578.26##1508342.88##500880.6##493550.64,10,1656715.87
2025,88,2,11,2,2,36196##36197##36198##36301,507396.12##485406.24##509025.0,4,1397180.07
2025,88,3,1,2,1,36004,470203.36,1,400000.0
2025,88,3,4,2,1,34954##38619,470203.36,2,507088.03
2025,88,3,4,2,2,36333,470203.36,1,602000.0
2025,88,3,6,2,1,38405,469931.88,1,1620000.0
2025,88,3,6,2,2,36581,469931.88,1,1199000.0
2025,88,3,7,2,1,35612##35628##36050##38337##38582##38672##38675,470203.36##469796.14##470610.58,7,1971866.78
2025,88,3,7,2,2,36155##36468,469796.14##470610.58,2,1642343.04
2025,88,3,9,2,1,38557,470339.1,1,897375.49
2025,88,3,9,2,2,36655,470067.62,1,500000.01
2025,88,3,10,2,2,36468,470610.58,1,284165.31
2025,88,3,11,2,1,35612##36004##38329##38619,470203.36,4,3133397.92
2025,88,3,11,2,2,36333,470203.36,1,798000.01
2025,91,1,1,2,1,35691,14985510.112,1,450000.0
2025,91,1,2,2,2,36147##36160##36225##36251,3751595.324##3507663.361##14989423.459##5185184.775,4,1257100.0
2025,91,1,3,2,2,36224##36251##36270##36326##36348##36396,3591148.097##5185184.775##3203726.744##3327649.399##3681155.078,6,3149625.17
2025,91,1,4,2,1,35657,14988119.01,1,700000.0
2025,91,1,4,2,2,36147##36160##36222##36224##36225##36326##36396,3751595.324##3507663.361##3773770.957##3591148.097##14989423.459##3327649.399,7,3757846.27
2025,91,1,6,2,1,35691##35736##35760,14985510.112##14988119.01,3,2075000.0
2025,91,1,6,2,2,36121##36147##36175##36222##36274##36506##36577,845282.952##3751595.324##5568692.781##3773770.957##3622454.873##5425203.391##3926391.49,7,2381398.1
2025,91,1,7,2,1,35656##35680##35697##35770,3533752.341##14985510.112##14981596.765,4,1927826.19
2025,91,1,7,2,2,36121,845282.952,1,265012.94
2025,91,1,9,2,2,36121,845282.952,1,147229.41
2025,91,1,10,2,1,35683##35766,3327649.399##5730444.457,2,596203.48
2025,91,1,10,2,2,36160##36175##36282##36396##36638,3507663.361##5568692.781##5549126.046##3327649.399##5730444.457,5,1829640.8
2025,91,1,11,2,1,35683##35692##35724##35737,3327649.399##14985510.112##14989423.459##14986814.561,4,1706796.34
2025,91,1,11,2,2,36121##36147##36160##36175##36222##36224##36225##36270##36274##36282##36326##36348##36396##36506##36577,845282.952##3751595.324##3507663.361##5568692.781##3773770.957##3591148.097##14989423.459##3203726.744##3622454.873##5549126.046##3327649.399##3681155.078##5425203.391##3926391.49,15,7576382.75
2025,91,1,14,2,2,36160##36251##36274##36396,3507663.361##5185184.775##3622454.873##3327649.399,4,1296300.0
2025,91,2,2,2,2,36427,5369112.084,1,399948.88
2025,91,2,3,2,2,36334##36574##36748##36769,623526.622##5567388.332##1810575.212##1385324.838,4,1585166.36
2025,91,2,4,2,2,36139##36173##36280##36399##36407##36408##36541,1369671.45##1451851.737##14978987.867##623526.622##2276263.505##1305753.449##5410854.452,7,3459881.84
2025,91,2,6,2,2,36334##36399##36769,623526.622##1385324.838,3,1367004.57
2025,91,2,7,2,2,36173##36639,1451851.737##649615.602,2,725922.32
2025,91,2,10,2,1,35660,14978987.867,1,292444.29
2025,91,2,10,2,2,36139##36173##36280##36328##36334##36407##36574##36769,1369671.45##1451851.737##14978987.867##2161471.993##623526.622##2276263.505##5567388.332##1385324.838,8,2107926.27
2025,91,2,11,2,1,34783##35765,2276263.505##14978987.867,2,647000.0
2025,91,2,11,2,2,36399##36407,623526.622##2276263.505,2,1143378.35
2025,91,2,14,2,2,36139##36280##36769,1369671.45##14978987.867##1385324.838,3,997833.3
2025,91,3,2,2,1,35569,3399394.094,1,2499999.94
2025,91,3,7,2,1,34791##34813,3446354.258##3489401.075,2,501500.05
2025,91,3,8,2,2,36833,3476356.585,1,700003.2
2025,91,3,9,2,2,36641,3446354.258,1,857635.66
2025,91,3,11,2,1,34813,3489401.075,1,148500.02
2025,91,3,11,2,2,36641,3446354.258,1,2572906.96
2025,91,3,17,1,4,41869,-1,1,18000000.0
2025,91,4,4,2,2,36397,3673328.384,1,179972.14
2025,91,4,6,2,2,36397,3673328.384,1,199969.04
2025,91,4,7,2,2,36397,3673328.384,1,369942.72
2025,91,4,10,2,2,36683,3673328.384,1,123982.43
2025,91,4,11,2,2,36397,3673328.384,1,249961.3
2025,98,1,1,2,1,36925##36953##37006,9832025.7216##10288449.0171##10646908.2882,3,697658.87
2025,98,1,1,2,2,34719,10199390.8131,1,331680.61
2025,98,1,3,2,2,34724##34726##34810##34832##36133,9903272.2848##9834252.1767##9794175.9849##9872101.9134,5,4296329.78
2025,98,1,4,2,1,36903##36915##36925##36930##36944##36953##36971##36999##37006##37105,5991390.6741##9809761.1706##9832025.7216##6040372.6863##10370827.8558##10288449.0171##9794175.9849##6438908.1492##10646908.2882##5686366.3254,10,22931551.04
2025,98,1,4,2,2,34713##34732##34744##34805##34810##34868##35627##35707,9829799.2665##6561363.1797##10201617.2682##10370827.8558##9794175.9849##6481210.7961##10194937.9029##5463720.8154,8,7813017.94
2025,98,1,6,2,2,34744,10201617.2682,1,1630435.86
2025,98,1,7,2,2,34704##34719##34721##34730##34737##34745##34746##34751##34757##34805##35627##35716,10197164.358##10199390.8131##9803081.8053##6312000.2085##10468791.8802##9807534.7155##10277316.7416##10206070.1784##10486603.521##10370827.8558##10194937.9029,12,12121657.14
2025,98,1,10,2,2,34704##34719##34721##34724##34726##34730##34732##34737##34745##34746##34751##34757##34810##34832##35650##35707##35815##36015##36133,10197164.358##10199390.8131##9803081.8053##9903272.2848##9834252.1767##6312000.2085##6561363.1797##10468791.8802##9807534.7155##10277316.7416##10206070.1784##10486603.521##9794175.9849##9872101.9134##6438908.1492##5463720.8154##6663780.1143##9818666.991,19,13818762.17
2025,98,1,11,2,2,34713##34732##34746##34805##34868##35627##35650##35707##35815,9829799.2665##6561363.1797##10277316.7416##10370827.8558##6481210.7961##10194937.9029##6438908.1492##5463720.8154##6663780.1143,9,3149904.33
2025,98,1,12,2,2,36776,5991390.6741,1,12000000.0
2025,98,1,14,2,2,34724##34730##34732##34744##34810##34868##35650##35707##35716##35815##36015##36133,9903272.2848##6312000.2085##6561363.1797##10201617.2682##9794175.9849##6481210.7961##6438908.1492##5463720.8154##10197164.358##6663780.1143##9818666.991,12,6348704.76
2025,98,2,1,2,1,36887##36943##36972##37037##38096##38099##38104##38117##38119##38120##38128##38129##38135##38136,24602328.855##8852385.4776##4239170.5104##4214679.5043##24778218.8079##10560076.5393##10450980.2394##4216905.9594##4252529.241##24065753.1759##9277638.4017,14,17501365.78
2025,98,2,1,2,2,34733##34769##34771##34793##34794##34799##34816##34847##34878##34892##34910,8852385.4776##10450980.2394##4252529.241##4239170.5104##4214679.5043##24602328.855##24584517.2142##9277638.4017##10560076.5393##4216905.9594##10613511.4617,11,7865255.29
2025,98,2,3,2,2,34733##34782##34826##34869##35928##36258,8852385.4776##4228038.2349##24600102.3999##24179302.386##9277638.4017,6,1494842.52
2025,98,2,4,2,1,36887##36902##36943##36959##36964##36966##36972##36997##37008##37037##37039##37127,24602328.855##24609008.2203##8852385.4776##4230264.69##24791577.5385##24065753.1759##4239170.5104##9282091.3119##10061350.5969##4214679.5043##4301511.2532##9277638.4017,12,27269151.83
2025,98,2,4,2,2,34733##34793##34794##34817##34841##34873##34878##35659##36082##36296,8852385.4776##4239170.5104##4214679.5043##24065753.1759##4301511.2532##24609008.2203##10560076.5393##10589020.4556##4216905.9594##24606781.7652,10,7747222.79
2025,98,2,6,2,2,34782##34793##34799##34817##34827##34841##34873,4228038.2349##4239170.5104##24602328.855##24065753.1759##24791577.5385##4301511.2532##24609008.2203,7,2486382.28
2025,98,2,7,2,2,34793##34817##34875##35637##36321,4239170.5104##24065753.1759##4225811.7798##24613461.1305##10577888.1801,5,1436048.76
2025,98,2,10,2,1,38096##38099##38104##38117##38119##38120##38128##38129##38135##38136,24602328.855##24778218.8079##4239170.5104##10560076.5393##10450980.2394##4216905.9594##4252529.241##24065753.1759##9277638.4017##4214679.5043,10,8744910.75
2025,98,2,10,2,2,34733##34769##34771##34778##34780##34782##34793##34794##34797##34799##34806##34807##34816##34817##34841##34847##34869##34875##34878##34892##34910##35659##35733##35928##36258##36305##36321,8852385.4776##10450980.2394##4252529.241##9041634.1611##10606832.0964##4228038.2349##4239170.5104##4214679.5043##10061350.5969##24602328.855##24588970.1244##9938895.5664##24584517.2142##24065753.1759##4301511.2532##9277638.4017##24179302.386##4225811.7798##10560076.5393##4216905.9594##10613511.4617##10589020.4556##10577888.1801,27,29843743.74
2025,98,2,11,2,2,34733##34769##34771##34782##34793##34794##34799##34806##34816##34826##34827##34841##34847##34873##34892##35928##36082##36296,8852385.4776##10450980.2394##4252529.241##4228038.2349##4239170.5104##4214679.5043##24602328.855##24588970.1244##24584517.2142##24600102.3999##24791577.5385##4301511.2532##9277638.4017##24609008.2203##4216905.9594##24606781.7652,18,8416718.97
2025,98,2,14,2,2,34793##34797##34827##34875##35637##35659##35733##36258##36305,4239170.5104##10061350.5969##24791577.5385##4225811.7798##24613461.1305##10589020.4556##10606832.0964##9277638.4017,9,4667402.07
2025,102,1,3,2,1,37485,10688245.1208,1,58482.68
2025,102,1,6,2,1,37488,10683569.598,1,58499.87
2025,102,1,7,2,1,37485##37488,10688245.1208##10683569.598,2,900736.46
2025,102,1,9,2,1,37488,10683569.598,1,58499.87
2025,102,1,10,2,1,37485##37488,10688245.1208##10683569.598,2,912501.74
2025,102,1,11,2,1,37485##37488,10688245.1208##10683569.598,2,350930.48
2025,102,2,3,2,1,35343##37491##37523##37572##37581,25862654.3682##10692920.6436##9872366.3922##9552093.0804,5,746724.34
2025,102,2,6,2,1,35323##35343##37489##37523##37572##37581,9856002.0624##25862654.3682##10681231.8366##9872366.3922##9552093.0804,6,374507.72
2025,102,2,7,2,1,35318##35319##35327##35335##37492##37522##37541##37581,10718636.019##9601186.0698##25956164.8242##9888730.722##9552093.0804,8,2588468.87
2025,102,2,9,2,1,37489##37492##37522##37603,10681231.8366##10718636.019##9888730.722##9610537.1154,4,530608.16
2025,102,2,10,2,1,35315##35323##35335##35343##35345##35346##37489##37491##37522##37523##37541##37563##37572##37581,25995906.768##9856002.0624##9888730.722##25862654.3682##25998244.5294##10730324.826##10681231.8366##10692920.6436##25956164.8242##9872366.3922##9552093.0804,14,3447197.83
2025,102,2,11,2,1,35327##35335##35345##37489##37491##37492##37522##37541##37581##37603,25956164.8242##9888730.722##25998244.5294##10681231.8366##10692920.6436##10718636.019##9552093.0804##9610537.1154,10,930182.58
2025,105,1,6,2,2,35161##35212##35214##37764##37789,3761244.7488##3802943.6928##840928.704##878457.7536,5,1384624.79
2025,105,1,7,2,2,35161##35214##37709##37764,3761244.7488##840928.704##16001274.7776,4,864003.19
2025,105,1,9,2,2,35161##35214##37709##37764,3761244.7488##840928.704##16001274.7776,4,696225.64
2025,105,1,10,2,2,35161##35186,3761244.7488##4040627.6736,2,415297.15
2025,105,1,11,2,2,35161##35214##35325##37760##37810,3761244.7488##840928.704##3595838.9376##1023014.0928##8339.7888,5,1277019.82
2025,105,1,14,2,2,37765##37774,3534680.4864##3404023.7952,2,1700000.0
2025,105,2,1,2,2,35164##35176##35177##35179##35193##35194##35197##35198##35244##37724##37790,711661.9776##1182860.0448##5684956.032##2285102.1312##1922321.3184##1043863.5648##4153214.8224##2296221.8496,11,1389899.29
2025,105,2,3,2,2,35165,2328191.04,1,181731.97
2025,105,2,4,2,2,35170##35173##35177##35189##35193##35197##35198##35217##35244##35261##37721##37734##37738##37753##37757##37767##37790##37879##37991##38009,1114751.7696##5657156.736##5684956.032##718611.8016##1922321.3184##4153214.8224##2296221.8496##847878.528##711661.9776##2285102.1312##15988765.0944##2492206.8864##871507.9296##15245133.9264,20,3785295.71
2025,105,2,6,2,2,35158##35165##35166##35176##35179##35185##35188##35189##35194##35198##35261##35303##35329##37721##37732##37740##37744##37753##37767##37859##37875##37879##37950,1591509.696##2328191.04##1182860.0448##2285102.1312##722781.696##846488.5632##718611.8016##1043863.5648##4153214.8224##847878.528##6011597.76##711661.9776##1029963.9168##2492206.8864##15252083.7504##2494986.816##871507.9296##1388574.8352,23,6888799.3
2025,105,2,7,2,2,35174##35179##35182##35184##35185##35189##35198##35208##35301##35314##37741##37744##37756##37864,1021624.128##2285102.1312##2069657.5872##722781.696##718611.8016##4153214.8224##715831.872##2492206.8864##1184250.0096##1029963.9168,14,3594499.73
2025,105,2,9,2,2,35174##35179##35182##35185##35189##37741##37756##37864,1021624.128##2285102.1312##2069657.5872##722781.696##718611.8016##715831.872,8,942226.06
2025,105,2,10,2,2,35158##35164##35179##35182##35184##35185##35188##35189##35194##35198##35200##35217##35261##35303##35336##37721##37750##37753##37808##37812##37821##37863##37864##37875##37879##37950##38012,1591509.696##711661.9776##2285102.1312##2069657.5872##722781.696##846488.5632##718611.8016##1043863.5648##4153214.8224##6014377.6896##5657156.736##847878.528##5684956.032##2305951.6032##2494986.816##871507.9296##1388574.8352##5683566.0672,27,5416937.25
2025,105,2,11,2,2,35185##35189##35194##35200##35208##35244##35261##35314##37732##37734##37738##37744##37757##37790##37859##37875##37991,722781.696##718611.8016##1043863.5648##6014377.6896##715831.872##2296221.8496##847878.528##1184250.0096##1182860.0448##1922321.3184##1029963.9168##15988765.0944##15252083.7504##2494986.816##15245133.9264,17,2697544.24
2025,105,2,14,2,2,35184##35185##35303##37738##37757##37808##37859##37991##38009,722781.696##846488.5632##1922321.3184##15988765.0944##2305951.6032##15252083.7504##15245133.9264##5657156.736,9,2168644.33
2025,105,3,4,2,2,35233,4194913.7664,1,264819.59
2025,105,3,6,2,2,35338##37987,3440162.88,2,1775451.45
2025,105,3,7,2,2,35228,3711206.016,1,394135.93
2025,105,3,9,2,2,35203,3698696.3328,1,740930.52
2025,105,3,10,2,2,35171,3637537.8816,1,80002.44
2025,105,3,11,2,1,35811,3665337.1776,1,1999999.76
2025,105,3,11,2,2,35221##35233,3476301.9648##4194913.7664,2,892395.0
2025,105,3,13,2,2,35240,3651437.5296,1,992392.47
2025,105,3,14,2,2,35171,3637537.8816,1,120003.67
2025,105,4,4,2,2,37914,854828.352,1,379651.53
2025,105,4,7,2,2,37706##37939,3804333.6576,2,949382.9
2025,105,4,9,2,2,37706##37939,3804333.6576,2,399721.4
2025,105,4,10,2,2,37914,854828.352,1,569477.3
2025,105,4,14,2,2,37939,3804333.6576,1,249781.31
2025,108,1,1,2,1,35096,377455.827,1,45000.0
2025,108,1,1,2,2,36557,631864.38,1,528278.86
2025,108,1,2,2,2,36217##36597,621887.574##377455.827,2,630000.0
2025,108,1,3,2,2,36320,4456306.68,1,1435680.0
2025,108,1,4,2,2,36217##36557##36597,621887.574##631864.38##377455.827,3,2232418.29
2025,108,1,7,2,2,36187##36650,2336235.405##581980.35,2,1105526.36
2025,108,1,9,2,1,35096,377455.827,1,60000.0
2025,108,1,9,2,2,36597,377455.827,1,150000.0
2025,108,1,10,2,2,36227##36597##36650,4725680.442##377455.827##581980.35,3,1161392.14
2025,108,1,11,2,1,35096,377455.827,1,300000.0
2025,108,1,11,2,2,36143##36187##36217,83140.05##2336235.405##621887.574,3,1334193.36
2025,108,1,14,2,1,35096,377455.827,1,1095000.0
2025,108,1,14,2,2,36143##36597,83140.05##377455.827,2,1394931.71
2025,108,2,1,2,2,36277##36401,3029623.422##1102437.063,2,639459.8
2025,108,2,2,2,2,36146##36281##36300##36369##36416##36585##36601##36622##36626##36629##36766,18718150.857##2329584.201##4955146.98##1423357.656##18741430.071##1687743.015##6877344.936##1105762.665##1717673.433##2036931.225##578654.748,11,3899460.68
2025,108,2,3,2,2,36300##36322##36351##36352##36404##36585##36629##36739##36766,4955146.98##2334572.604##1102437.063##989366.595##1687743.015##2036931.225##1506497.706##578654.748,9,3818120.49
2025,108,2,4,2,2,36300##36401##36402##36406##36525##36585##36626##36633##36676##36739,4955146.98##1102437.063##616899.171##989366.595##3026297.82##1687743.015##1717673.433##6622936.383##593619.957##1506497.706,10,4623656.3
2025,108,2,6,2,1,35097,2030280.021,1,963909.01
2025,108,2,6,2,2,36277##36279##36281##36340##36402##36406##36626##36629,3029623.422##596945.559##2329584.201##872970.525##616899.171##989366.595##1717673.433##2036931.225,8,2739842.41
2025,108,2,7,2,1,35118,583643.151,1,1201209.21
2025,108,2,7,2,2,36154##36210##36259##36327##36369##36499##36536##36590##36633##36766,906226.545##18719813.658##583643.151##608585.166##1423357.656##18761383.683##590294.355##6887321.742##6622936.383##578654.748,10,5951462.29
2025,108,2,9,2,2,36259##36525##36536##36633,583643.151##3026297.82##590294.355##6622936.383,4,745935.45
2025,108,2,10,2,1,35097,2030280.021,1,474761.15
2025,108,2,10,2,2,36146##36154##36259##36327##36351##36369##36401##36405##36406##36416##36536##36586##36590##36601##36622,18718150.857##906226.545##583643.151##608585.166##1102437.063##1423357.656##2030280.021##989366.595##18741430.071##590294.355##6887321.742##6877344.936##1105762.665,15,4229052.26
2025,108,2,11,2,2,36402##36499##36559##36626##36633##36676##36766,616899.171##18761383.683##2602283.565##1717673.433##6622936.383##593619.957##578654.748,7,2344149.99
2025,108,2,14,2,2,36277##36281##36300##36351##36352##36402##36405##36406##36586##36601##36629##36766,3029623.422##2329584.201##4955146.98##1102437.063##989366.595##616899.171##2030280.021##6877344.936##2036931.225##578654.748,12,5085636.73
2025,108,4,9,2,2,36192,628538.778,1,926675.9
2025,253,2,3,2,2,38205,29026826.4384,1,27478.25
2025,253,2,4,2,2,38261,28782817.1904,1,22500.0
2025,253,2,6,2,2,38205##38261,29026826.4384##28782817.1904,2,92466.38
2025,253,2,7,2,2,38205##38242,29026826.4384##28759700.5248,2,107482.21
2025,253,2,10,2,2,38194##38205##38234##38242##38261##38301,28762269.0432##29026826.4384##28644117.1968##28759700.5248##28782817.1904##28708330.1568,6,1082439.7
2025,253,2,11,2,2,38205##38261,29026826.4384##28782817.1904,2,69974.29
2025,254,1,3,2,2,37482##37574##37669,29540322.8208##29411555.2896##29747927.616,3,438717.16
2025,254,1,4,2,1,37403,30333951.2784,1,135000.0
2025,254,1,4,2,2,37654,29393159.928,1,150000.0
2025,254,1,6,2,1,37403,30333951.2784,1,150000.0
2025,254,1,6,2,2,37654,29393159.928,1,262500.0
2025,254,1,7,2,2,37574,29411555.2896,1,131221.37
2025,254,1,9,2,2,37482##37654,29540322.8208##29393159.928,2,352496.57
2025,254,1,10,2,1,37403,30333951.2784,1,50000.0
2025,254,1,10,2,2,37482##37574##37654##37669,29540322.8208##29411555.2896##29393159.928##29747927.616,4,808711.86
2025,254,1,11,2,1,37403,30333951.2784,1,165000.0
2025,254,1,11,2,2,37574,29411555.2896,1,262442.74
2025,254,2,3,2,2,37466,30297160.5552,1,89693.74
2025,254,2,4,2,2,37466,30297160.5552,1,166574.08
2025,254,2,6,2,2,37525,29571857.7264,1,267657.5
2025,254,2,7,2,2,37583,30323439.6432,1,300000.01
2025,254,2,9,2,2,37525##37583,29571857.7264##30323439.6432,2,378004.54
2025,254,2,10,2,2,37517##37583##37591,30318183.8256##30323439.6432##30320811.7344,3,549226.71
2025,255,2,4,2,1,34669,30575648.5125,1,495000.0
2025,255,2,4,2,2,34962##35041,30570272.5743##30535328.976,2,116918.68
2025,255,2,6,2,1,34663,30578336.4816,1,250000.0
2025,255,2,6,2,2,34962##34982##35038##35070,30570272.5743##30551456.7906##30548768.8215##30532641.0069,4,350886.96
2025,255,2,9,2,2,35009##35038,30538016.9451##30548768.8215,2,155236.84
2025,255,2,10,2,2,34982##35007##35021##35070,30551456.7906##30554144.7597##30556832.7288##30532641.0069,4,295835.04
2025,255,2,11,2,1,34663##34669,30578336.4816##30575648.5125,2,255000.0
2025,255,2,11,2,2,34982##35034##35041,30551456.7906##30540704.9142##30535328.976,3,253408.73
2025,255,2,12,2,1,39442,31019163.414,1,124992.05
2025,255,3,12,2,1,37667,30984219.8157,1,115591.0
2025,258,1,4,2,1,36203##37558,31428830.178##31412337.876,2,1840000.0
2025,258,1,6,2,1,36241##36262##38180,31511291.688##31420584.027##31423332.744,3,1616293.98
2025,258,1,7,2,1,36166##36312##37601,31522286.556##31384850.706##31456317.348,3,1497000.0
2025,258,1,9,2,1,36166##36312,31522286.556##31384850.706,2,560000.0
2025,258,1,11,2,1,36166##36203##36278##36312##37601,31522286.556##31428830.178##31406840.442##31384850.706##31456317.348,5,2503000.0
2025,258,2,4,2,1,36213##37528,31470060.933##31437076.329,2,599999.72
2025,258,2,6,2,1,36403##37528,31486553.235##31437076.329,2,649999.53
2025,258,2,7,2,1,36194##37551##37602,31437076.329##31486553.235##31470060.933,3,704999.42
2025,258,2,11,2,1,37528##37551##37602,31437076.329##31486553.235##31470060.933,3,644999.28
2026,1,1,6,2,1,39235,977.04,1,148333.14
2026,1,1,10,2,1,39325##39629,954.96##999.12,2,502921.12
2026,1,1,11,2,1,39253##39281,977.04##1035.0,2,822620.36
2026,1,1,13,2,1,39203##39226##39229##39235##39325,1070.88##1035.0##1059.84##977.04##954.96,5,4187841.33
2026,1,2,6,2,1,39231##39245,1294.44##1128.84,2,700175.77
2026,1,2,7,2,1,39214##39250##39318,1250.28##1128.84##1208.88,3,1290583.04
2026,1,2,9,2,1,39214##39250##39318,1250.28##1128.84##1208.88,3,673387.88
2026,1,2,10,2,1,39617##39618,1029.48##1104.0,2,1020116.52
2026,1,2,11,2,1,39230,1294.44,1,609778.02
2026,1,2,13,2,1,39245,1128.84,1,705348.86
2026,7,1,1,2,1,39303##39328##41420##41637##41638,39329294.895##39342598.6734##39315991.1166,5,1647747.37
2026,7,1,4,2,1,39700##39303##39315##39328##41420##41592##41597##41637##41638,39329294.895##39325968.9504##39342598.6734##39755015.8038##39315991.1166,9,5646427.36
2026,7,1,7,2,1,39295##39301##39305##41590##41668##41679,39322643.0058##39345924.618##39319317.0612##39352576.5072,6,5904209.98
2026,7,1,9,2,1,39307,39339272.7288,1,600000.03
2026,7,1,10,2,1,39295##39299##39305##39328##41420##41590##41638##41668##41679,39322643.0058##38960115.0444##39319317.0612##39342598.6734##39315991.1166##39352576.5072,9,4739232.47
2026,7,1,11,2,1,39299##39303##39313##39315##41592##41637##41638##41668##41679,38960115.0444##39329294.895##39315991.1166##39325968.9504##39352576.5072##39319317.0612,9,4629609.13
2026,7,1,12,2,1,39700,39329294.895,1,86800.0
2026,7,1,14,2,1,39700,39329294.895,1,297600.0
2026,7,2,6,2,1,39694,39006678.2688,1,5999.99
2026,7,2,7,2,1,41640##41671,39791601.1944##39781623.3606,2,2502499.77
2026,7,2,10,2,1,41680,39725082.3024,1,549999.56
2026,7,2,11,2,1,41659##41671,40513331.1726##39781623.3606,2,1637495.22
2026,7,2,12,2,1,39694,39006678.2688,1,15999.98
2026,7,2,14,2,1,39694,39006678.2688,1,77999.92
2026,7,3,1,2,1,39298##39314##39321,39246146.28##39249472.2246##39252798.1692,3,6088959.99
2026,7,3,4,2,1,39298##39314,39246146.28##39249472.2246,2,14955220.01
2026,7,3,6,2,1,39317,39239494.3908,1,94080000.0
2026,7,3,7,2,1,39298##39314,39246146.28##39249472.2246,2,2125747.22
2026,7,3,9,2,1,39309##39317,39242820.3354##39239494.3908,2,2431500.01
2026,7,3,10,2,1,39298,39246146.28,1,4295212.96
2026,7,3,11,2,1,39298##39309##39314,39246146.28##39242820.3354##39249472.2246,3,12373278.99
2026,7,4,1,2,1,41609,39788275.2498,1,163132.01
2026,7,4,4,2,1,41609,39788275.2498,1,70793.14
2026,7,4,11,2,1,41609,39788275.2498,1,73871.1
2026,13,3,17,1,4,41879,-1,1,10000000.0
2026,16,3,17,1,4,41883,-1,1,6000000.0
2026,18,1,6,2,1,39580##39587##39591##39600##39606##39611,343811.7738##338864.0508##339083.9496##1225935.81##335345.67##333476.5302,6,3991034.85
2026,18,1,7,2,1,39577,333806.3784,1,390000.0
2026,18,1,9,2,1,39577,333806.3784,1,130000.0
2026,18,1,10,2,1,39572##39577##39580##39611,335455.6194##333806.3784##343811.7738##333476.5302,4,950076.0
2026,18,1,12,2,1,39580,343811.7738,1,70329.6
2026,18,2,1,2,1,39598,1207904.1084,1,75000.0
2026,18,2,4,2,1,39573,332377.0362,1,49392.0
2026,18,2,10,2,1,39573##39590##39599,332377.0362##333146.682##343591.875,3,988612.0
2026,18,2,12,2,1,39573##39590,332377.0362##333146.682,2,80556.0
2026,19,3,17,1,3,41873,-1,1,655664.92
2026,19,3,17,1,4,41882,-1,1,9000000.0
2026,27,1,4,2,1,38998##39495##39509##39541##40068,989623.605##675302.52##673393.6875##674454.15,5,5136674.58
2026,27,1,6,2,1,39495##39509##39512##40031##40074##41029,675302.52##673393.6875##676999.26,6,25934100.01
2026,27,1,7,2,1,39495##39512##39514##39517##40015##40024##40028##40031##40038##40074##41029##41128##41151,675302.52##676999.26##674029.965##675090.4275##678908.0925##673393.6875##674454.15,13,24715646.62
2026,27,1,8,2,1,41628##39514##40024,989623.605##674029.965,3,1666000.0
2026,27,1,9,2,1,39019##39495##39512##39514##39517##40031##40038##41151,679120.185##675302.52##676999.26##674029.965##675090.4275,8,8764500.0
2026,27,1,10,2,1,39495##39509##39512##39514##39517##39541##40015##40024##40028##40031##40038##40068##40074,675302.52##673393.6875##676999.26##674029.965##675090.4275##674454.15##678908.0925,13,9329599.62
2026,27,1,11,2,1,38996##38998##39015##41628##39493##39509##39512##39514##39517##39541##40015##40024##40028##40031##40038##40068##40074,705631.7475##989623.605##674454.15##678908.0925##673393.6875##676999.26##674029.965##675090.4275##675302.52,17,21113486.82
2026,27,1,14,2,1,38998##39015##39493##39495##39509##39514##39541##40068##41024##41128,989623.605##674454.15##678908.0925##675302.52##673393.6875##674029.965##680604.8325,10,29439800.02
2026,27,2,6,2,1,41044##41108##41146,690997.365##694390.845##987290.5875,3,4000000.01
2026,27,2,7,2,1,39032##41033##41608,976473.87##689088.5325,3,3123700.0
2026,27,2,9,2,1,39032##39038,976473.87##984109.2,2,219550.0
2026,27,2,10,2,1,39038##41608,984109.2##976473.87,2,797000.0
2026,27,2,11,2,1,39012##39038,1007015.19##984109.2,2,224726.55
2026,27,2,14,2,1,41030,728537.7375,1,1000000.0
2026,27,3,1,2,1,39513##39528##40062##40063,675938.7975##683362.035,4,4204220.32
2026,27,3,4,2,1,39028##39513##39528##39545##40060##40063,675938.7975##683362.035##675726.705,6,15116902.79
2026,27,3,6,2,1,39497##39546##40047,676362.9825##692482.0125,3,51650000.02
2026,27,3,7,2,1,39528##39545##40047##40060##40062##40063,683362.035##675726.705##692482.0125##675938.7975,6,3542318.9
2026,27,3,9,2,1,39545##40060,675726.705,2,6500000.0
2026,27,3,10,2,1,39513##39528##40062##40063,675938.7975##683362.035,4,3200458.12
2026,27,3,11,2,1,39513##39528##40062##40063,675938.7975##683362.035,4,2135458.66
2026,27,3,14,2,1,39528,683362.035,1,5130000.0
2026,27,3,17,1,3,41871,-1,1,1000000.0
2026,27,4,11,2,1,38990##41002,733203.7725##973928.76,2,1149958.75
2026,28,3,17,1,3,41874,-1,1,999928.53
2026,34,1,6,2,1,39614,1048340814.048,1,2800000.0
2026,34,1,10,2,1,39614,1048340814.048,1,950000.0
2026,34,1,11,2,1,39614,1048340814.048,1,1250000.0
2026,34,3,1,2,1,39613,1049923347.984,1,510000.0
2026,34,3,4,2,1,39613,1049923347.984,1,270000.0
2026,34,3,6,2,1,39628,1049132081.016,1,8500000.0
2026,34,3,7,2,1,39615##39624##39649,1042362352.512##1042274433.96##1042186515.408,3,3450000.0
2026,34,3,9,2,1,39649,1042186515.408,1,720000.0
2026,34,3,10,2,1,39624##39649,1042274433.96##1042186515.408,2,2010000.0
2026,34,3,11,2,1,39624##39649,1042274433.96##1042186515.408,2,1520000.0
2026,34,3,14,2,1,39613,1049923347.984,1,2220000.0
2026,36,1,4,2,1,39278##39285##39288,2427867.1314##324096.908##2744338.2298,3,5590000.0
2026,36,1,6,2,1,39273,192551.6924,1,2400000.0
2026,36,1,7,2,1,40296##39270##39276,2373533.238##2362094.5236##612924.4466,3,2542300.0
2026,36,1,9,2,1,39270##39276,2362094.5236##612924.4466,2,2466000.0
2026,36,1,11,2,1,40296##39276##39278##39285##39288,2373533.238##612924.4466##2427867.1314##324096.908##2744338.2298,5,8452200.0
2026,36,1,14,2,1,39276,612924.4466,1,787500.0
2026,36,2,1,2,1,39275##39287,10484534.9738##10464517.2236,2,2005978.84
2026,36,2,7,2,1,40285##40302##40323##39282##39293,1515629.658##10464517.2236##10484534.9738##1842586.2446,5,3104749.99
2026,36,2,9,2,1,39282##39293,1842586.2446##1515629.658,2,2593500.0
2026,36,2,10,2,1,39130##39132##39136##39137##39138##39139##39163##39165##39194##39195##39198##39223##39232##39243##40285##40302##40323,10845807.7036##10861059.3228##1515629.658##2823456.0044##4214213.0302##10539822.0934##10521710.7956##1838773.3398##10465470.4498##2824409.2306##3888209.6698##10431154.3066##10831509.3106##10850573.8346##10464517.2236##10484534.9738,17,5840628.81
2026,36,2,11,2,1,40285##40302##40323##39282##39293,1515629.658##10464517.2236##10484534.9738##1842586.2446,5,4060499.99
2026,36,2,14,2,1,39287,10464517.2236,1,744000.0
2026,36,3,1,2,1,39286,2386878.4048,1,1514500.0
2026,36,3,4,2,1,39286##39326,2386878.4048##2506984.906,2,10242250.09
2026,36,3,6,2,1,39289##39302,2539394.5968##2668080.1338,2,16343250.32
2026,36,3,7,2,1,39322##39326,2516517.168##2506984.906,2,2138250.85
2026,36,3,9,2,1,39289##39322,2539394.5968##2516517.168,2,12497003.06
2026,36,3,10,2,1,39326,2506984.906,1,3224000.07
2026,36,3,11,2,1,39286##39322##39326,2386878.4048##2516517.168##2506984.906,3,11190253.49
2026,36,3,14,2,1,39286##39289##39326,2386878.4048##2539394.5968##2506984.906,3,5850500.15
2026,36,4,7,2,1,40301,973243.9502,1,349999.98
2026,36,4,10,2,1,40301,973243.9502,1,70000.0
2026,36,4,11,2,1,40301,973243.9502,1,279999.99
2026,37,1,12,2,1,39121,34794227.3136,1,350000.0
2026,42,1,6,2,1,39621##39622##39623##39625##39626,1045710434.864##1045360142.448##1045184996.24##1048425201.088##1045447715.552,5,11875193.25
2026,42,1,7,2,1,39621##39626,1045710434.864##1045447715.552,2,1417000.0
2026,42,1,9,2,1,39621##39622##39626,1045710434.864##1045360142.448##1045447715.552,3,2622000.0
2026,42,1,10,2,1,39621##39625,1045710434.864##1048425201.088,2,988250.0
2026,42,1,11,2,1,39621##39622##39623##39625##39626,1045710434.864##1045360142.448##1045184996.24##1048425201.088##1045447715.552,5,3535298.31
2026,42,3,4,2,1,39619##39630,1037916428.608##1038441867.232,2,3311000.0
2026,42,3,6,2,1,39619##39638,1037916428.608##1037741282.4,2,22535000.0
2026,42,3,7,2,1,39620##39630##39632,1037653709.296##1038441867.232##1038354294.128,3,3017750.0
2026,42,3,9,2,1,39620##39638,1037653709.296##1037741282.4,2,5133500.0
2026,42,3,10,2,1,39619##39620##39630,1037916428.608##1037653709.296##1038441867.232,3,1492750.0
2026,42,3,11,2,1,39619##39620,1037916428.608##1037653709.296,2,2360000.0
2026,46,1,6,2,1,39634##39637,1053874189.8##1052108906.4,2,3434000.0
2026,46,1,10,2,1,39634##39637,1053874189.8##1052108906.4,2,1820650.0
2026,46,1,11,2,1,39634##39637,1053874189.8##1052108906.4,2,3230350.0
2026,46,3,4,2,1,39646,1046724792.03,1,2400000.0
2026,46,3,6,2,1,39631##39647,1046018678.67##1046813056.2,2,24150000.01
2026,46,3,7,2,1,39633##39635##39640##39648,1046989584.54##1046901320.37##1053344604.78##1054845095.67,4,9651000.0
2026,46,3,9,2,1,39640,1053344604.78,1,1264000.0
2026,46,3,10,2,1,39635##39640##39646,1046901320.37##1053344604.78##1046724792.03,3,10140000.0
2026,46,3,11,2,1,39640,1053344604.78,1,7110000.0
2026,52,1,6,2,1,39445##39446,1054021493.07##1052072062.818,2,4867528.22
2026,52,1,7,2,1,39404,1051894841.886,1,584677.96
2026,52,1,9,2,1,39399##39404##39438##39446##39464,1051717620.954##1051894841.886##1053667051.206##1052072062.818##1053932882.604,5,3021519.76
2026,52,1,11,2,1,39399##39425##39438##39446##39464,1051717620.954##1053844272.138##1053667051.206##1052072062.818##1053932882.604,5,3432163.67
2026,52,3,4,2,1,39489,1054464545.4,1,1275423.45
2026,52,3,6,2,1,39400,1051806231.42,1,11999999.99
2026,52,3,7,2,1,39433,1051983452.352,1,1024094.58
2026,52,3,9,2,1,39400##39431,1051806231.42##1052160673.284,2,6143305.76
2026,52,3,10,2,1,39431##39433,1052160673.284##1051983452.352,2,7366964.15
2026,52,3,11,2,1,39431##39433##39489,1052160673.284##1051983452.352##1054464545.4,3,8765467.74
2026,55,1,4,2,1,39352##39353##39363##39368##39403##40009##40019##40021##40037##40040##40067,111192.4255##157380.0484##4918126.5125##4418615.9241##4430590.493##4182545.8515##268572.4739##138562.8687##5131.9581,11,5821845.82
2026,55,1,6,2,1,39360##39421##40010##40065,7263431.3642##5131.9581,4,3030087.05
2026,55,1,7,2,1,39344##39393##39421##40018##40067,7673988.0122##138562.8687##5131.9581##4918126.5125,5,3013083.55
2026,55,1,9,2,1,39344##39412##40018##40033,7673988.0122##5131.9581##4918126.5125,4,296944.38
2026,55,1,10,2,1,39352##40008##40037,111192.4255##268572.4739,3,1643500.0
2026,55,1,11,2,1,39355##39365##39386##39412##40011##40012##40029##40033##40061##40076,165933.3119##4735086.6736##263440.5158##5131.9581##157380.0484##660311.9422,10,6325382.98
2026,55,2,2,2,1,40017##40036##40079##40096,7694515.8446##667154.553##18878763.1972##672286.5111,4,1999880.29
2026,55,2,4,2,1,39420##39458##40014##40035##40064##40099,663733.2476##667154.553##1436948.268##7030782.597,6,2178917.34
2026,55,2,6,2,1,39379##39381##39409##39459##39467##40013##40042##40045##40077##40098,6945249.962##1436948.268##7624379.0839##7030782.597##672286.5111##682550.4273,10,6445266.53
2026,55,2,7,2,1,39354##39394##39402##39460##40027##40034##40043##40044##40082,3089438.7762##682550.4273##667154.553##532012.9897##6945249.962##701367.607,9,3917800.22
2026,55,2,9,2,1,39460##40027##40043##40082,532012.9897##6945249.962##682550.4273,4,115981.96
2026,55,2,10,2,1,39381##39394##39406##39457##39458##40016##40020##40083,1436948.268##682550.4273##2945743.9494##656890.6368##667154.553##709920.8705##532012.9897,8,2522545.25
2026,55,2,11,2,1,39461##40099,7030782.597,2,1001294.11
2026,55,3,12,2,1,39238,4475067.4632,1,96300.0
2026,55,3,17,1,3,41870,-1,1,12000000.0
2026,61,1,4,2,2,39692##39701##39702##39753,27490008.0762##27427262.6912##27442321.5836##27417223.4296,4,572394.44
2026,61,1,6,2,2,39692##39696##39701##39702##39707##39753,27490008.0762##27314320.9982##27427262.6912##27442321.5836##27269144.321##27417223.4296,6,2887050.93
2026,61,1,7,2,2,39696##39707##39751,27314320.9982##27269144.321##27422243.0604,3,886760.73
2026,61,1,9,2,2,39696##39707##39751,27314320.9982##27269144.321##27422243.0604,3,897582.76
2026,61,1,11,2,2,39692##39753,27490008.0762##27417223.4296,2,173159.74
2026,61,2,4,2,2,39705##39740,27487498.2608##27389615.4602,2,259892.63
2026,61,2,6,2,2,39705##39722##39740##39758,27487498.2608##27274163.9518##27389615.4602##27329379.8906,4,1763266.05
2026,61,2,7,2,2,39699##39722##39759,27276673.7672##27274163.9518##27259105.0594,3,814555.93
2026,61,2,9,2,2,39699##39722##39759,27276673.7672##27274163.9518##27259105.0594,3,977446.53
2026,61,2,10,2,2,39699##39705##39722,27276673.7672##27487498.2608##27274163.9518,3,240834.34
2026,61,2,11,2,2,39705##39740,27487498.2608##27389615.4602,2,126803.92
2026,61,3,17,1,4,41880,-1,1,10000000.0
2026,67,1,4,2,1,39334##39335##39343##39350##39351##39430##39476,640247.527##603628.2035##760736.914##3203600.172##13982675.2345##2967346.472##3012234.675,7,8936335.6
2026,67,1,6,2,1,39334##39335##39337##39343##39351,640247.527##603628.2035##4774687.277##760736.914##13982675.2345,5,9249822.95
2026,67,1,7,2,1,39337##39343##39430,4774687.277##760736.914##2967346.472,3,1696000.0
2026,67,1,9,2,1,39335##39337##39343,603628.2035##4774687.277##760736.914,3,751000.0
2026,67,1,10,2,1,39337##39343##39430##39476,4774687.277##760736.914##2967346.472##3012234.675,4,3944000.0
2026,67,1,11,2,1,39334##39335##39337##39343##39351##39430##39476,640247.527##603628.2035##4774687.277##760736.914##13982675.2345##2967346.472##3012234.675,7,4882111.87
2026,67,1,14,2,1,39333##39334##39335##39337##39350##39351##39430##39476,3194150.024##640247.527##603628.2035##4774687.277##3203600.172##13982675.2345##2967346.472##3012234.675,8,32356974.71
2026,67,2,3,2,2,40209##40221##40256##40432##40559,13709802.211##14163409.315##13673182.8875##5010940.977##13363690.5405,5,1739069.91
2026,67,2,4,2,2,40242##40307##40733,4699086.093##5057010.4485##13694445.7205,3,724910.39
2026,67,2,6,2,2,40209##40307##40326##40733,13709802.211##5057010.4485##1331289.5995##13694445.7205,4,1206352.8
2026,67,2,7,2,2,40351##40732,13651920.0545##13675545.4245,2,355827.88
2026,67,2,9,2,2,40269##40307##40326##40351##40733,2211334.632##5057010.4485##1331289.5995##13651920.0545##13694445.7205,5,818836.84
2026,67,2,10,2,2,40221##40242##40267##40269##40307##40326##40351##40559##40733,14163409.315##4699086.093##13156968.553##2211334.632##5057010.4485##1331289.5995##13651920.0545##13363690.5405##13694445.7205,9,2746360.1
2026,67,2,11,2,2,40269##40307##40733,2211334.632##5057010.4485##13694445.7205,3,781176.42
2026,67,2,12,2,1,39811,507945.455,1,350000.85
2026,67,2,14,2,2,40267##40351##40732,13156968.553##13651920.0545##13675545.4245,3,314162.79
2026,67,3,1,2,1,39349,2955533.787,1,250000.0
2026,67,3,4,2,1,39349##39426,2955533.787##3104373.618,2,8026006.1
2026,67,3,6,2,1,39336##39357##39397,3144536.747##3074841.9055##584727.9075,3,30757000.48
2026,67,3,7,2,1,39349##39417,2955533.787##3116186.303,2,6702138.49
2026,67,3,9,2,1,39417,3116186.303,1,2493197.55
2026,67,3,10,2,1,39349##39417##39426,2955533.787##3116186.303##3104373.618,3,2929514.33
2026,67,3,11,2,1,39417,3116186.303,1,2137026.47
2026,67,3,12,2,1,39802,3083110.785,1,50000.0
2026,67,3,14,2,1,39336##39349##39417##39426,3144536.747##2955533.787##3116186.303##3104373.618,4,20820680.11
2026,67,3,17,1,3,41875,-1,1,1500000.0
2026,71,1,4,2,2,40158##40162,10039873.5024##10015929.1344,2,662500.0
2026,71,1,6,2,2,40126##40147,10037479.0656##25970061.5328,2,1252500.01
2026,71,1,7,2,2,40053##40119##40125##40156,9999168.0768##10099734.4224##10018323.5712##10011140.2608,4,964999.99
2026,71,1,9,2,2,40053##40119##40156##40158,9999168.0768##10099734.4224##10011140.2608##10039873.5024,4,1054999.99
2026,71,1,11,2,2,40053##40125##40126##40147##40158##40162,9999168.0768##10018323.5712##10037479.0656##25970061.5328##10039873.5024##10015929.1344,6,1665000.0
2026,71,2,4,2,2,40109##40123##40128##40152,10001562.5136##10054240.1232##10035084.6288##10013534.6976,4,1532999.93
2026,71,2,6,2,2,40086##40122##40123##40152,25946117.1648##10025506.8816##10054240.1232##10013534.6976,4,919999.95
2026,71,2,11,2,2,40086##40109##40122##40123##40128##40152,25946117.1648##10001562.5136##10025506.8816##10054240.1232##10035084.6288##10013534.6976,6,1446999.98
2026,71,3,17,1,4,41881,-1,1,10000000.0
2026,72,1,7,2,1,39366##39375##39390##39462,4806421.35##3025487.625##4768244.85##5501233.65,4,9948000.0
2026,72,1,9,2,1,39366##39375##39390##39449##39462,4806421.35##3025487.625##4768244.85##5163371.625##5501233.65,5,25462000.0
2026,72,1,10,2,1,39367##39419,4873230.225##3193464.225,2,3000000.0
2026,72,1,11,2,1,39366##39375##39387##39449,4806421.35##3025487.625##4951492.05##5163371.625,4,5190000.0
2026,72,2,6,2,1,40050,3256455.45,1,500000.12
2026,72,2,9,2,1,39371##39422##39439,20661121.8##20571407.025##3124746.525,3,1395000.02
2026,72,2,10,2,1,40075##39362##39422##39424##39439,3101840.625##7889173.725##20571407.025##7629573.525##3124746.525,5,3300000.92
2026,72,2,11,2,1,39371,20661121.8,1,405000.01
2026,72,3,5,2,1,39398,4789241.925,1,300000.0
2026,72,3,6,2,1,39376,5094653.925,1,49000000.05
2026,72,3,8,2,1,39398,4789241.925,1,1699999.99
2026,72,3,9,2,1,39374,5050750.95,1,10804000.28
2026,72,3,10,2,1,39380,5027845.05,1,4200054.12
2026,72,3,11,2,1,39374##39398,5050750.95##4789241.925,2,6996000.09
2026,72,4,12,2,1,40101,21898040.4,1,300000.0
2026,73,2,11,2,1,39882##39883##39885,683976.1129##720536.0833##697686.1018,3,3000000.0
2026,73,3,7,2,1,41732,4073390.0354,1,2000002.7
2026,73,3,17,1,4,41886,-1,1,18000000.0
2026,80,1,1,2,1,39791,333247.1296,1,400000.0
2026,80,1,4,2,1,39065##39791##39202##39280,333247.1296##344366.9504##332030.8992,4,6045000.0
2026,80,1,6,2,1,39216,328642.8288,1,18750000.0
2026,80,1,7,2,1,39067##39784##39785##39790##39216,327426.5984##1040832.6016##328642.8288,5,10249997.17
2026,80,1,7,2,2,39818##39819##39820##39844##39847##39860##39874##39893##39901##39913##39964##39986##39993##39994,333073.3824##373643.3536##336113.9584##997482.6752##328208.4608##333247.1296##329598.4384##335679.5904##327426.5984##330554.048##330119.68##356963.6224##328729.7024##333160.256,14,18342552.14
2026,80,1,9,2,1,39067##39784##39202##39216,327426.5984##344366.9504##328642.8288,4,7375000.0
2026,80,1,9,2,2,39818##39819##39820##39837##39860##39874##39884##39893##39901##39964##39986##39993##39994,333073.3824##373643.3536##336113.9584##340544.512##333247.1296##329598.4384##344366.9504##335679.5904##327426.5984##330119.68##356963.6224##328729.7024##333160.256,13,5603476.07
2026,80,1,10,2,1,39791##39211##39234##39280,333247.1296##336027.0848##327079.104##332030.8992,4,4990000.0
2026,80,1,10,2,2,39837##39840##39893##39964,340544.512##332030.8992##335679.5904##330119.68,4,843000.0
2026,80,1,11,2,1,39065##39791##39202,333247.1296##344366.9504,3,5225000.0
2026,80,1,11,2,2,39817##39840##39847##39860##39874##39893##39901##39913##39964##39993##39994,357745.4848##332030.8992##328208.4608##333247.1296##329598.4384##335679.5904##327426.5984##330554.048##330119.68##328729.7024##333160.256,11,9289819.09
2026,80,1,14,2,1,39201##39202##39204##39206##39209##39210##39215##39219##39222##39234##39280,340544.512##344366.9504##343932.5824##333073.3824##328208.4608##328729.7024##327165.9776##338112.0512##335853.3376##327079.104##332030.8992,11,49465000.01
2026,80,2,7,2,2,39892##39941##39945##39962##39987,990098.4192##327339.7248##393103.04##343671.9616##990272.1664,5,3149694.58
2026,80,2,9,2,2,39941,327339.7248,1,250000.0
2026,80,2,11,2,2,39856##39892##39962##39984##39987,344019.456##990098.4192##343671.9616##343411.3408##990272.1664,5,3348713.32
2026,80,3,4,2,1,39208##39218,334810.8544##330293.4272,2,20430000.0
2026,80,3,6,2,1,39284,335505.8432,1,47380000.0
2026,80,3,7,2,1,39213,334897.728,1,5100000.0
2026,80,3,7,2,2,39852,334723.9808,1,1799997.43
2026,80,3,8,2,1,39284,335505.8432,1,4120000.0
2026,80,3,8,2,2,41067,335505.8432,1,2002500.0
2026,80,3,9,2,1,39213,334897.728,1,9900000.0
2026,80,3,10,2,1,39208,334810.8544,1,4050000.0
2026,80,3,10,2,2,41008,335158.3488,1,2999997.67
2026,80,3,11,2,1,39213##39218,334897.728##330293.4272,2,20270000.0
2026,80,3,12,2,1,39225,334550.2336,1,500000.02
2026,80,3,12,2,2,40967##41067,334550.2336##335505.8432,2,1247499.57
2026,80,3,14,2,1,39208,334810.8544,1,2250000.0
2026,80,3,17,1,4,41887,-1,1,16000000.0
2026,86,1,2,2,1,39776,1011674226.5,1,27000.0
2026,86,1,3,2,1,39776,1011674226.5,1,45000.0
2026,86,1,10,2,1,39776,1011674226.5,1,28000.0
2026,87,1,6,2,2,40585,388.857,1,162920.0
2026,87,1,7,2,1,39803##39812,68127.7464##66105.69,2,292999.99
2026,87,1,9,2,1,39803##39812,68127.7464##66105.69,2,349999.99
2026,87,1,10,2,1,39803##39812,68127.7464##66105.69,2,137000.0
2026,87,1,10,2,2,40585,388.857,1,244380.0
2026,87,2,6,2,1,39804##39806,15865.3656##8321.5398,2,718731.2
2026,87,2,6,2,2,40354##40358##40368##40392##40401##40424##40427##40458##40465##40544##40596,69916.4886##69760.9458##62994.834##70305.3456##64083.6336##72094.0878##70227.5742##6843.8832##19365.0786##70694.2026##66416.7756,11,5275647.07
2026,87,2,7,2,2,40366##40384##40406##40439##40453##40463##40475,66027.9186##67738.8894##65250.2046##73493.973##72405.1734##70849.7454,7,2158615.0
2026,87,2,9,2,2,40384##40406##40414##40439##40463##40472,67738.8894##65250.2046##72560.7162##73493.973##72405.1734##72327.402,6,1973101.24
2026,87,2,10,2,2,40425##40444##40560##40613,70227.5742##63928.0908##71783.0022,4,1265297.62
2026,87,2,11,2,1,39810,27064.4472,1,500000.0
2026,87,2,11,2,2,40385##40406##40408##40413##40415##40491,13609.995##65250.2046##27919.9326##67272.261##6843.8832##20065.0212,6,3381439.8
2026,87,3,17,1,4,41884,-1,1,16000000.0
2026,88,1,1,2,1,41261##41304,544996.1##475768.7,2,606300.0
2026,88,1,4,2,1,39251##39259##39260##41288##41302##41304##41336,495993.96##472782.42##475768.7##481877.0,7,4267438.3
2026,88,1,6,2,1,39799##39815,471560.76##501695.04,2,901498.07
2026,88,1,7,2,1,39815##39254##39257##39265##39267##39268##39279##40286##40303##40314##41261##41302##41309##41316,501695.04##482284.22##476447.4##478890.72##478212.02##472646.68##480926.82##544996.1##481877.0##476583.14,14,9430991.76
2026,88,1,9,2,1,39815##39254##39257##39265##39266##39267##39268##39279##40303##40309##41302##41309##41316,501695.04##482284.22##476447.4##478890.72##487849.56##478212.02##472646.68##480926.82##481877.0##476583.14,13,6443560.23
2026,88,1,10,2,1,39251##39257##39259##39268##40286##41261##41288##41302##41304##41328##41336,495993.96##476447.4##472782.42##472646.68##544996.1##481877.0##475768.7##544588.88,11,5721526.23
2026,88,1,11,2,1,39815##39828##39251##39252##39257##39260##39261##39266##39267##39271##39279##41261##41266##41281##41288##41304##41328,501695.04##495993.96##474547.04##476447.4##475768.7##476175.92##487849.56##478212.02##544996.1##480926.82##544588.88,17,12225389.82
2026,88,1,14,2,1,41304,475768.7,1,997500.0
2026,88,2,4,2,1,39246##39262##41300##41310,506038.72##507396.12##1540106.04,4,2355659.06
2026,88,2,6,2,1,39795##39797,546082.02##507396.12,2,390100.0
2026,88,2,7,2,1,39530##39796##39797##39798##39926##39246##39262##40279##41311##41314##41385,507396.12##483505.88##506038.72##482148.48##1508342.88##546082.02,11,5009588.24
2026,88,2,9,2,1,39531##39533##39793##39794##39796##39797##39798##39262##40279##40908##41311##41385,483505.88##482148.48##507396.12##546082.02,12,6542714.23
2026,88,2,10,2,1,39534##39246##39292##40280##40289##41300##41314,494093.6##506038.72##1508342.88##1540106.04,7,4845551.01
2026,88,2,11,2,1,39531##39796##39797##39926##39262##39292##41265##41314,483505.88##507396.12##1508342.88##493550.64,8,4406878.75
2026,88,3,4,2,1,39256##39300,470203.36##469660.4,2,7444782.8
2026,88,3,6,2,1,39248##40299,470339.1,2,33280175.85
2026,88,3,7,2,1,39544##39547##39255##39300,469796.14##470610.58##470067.62##469660.4,4,5800363.12
2026,88,3,8,2,1,39248##39300,470339.1##469660.4,2,5990796.18
2026,88,3,9,2,1,39248##39255##40299,470339.1##470067.62,3,11249263.97
2026,88,3,10,2,1,39255##39256##39300##39320,470067.62##470203.36##469660.4##475225.74,4,12388387.79
2026,88,3,11,2,1,39255##39256##39300,470067.62##470203.36##469660.4,3,7415931.45
2026,88,3,17,1,3,41876,-1,1,6000000.0
2026,88,3,17,1,4,41885,-1,1,15000000.0
2026,91,1,4,2,1,40771##39521##39535##39542##39557,3507663.361##3327649.399##15145957.339##3751595.324##14988119.01,5,4205600.0
2026,91,1,6,2,1,40777##40894##39518##39535##39538##39539##39542##39550,3751595.324##3622454.873##14990727.908##15145957.339##845282.952##14985510.112##14989423.459,8,13791000.0
2026,91,1,7,2,1,39522##39527##39529##39538##39550,14981596.765##3533752.341##15147261.788##845282.952##14989423.459,5,10690000.0
2026,91,1,9,2,1,39522##39535##39557,14981596.765##15145957.339##14988119.01,3,2730000.0
2026,91,1,10,2,1,40771##40894##39519##39521##39522##39527##39550,3507663.361##3622454.873##3327649.399##14981596.765##3533752.341##14989423.459,7,4305600.0
2026,91,1,11,2,1,40771##40777##40894##39518##39519##39521##39529##39535##39538##39542##39550##39557,3507663.361##3751595.324##3622454.873##14990727.908##3327649.399##15147261.788##15145957.339##845282.952##14989423.459##14988119.01,12,20702600.0
2026,91,1,14,2,1,40771##40777##39518##39519##39521##39529##39542##39557,3507663.361##3751595.324##14990727.908##3327649.399##15147261.788##14988119.01,8,8855200.0
2026,91,2,7,2,1,40802,623526.622,1,180000.0
2026,91,2,10,2,1,40788##40802,2276263.505##623526.622,2,405000.0
2026,91,2,11,2,1,40788##40802,2276263.505##623526.622,2,750000.0
2026,91,2,14,2,1,40802,623526.622,1,315000.0
2026,91,3,1,2,1,39537,3432005.319,1,2750000.0
2026,91,3,4,2,1,39537##39556,3432005.319##3267644.745,2,8780000.0
2026,91,3,6,2,1,39525##39540,3687677.323##3476356.585,2,28500000.0
2026,91,3,7,2,1,39526,3446354.258,1,5280000.0
2026,91,3,9,2,1,39526##39540,3446354.258##3476356.585,2,3260000.0
2026,91,3,10,2,1,39526##39537##39556,3446354.258##3432005.319##3267644.745,3,4120000.0
2026,91,3,11,2,1,39526##39556,3446354.258##3267644.745,2,6980000.0
2026,91,3,14,2,1,39526##39537##39556,3446354.258##3432005.319##3267644.745,3,23330000.0
2026,97,1,4,2,1,39401##39452##39491,1056375680.0##1059400250.368##1055752974.336,3,985012.11
2026,97,1,7,2,1,39395##40255##40899,1057887965.184##1074967891.968,3,7471640.77
2026,97,1,10,2,1,39401##39452##39465##39491,1056375680.0##1059400250.368##1057710049.28##1055752974.336,4,5924020.14
2026,97,1,11,2,1,39423,1055664016.384,1,1861800.01
2026,97,1,14,2,1,39491,1055752974.336,1,296997.81
2026,97,3,4,2,1,39455,1055575058.432,1,9341819.2
2026,97,3,6,2,1,39388,1056464637.952,1,26854859.84
2026,97,3,7,2,1,39455,1055575058.432,1,3787224.0
2026,97,3,9,2,1,39388##39490,1056464637.952##1055486100.48,2,6929142.91
2026,97,3,10,2,1,39455,1055575058.432,1,7826929.6
2026,97,3,11,2,1,39455,1055575058.432,1,4292187.2
2026,97,4,7,2,1,40920,1074878934.016,1,499469.15
2026,98,1,3,2,2,38967,9834252.1767,1,449926.78
2026,98,1,4,2,1,40295##40316##40317##40342##40482##40519##40552##40716##39311,10370827.8558##9809761.1706##9794175.9849##10484377.0659##5991390.6741##10201617.2682##6438908.1492##9921083.9256,9,26326254.02
2026,98,1,4,2,2,38926##38930##38936##39031##39056,10295128.3824##10199390.8131##10201617.2682##10288449.0171##10370827.8558,5,6066119.92
2026,98,1,6,2,1,40519##39311,10201617.2682##5991390.6741,2,852900.35
2026,98,1,6,2,2,38921##38936##39079,10468791.8802##10201617.2682##9809761.1706,3,1801567.65
2026,98,1,7,2,1,40860##40986##39311,10197164.358##9807534.7155##5991390.6741,3,9635332.4
2026,98,1,7,2,2,38921##38926##38951##38958##39026##39031##39056,10468791.8802##10295128.3824##10486603.521##6312000.2085##9811987.6257##10288449.0171##10370827.8558,7,7252055.19
2026,98,1,10,2,1,40482##39308##39311,5991390.6741##5463720.8154,3,2450000.0
2026,98,1,10,2,2,38921##38926##38930##38951##38958##38967##39026##39031,10468791.8802##10295128.3824##10199390.8131##10486603.521##6312000.2085##9834252.1767##9811987.6257##10288449.0171,8,11389988.22
2026,98,1,11,2,1,40519##40552##39311,10201617.2682##6438908.1492##5991390.6741,3,2502510.35
2026,98,1,11,2,2,38921##39031##39056,10468791.8802##10288449.0171##10370827.8558,3,1535872.65
2026,98,1,14,2,1,40519##40716##39308##39311##39316,10201617.2682##9921083.9256##5463720.8154##5991390.6741##5686366.3254,5,40665753.64
2026,98,1,14,2,2,38926##38929##38936##38951##38958##39026##39079,10295128.3824##5686366.3254##10201617.2682##10486603.521##6312000.2085##9811987.6257##9809761.1706,7,17778845.19
2026,98,2,4,2,1,40311##40313##40315##40324##40340##40349##40553##40731##40735##39324##39327##39496,8852385.4776##24065753.1759##4214679.5043##10450980.2394##4252529.241##10061350.5969##4230264.69##4268114.4267##24602328.855,12,34068899.23
2026,98,2,4,2,2,38934##38945##38997##39080##39092##39097##39104##39108##39116##39123,25650989.2071##8852385.4776##24065753.1759##10613511.4617##24568932.0285##24609008.2203##24584517.2142##24604555.3101##6643742.0184##24778218.8079,10,7143050.37
2026,98,2,6,2,1,40324##40735##39310##39324##39327,10450980.2394##24602328.855##24778218.8079##4214679.5043##24065753.1759,5,6827859.38
2026,98,2,6,2,2,39092##39108##39116,24568932.0285##24604555.3101##6643742.0184,3,187262.35
2026,98,2,7,2,1,40972##39310,10577888.1801##24778218.8079,2,4692754.01
2026,98,2,7,2,2,38997##39085##39095##39113##39123,24065753.1759##24791577.5385##10577888.1801##9277638.4017##24778218.8079,5,2966429.28
2026,98,2,10,2,1,40313##40324##40340##39310##39324##39327##39496,24065753.1759##10450980.2394##4252529.241##24778218.8079##4214679.5043,7,9344720.7
2026,98,2,10,2,2,38934##38969##38997##39080##39089##39092##39095##39097##39104##39108##39113##39116##39119##39123,25650989.2071##10606832.0964##24065753.1759##10613511.4617##4268114.4267##24568932.0285##10577888.1801##24609008.2203##24584517.2142##24604555.3101##9277638.4017##6643742.0184##10061350.5969##24778218.8079,14,18712765.59
2026,98,2,11,2,1,40315##40340##39310##39324##39327##39496,4214679.5043##4252529.241##24778218.8079##24065753.1759,6,8152871.7
2026,98,2,11,2,2,38945##38997##39095##39097##39104##39108##39113##39116,8852385.4776##24065753.1759##10577888.1801##24609008.2203##24584517.2142##24604555.3101##9277638.4017##6643742.0184,8,4568709.86
2026,98,2,14,2,1,39310##39324##39327,24778218.8079##4214679.5043##24065753.1759,3,21659999.99
2026,98,2,14,2,2,38945##38969##38997##39085##39089##39119##39123,8852385.4776##10606832.0964##24065753.1759##24791577.5385##4268114.4267##10061350.5969##24778218.8079,7,8217361.47
2026,98,3,4,2,1,39319##39560,5868935.6436##5588402.301,2,9219000.14
2026,98,3,6,2,1,39329,9791949.5298,1,5000000.01
2026,98,3,7,2,1,39560,5588402.301,1,4387000.29
2026,98,3,10,2,1,39319##39560,5868935.6436##5588402.301,2,1828000.03
2026,98,3,14,2,1,39319##39329##39560,5868935.6436##9791949.5298##5588402.301,3,30266000.33
2026,98,4,10,2,2,38919,6590307.096,1,199080.99
2026,101,1,4,2,1,39605,35728408.26,1,77000.0
2026,101,1,6,2,1,39605,35728408.26,1,108500.0
2026,101,1,7,2,1,39605##39610,35728408.26##35553839.49,2,95249.61
2026,101,1,10,2,1,39610,35553839.49,1,283997.94
2026,101,1,11,2,1,39605,35728408.26,1,122500.0
2026,101,1,12,2,1,39610,35553839.49,1,17749.87
2026,101,2,4,2,1,39601##39609,35039321.01##35498712.51,2,105995.98
2026,101,2,7,2,1,39601,35039321.01,1,1499.94
2026,101,2,11,2,1,39601,35039321.01,1,1499.94
2026,101,2,12,2,1,39601##39609,35039321.01##35498712.51,2,140997.92
2026,101,4,4,2,1,39607,35042383.62,1,73602.92
2026,101,4,12,2,1,39607,35042383.62,1,49068.61
2026,101,4,14,2,1,39607,35042383.62,1,122671.53
2026,102,1,4,2,1,40231##40237##40260,9870028.6308##9895744.0062##9612874.8768,3,490000.0
2026,102,1,6,2,1,39153##39176##40226##40260,9587159.5014##10678894.0752##10676556.3138##9612874.8768,4,852499.69
2026,102,1,7,2,1,39146##39176##40231##40233##40237,9834962.2098##10678894.0752##9870028.6308##10720973.7804##9895744.0062,5,6442070.3
2026,102,1,9,2,1,39146##39153##39176,9834962.2098##9587159.5014##10678894.0752,3,953974.82
2026,102,1,10,2,1,40226##40233##40237##40260,10676556.3138##10720973.7804##9895744.0062##9612874.8768,4,6015000.0
2026,102,1,11,2,1,39146##39153##39176##40226##40231##40233##40237,9834962.2098##9587159.5014##10678894.0752##10676556.3138##9870028.6308##10720973.7804##9895744.0062,7,5435955.0
2026,102,2,6,2,1,39177##39178##39227##39636##39639##39659,10692920.6436##9905095.0518##9554430.8418##25956164.8242##25998244.5294,6,1486522.12
2026,102,2,7,2,1,39147##39175##39227##39636##39639##39659##40257,10662529.7454##9888730.722##9554430.8418##25956164.8242##25998244.5294,7,2437050.44
2026,102,2,9,2,1,39175##39178##39239##40257,9888730.722##9905095.0518##9580146.2172,4,387340.96
2026,102,2,10,2,1,39147##39162##39177##39178##39191##39239##39636##39639##40248,10662529.7454##9856002.0624##10692920.6436##9905095.0518##26828149.8264##9580146.2172##25956164.8242##25998244.5294,9,4206206.06
2026,102,2,11,2,1,39147##39175##39227##39636##39639##39659##40229##40257,10662529.7454##9888730.722##9554430.8418##25956164.8242##25998244.5294##9905095.0518,8,2810159.38
2026,102,4,7,2,1,39306,27473371.9728,1,26835.02
2026,102,4,11,2,1,39306,27473371.9728,1,509865.35
2026,105,1,11,2,1,41267##41413,1023014.0928##8339.7888,2,262460.19
2026,105,1,14,2,1,41257##41378,3404023.7952##3534680.4864,2,800000.0
2026,105,2,4,2,1,41295##41313##41370,2492206.8864##2285102.1312##5657156.736,3,307789.85
2026,105,2,6,2,1,41262##41295##41301##41313##41321##41427,1182860.0448##2492206.8864##1388574.8352##2285102.1312##2494986.816##15252083.7504,6,1641043.37
2026,105,2,7,2,1,41318##41384,1021624.128##715831.872,2,722044.28
2026,105,2,9,2,1,41318##41384,1021624.128##715831.872,2,294653.74
2026,105,2,10,2,1,41313##41321,2285102.1312##2494986.816,2,274006.29
2026,105,2,11,2,1,41262##41321##41427,1182860.0448##2494986.816##15252083.7504,3,454820.17
2026,105,2,14,2,1,41370##41427,5657156.736##15252083.7504,2,181951.14
2026,105,3,6,2,1,41369,3440162.88,1,360385.0
2026,105,3,17,1,3,41872##41877,-1,2,10000000.02
2026,105,3,17,1,4,41888,-1,1,18000000.0
2026,105,4,4,2,1,41357,854828.352,1,175885.44
2026,105,4,7,2,1,41343##41386,3804333.6576,2,1055054.0
2026,105,4,9,2,1,41343##41386,3804333.6576,2,487286.6
2026,105,4,10,2,1,41357,854828.352,1,190542.55
2026,105,4,14,2,1,41343##41386,3804333.6576,2,567767.4
2026,107,3,17,1,3,41878,-1,1,4000000.0
2026,253,1,4,2,1,39581##39584##39604,30632150.4384##30621876.3648##30639855.9936,3,957500.0
2026,253,1,5,2,1,39581,30632150.4384,1,600000.0
2026,253,1,6,2,1,39581##39584##39604,30632150.4384##30621876.3648##30639855.9936,3,3507500.0
2026,253,1,7,2,1,39581##39583##39584##39604,30632150.4384##30619307.8464##30621876.3648##30639855.9936,4,5196500.0
2026,253,1,9,2,1,39583,30619307.8464,1,520000.0
2026,253,1,10,2,1,39581##39583##39584##39604,30632150.4384##30619307.8464##30621876.3648##30639855.9936,4,4758000.0
2026,253,1,11,2,1,39581##39583##39584##39604,30632150.4384##30619307.8464##30621876.3648##30639855.9936,4,2766500.0
2026,253,1,14,2,1,39581##39583##39584##39604,30632150.4384##30619307.8464##30621876.3648##30639855.9936,4,13344000.0
2026,253,2,4,2,1,39602,28656959.7888,1,370000.0
2026,253,2,10,2,1,39602,28656959.7888,1,203500.0
2026,253,2,11,2,1,39602,28656959.7888,1,721500.0
2026,253,2,14,2,1,39602,28656959.7888,1,555000.0
2026,253,3,4,2,1,39588##39608,30637287.4752##30609033.7728,2,6371000.0
2026,253,3,6,2,1,39589##39592,30611602.2912##30624444.8832,2,32035000.0
2026,253,3,7,2,1,39586##39588##39603,30614170.8096##30637287.4752##30634718.9568,3,8911000.01
2026,253,3,8,2,1,39589,30611602.2912,1,759000.0
2026,253,3,9,2,1,39586,30614170.8096,1,840000.0
2026,253,3,10,2,1,39588##39589##39603##39608,30637287.4752##30611602.2912##30634718.9568##30609033.7728,4,11647000.01
2026,253,3,11,2,1,39586##39588##39603,30614170.8096##30637287.4752##30634718.9568,3,3137000.0
2026,254,1,1,2,1,39501,29416811.1072,1,159362.29
2026,254,1,4,2,2,39719,29695369.44,1,75000.0
2026,254,1,6,2,1,39498##39501,29640183.3552##29416811.1072,2,12300486.18
2026,254,1,6,2,2,39719##39764,29695369.44##30328695.4608,2,288999.89
2026,254,1,7,2,1,39501,29416811.1072,1,1115536.03
2026,254,1,7,2,2,39764,30328695.4608,1,39999.98
2026,254,1,9,2,1,39498##39501,29640183.3552##29416811.1072,2,1733565.33
2026,254,1,9,2,2,39764,30328695.4608,1,4000.0
2026,254,1,10,2,1,39498##39501,29640183.3552##29416811.1072,2,3252592.08
2026,254,1,10,2,2,39719##39723##39764,29695369.44##29416811.1072##30328695.4608,3,349999.97
2026,254,1,11,2,1,39498##39501,29640183.3552##29416811.1072,2,3431374.23
2026,254,1,11,2,2,39719##39764,29695369.44##30328695.4608,2,141999.94
2026,254,1,14,2,1,39498,29640183.3552,1,6303898.86
2026,254,2,4,2,2,39731,29587625.1792,1,112500.0
2026,254,2,6,2,2,39731,29587625.1792,1,25000.0
2026,254,2,10,2,2,39731,29587625.1792,1,25000.0
2026,254,2,14,2,2,39731,29587625.1792,1,87500.0
2026,254,3,1,2,1,39516,31119696.0096,1,549601.2
2026,254,3,4,2,1,39516,31119696.0096,1,10808823.6
2026,254,3,6,2,1,39504##39505,31122323.9184##31124951.8272,2,46626419.35
2026,254,3,7,2,1,39500##39515##39516,31127579.736##31132835.5536##31119696.0096,3,14665603.2
2026,254,3,8,2,1,39505,31124951.8272,1,1256725.81
2026,254,3,9,2,1,39500##39515,31127579.736##31132835.5536,2,1900000.0
2026,254,3,10,2,1,39500##39516,31127579.736##31119696.0096,2,7077208.4
2026,254,3,11,2,1,39500##39516,31127579.736##31119696.0096,2,6238803.61
2026,254,3,14,2,1,39500,31127579.736,1,4080000.0
2026,255,1,4,2,1,39145##39294##39418##39437##39453,31605140.6778##32016399.9501##31814802.2676##31742227.1019,5,7070000.33
2026,255,1,6,2,1,39145##39418##39432##39453##39488,31605140.6778##32016399.9501##31847057.8968##31742227.1019##31707283.5036,5,5414203.8
2026,255,1,7,2,1,39418##39432,32016399.9501##31847057.8968,2,765702.12
2026,255,1,9,2,1,39432,31847057.8968,1,159000.92
2026,255,1,10,2,1,39145##39378##39418##39488,31605140.6778##32016399.9501##31707283.5036,4,2635000.0
2026,255,1,11,2,1,39145##39294##39378##39418##39432##39450##39453##39488,31605140.6778##32016399.9501##31847057.8968##32013711.981##31742227.1019##31707283.5036,8,7213102.88
2026,255,1,14,2,1,39378##39437##39450,31605140.6778##31814802.2676##32013711.981,3,4308000.0
2026,255,2,1,2,1,39244,31019163.414,1,249985.17
2026,255,2,4,2,1,39134##39244##39415,30532641.0069##31019163.414,3,895757.54
2026,255,2,6,2,1,39134##39143##39415##39434,30532641.0069##30578336.4816,4,1347511.94
2026,255,2,7,2,1,39133##39170##39192##39228##39415,30938524.341##30930460.4337##30941212.3101##30532641.0069,5,1360308.38
2026,255,2,9,2,1,39415,30532641.0069,1,225002.32
2026,255,2,10,2,1,39141##39410##39415,30572960.5434##30532641.0069,3,1575068.9
2026,255,2,11,2,1,39133##39170##39193##39228##39415##39434,30938524.341##30930460.4337##30578336.4816##30532641.0069,6,1803458.01
2026,255,3,1,2,1,39383,31809426.3294,1,1305000.0
2026,255,3,4,2,1,39383,31809426.3294,1,7540000.0
2026,255,3,6,2,1,39427,31820178.2058,1,17500000.0
2026,255,3,7,2,1,39383##39474,31809426.3294##31822866.1749,2,3472990.07
2026,255,3,9,2,1,39474,31822866.1749,1,1415989.17
2026,255,3,10,2,1,39383##39444##39474,31809426.3294##31825554.144##31822866.1749,3,9489972.93
2026,255,3,11,2,1,39383##39474,31809426.3294##31822866.1749,2,5569972.93
2026,255,3,14,2,1,39474,31822866.1749,1,2005984.66
2026,258,1,4,2,1,39340##39341##39369##39385##39435,31522286.556##32679496.413##31511291.688##31530532.707##31428830.178,5,5862640.74
2026,258,1,6,2,1,39339##39340##39341##39369##39385,32715229.734##31522286.556##32679496.413##31511291.688##31530532.707,5,8240001.48
2026,258,1,7,2,1,39339##39340##39341##39385,32715229.734##31522286.556##32679496.413##31530532.707,4,6024941.48
2026,258,1,9,2,1,39339##39340##39341,32715229.734##31522286.556##32679496.413,3,1633370.74
2026,258,1,10,2,1,39340##39369##39385##39443,31522286.556##31511291.688##31530532.707##31404091.725,4,2094480.01
2026,258,1,11,2,1,39339##39340##39341##39369##39385##39435,32715229.734##31522286.556##32679496.413##31511291.688##31530532.707##31428830.178,6,6013272.96
2026,258,3,4,2,1,39345##39347,32717978.451##32726224.602,2,15523119.68
2026,258,3,6,2,1,41440##39407##39414,32701486.149##32720727.168,3,27600000.0
2026,258,3,7,2,1,39346##39347,32723475.885##32726224.602,2,2513229.95
2026,258,3,9,2,1,39346##39414,32723475.885##32701486.149,2,5500000.02
2026,258,3,10,2,1,39346##39347,32723475.885##32726224.602,2,5636749.85
2026,258,3,11,2,1,39345##39346##39347,32717978.451##32723475.885##32726224.602,3,11230899.93
