LocationID,Location,AdminLocation1,AdminLocation1Latitude,AdminLocation1Longitude
0,Kandahar -> Kandahar,Kandahar,30.9960679,65.475736
1,Nangarhar -> Behsud,Nangarhar,34.1718313,70.6216794
2,Nangarhar -> Kuzkunar,Nangarhar,34.1718313,70.6216794
3,Kabul -> Kabul,Kabul,34.533333,69.166667
4,Nangarhar -> Jalalabad,Nangarhar,34.1718313,70.6216794
5,Nangarhar -> Rodat,Nangarhar,34.1718313,70.6216794
6,Nangarhar -> Kama,Nangarhar,34.1718313,70.6216794
7,Baghlan -> Khwajahejran,Baghlan,35.8042947,69.2877535
8,Balkh -> Nahr-e- Shahi,Balkh,36.8909158,67.1894488
9,Badakhshan -> Darwaz-e-Balla,Badakhshan,36.7347725,70.8119953
10,Badakhshan -> Darwaz,Badakhshan,36.7347725,70.8119953
11,Baghlan -> Khost Wa Fereng,Baghlan,35.8042947,69.2877535
12,Faryab -> Khwajasabzposh,Faryab,36.0795613,64.905955
13,Badakhshan -> Argo,Badakhshan,36.7347725,70.8119953
14,Kunduz -> Emamsaheb,Kunduz,36.8599307,68.7154975
15,Kunar -> Narang,Kunar,34.8465893,71.097317
16,Jawzjan -> Mardyan,Jawzjan,36.8969692,65.6658568
17,Badakhshan -> Khwahan,Badakhshan,36.7347725,70.8119953
18,Baghlan -> Nahrin,Baghlan,35.8042947,69.2877535
19,Sar-e-Pul -> Balkhab,Sar-e-Pul,35.6707473,66.0463534
20,Baghlan -> Dahana-e-Ghori,Baghlan,35.8042947,69.2877535
21,Samangan -> Ruy-e-Duab,Samangan,35.9807296,67.5708536
22,Takhar -> Rostaq,Takhar,36.6698013,69.4784541
23,Baghlan -> Dehsalah,Baghlan,35.8042947,69.2877535
24,Laghman -> Alingar,Laghman,34.6897687,70.1455805
25,Badakhshan -> Kofab,Badakhshan,36.7347725,70.8119953
26,Balkh -> Shortepa,Balkh,36.8909158,67.1894488
27,Kunar -> Asadabad,Kunar,34.8465893,71.097317
28,Balkh -> Zari,Balkh,36.8909158,67.1894488
29,Takhar -> Darqad,Takhar,36.6698013,69.4784541
30,Jawzjan -> Aqcha,Jawzjan,36.8969692,65.6658568
31,Balkh -> Charbulak,Balkh,36.8909158,67.1894488
32,Laghman -> Qarghayi,Laghman,34.6897687,70.1455805
33,Badakhshan -> Shaki,Badakhshan,36.7347725,70.8119953
34,Nangarhar -> Pachieragam,Nangarhar,34.1718313,70.6216794
35,Kunar -> Khaskunar,Kunar,34.8465893,71.097317
36,Takhar -> Hazarsumuch,Takhar,36.6698013,69.4784541
37,Jawzjan -> Khanaqa,Jawzjan,36.8969692,65.6658568
38,Balkh -> Keshendeh,Balkh,36.8909158,67.1894488
39,Badakhshan -> Baharak,Badakhshan,36.7347725,70.8119953
40,Balkh -> Marmul,Balkh,36.8909158,67.1894488
41,Takhar -> Farkhar,Takhar,36.6698013,69.4784541
42,Samangan -> Dara-e- Suf-e- Payin,Samangan,35.9807296,67.5708536
43,Sar-e-Pul -> Sar-e-Pul,Sar-e-Pul,35.6707473,66.0463534
44,Balkh -> Chemtal,Balkh,36.8909158,67.1894488
45,Laghman -> Dawlatshah,Laghman,34.6897687,70.1455805
46,Laghman -> Alishang,Laghman,34.6897687,70.1455805
47,Balkh -> Dawlatabad,Balkh,36.8909158,67.1894488
48,Kunar -> Dangam,Kunar,34.8465893,71.097317
49,Baghlan -> Andarab,Baghlan,35.8042947,69.2877535
50,Faryab -> Dawlatabad,Faryab,36.0795613,64.905955
51,Nuristan -> Kamdesh,Nuristan,35.3250223,70.9071236
52,Kunar -> Nari,Kunar,34.8465893,71.097317
53,Laghman -> Mehtarlam,Laghman,34.6897687,70.1455805
54,Kunar -> Barkunar,Kunar,34.8465893,71.097317
55,Takhar -> Eshkashem,Takhar,36.6698013,69.4784541
56,Balkh -> Sharak-e-Hayratan,Balkh,36.8909158,67.1894488
57,Baghlan -> Doshi,Baghlan,35.8042947,69.2877535
58,Baghlan -> Pul-e- khumri,Baghlan,35.8042947,69.2877535
59,Kunar -> Watapur,Kunar,34.8465893,71.097317
60,Nangarhar -> Lalpur,Nangarhar,34.1718313,70.6216794
61,Kunar -> Chawkay,Kunar,34.8465893,71.097317
62,Baghlan -> Pul-e-Hesar,Baghlan,35.8042947,69.2877535
63,Jawzjan -> Darzab,Jawzjan,36.8969692,65.6658568
64,Sar-e-Pul -> Gosfandi,Sar-e-Pul,35.6707473,66.0463534
65,Kunar -> Dara-e-Pech,Kunar,34.8465893,71.097317
66,Nangarhar -> Durbaba,Nangarhar,34.1718313,70.6216794
67,Baghlan -> Baghlan-e-Jadid,Baghlan,35.8042947,69.2877535
68,Sar-e-Pul -> Sancharak(sangchark),Sar-e-Pul,35.6707473,66.0463534
69,Nangarhar -> Batikot,Nangarhar,34.1718313,70.6216794
70,Balkh -> Charkent,Balkh,36.8909158,67.1894488
71,Jawzjan -> Qushtepa,Jawzjan,36.8969692,65.6658568
72,Takhar -> Khwajabahawuddin,Takhar,36.6698013,69.4784541
73,Nangarhar -> Sherzad,Nangarhar,34.1718313,70.6216794
74,Nangarhar -> Shinwar,Nangarhar,34.1718313,70.6216794
75,Balkh -> Sholgareh,Balkh,36.8909158,67.1894488
76,Nangarhar -> Achin,Nangarhar,34.1718313,70.6216794
77,Nuristan -> Nurgeram,Nuristan,35.3250223,70.9071236
78,Nangarhar -> Chaparhar,Nangarhar,34.1718313,70.6216794
79,Kunduz -> Khanabad,Kunduz,36.8599307,68.7154975
80,Takhar -> Khwajaghar,Takhar,36.6698013,69.4784541
81,Samangan -> Dara-e Suf-e-Bala,Samangan,35.9807296,67.5708536
82,Faryab -> Shirintagab,Faryab,36.0795613,64.905955
83,Faryab -> Qorghan,Faryab,36.0795613,64.905955
84,Nangarhar -> Surkhrod,Nangarhar,34.1718313,70.6216794
85,Nangarhar -> Muhmand Dara,Nangarhar,34.1718313,70.6216794
86,Nangarhar -> Hesarak,Nangarhar,34.1718313,70.6216794
87,Kunduz -> Kunduz,Kunduz,36.8599307,68.7154975
88,Nangarhar -> Khogyani,Nangarhar,34.1718313,70.6216794
89,Samangan -> Feroznakhchir,Samangan,35.9807296,67.5708536
90,Nangarhar -> Nazyan,Nangarhar,34.1718313,70.6216794
91,Samangan -> Khuram Wa Sarbagh,Samangan,35.9807296,67.5708536
92,Samangan -> Aybak,Samangan,35.9807296,67.5708536
93,Sar-e-Pul -> Sayad,Sar-e-Pul,35.6707473,66.0463534
94,Takhar -> Taloqan,Takhar,36.6698013,69.4784541
95,Sar-e-Pul -> Sozmaqala,Sar-e-Pul,35.6707473,66.0463534
96,Faryab -> Qaramqol,Faryab,36.0795613,64.905955
97,Baghlan -> Khenjan,Baghlan,35.8042947,69.2877535
98,Wardak -> Chak,Wardak,34.3513494,68.2385339
99,Parwan -> Shinwari,Parwan,34.9630977,68.8108849
100,Wardak -> Nerkh,Wardak,34.3513494,68.2385339
101,Kandahar -> Reg,Kandahar,30.9960679,65.475736
102,Hilmand -> Deh-e-shu,Hilmand,31.3636474,63.9586111
103,Kabul -> Chaharasyab,Kabul,34.533333,69.166667
104,Hilmand -> Washer,Hilmand,31.3636474,63.9586111
105,Kabul -> Surobi,Kabul,34.533333,69.166667
106,Hilmand -> Reg,Hilmand,31.3636474,63.9586111
107,Kandahar -> Daman,Kandahar,30.9960679,65.475736
108,Kapisa -> Tagab,Kapisa,34.9810572,69.6214562
109,Logar -> Pul-e- Alam,Logar,34.0145518,69.1923916
110,Logar -> Mohammadagha,Logar,34.0145518,69.1923916
111,Kandahar -> Shorabak,Kandahar,30.9960679,65.475736
112,Kandahar -> Panjwayi,Kandahar,30.9960679,65.475736
113,Hilmand -> Sangin,Hilmand,31.3636474,63.9586111
114,Uruzgan -> Khasuruzgan,Uruzgan,32.9271287,66.1415263
115,Nimroz -> Kang,Nimroz,31.0261488,62.4504154
116,Parwan -> Shekhali,Parwan,34.9630977,68.8108849
117,Parwan -> Koh-e- Safi,Parwan,34.9630977,68.8108849
118,Kabul -> Musayi,Kabul,34.533333,69.166667
119,Panjsher -> Paryan,Panjsher,35.883333,69.116667
120,Uruzgan -> Shahid-e-Hassas,Uruzgan,32.9271287,66.1415263
121,Hilmand -> Garmser,Hilmand,31.3636474,63.9586111
122,Zabul -> Qalat,Zabul,32.1918782,67.1894488
123,Kabul -> Khak-e- Jabbar,Kabul,34.533333,69.166667
124,Hilmand -> Nawzad,Hilmand,31.3636474,63.9586111
125,Hilmand -> Lashkargah,Hilmand,31.3636474,63.9586111
126,Kandahar -> Miyanshin,Kandahar,30.9960679,65.475736
127,Hilmand -> Nawa-e-Barakzaiy,Hilmand,31.3636474,63.9586111
128,Nimroz -> Zaranj,Nimroz,31.0261488,62.4504154
129,Kandahar -> Arghandab,Kandahar,30.9960679,65.475736
130,Kandahar -> Maywand,Kandahar,30.9960679,65.475736
131,Uruzgan -> Tirinkot,Uruzgan,32.9271287,66.1415263
132,Zabul -> Tarnak Wa Jaldak,Zabul,32.1918782,67.1894488
133,Kapisa -> Nejrab,Kapisa,34.9810572,69.6214562
134,Uruzgan -> Dehrawud,Uruzgan,32.9271287,66.1415263
135,Kandahar -> Nesh,Kandahar,30.9960679,65.475736
136,Nimroz -> Charburjak,Nimroz,31.0261488,62.4504154
137,Hilmand -> Nad-e-Ali,Hilmand,31.3636474,63.9586111
138,Kandahar -> Shahwalikot,Kandahar,30.9960679,65.475736
139,Wardak -> Maydanshahr,Wardak,34.3513494,68.2385339
140,Kandahar -> Khakrez,Kandahar,30.9960679,65.475736
141,Hilmand -> Musaqalah,Hilmand,31.3636474,63.9586111
142,Hilmand -> Nahr-e-Saraj,Hilmand,31.3636474,63.9586111
143,Wardak -> Saydabad,Wardak,34.3513494,68.2385339
144,Kandahar -> Maruf,Kandahar,30.9960679,65.475736
145,Hilmand -> Kajaki,Hilmand,31.3636474,63.9586111
146,Kandahar -> Spinboldak,Kandahar,30.9960679,65.475736
147,Kandahar -> Zheray,Kandahar,30.9960679,65.475736
148,Uruzgan -> Chora,Uruzgan,32.9271287,66.1415263
149,Kandahar -> Ghorak,Kandahar,30.9960679,65.475736
150,Nimroz -> Khashrod,Nimroz,31.0261488,62.4504154
151,Kandahar -> Arghestan,Kandahar,30.9960679,65.475736
152,Nangarhar,Nangarhar,34.1718313,70.6216794
153,Hirat,Hirat,34.341944,62.203056
154,Badakhshan -> Eshkmesh,Badakhshan,36.7347725,70.8119953
155,Badakhshan -> Keshem,Badakhshan,36.7347725,70.8119953
156,Badakhshan -> Fayzabad,Badakhshan,36.7347725,70.8119953
157,Baghlan -> Fereng Wa Gharu,Baghlan,35.8042947,69.2877535
158,Badakhshan -> Kohestan,Badakhshan,36.7347725,70.8119953
159,Takhar -> Chal,Takhar,36.6698013,69.4784541
160,Badakhshan -> Yawan,Badakhshan,36.7347725,70.8119953
161,Takhar -> Chahab,Takhar,36.6698013,69.4784541
162,Takhar -> Namakab,Takhar,36.6698013,69.4784541
163,Kabul -> Bagrami,Kabul,34.533333,69.166667
164,Kunar -> Sarkani,Kunar,34.8465893,71.097317
165,Khost -> Mandozayi,Khost,33.3585079,69.8597406
166,Khost -> Gurbuz,Khost,33.3585079,69.8597406
167,Khost -> Khost(Matun),Khost,33.3585079,69.8597406
168,Ghor -> DoLayna,Ghor,34.0995776,64.905955
169,Ghor -> Dawlatyar,Ghor,34.0995776,64.905955
170,Ghor -> Chaghcharan,Ghor,34.0995776,64.905955
171,Ghor -> Shahrak,Ghor,34.0995776,64.905955
172,Baghlan,Baghlan,35.8042947,69.2877535
173,Bamyan,Bamyan,34.9073296,67.1894488
174,Kapisa,Kapisa,34.9810572,69.6214562
175,Daykundi,Daykundi,33.669495,66.0463534
176,Badakhshan,Badakhshan,36.7347725,70.8119953
177,Nimroz,Nimroz,31.0261488,62.4504154
178,Kandahar,Kandahar,30.9960679,65.475736
179,Hilmand,Hilmand,31.3636474,63.9586111
180,Khost,Khost,33.3585079,69.8597406
181,Farah,Farah,32.495328,62.2626627
182,Jawzjan,Jawzjan,36.8969692,65.6658568
183,Paktya,Paktya,33.706199,69.3831079
184,Badghis,Badghis,35.1671339,63.7695384
185,Balkh,Balkh,36.8909158,67.1894488
186,Kabul,Kabul,34.533333,69.166667
187,Logar,Logar,34.0145518,69.1923916
188,Takhar,Takhar,36.6698013,69.4784541
189,Faryab,Faryab,36.0795613,64.905955
190,Parwan,Parwan,34.9630977,68.8108849
191,Panjsher,Panjsher,35.883333,69.116667
192,Ghor,Ghor,34.0995776,64.905955
193,Wardak,Wardak,34.3513494,68.2385339
194,Kunduz,Kunduz,36.8599307,68.7154975
195,Ghazni,Ghazni,33.55,68.416667
196,Laghman,Laghman,34.6897687,70.1455805
197,Uruzgan,Uruzgan,32.9271287,66.1415263
198,Kunar,Kunar,34.8465893,71.097317
199,Samangan,Samangan,35.9807296,67.5708536
200,Nuristan,Nuristan,35.3250223,70.9071236
201,Zabul,Zabul,32.1918782,67.1894488
202,Paktika,Paktika,32.2645386,68.5247149
203,Sar-e-Pul,Sar-e-Pul,35.6707473,66.0463534
204,Farah -> Khak-e-Safed,Farah,32.495328,62.2626627
205,Paktya -> Chamkani,Paktya,33.706199,69.3831079
206,Paktya -> Ahmadaba,Paktya,33.706199,69.3831079
207,Farah -> Gulestan,Farah,32.495328,62.2626627
208,Paktya -> Janikhel,Paktya,33.706199,69.3831079
209,Farah -> Balabuluk,Farah,32.495328,62.2626627
210,Paktya -> Gardez,Paktya,33.706199,69.3831079
211,Farah -> Pushtrod,Farah,32.495328,62.2626627
212,Paktya -> Sayedkaram,Paktya,33.706199,69.3831079
213,Farah -> Bakwa,Farah,32.495328,62.2626627
214,Paktya -> Zurmat,Paktya,33.706199,69.3831079
215,Paktya -> Alikhel (Jaji),Paktya,33.706199,69.3831079
216,Ghazni -> Andar,Ghazni,33.55,68.416667
217,Parwan -> Ghorband,Parwan,34.9630977,68.8108849
218,Ghazni -> Ghazni,Ghazni,33.55,68.416667
219,Faryab -> Qaysar,Faryab,36.0795613,64.905955
220,Kunduz -> Dasht-e-Archi,Kunduz,36.8599307,68.7154975
221,Faryab -> Almar,Faryab,36.0795613,64.905955
222,Paktika -> Bermel,Paktika,32.2645386,68.5247149
223,Paktika -> Urgun,Paktika,32.2645386,68.5247149
224,Kapisa -> Alasay,Kapisa,34.9810572,69.6214562
225,Logar -> Barakibarak,Logar,34.0145518,69.1923916
226,Zabul -> Shahjoy,Zabul,32.1918782,67.1894488
227,Logar -> Charkh,Logar,34.0145518,69.1923916
228,Wardak -> Jaghatu,Wardak,34.3513494,68.2385339
229,Hirat -> Herat,Hirat,34.341944,62.203056
230,Balkh -> Mazar-e-Sharif,Balkh,36.8909158,67.1894488
231,Kabul -> Qarabagh,Kabul,34.533333,69.166667
232,Kabul -> Dehsabz,Kabul,34.533333,69.166667
233,Nangarhar -> Goshta,Nangarhar,34.1718313,70.6216794
234,Ghazni -> Waghaz,Ghazni,33.55,68.416667
235,Faryab -> Bilcheragh,Faryab,36.0795613,64.905955
236,Faryab -> Garziwan,Faryab,36.0795613,64.905955
237,Ghazni -> Giro,Ghazni,33.55,68.416667
238,Ghazni -> Walimuhammad-e- Shahid,Ghazni,33.55,68.416667
239,Kunduz -> Chardarah,Kunduz,36.8599307,68.7154975
240,Ghazni -> Muqur,Ghazni,33.55,68.416667
241,Faryab -> Pashtunkot,Faryab,36.0795613,64.905955
242,Kunduz -> Qala-e-Zal,Kunduz,36.8599307,68.7154975
243,Kunar -> Ghaziabad,Kunar,34.8465893,71.097317
244,Zabul -> Daychopan,Zabul,32.1918782,67.1894488
245,Kunar -> Marawara,Kunar,34.8465893,71.097317
246,Kunar -> Shigal Wa sheltan,Kunar,34.8465893,71.097317
247,Badghis -> Muqur,Badghis,35.1671339,63.7695384
248,Badghis -> Qala-e-Naw,Badghis,35.1671339,63.7695384
249,Badghis -> Abkamari,Badghis,35.1671339,63.7695384
250,Badghis -> Qadis,Badghis,35.1671339,63.7695384
251,Hirat -> Guzara,Hirat,34.341944,62.203056
252,Hirat -> Injil,Hirat,34.341944,62.203056
253,Badghis -> Jawand,Badghis,35.1671339,63.7695384
254,Badghis -> Balamurghab,Badghis,35.1671339,63.7695384
255,Farah -> Farah,Farah,32.495328,62.2626627
256,Nuristan -> Poruns,Nuristan,35.3250223,70.9071236
257,Takhar -> Baharak,Takhar,36.6698013,69.4784541
258,Takhar -> Bangi,Takhar,36.6698013,69.4784541
259,Nuristan -> Wama,Nuristan,35.3250223,70.9071236
260,Zabul -> Mizan,Zabul,32.1918782,67.1894488
261,Daykundi -> Gizab,Daykundi,33.669495,66.0463534
262,Badakhshan -> Zebak,Badakhshan,36.7347725,70.8119953
263,Badakhshan -> Teshkan,Badakhshan,36.7347725,70.8119953
264,Badakhshan -> Yaftal-e-Sufla,Badakhshan,36.7347725,70.8119953
265,Badakhshan -> Arghanjkhwa,Badakhshan,36.7347725,70.8119953
266,Jawzjan -> Mingajik,Jawzjan,36.8969692,65.6658568
267,Jawzjan -> Fayzabad,Jawzjan,36.8969692,65.6658568
268,Jawzjan -> Shiberghan,Jawzjan,36.8969692,65.6658568
269,Jawzjan -> Khwajadukoh,Jawzjan,36.8969692,65.6658568
270,Jawzjan -> Qarqin,Jawzjan,36.8969692,65.6658568
271,Badakhshan -> Wakhan,Badakhshan,36.7347725,70.8119953
272,Zabul -> Shomulzay,Zabul,32.1918782,67.1894488
273,Farah -> Lash-e-Juwayn,Farah,32.495328,62.2626627
274,Badakhshan -> Warduj,Badakhshan,36.7347725,70.8119953
275,Farah -> Shibkoh,Farah,32.495328,62.2626627
276,Nuristan -> Mandol,Nuristan,35.3250223,70.9071236
277,Samangan -> Hazrat-e- Sultan,Samangan,35.9807296,67.5708536
278,Hirat -> Zindajan,Hirat,34.341944,62.203056
279,Hirat -> Gulran,Hirat,34.341944,62.203056
280,Hirat -> Kushk,Hirat,34.341944,62.203056
281,Hirat -> Kushk-e-Kohna,Hirat,34.341944,62.203056
282,Hirat -> Adraskan,Hirat,34.341944,62.203056
283,Ghor -> Taywarah,Ghor,34.0995776,64.905955
284,Ghor -> Lal Wa Sarjangal,Ghor,34.0995776,64.905955
285,Badghis -> Ghormach,Badghis,35.1671339,63.7695384
286,Faryab -> Maymana,Faryab,36.0795613,64.905955
287,Faryab -> Andkhoy,Faryab,36.0795613,64.905955
288,Hirat -> Karukh,Hirat,34.341944,62.203056
289,Kunduz -> Aliabad,Kunduz,36.8599307,68.7154975
290,Faryab -> Kohestan,Faryab,36.0795613,64.905955
291,Ghazni -> Gelan,Ghazni,33.55,68.416667
292,Ghazni -> Qarabagh,Ghazni,33.55,68.416667
293,Hirat -> Shindand,Hirat,34.341944,62.203056
294,Paktika -> Janikhel,Paktika,32.2645386,68.5247149
295,Paktika -> Ziruk,Paktika,32.2645386,68.5247149
296,Ghazni -> Dehyak,Ghazni,33.55,68.416667
297,Baghlan -> Burka,Baghlan,35.8042947,69.2877535
298,Ghazni -> Ajrestan,Ghazni,33.55,68.416667
299,Ghor -> Pasaband,Ghor,34.0995776,64.905955
300,Kandahar -> Takhta Pul,Kandahar,30.9960679,65.475736
301,Kunar -> Chapadara,Kunar,34.8465893,71.097317
302,Nangarhar -> Kot,Nangarhar,34.1718313,70.6216794
303,Nangarhar -> Dehbala,Nangarhar,34.1718313,70.6216794
304,Bamyan -> Sayghan,Bamyan,34.9073296,67.1894488
305,Bamyan -> Shibar,Bamyan,34.9073296,67.1894488
306,Nimroz -> Chakhansur,Nimroz,31.0261488,62.4504154
307,Bamyan -> Panjab,Bamyan,34.9073296,67.1894488
308,Bamyan -> Bamyan,Bamyan,34.9073296,67.1894488
309,Bamyan -> Waras,Bamyan,34.9073296,67.1894488
310,Daykundi -> Shahrestan,Daykundi,33.669495,66.0463534
311,Ghor -> Charsadra,Ghor,34.0995776,64.905955
312,Ghor -> Tolak,Ghor,34.0995776,64.905955
313, Hirat > Injil,Hirat,34.341944,62.203056
314, Badghis > Qala-e-Naw,Badghis,35.1671339,63.7695384
315, Badghis > Muqur,Badghis,35.1671339,63.7695384
316, Wardak > Maydanshahr,Wardak,34.3513494,68.2385339
317, Kabul > Kabul,Kabul,34.533333,69.166667
318, Paktya > Gardez,Paktya,33.706199,69.3831079
319, Logar > Barakibarak,Logar,34.0145518,69.1923916
320, Wardak > Saydabad,Wardak,34.3513494,68.2385339
321, Kabul > Mirbachakot,Kabul,34.533333,69.166667
322, Parwan > Ghorband,Parwan,34.9630977,68.8108849
323, Laghman > Mehtarlam,Laghman,34.6897687,70.1455805
324, Logar > Charkh,Logar,34.0145518,69.1923916
325, Kapisa > Tagab,Kapisa,34.9810572,69.6214562
326, Ghazni > Ghazni,Ghazni,33.55,68.416667
327, Logar > Pul-e- Alam,Logar,34.0145518,69.1923916
328, Ghazni > Andar,Ghazni,33.55,68.416667
329, Uruzgan > Tirinkot,Uruzgan,32.9271287,66.1415263
330, Ghazni,Ghazni,33.55,68.416667
331, Nimroz,Nimroz,31.0261488,62.4504154
332, Ghor > Lal Wa Sarjangal,Ghor,34.0995776,64.905955
333, Khost,Khost,33.3585079,69.8597406
334, Nangarhar > Jalalabad,Nangarhar,34.1718313,70.6216794
335, Paktika > Sharan,Paktika,32.2645386,68.5247149
336, Hilmand > Lashkargah,Hilmand,31.3636474,63.9586111
337, Ghor > Chaghcharan,Ghor,34.0995776,64.905955
338, Daykundi > Nili,Daykundi,33.669495,66.0463534
339, Faryab > Maymana,Faryab,36.0795613,64.905955
340, Kunduz > Kunduz,Kunduz,36.8599307,68.7154975
341, Nangarhar > Kama,Nangarhar,34.1718313,70.6216794
342, Nangarhar > Chaparhar,Nangarhar,34.1718313,70.6216794
343, Kunduz > Aliabad,Kunduz,36.8599307,68.7154975
344, Nangarhar > Behsud,Nangarhar,34.1718313,70.6216794
345, Kunduz > Khanabad,Kunduz,36.8599307,68.7154975
346, Kunduz > Emamsaheb,Kunduz,36.8599307,68.7154975
347, Nangarhar > Goshta,Nangarhar,34.1718313,70.6216794
348, Nangarhar > Surkhrod,Nangarhar,34.1718313,70.6216794
349, Takhar > Dasht-e- Qala,Takhar,36.6698013,69.4784541
350, Takhar > Taloqan,Takhar,36.6698013,69.4784541
351, Badakhshan > Keshem,Badakhshan,36.7347725,70.8119953
352, Takhar > Namakab,Takhar,36.6698013,69.4784541
353, Takhar > Chahab,Takhar,36.6698013,69.4784541
354, Takhar > Yangi Qala,Takhar,36.6698013,69.4784541
355, Takhar > Baharak,Takhar,36.6698013,69.4784541
356, Badakhshan > Fayzabad,Badakhshan,36.7347725,70.8119953
357, Badakhshan > Baharak,Badakhshan,36.7347725,70.8119953
358, Takhar > Eshkashem,Takhar,36.6698013,69.4784541
359, Badghis > Balamurghab,Badghis,35.1671339,63.7695384
360, Bamyan > Yakawlang,Bamyan,34.9073296,67.1894488
361, Bamyan > Bamyan,Bamyan,34.9073296,67.1894488
362, Ghor > Dawlatyar,Ghor,34.0995776,64.905955
363, Hilmand > Nad-e-Ali,Hilmand,31.3636474,63.9586111
364, Baghlan > Burka,Baghlan,35.8042947,69.2877535
365, Baghlan > Nahrin,Baghlan,35.8042947,69.2877535
366, Faryab > Garziwan,Faryab,36.0795613,64.905955
367, Samangan > Dara-e Suf-e-Bala,Samangan,35.9807296,67.5708536
368, Baghlan > Pul-e-Hesar,Baghlan,35.8042947,69.2877535
369, Baghlan > Dehsalah,Baghlan,35.8042947,69.2877535
370, Samangan > Dara-e- Suf-e- Payin,Samangan,35.9807296,67.5708536
371, Baghlan > Pul-e- khumri,Baghlan,35.8042947,69.2877535
372, Baghlan > Baghlan-e-Jadid,Baghlan,35.8042947,69.2877535
373, Faryab > Qaysar,Faryab,36.0795613,64.905955
374, Samangan > Khuram Wa Sarbagh,Samangan,35.9807296,67.5708536
375, Samangan > Aybak,Samangan,35.9807296,67.5708536
376, Nuristan > Wama,Nuristan,35.3250223,70.9071236
377, Laghman > Alishang,Laghman,34.6897687,70.1455805
378, Kunar > Watapur,Kunar,34.8465893,71.097317
379, Nuristan > Poruns,Nuristan,35.3250223,70.9071236
380, Nangarhar > Khogyani,Nangarhar,34.1718313,70.6216794
381, Kunar > Chapadara,Kunar,34.8465893,71.097317
382, Jawzjan > Aqcha,Jawzjan,36.8969692,65.6658568
383, Jawzjan > Khwajadukoh,Jawzjan,36.8969692,65.6658568
384, Jawzjan > Shiberghan,Jawzjan,36.8969692,65.6658568
385, Kabul > Dehsabz,Kabul,34.533333,69.166667
386, Kabul > Bagrami,Kabul,34.533333,69.166667
387, Kabul > Chaharasyab,Kabul,34.533333,69.166667
388, Hirat > Karukh,Hirat,34.341944,62.203056
389, Hirat > Guzara,Hirat,34.341944,62.203056
390, Hirat > Kushk,Hirat,34.341944,62.203056
391, Daykundi > Ashtarlay,Daykundi,33.669495,66.0463534
392, Daykundi > Sang-e-Takht,Daykundi,33.669495,66.0463534
393, Bamyan > Waras,Bamyan,34.9073296,67.1894488
394, Bamyan > Panjab,Bamyan,34.9073296,67.1894488
395, Daykundi > Kajran,Daykundi,33.669495,66.0463534
396, Bamyan > Kahmard,Bamyan,34.9073296,67.1894488
397, Daykundi > Khadir,Daykundi,33.669495,66.0463534
398, Daykundi > kiti,Daykundi,33.669495,66.0463534
399, Daykundi > Shahrestan,Daykundi,33.669495,66.0463534
400, Daykundi > Miramor,Daykundi,33.669495,66.0463534
401, Paktika > Sarobi,Paktika,32.2645386,68.5247149
402, Paktika > Urgun,Paktika,32.2645386,68.5247149
403, Kunar > Chawkay,Kunar,34.8465893,71.097317
404, Kunar > Dara-e-Pech,Kunar,34.8465893,71.097317
405, Kunar > Narang,Kunar,34.8465893,71.097317
406, Nangarhar > Rodat,Nangarhar,34.1718313,70.6216794
407, Nangarhar > Kot,Nangarhar,34.1718313,70.6216794
408, Nangarhar > Sherzad,Nangarhar,34.1718313,70.6216794
409, Kunar > Sarkani,Kunar,34.8465893,71.097317
410, Balkh > Balkh,Balkh,36.8909158,67.1894488
411, Kandahar > Kandahar,Kandahar,30.9960679,65.475736
412, Hirat > Herat,Hirat,34.341944,62.203056
413, Balkh > Mazar-e-Sharif,Balkh,36.8909158,67.1894488
414, Badakhshan > Yaftal-e-Sufla,Badakhshan,36.7347725,70.8119953
415, Sar-e-Pul > Gosfandi,Sar-e-Pul,35.6707473,66.0463534
416, Badakhshan > Yawan,Badakhshan,36.7347725,70.8119953
417, Badakhshan > Teshkan,Badakhshan,36.7347725,70.8119953
418, Faryab > Andkhoy,Faryab,36.0795613,64.905955
419, Sar-e-Pul > Sayad,Sar-e-Pul,35.6707473,66.0463534
420, Badakhshan > Shahr-e-Buzorg,Badakhshan,36.7347725,70.8119953
421, Faryab > Qorghan,Faryab,36.0795613,64.905955
422, Faryab > Khan-e-Char Bagh,Faryab,36.0795613,64.905955
423, Badakhshan > Jorm,Badakhshan,36.7347725,70.8119953
424, Faryab > Pashtunkot,Faryab,36.0795613,64.905955
425, Sar-e-Pul > Sar-e-Pul,Sar-e-Pul,35.6707473,66.0463534
426, Faryab > Qaramqol,Faryab,36.0795613,64.905955
427, Faryab > Shirintagab,Faryab,36.0795613,64.905955
428, Sar-e-Pul > Sancharak(sangchark),Sar-e-Pul,35.6707473,66.0463534
429, Sar-e-Pul > Sozmaqala,Sar-e-Pul,35.6707473,66.0463534
430, Badakhshan > Warduj,Badakhshan,36.7347725,70.8119953
431, Samangan > Feroznakhchir,Samangan,35.9807296,67.5708536
432, Samangan > Hazrat-e- Sultan,Samangan,35.9807296,67.5708536
433, Badghis > Qadis,Badghis,35.1671339,63.7695384
434, Hirat > Gulran,Hirat,34.341944,62.203056
435, Badghis > Jawand,Badghis,35.1671339,63.7695384
436, Hirat > Ghoryan,Hirat,34.341944,62.203056
437, Hirat > Kushk-e-Kohna,Hirat,34.341944,62.203056
438, Hirat > Pashtunzarghun,Hirat,34.341944,62.203056
439, Hirat > Obe,Hirat,34.341944,62.203056
440, Badghis > Abkamari,Badghis,35.1671339,63.7695384
441, Ghor > Tolak,Ghor,34.0995776,64.905955
442, Ghor > Shahrak,Ghor,34.0995776,64.905955
443, Ghor > DoLayna,Ghor,34.0995776,64.905955
444, Nimroz > Chakhansur,Nimroz,31.0261488,62.4504154
445, Nimroz > Kang,Nimroz,31.0261488,62.4504154
446, Farah > Shibkoh,Farah,32.495328,62.2626627
447, Farah > Farah,Farah,32.495328,62.2626627
448, Nimroz > Zaranj,Nimroz,31.0261488,62.4504154
449, Nimroz > Khashrod,Nimroz,31.0261488,62.4504154
450, Farah > Qala-e-Kah,Farah,32.495328,62.2626627
451, Farah > Anardara,Farah,32.495328,62.2626627
452, Kandahar > Spinboldak,Kandahar,30.9960679,65.475736
453, Wardak > Nerkh,Wardak,34.3513494,68.2385339
454, Kandahar > Zheray,Kandahar,30.9960679,65.475736
455, Kandahar > Maywand,Kandahar,30.9960679,65.475736
456, Kandahar > Reg,Kandahar,30.9960679,65.475736
457, Kandahar > Arghandab,Kandahar,30.9960679,65.475736
458, Nuristan > Kamdesh,Nuristan,35.3250223,70.9071236
459, Nuristan > Nurgeram,Nuristan,35.3250223,70.9071236
460, Nuristan > Waygal,Nuristan,35.3250223,70.9071236
461, Nuristan > Duab,Nuristan,35.3250223,70.9071236
462, Hilmand > Nahr-e-Saraj,Hilmand,31.3636474,63.9586111
463, Wardak > Jaghatu,Wardak,34.3513494,68.2385339
464, Farah > Bakwa,Farah,32.495328,62.2626627
465, Hilmand > Garmser,Hilmand,31.3636474,63.9586111
466, Kunar > Ghaziabad,Kunar,34.8465893,71.097317
467, Laghman > Alingar,Laghman,34.6897687,70.1455805
468, Hilmand > Sangin,Hilmand,31.3636474,63.9586111
469, Zabul > Shahjoy,Zabul,32.1918782,67.1894488
470, Nangarhar > Batikot,Nangarhar,34.1718313,70.6216794
471, Uruzgan > Dehrawud,Uruzgan,32.9271287,66.1415263
472, Logar > Mohammadagha,Logar,34.0145518,69.1923916
473, Badakhshan > Darwaz,Badakhshan,36.7347725,70.8119953
474, Badakhshan > Khwahan,Badakhshan,36.7347725,70.8119953
475, Ghor > Charsadra,Ghor,34.0995776,64.905955
476, Badakhshan > Argo,Badakhshan,36.7347725,70.8119953
477, Badakhshan > Raghestan,Badakhshan,36.7347725,70.8119953
478, Badakhshan > Darayem,Badakhshan,36.7347725,70.8119953
479, Badakhshan > Tagab,Badakhshan,36.7347725,70.8119953
480, Badakhshan > Shighnan,Badakhshan,36.7347725,70.8119953
481, Kandahar > Khakrez,Kandahar,30.9960679,65.475736
482, Kandahar > Miyanshin,Kandahar,30.9960679,65.475736
483, Badakhshan > Wakhan,Badakhshan,36.7347725,70.8119953
484, Ghazni > Giro,Ghazni,33.55,68.416667
485, Ghazni > Rashidan,Ghazni,33.55,68.416667
486, Ghor > Saghar,Ghor,34.0995776,64.905955
487, Parwan > Shinwari,Parwan,34.9630977,68.8108849
488, Paktika > Sarrawzah(Sarhawzah),Paktika,32.2645386,68.5247149
489, Badakhshan > Koran wa Monjan,Badakhshan,36.7347725,70.8119953
490, Ghazni > Khwajaumari,Ghazni,33.55,68.416667
491, Ghazni > Waghaz,Ghazni,33.55,68.416667
492, Badakhshan > Kofab,Badakhshan,36.7347725,70.8119953
493, Kandahar > Nesh,Kandahar,30.9960679,65.475736
494, Khost > Mandozayi,Khost,33.3585079,69.8597406
495, Ghazni > Abband,Ghazni,33.55,68.416667
496, Badakhshan > Shaki,Badakhshan,36.7347725,70.8119953
497, Parwan > Koh-e- Safi,Parwan,34.9630977,68.8108849
498, Kandahar > Shorabak,Kandahar,30.9960679,65.475736
499, Ghazni > Malestan,Ghazni,33.55,68.416667
500, Badakhshan > Yamgan,Badakhshan,36.7347725,70.8119953
501, Ghazni > Dehyak,Ghazni,33.55,68.416667
502, Paktika > Janikhel,Paktika,32.2645386,68.5247149
503, Paktika > Bermel,Paktika,32.2645386,68.5247149
504, Ghazni > Jaghatu,Ghazni,33.55,68.416667
505, Ghazni > Gelan,Ghazni,33.55,68.416667
506, Parwan > Shekhali,Parwan,34.9630977,68.8108849
507, Ghazni > Zanakhan,Ghazni,33.55,68.416667
508, Ghazni > Nawa,Ghazni,33.55,68.416667
509, Paktika > Yosufkhel,Paktika,32.2645386,68.5247149
510, Paktya > Janikhel,Paktya,33.706199,69.3831079
511, Paktya > Sayedkaram,Paktya,33.706199,69.3831079
512, Paktya > Shawak,Paktya,33.706199,69.3831079
513, Paktya > Alikhel (Jaji),Paktya,33.706199,69.3831079
514, Parwan > Jabalussaraj,Parwan,34.9630977,68.8108849
515, Parwan > Saydkhel,Parwan,34.9630977,68.8108849
516, Parwan > Charikar,Parwan,34.9630977,68.8108849
517, Khost > Khost(Matun),Khost,33.3585079,69.8597406
518, Parwan > Surkh-e- Parsa,Parwan,34.9630977,68.8108849
519, Paktya > Dand wa Patan,Paktya,33.706199,69.3831079
520, Ghazni > Qarabagh,Ghazni,33.55,68.416667
521, Paktya > Lija Ahmad Khel,Paktya,33.706199,69.3831079
522, Khost > Tani,Khost,33.3585079,69.8597406
523, Khost > Terezayi,Khost,33.3585079,69.8597406
524, Khost > Sabari,Khost,33.3585079,69.8597406
525, Ghazni > Jaghuri,Ghazni,33.55,68.416667
526, Parwan > Bagram,Parwan,34.9630977,68.8108849
527, Paktika > Omna,Paktika,32.2645386,68.5247149
528, Badakhshan > Eshkmesh,Badakhshan,36.7347725,70.8119953
529, Ghazni > Walimuhammad-e- Shahid,Ghazni,33.55,68.416667
530, Badakhshan > Kohestan,Badakhshan,36.7347725,70.8119953
531, Ghazni > Ajrestan,Ghazni,33.55,68.416667
532, Paktika > Gyan,Paktika,32.2645386,68.5247149
533, Khost > Spera,Khost,33.3585079,69.8597406
534, Paktika > Matakhan,Paktika,32.2645386,68.5247149
535, Wardak > Hesa-e- Awal-e- Behsud,Wardak,34.3513494,68.2385339
536, Parwan > Salang,Parwan,34.9630977,68.8108849
537, Khost > Nadirshahkot,Khost,33.3585079,69.8597406
538, Khost > Bak,Khost,33.3585079,69.8597406
539, Badakhshan > Darwaz-e-Balla,Badakhshan,36.7347725,70.8119953
540, Paktika > Dila,Paktika,32.2645386,68.5247149
541, Badakhshan > Shuhada,Badakhshan,36.7347725,70.8119953
542, Wardak > Jalrez,Wardak,34.3513494,68.2385339
543, Paktya > Zadran,Paktya,33.706199,69.3831079
544, Paktya > Chamkani,Paktya,33.706199,69.3831079
545, Ghazni > Muqur,Ghazni,33.55,68.416667
546, Badakhshan > Khash,Badakhshan,36.7347725,70.8119953
547, Wardak > Markaz-e-Behsud,Wardak,34.3513494,68.2385339
548, Ghazni > Nawur,Ghazni,33.55,68.416667
549, Hirat > Kohsan,Hirat,34.341944,62.203056
550, Badakhshan > Arghanjkhwa,Badakhshan,36.7347725,70.8119953
551, Wardak > Chak,Wardak,34.3513494,68.2385339
552, Nangarhar > Durbaba,Nangarhar,34.1718313,70.6216794
553, Nangarhar > Muhmand Dara,Nangarhar,34.1718313,70.6216794
554, Nangarhar > Dehbala,Nangarhar,34.1718313,70.6216794
555, Paktya > Zurmat,Paktya,33.706199,69.3831079
556, Faryab > Almar,Faryab,36.0795613,64.905955
557, Faryab > Dawlatabad,Faryab,36.0795613,64.905955
558, Faryab > Khwajasabzposh,Faryab,36.0795613,64.905955
559, Sar-e-Pul > Kohestanat,Sar-e-Pul,35.6707473,66.0463534
560, Kapisa > Alasay,Kapisa,34.9810572,69.6214562
561, Faryab > Kohestan,Faryab,36.0795613,64.905955
562, Jawzjan > Qarqin,Jawzjan,36.8969692,65.6658568
563, Ghor > Taywarah,Ghor,34.0995776,64.905955
564, Nangarhar > Nazyan,Nangarhar,34.1718313,70.6216794
565, Jawzjan > Fayzabad,Jawzjan,36.8969692,65.6658568
566, Jawzjan > Khanaqa,Jawzjan,36.8969692,65.6658568
567, Hilmand > Nawa-e-Barakzaiy,Hilmand,31.3636474,63.9586111
568, Baghlan > Andarab,Baghlan,35.8042947,69.2877535
569, Baghlan > Khenjan,Baghlan,35.8042947,69.2877535
570, Jawzjan > Qushtepa,Jawzjan,36.8969692,65.6658568
571, Nuristan > Mandol,Nuristan,35.3250223,70.9071236
572, Takhar > Khwajabahawuddin,Takhar,36.6698013,69.4784541
573, Takhar > Rostaq,Takhar,36.6698013,69.4784541
574, Nangarhar > Hesarak,Nangarhar,34.1718313,70.6216794
575, Hilmand > Kajaki,Hilmand,31.3636474,63.9586111
576, Balkh > Sharak-e-Hayratan,Balkh,36.8909158,67.1894488
577, Badakhshan > Zebak,Badakhshan,36.7347725,70.8119953
578, Zabul > Tarnak Wa Jaldak,Zabul,32.1918782,67.1894488
579, Balkh > Keshendeh,Balkh,36.8909158,67.1894488
580, Takhar > Kalafgan,Takhar,36.6698013,69.4784541
581, Hilmand > Deh-e-shu,Hilmand,31.3636474,63.9586111
582, Hilmand > Musaqalah,Hilmand,31.3636474,63.9586111
583, Balkh > Marmul,Balkh,36.8909158,67.1894488
584, Kandahar > Maruf,Kandahar,30.9960679,65.475736
585, Balkh > Charkent,Balkh,36.8909158,67.1894488
586, Balkh > Kaldar,Balkh,36.8909158,67.1894488
587, Balkh > Shortepa,Balkh,36.8909158,67.1894488
588, Hilmand > Nawzad,Hilmand,31.3636474,63.9586111
589, Takhar > Bangi,Takhar,36.6698013,69.4784541
590, Takhar > Chal,Takhar,36.6698013,69.4784541
591, Takhar > Hazarsumuch,Takhar,36.6698013,69.4784541
592, Kandahar > Ghorak,Kandahar,30.9960679,65.475736
593, Kabul > Guldara,Kabul,34.533333,69.166667
594, Takhar > Farkhar,Takhar,36.6698013,69.4784541
595, Zabul > Daychopan,Zabul,32.1918782,67.1894488
596, Sar-e-Pul > Balkhab,Sar-e-Pul,35.6707473,66.0463534
597, Hirat > Adraskan,Hirat,34.341944,62.203056
598, Kabul > Estalef,Kabul,34.533333,69.166667
599, Kabul > Musayi,Kabul,34.533333,69.166667
600, Kandahar > Arghestan,Kandahar,30.9960679,65.475736
601, Kabul > Kalakan,Kabul,34.533333,69.166667
602, Faryab > Bilcheragh,Faryab,36.0795613,64.905955
603, Takhar > Darqad,Takhar,36.6698013,69.4784541
604, Hirat > Zindajan,Hirat,34.341944,62.203056
605, Kabul > Qarabagh,Kabul,34.533333,69.166667
606, Kabul > Surobi,Kabul,34.533333,69.166667
607, Kabul > Farza,Kabul,34.533333,69.166667
608, Balkh > Khulm,Balkh,36.8909158,67.1894488
609, Kabul > Khak-e- Jabbar,Kabul,34.533333,69.166667
610, Zabul > Arghandab,Zabul,32.1918782,67.1894488
611, Balkh > Charbulak,Balkh,36.8909158,67.1894488
612, Zabul > Kakar,Zabul,32.1918782,67.1894488
613, Hirat > Chisht-e-Sharif,Hirat,34.341944,62.203056
614, Balkh > Nahr-e- Shahi,Balkh,36.8909158,67.1894488
615, Kunduz > Dasht-e-Archi,Kunduz,36.8599307,68.7154975
616, Kunduz > Qala-e-Zal,Kunduz,36.8599307,68.7154975
617, Balkh > Dehdadi,Balkh,36.8909158,67.1894488
618, Zabul > Mizan,Zabul,32.1918782,67.1894488
619, Kandahar > Shahwalikot,Kandahar,30.9960679,65.475736
620, Nangarhar > Dara-e-Nur,Nangarhar,34.1718313,70.6216794
621, Zabul > Shinkay,Zabul,32.1918782,67.1894488
622, Nangarhar > Shinwar,Nangarhar,34.1718313,70.6216794
623, Nangarhar > Lalpur,Nangarhar,34.1718313,70.6216794
624, Balkh > Sholgareh,Balkh,36.8909158,67.1894488
625, Zabul > Shomulzay,Zabul,32.1918782,67.1894488
626, Takhar > Khwajaghar,Takhar,36.6698013,69.4784541
627, Balkh > Chemtal,Balkh,36.8909158,67.1894488
628, Nangarhar > Achin,Nangarhar,34.1718313,70.6216794
629, Kabul > Shakardara,Kabul,34.533333,69.166667
630, Balkh > Dawlatabad,Balkh,36.8909158,67.1894488
631, Nangarhar > Pachieragam,Nangarhar,34.1718313,70.6216794
632, Balkh > Zari,Balkh,36.8909158,67.1894488
633, Nangarhar > Kuzkunar,Nangarhar,34.1718313,70.6216794
634, Hilmand > Washer,Hilmand,31.3636474,63.9586111
635, Hirat > Shindand,Hirat,34.341944,62.203056
636, Kandahar > Panjwayi,Kandahar,30.9960679,65.475736
637, Kunduz > Chardarah,Kunduz,36.8599307,68.7154975
638, Kabul > Paghman,Kabul,34.533333,69.166667
639, Kandahar > Daman,Kandahar,30.9960679,65.475736
640, Zabul > Qalat,Zabul,32.1918782,67.1894488
641, Uruzgan > Chora,Uruzgan,32.9271287,66.1415263
642, Kandahar > Takhta Pul,Kandahar,30.9960679,65.475736
643, Kunar > Asadabad,Kunar,34.8465893,71.097317
644, Farah > Pushtrod,Farah,32.495328,62.2626627
645, Jawzjan > Mardyan,Jawzjan,36.8969692,65.6658568
646, Daykundi > Gizab,Daykundi,33.669495,66.0463534
647, Jawzjan > Khamyab,Jawzjan,36.8969692,65.6658568
648, Khost > Qalandar,Khost,33.3585079,69.8597406
649, Khost > Jajimaydan,Khost,33.3585079,69.8597406
650, Khost > Shamal,Khost,33.3585079,69.8597406
651, Khost > Gurbuz,Khost,33.3585079,69.8597406
652, Jawzjan > Darzab,Jawzjan,36.8969692,65.6658568
653, Wardak > Daymirdad,Wardak,34.3513494,68.2385339
654, Khost > Musakhel,Khost,33.3585079,69.8597406
655, Jawzjan > Mingajik,Jawzjan,36.8969692,65.6658568
656, Kapisa > Nejrab,Kapisa,34.9810572,69.6214562
657, Kunar > Nurgal,Kunar,34.8465893,71.097317
658, Laghman > Qarghayi,Laghman,34.6897687,70.1455805
659, Kunar > Khaskunar,Kunar,34.8465893,71.097317
660, Kapisa > Mahmud-e- Raqi,Kapisa,34.9810572,69.6214562
661, Paktya > Ahmadaba,Paktya,33.706199,69.3831079
662, Farah > Balabuluk,Farah,32.495328,62.2626627
663, Hirat > Farsi,Hirat,34.341944,62.203056
664, Nimroz > Charburjak,Nimroz,31.0261488,62.4504154
665, Panjsher > Dara,Panjsher,35.883333,69.116667
666, Panjsher > Bazarak,Panjsher,35.883333,69.116667
667, Panjsher > Rukha,Panjsher,35.883333,69.116667
668, Panjsher > Onaba(Anawa),Panjsher,35.883333,69.116667
669, Kapisa > Hisa-e- Duwum-e- Kohestan,Kapisa,34.9810572,69.6214562
670, Kapisa > Hisa-e- Awal-e- Kohestan,Kapisa,34.9810572,69.6214562
671, Kapisa > Kohband,Kapisa,34.9810572,69.6214562
672, Bamyan > Sayghan,Bamyan,34.9073296,67.1894488
673, Bamyan > Shibar,Bamyan,34.9073296,67.1894488
674, Logar > Kharwar,Logar,34.0145518,69.1923916
675, Logar > Khoshi,Logar,34.0145518,69.1923916
676, Paktika > Zarghunshahr,Paktika,32.2645386,68.5247149
677, Paktika > Gomal,Paktika,32.2645386,68.5247149
678, Paktika > Yahyakhel,Paktika,32.2645386,68.5247149
679, Laghman > Dawlatshah,Laghman,34.6897687,70.1455805
680, Kunar > Nari,Kunar,34.8465893,71.097317
681, Zabul > Nawbahar,Zabul,32.1918782,67.1894488
682, Samangan > Ruy-e-Duab,Samangan,35.9807296,67.5708536
683, Ghor > Pasaband,Ghor,34.0995776,64.905955
684, Uruzgan > Shahid-e-Hassas,Uruzgan,32.9271287,66.1415263
685, Farah > Gulestan,Farah,32.495328,62.2626627
686, Farah > Purchaman,Farah,32.495328,62.2626627
687, Farah > Khak-e-Safed,Farah,32.495328,62.2626627
688, Farah > Lash-e-Juwayn,Farah,32.495328,62.2626627
689, Kunar > Shigal Wa sheltan,Kunar,34.8465893,71.097317
690, Badghis > Ghormach,Badghis,35.1671339,63.7695384
691, Zabul > Atghar,Zabul,32.1918782,67.1894488
692, Baghlan > Doshi,Baghlan,35.8042947,69.2877535
693, Kunar > Marawara,Kunar,34.8465893,71.097317
694, Nuristan > Barg-e- Matal,Nuristan,35.3250223,70.9071236
695, Kunar > Dangam,Kunar,34.8465893,71.097317
696, Logar > Azra,Logar,34.0145518,69.1923916
697, Panjsher > Khenj (Hes-e- Awal),Panjsher,35.883333,69.116667
698, Kunar > Barkunar,Kunar,34.8465893,71.097317
699, Uruzgan > Khasuruzgan,Uruzgan,32.9271287,66.1415263
700, Paktika > Wazakhah,Paktika,32.2645386,68.5247149
701, Takhar > Warsaj,Takhar,36.6698013,69.4784541
702, Baghlan > Fereng Wa Gharu,Baghlan,35.8042947,69.2877535
703, Paktika > Wormamay,Paktika,32.2645386,68.5247149
704, Baghlan > Guzargah-e- Nur,Baghlan,35.8042947,69.2877535
705, Baghlan > Khwajahejran,Baghlan,35.8042947,69.2877535
706, Paktika > Ziruk,Paktika,32.2645386,68.5247149
707, Paktika > Turwo (Tarwe),Paktika,32.2645386,68.5247149
708, Baghlan > Dahana-e-Ghori,Baghlan,35.8042947,69.2877535
709, Panjsher > Paryan,Panjsher,35.883333,69.116667
710, Baghlan > Tala Wa barfak,Baghlan,35.8042947,69.2877535
711, Hilmand > Reg,Hilmand,31.3636474,63.9586111
712, Panjsher > Shutul,Panjsher,35.883333,69.116667
713, Hilmand > Baghran,Hilmand,31.3636474,63.9586111
714, Paktika > Naka,Paktika,32.2645386,68.5247149
715, Afghanistan > Badghis > Abkamari,Badghis,35.1671339,63.7695384
716, Afghanistan > Badghis > Qadis,Badghis,35.1671339,63.7695384
717, Afghanistan > Badghis > Balamurghab,Badghis,35.1671339,63.7695384
718, Afghanistan > Badghis > Ghormach,Badghis,35.1671339,63.7695384
719, Afghanistan > Nimroz > Zaranj,Nimroz,31.0261488,62.4504154
720, Afghanistan > Hirat > Guzara,Hirat,34.341944,62.203056
721, Afghanistan > Hirat > Herat,Hirat,34.341944,62.203056
722, Afghanistan > Ghazni > Qarabagh,Ghazni,33.55,68.416667
723, Afghanistan > Ghazni > Ghazni,Ghazni,33.55,68.416667
724, Afghanistan > Hirat > Injil,Hirat,34.341944,62.203056
725, Baghlan > Khost Wa Fereng,Baghlan,35.8042947,69.2877535
726, Afghanistan > Badghis > Jawand,Badghis,35.1671339,63.7695384
727, Afghanistan > Baghlan > Pul-e- khumri,Baghlan,35.8042947,69.2877535
728, Afghanistan > Baghlan > Baghlan-e-Jadid,Baghlan,35.8042947,69.2877535
729, Afghanistan > Paktika > Sarobi,Paktika,32.2645386,68.5247149
730, Afghanistan > Paktika > Gomal,Paktika,32.2645386,68.5247149
731, Afghanistan > Kapisa > Nejrab,Kapisa,34.9810572,69.6214562
732, Afghanistan > Jawzjan > Aqcha,Jawzjan,36.8969692,65.6658568
733, Afghanistan > Jawzjan > Shiberghan,Jawzjan,36.8969692,65.6658568
734, Afghanistan > Jawzjan > Fayzabad,Jawzjan,36.8969692,65.6658568
735, Afghanistan > Ghazni > Andar,Ghazni,33.55,68.416667
736, Afghanistan > Hirat > Shindand,Hirat,34.341944,62.203056
737, Afghanistan > Farah > Khak-e-Safed,Farah,32.495328,62.2626627
738, Afghanistan > Hilmand > Kajaki,Hilmand,31.3636474,63.9586111
739, Afghanistan > Farah > Bakwa,Farah,32.495328,62.2626627
740, Afghanistan > Takhar > Yangi Qala,Takhar,36.6698013,69.4784541
741, Afghanistan > Hirat > Gulran,Hirat,34.341944,62.203056
742, Afghanistan > Hirat > Kushk,Hirat,34.341944,62.203056
743, Afghanistan > Hirat > Zindajan,Hirat,34.341944,62.203056
744, Afghanistan > Balkh > Nahr-e- Shahi,Balkh,36.8909158,67.1894488
745, Afghanistan > Balkh > Chemtal,Balkh,36.8909158,67.1894488
746, Afghanistan > Balkh > Balkh,Balkh,36.8909158,67.1894488
747, Afghanistan > Balkh > Sholgareh,Balkh,36.8909158,67.1894488
748, Afghanistan > Parwan > Jabalussaraj,Parwan,34.9630977,68.8108849
749, Afghanistan > Parwan > Koh-e- Safi,Parwan,34.9630977,68.8108849
750, Afghanistan > Nangarhar > Pachieragam,Nangarhar,34.1718313,70.6216794
751, Afghanistan > Nangarhar > Achin,Nangarhar,34.1718313,70.6216794
752, Afghanistan > Nangarhar > Sherzad,Nangarhar,34.1718313,70.6216794
753, Afghanistan > Nangarhar > Dehbala,Nangarhar,34.1718313,70.6216794
754, Afghanistan > Kunduz > Chardarah,Kunduz,36.8599307,68.7154975
755, Afghanistan > Kunduz > Khanabad,Kunduz,36.8599307,68.7154975
756, Afghanistan > Takhar > Eshkashem,Takhar,36.6698013,69.4784541
757, Afghanistan > Kunduz > Aliabad,Kunduz,36.8599307,68.7154975
758, Afghanistan > Takhar > Taloqan,Takhar,36.6698013,69.4784541
759, Afghanistan > Nangarhar > Rodat,Nangarhar,34.1718313,70.6216794
760, Afghanistan > Nangarhar > Muhmand Dara,Nangarhar,34.1718313,70.6216794
761, Afghanistan > Nuristan > Waygal,Nuristan,35.3250223,70.9071236
762, Afghanistan > Nuristan > Mandol,Nuristan,35.3250223,70.9071236
763, Afghanistan > Nuristan > Duab,Nuristan,35.3250223,70.9071236
764, Afghanistan > Nuristan > Barg-e- Matal,Nuristan,35.3250223,70.9071236
765, Afghanistan > Nuristan > Wama,Nuristan,35.3250223,70.9071236
766, Afghanistan > Nuristan > Nurgeram,Nuristan,35.3250223,70.9071236
767, Afghanistan > Nuristan > Kamdesh,Nuristan,35.3250223,70.9071236
768, Afghanistan > Badghis > Muqur,Badghis,35.1671339,63.7695384
769, Afghanistan > Hirat > Kushk-e-Kohna,Hirat,34.341944,62.203056
770, Afghanistan > Kandahar > Zheray,Kandahar,30.9960679,65.475736
771, Afghanistan > Kandahar > Kandahar,Kandahar,30.9960679,65.475736
772, Afghanistan > Kandahar > Shahwalikot,Kandahar,30.9960679,65.475736
773, Afghanistan > Takhar > Khwajabahawuddin,Takhar,36.6698013,69.4784541
774, Afghanistan > Badakhshan > Fayzabad,Badakhshan,36.7347725,70.8119953
775, Afghanistan > Badakhshan > Yamgan,Badakhshan,36.7347725,70.8119953
776, Afghanistan > Samangan > Dara-e Suf-e-Bala,Samangan,35.9807296,67.5708536
777, Afghanistan > Sar-e-Pul > Gosfandi,Sar-e-Pul,35.6707473,66.0463534
778, Afghanistan > Samangan > Aybak,Samangan,35.9807296,67.5708536
779, Afghanistan > Sar-e-Pul > Sancharak(sangchark),Sar-e-Pul,35.6707473,66.0463534
780, Afghanistan > Samangan > Khuram Wa Sarbagh,Samangan,35.9807296,67.5708536
781, Afghanistan > Samangan > Dara-e- Suf-e- Payin,Samangan,35.9807296,67.5708536
782, Afghanistan > Jawzjan > Khanaqa,Jawzjan,36.8969692,65.6658568
783, Afghanistan > Faryab > Almar,Faryab,36.0795613,64.905955
784, Afghanistan > Faryab > Qaramqol,Faryab,36.0795613,64.905955
785, Afghanistan > Faryab > Dawlatabad,Faryab,36.0795613,64.905955
786, Afghanistan > Faryab > Maymana,Faryab,36.0795613,64.905955
787, Afghanistan > Faryab > Pashtunkot,Faryab,36.0795613,64.905955
788, Afghanistan > Faryab > Khan-e-Char Bagh,Faryab,36.0795613,64.905955
789, Afghanistan > Baghlan > Fereng Wa Gharu,Baghlan,35.8042947,69.2877535
790, Afghanistan > Baghlan > Andarab,Baghlan,35.8042947,69.2877535
791, Afghanistan > Baghlan > Dahana-e-Ghori,Baghlan,35.8042947,69.2877535
792, Afghanistan > Balkh > Shortepa,Balkh,36.8909158,67.1894488
793, Afghanistan > Baghlan > Doshi,Baghlan,35.8042947,69.2877535
794, Afghanistan > Balkh > Kaldar,Balkh,36.8909158,67.1894488
795, Afghanistan > Hirat > Adraskan,Hirat,34.341944,62.203056
796, Afghanistan > Ghazni > Gelan,Ghazni,33.55,68.416667
797, Afghanistan > Farah > Pushtrod,Farah,32.495328,62.2626627
798, Afghanistan > Farah > Farah,Farah,32.495328,62.2626627
799, Afghanistan > Balkh > Charbulak,Balkh,36.8909158,67.1894488
800, Afghanistan > Kandahar > Spinboldak,Kandahar,30.9960679,65.475736
801, Afghanistan > Hilmand > Nawzad,Hilmand,31.3636474,63.9586111
802, Afghanistan > Kabul > Chaharasyab,Kabul,34.533333,69.166667
803, Afghanistan > Farah > Balabuluk,Farah,32.495328,62.2626627
804, Afghanistan > Ghazni > Muqur,Ghazni,33.55,68.416667
805, Afghanistan > Faryab > Qaysar,Faryab,36.0795613,64.905955
806, Afghanistan > Nangarhar > Surkhrod,Nangarhar,34.1718313,70.6216794
807, Afghanistan > Kabul > Surobi,Kabul,34.533333,69.166667
808, Afghanistan > Ghazni > Malestan,Ghazni,33.55,68.416667
809, Afghanistan > Hilmand > Musaqalah,Hilmand,31.3636474,63.9586111
810, Afghanistan > Paktya > Janikhel,Paktya,33.706199,69.3831079
811, Afghanistan > Laghman > Alingar,Laghman,34.6897687,70.1455805
812, Afghanistan > Kunar > Nari,Kunar,34.8465893,71.097317
813, Afghanistan > Ghazni > Nawur,Ghazni,33.55,68.416667
814, Afghanistan > Hilmand > Sangin,Hilmand,31.3636474,63.9586111
815, Afghanistan > Logar > Charkh,Logar,34.0145518,69.1923916
816, Afghanistan > Kunar > Sarkani,Kunar,34.8465893,71.097317
817, Afghanistan > Kabul > Khak-e- Jabbar,Kabul,34.533333,69.166667
818, Afghanistan > Uruzgan > Chora,Uruzgan,32.9271287,66.1415263
819, Afghanistan > Nangarhar > Durbaba,Nangarhar,34.1718313,70.6216794
820, Afghanistan > Paktya > Zadran,Paktya,33.706199,69.3831079
821, Afghanistan > Kunduz > Kunduz,Kunduz,36.8599307,68.7154975
822, Afghanistan > Kabul > Dehsabz,Kabul,34.533333,69.166667
823, Afghanistan > Hirat > Kohsan,Hirat,34.341944,62.203056
824, Afghanistan > Kandahar > Daman,Kandahar,30.9960679,65.475736
825, Afghanistan > Kapisa > Tagab,Kapisa,34.9810572,69.6214562
826, Afghanistan > Wardak > Jalrez,Wardak,34.3513494,68.2385339
827, Afghanistan > Takhar > Dasht-e- Qala,Takhar,36.6698013,69.4784541
828, Afghanistan > Takhar > Farkhar,Takhar,36.6698013,69.4784541
829, Afghanistan > Laghman > Alishang,Laghman,34.6897687,70.1455805
830, Afghanistan > Kabul > Paghman,Kabul,34.533333,69.166667
831, Afghanistan > Jawzjan > Khwajadukoh,Jawzjan,36.8969692,65.6658568
832, Afghanistan > Kandahar > Maywand,Kandahar,30.9960679,65.475736
833, Afghanistan > Kunar > Asadabad,Kunar,34.8465893,71.097317
834, Afghanistan > Zabul > Arghandab,Zabul,32.1918782,67.1894488
835, Afghanistan > Zabul > Daychopan,Zabul,32.1918782,67.1894488
836, Afghanistan > Kapisa > Alasay,Kapisa,34.9810572,69.6214562
837, Afghanistan > Kandahar > Khakrez,Kandahar,30.9960679,65.475736
838, Afghanistan > Kunar > Marawara,Kunar,34.8465893,71.097317
839, Afghanistan > Nangarhar > Behsud,Nangarhar,34.1718313,70.6216794
840, Afghanistan > Zabul > Tarnak Wa Jaldak,Zabul,32.1918782,67.1894488
841, Afghanistan > Laghman > Qarghayi,Laghman,34.6897687,70.1455805
842, Afghanistan > Wardak > Saydabad,Wardak,34.3513494,68.2385339
843, Afghanistan > Kapisa > Hisa-e- Awal-e- Kohestan,Kapisa,34.9810572,69.6214562
844, Afghanistan > Logar > Mohammadagha,Logar,34.0145518,69.1923916
845, Afghanistan > Takhar > Rostaq,Takhar,36.6698013,69.4784541
846, Afghanistan > Logar > Azra,Logar,34.0145518,69.1923916
847, Afghanistan > Zabul > Qalat,Zabul,32.1918782,67.1894488
848, Afghanistan > Sar-e-Pul > Balkhab,Sar-e-Pul,35.6707473,66.0463534
849, Afghanistan > Nimroz > Charburjak,Nimroz,31.0261488,62.4504154
850, Afghanistan > Paktya > Gardez,Paktya,33.706199,69.3831079
851, Afghanistan > Sar-e-Pul > Sar-e-Pul,Sar-e-Pul,35.6707473,66.0463534
852, Afghanistan > Nimroz > Kang,Nimroz,31.0261488,62.4504154
853, Afghanistan > Takhar > Bangi,Takhar,36.6698013,69.4784541
854, Afghanistan > Wardak > Nerkh,Wardak,34.3513494,68.2385339
855, Afghanistan > Sar-e-Pul > Kohestanat,Sar-e-Pul,35.6707473,66.0463534
856, Afghanistan > Sar-e-Pul > Sayad,Sar-e-Pul,35.6707473,66.0463534
857, Afghanistan > Uruzgan > Shahid-e-Hassas,Uruzgan,32.9271287,66.1415263
858, Afghanistan > Uruzgan > Tirinkot,Uruzgan,32.9271287,66.1415263
859, Afghanistan > Zabul > Shahjoy,Zabul,32.1918782,67.1894488
860, Afghanistan > Sar-e-Pul > Sozmaqala,Sar-e-Pul,35.6707473,66.0463534
861, Afghanistan > Ghazni > Rashidan,Ghazni,33.55,68.416667
862, Afghanistan > Ghazni > Nawa,Ghazni,33.55,68.416667
863, Afghanistan > Ghazni > Jaghuri,Ghazni,33.55,68.416667
864, Afghanistan > Ghazni > Jaghatu,Ghazni,33.55,68.416667
865, Afghanistan > Ghazni > Walimuhammad-e- Shahid,Ghazni,33.55,68.416667
866, Afghanistan > Ghazni > Ajrestan,Ghazni,33.55,68.416667
867, Afghanistan > Ghazni > Waghaz,Ghazni,33.55,68.416667
868, Afghanistan > Daykundi > Khadir,Daykundi,33.669495,66.0463534
869, Afghanistan > Daykundi > kiti,Daykundi,33.669495,66.0463534
870, Afghanistan > Daykundi > Kajran,Daykundi,33.669495,66.0463534
871, Afghanistan > Kunduz > Dasht-e-Archi,Kunduz,36.8599307,68.7154975
872, Afghanistan > Kunduz > Emamsaheb,Kunduz,36.8599307,68.7154975
873, Afghanistan > Faryab > Bilcheragh,Faryab,36.0795613,64.905955
874, Afghanistan > Faryab > Garziwan,Faryab,36.0795613,64.905955
875, Afghanistan > Faryab > Kohestan,Faryab,36.0795613,64.905955
876, Afghanistan > Wardak > Chak,Wardak,34.3513494,68.2385339
877, Afghanistan > Kapisa > Kohband,Kapisa,34.9810572,69.6214562
878, Afghanistan > Kapisa > Hisa-e- Duwum-e- Kohestan,Kapisa,34.9810572,69.6214562
879, Afghanistan > Samangan > Hazrat-e- Sultan,Samangan,35.9807296,67.5708536
880, Afghanistan > Kabul > Kabul,Kabul,34.533333,69.166667
881, Afghanistan > Parwan > Shekhali,Parwan,34.9630977,68.8108849
882, Afghanistan > Parwan > Shinwari,Parwan,34.9630977,68.8108849
883, Afghanistan > Kunduz > Qala-e-Zal,Kunduz,36.8599307,68.7154975
884, Afghanistan > Parwan > Ghorband,Parwan,34.9630977,68.8108849
885, Afghanistan > Uruzgan > Khasuruzgan,Uruzgan,32.9271287,66.1415263
886, Afghanistan > Hirat > Karukh,Hirat,34.341944,62.203056
887, Afghanistan > Hirat > Ghoryan,Hirat,34.341944,62.203056
888, Afghanistan > Ghor > Chaghcharan,Ghor,34.0995776,64.905955
889, Afghanistan > Hilmand > Lashkargah,Hilmand,31.3636474,63.9586111
890, Afghanistan > Nangarhar > Jalalabad,Nangarhar,34.1718313,70.6216794
891, Afghanistan > Balkh > Mazar-e-Sharif,Balkh,36.8909158,67.1894488
892, Afghanistan > Hirat > Pashtunzarghun,Hirat,34.341944,62.203056
893, Afghanistan > Hirat > Obe,Hirat,34.341944,62.203056
894, Afghanistan > Balkh > Dawlatabad,Balkh,36.8909158,67.1894488
895, Afghanistan > Wardak > Hesa-e- Awal-e- Behsud,Wardak,34.3513494,68.2385339
896, Afghanistan > Wardak > Markaz-e-Behsud,Wardak,34.3513494,68.2385339
897, Afghanistan > Wardak > Daymirdad,Wardak,34.3513494,68.2385339
898, Afghanistan > Daykundi > Gizab,Daykundi,33.669495,66.0463534
899, Afghanistan > Bamyan > Panjab,Bamyan,34.9073296,67.1894488
900, Afghanistan > Bamyan > Kahmard,Bamyan,34.9073296,67.1894488
901, Afghanistan > Bamyan > Bamyan,Bamyan,34.9073296,67.1894488
902, Afghanistan > Bamyan > Sayghan,Bamyan,34.9073296,67.1894488
903, Afghanistan > Badakhshan > Koran wa Monjan,Badakhshan,36.7347725,70.8119953
904, Afghanistan > Badakhshan > Wakhan,Badakhshan,36.7347725,70.8119953
905, Afghanistan > Badakhshan > Shighnan,Badakhshan,36.7347725,70.8119953
906, Afghanistan > Badakhshan > Eshkmesh,Badakhshan,36.7347725,70.8119953
907, Afghanistan > Badakhshan > Darwaz-e-Balla,Badakhshan,36.7347725,70.8119953
908, Afghanistan > Kunar > Nurgal,Kunar,34.8465893,71.097317
909, Afghanistan > Kunar > Chapadara,Kunar,34.8465893,71.097317
910, Afghanistan > Khost > Musakhel,Khost,33.3585079,69.8597406
911, Afghanistan > Khost > Spera,Khost,33.3585079,69.8597406
912, Afghanistan > Kunar > Ghaziabad,Kunar,34.8465893,71.097317
913, Afghanistan > Laghman > Dawlatshah,Laghman,34.6897687,70.1455805
914, Afghanistan > Khost > Qalandar,Khost,33.3585079,69.8597406
915, Afghanistan > Badakhshan > Jorm,Badakhshan,36.7347725,70.8119953
916, Afghanistan > Daykundi > Ashtarlay,Daykundi,33.669495,66.0463534
917, Afghanistan > Daykundi > Miramor,Daykundi,33.669495,66.0463534
918, Afghanistan > Daykundi > Shahrestan,Daykundi,33.669495,66.0463534
919, Afghanistan > Badakhshan > Yaftal-e-Sufla,Badakhshan,36.7347725,70.8119953
920, Afghanistan > Badakhshan > Khash,Badakhshan,36.7347725,70.8119953
921, Afghanistan > Paktya > Chamkani,Paktya,33.706199,69.3831079
922, Afghanistan > Kabul > Estalef,Kabul,34.533333,69.166667
923, Afghanistan > Paktya > Zurmat,Paktya,33.706199,69.3831079
924, Afghanistan > Khost > Tani,Khost,33.3585079,69.8597406
925, Afghanistan > Daykundi > Nili,Daykundi,33.669495,66.0463534
926, Afghanistan > Hirat > Chisht-e-Sharif,Hirat,34.341944,62.203056
927, Afghanistan > Kabul > Farza,Kabul,34.533333,69.166667
928, Afghanistan > Panjsher > Onaba(Anawa),Panjsher,35.883333,69.116667
929, Afghanistan > Wardak > Jaghatu,Wardak,34.3513494,68.2385339
930, Afghanistan > Panjsher > Paryan,Panjsher,35.883333,69.116667
931, Afghanistan > Panjsher > Dara,Panjsher,35.883333,69.116667
932, Afghanistan > Panjsher > Khenj (Hes-e- Awal),Panjsher,35.883333,69.116667
933, Afghanistan > Badakhshan > Zebak,Badakhshan,36.7347725,70.8119953
934, Afghanistan > Badakhshan > Tagab,Badakhshan,36.7347725,70.8119953
935, Afghanistan > Badakhshan > Shuhada,Badakhshan,36.7347725,70.8119953
936, Afghanistan > Badakhshan > Kofab,Badakhshan,36.7347725,70.8119953
937, Afghanistan > Badakhshan > Teshkan,Badakhshan,36.7347725,70.8119953
938, Afghanistan > Badakhshan > Warduj,Badakhshan,36.7347725,70.8119953
939, Afghanistan > Takhar > Namakab,Takhar,36.6698013,69.4784541
940, Afghanistan > Takhar > Warsaj,Takhar,36.6698013,69.4784541
941, Afghanistan > Hirat > Farsi,Hirat,34.341944,62.203056
942, Afghanistan > Balkh > Keshendeh,Balkh,36.8909158,67.1894488
943, Afghanistan > Paktika > Urgun,Paktika,32.2645386,68.5247149
944, Afghanistan > Paktika > Omna,Paktika,32.2645386,68.5247149
945, Afghanistan > Paktika > Gyan,Paktika,32.2645386,68.5247149
946, Afghanistan > Paktika > Ziruk,Paktika,32.2645386,68.5247149
947, Afghanistan > Paktika > Sarrawzah(Sarhawzah),Paktika,32.2645386,68.5247149
948, Afghanistan > Paktika > Naka,Paktika,32.2645386,68.5247149
949, Afghanistan > Daykundi > Sang-e-Takht,Daykundi,33.669495,66.0463534
950, Afghanistan > Bamyan > Waras,Bamyan,34.9073296,67.1894488
951, Afghanistan > Bamyan > Shibar,Bamyan,34.9073296,67.1894488
952, Afghanistan > Bamyan > Yakawlang,Bamyan,34.9073296,67.1894488
953, Afghanistan > Parwan > Charikar,Parwan,34.9630977,68.8108849
954, Afghanistan > Logar > Kharwar,Logar,34.0145518,69.1923916
955, Afghanistan > Wardak > Maydanshahr,Wardak,34.3513494,68.2385339
956, Afghanistan > Panjsher > Rukha,Panjsher,35.883333,69.116667
957, Afghanistan > Panjsher > Shutul,Panjsher,35.883333,69.116667
958, Afghanistan > Ghor > Charsadra,Ghor,34.0995776,64.905955
959, Afghanistan > Ghor > Dawlatyar,Ghor,34.0995776,64.905955
960, Afghanistan > Ghor > DoLayna,Ghor,34.0995776,64.905955
961, Afghanistan > Nangarhar > Hesarak,Nangarhar,34.1718313,70.6216794
962, Afghanistan > Nangarhar > Dara-e-Nur,Nangarhar,34.1718313,70.6216794
963, Afghanistan > Samangan > Ruy-e-Duab,Samangan,35.9807296,67.5708536
964, Afghanistan > Ghor > Taywarah,Ghor,34.0995776,64.905955
965, Afghanistan > Ghor > Pasaband,Ghor,34.0995776,64.905955
966, Afghanistan > Jawzjan > Qarqin,Jawzjan,36.8969692,65.6658568
967, Afghanistan > Jawzjan > Khamyab,Jawzjan,36.8969692,65.6658568
968, Afghanistan > Badakhshan > Raghestan,Badakhshan,36.7347725,70.8119953
969, Afghanistan > Badakhshan > Darayem,Badakhshan,36.7347725,70.8119953
970, Afghanistan > Badakhshan > Arghanjkhwa,Badakhshan,36.7347725,70.8119953
971, Afghanistan > Badakhshan > Darwaz,Badakhshan,36.7347725,70.8119953
972, Afghanistan > Balkh > Zari,Balkh,36.8909158,67.1894488
973, Afghanistan > Hilmand > Reg,Hilmand,31.3636474,63.9586111
974, Afghanistan > Parwan > Surkh-e- Parsa,Parwan,34.9630977,68.8108849
975, Afghanistan > Hilmand > Baghran,Hilmand,31.3636474,63.9586111
976, Afghanistan > Farah > Purchaman,Farah,32.495328,62.2626627
977, Afghanistan > Farah > Lash-e-Juwayn,Farah,32.495328,62.2626627
978, Afghanistan > Nangarhar > Khogyani,Nangarhar,34.1718313,70.6216794
979, Afghanistan > Parwan > Salang,Parwan,34.9630977,68.8108849
980, Afghanistan > Zabul > Nawbahar,Zabul,32.1918782,67.1894488
981, Afghanistan > Zabul > Atghar,Zabul,32.1918782,67.1894488
982, Afghanistan > Zabul > Shomulzay,Zabul,32.1918782,67.1894488
983, Afghanistan > Zabul > Kakar,Zabul,32.1918782,67.1894488
984, Afghanistan > Zabul > Mizan,Zabul,32.1918782,67.1894488
985, Afghanistan > Zabul > Shinkay,Zabul,32.1918782,67.1894488
986, Afghanistan > Badakhshan > Shaki,Badakhshan,36.7347725,70.8119953
987, Afghanistan > Badakhshan > Khwahan,Badakhshan,36.7347725,70.8119953
988, Afghanistan > Badakhshan > Kohestan,Badakhshan,36.7347725,70.8119953
989, Afghanistan > Badakhshan > Yawan,Badakhshan,36.7347725,70.8119953
990, Afghanistan > Kandahar > Miyanshin,Kandahar,30.9960679,65.475736
991, Afghanistan > Kabul > Guldara,Kabul,34.533333,69.166667
992, Afghanistan > Nuristan > Poruns,Nuristan,35.3250223,70.9071236
993, Afghanistan > Panjsher > Bazarak,Panjsher,35.883333,69.116667
994, Afghanistan > Kabul > Shakardara,Kabul,34.533333,69.166667
995, Afghanistan > Baghlan > Dehsalah,Baghlan,35.8042947,69.2877535
996, Afghanistan > Baghlan > Guzargah-e- Nur,Baghlan,35.8042947,69.2877535
997, Afghanistan > Baghlan > Khenjan,Baghlan,35.8042947,69.2877535
998, Afghanistan > Khost > Khost(Matun),Khost,33.3585079,69.8597406
999, Afghanistan > Farah > Qala-e-Kah,Farah,32.495328,62.2626627
1000, Afghanistan > Baghlan > Pul-e-Hesar,Baghlan,35.8042947,69.2877535
1001, Afghanistan > Baghlan > Tala Wa barfak,Baghlan,35.8042947,69.2877535
1002, Afghanistan > Khost > Shamal,Khost,33.3585079,69.8597406
1003, Afghanistan > Takhar > Darqad,Takhar,36.6698013,69.4784541
1004, Afghanistan > Paktya > Alikhel (Jaji),Paktya,33.706199,69.3831079
1005, Afghanistan > Paktya > Dand wa Patan,Paktya,33.706199,69.3831079
1006, Afghanistan > Paktya > Ahmadaba,Paktya,33.706199,69.3831079
1007, Afghanistan > Badghis > Qala-e-Naw,Badghis,35.1671339,63.7695384
1008, Afghanistan > Jawzjan > Qushtepa,Jawzjan,36.8969692,65.6658568
1009, Afghanistan > Farah > Gulestan,Farah,32.495328,62.2626627
1010, Afghanistan > Baghlan > Khost Wa Fereng,Baghlan,35.8042947,69.2877535
1011, Afghanistan > Logar > Pul-e- Alam,Logar,34.0145518,69.1923916
1012, Afghanistan > Ghor > Shahrak,Ghor,34.0995776,64.905955
1013, Afghanistan > Ghor > Lal Wa Sarjangal,Ghor,34.0995776,64.905955
1014, Afghanistan > Ghor > Tolak,Ghor,34.0995776,64.905955
1015, Afghanistan > Jawzjan > Darzab,Jawzjan,36.8969692,65.6658568
1016, Afghanistan > Jawzjan > Mardyan,Jawzjan,36.8969692,65.6658568
1017, Afghanistan > Nangarhar > Batikot,Nangarhar,34.1718313,70.6216794
1018, Afghanistan > Nangarhar > Kama,Nangarhar,34.1718313,70.6216794
1019, Afghanistan > Faryab > Qorghan,Faryab,36.0795613,64.905955
1020, Afghanistan > Faryab > Andkhoy,Faryab,36.0795613,64.905955
1021, Afghanistan > Ghor > Saghar,Ghor,34.0995776,64.905955
1022, Afghanistan > Faryab > Shirintagab,Faryab,36.0795613,64.905955
1023, Afghanistan > Faryab > Khwajasabzposh,Faryab,36.0795613,64.905955
1024, Afghanistan > Laghman > Mehtarlam,Laghman,34.6897687,70.1455805
1025, Afghanistan > Kunar > Watapur,Kunar,34.8465893,71.097317
1026, Afghanistan > Badakhshan > Argo,Badakhshan,36.7347725,70.8119953
1027, Afghanistan > Badakhshan > Shahr-e-Buzorg,Badakhshan,36.7347725,70.8119953
1028, Afghanistan > Kandahar > Nesh,Kandahar,30.9960679,65.475736
1029, Afghanistan > Nimroz > Khashrod,Nimroz,31.0261488,62.4504154
1030, Afghanistan > Takhar > Chahab,Takhar,36.6698013,69.4784541
1031, Afghanistan > Balkh > Khulm,Balkh,36.8909158,67.1894488
1032, Afghanistan > Balkh > Charkent,Balkh,36.8909158,67.1894488
1033, Afghanistan > Balkh > Sharak-e-Hayratan,Balkh,36.8909158,67.1894488
1034, Afghanistan > Hilmand > Nawa-e-Barakzaiy,Hilmand,31.3636474,63.9586111
728, Afghanistan > Baghlan > Baghlan-e-Jadid,Baghlan,36.00691852,68.64517059
733, Afghanistan > Jawzjan > Shiberghan,Jawzjan,36.61767965,65.76233253
811, Afghanistan > Laghman > Alingar,Laghman,34.63364302,69.9509127
908, Afghanistan > Kunar > Nurgal,Kunar,34.87348561,71.12998779
841, Afghanistan > Laghman > Qarghayi,Laghman,34.63364302,69.9509127
824, Afghanistan > Kandahar > Daman,Kandahar,31.51268617,65.70859557
771, Afghanistan > Kandahar > Kandahar,Kandahar,31.51268617,65.70859557
1035, Afghanistan > Kabul > Bagrami,Kabul,34.5254379,69.13517912
880, Afghanistan > Kabul > Kabul,Kabul,34.5254379,69.13517912
782, Afghanistan > Jawzjan > Khanaqa,Jawzjan,36.61767965,65.76233253
1036, Afghanistan > Badghis > Bala Murghab,Badghis,34.8273901,63.12426932
1037, Afghanistan > Badghis > Ab Kamari,Badghis,34.8273901,63.12426932
768, Afghanistan > Badghis > Muqur,Badghis,34.8273901,63.12426932
745, Afghanistan > Balkh > Chemtal,Balkh,36.70287015,67.11435314
718, Afghanistan > Badghis > Ghormach,Badghis,34.8273901,63.12426932
962, Afghanistan > Nangarhar > Dara-e-Nur,Nangarhar,34.42690434,70.45503228
759, Afghanistan > Nangarhar > Rodat,Nangarhar,34.42690434,70.45503228
1038, Afghanistan > Nangarhar > Kot,Nangarhar,34.42690434,70.45503228
1039, Afghanistan > Nangarhar > Kuz Kunar,Nangarhar,34.42690434,70.45503228
829, Afghanistan > Laghman > Alishang,Laghman,34.63364302,69.9509127
1018, Afghanistan > Nangarhar > Kama,Nangarhar,34.42690434,70.45503228
839, Afghanistan > Nangarhar > Behsud,Nangarhar,34.42690434,70.45503228
890, Afghanistan > Nangarhar > Jalalabad,Nangarhar,34.42690434,70.45503228
871, Afghanistan > Kunduz > Dasht-e-Archi,Kunduz,36.78937377,68.85146396
1040, Afghanistan > Kunduz > Imam Sahib,Kunduz,36.78937377,68.85146396
883, Afghanistan > Kunduz > Qala-e-Zal,Kunduz,36.78937377,68.85146396
1041, Afghanistan > Nangarhar > Goshta,Nangarhar,34.42690434,70.45503228
1042, Afghanistan > Kunduz > Chahar Darah,Kunduz,36.78937377,68.85146396
1043, Afghanistan > Balkh > Nahr-e-Shahi,Balkh,36.70287015,67.11435314
1044, Afghanistan > Kunduz > Ali Abad,Kunduz,36.78937377,68.85146396
1045, Afghanistan > Kunduz > Khan Abad,Kunduz,36.78937377,68.85146396
1046, Afghanistan > Balkh > Char Bolak,Balkh,36.70287015,67.11435314
747, Afghanistan > Balkh > Sholgareh,Balkh,36.70287015,67.11435314
821, Afghanistan > Kunduz > Kunduz,Kunduz,36.78937377,68.85146396
1047, Afghanistan > Kandahar > Spin Boldak,Kandahar,31.51268617,65.70859557
1048, Afghanistan > Balkh > Dawlat Abad,Balkh,36.70287015,67.11435314
1049, Afghanistan > Balkh > Dehdadi,Balkh,36.70287015,67.11435314
891, Afghanistan > Balkh > Mazar-e-Sharif,Balkh,36.70287015,67.11435314
1050, Afghanistan > Kabul > Qara Bagh,Kabul,34.5254379,69.13517912
1051, Afghanistan > Baghlan > Pul-e-Khumri,Baghlan,36.00691852,68.64517059
720, Afghanistan > Hirat > Guzara,Hirat,34.34771806,62.29626835
926, Afghanistan > Hirat > Chisht-e-Sharif,Hirat,34.34771806,62.29626835
1013, Afghanistan > Ghor > Lal Wa Sarjangal,Ghor,34.72378469,65.32373978
969, Afghanistan > Badakhshan > Darayem,Badakhshan,37.21417975,70.61409555
791, Afghanistan > Baghlan > Dahana-e-Ghori,Baghlan,36.00691852,68.64517059
758, Afghanistan > Takhar > Taloqan,Takhar,36.71719128,69.51385088
1052, Afghanistan > Takhar > Kalafgan,Takhar,36.71719128,69.51385088
1053, Afghanistan > Badakhshan > Keshem,Badakhshan,37.21417975,70.61409555
793, Afghanistan > Baghlan > Doshi,Baghlan,36.00691852,68.64517059
741, Afghanistan > Hirat > Gulran,Hirat,34.34771806,62.29626835
751, Afghanistan > Nangarhar > Achin,Nangarhar,34.42690434,70.45503228
1054, Afghanistan > Nangarhar > Dur Baba,Nangarhar,34.42690434,70.45503228
1055, Afghanistan > Nangarhar > Deh Bala,Nangarhar,34.42690434,70.45503228
1056, Afghanistan > Kabul > Shakar Dara,Kabul,34.5254379,69.13517912
1057, Afghanistan > Paktika > Barmal,Paktika,33.21164752,68.74733968
1058, Afghanistan > Badakhshan > Kohistan,Badakhshan,37.21417975,70.61409555
989, Afghanistan > Badakhshan > Yawan,Badakhshan,37.21417975,70.61409555
1026, Afghanistan > Badakhshan > Argo,Badakhshan,37.21417975,70.61409555
941, Afghanistan > Hirat > Farsi,Hirat,34.34771806,62.29626835
770, Afghanistan > Kandahar > Zheray,Kandahar,31.51268617,65.70859557
1059, Afghanistan > Faryab > Shirin Tagab,Faryab,35.91878211,64.77065479
1060, Afghanistan > Kandahar > Arghestan,Kandahar,31.51268617,65.70859557
942, Afghanistan > Balkh > Keshendeh,Balkh,36.70287015,67.11435314
1061, Afghanistan > Kabul > Chahar Asyab,Kabul,34.5254379,69.13517912
1062, Afghanistan > Kabul > Deh Sabz,Kabul,34.5254379,69.13517912
1063, Afghanistan > Faryab > Khwaja Sabz Posh,Faryab,35.91878211,64.77065479
855, Afghanistan > Sar-e-Pul > Kohestanat,Sar-e-Pul,36.28513776,66.01798389
1064, Afghanistan > Maidan Wardak > Chak-e-Wardak,Maidan Wardak,34.44613337,68.82466912
1065, Afghanistan > Khost > Gurbuz,Khost,33.35905236,70.01183825
1066, Afghanistan > Khost > Mandozayi,Khost,33.35905236,70.01183825
1007, Afghanistan > Badghis > Qala-e-Naw,Badghis,34.8273901,63.12426932
1067, Afghanistan > Khost > Matun,Khost,33.35905236,70.01183825
716, Afghanistan > Badghis > Qadis,Badghis,34.8273901,63.12426932
924, Afghanistan > Khost > Tani,Khost,33.35905236,70.01183825
724, Afghanistan > Hirat > Injil,Hirat,34.34771806,62.29626835
1068, Afghanistan > Hirat > Hirat,Hirat,34.34771806,62.29626835
830, Afghanistan > Kabul > Paghman,Kabul,34.5254379,69.13517912
902, Afghanistan > Bamyan > Sayghan,Bamyan,34.79462882,67.68431912
951, Afghanistan > Bamyan > Shibar,Bamyan,34.79462882,67.68431912
901, Afghanistan > Bamyan > Bamyan,Bamyan,34.79462882,67.68431912
1069, Afghanistan > Takhar > Namak Ab,Takhar,36.71719128,69.51385088
1070, Afghanistan > Takhar > Chal,Takhar,36.71719128,69.51385088
740, Afghanistan > Takhar > Yangi Qala,Takhar,36.71719128,69.51385088
949, Afghanistan > Daykundi > Sang-e-Takht,Daykundi,33.76701077,66.07141955
868, Afghanistan > Daykundi > Khadir,Daykundi,33.76701077,66.07141955
1071, Afghanistan > Daykundi > Patoo,Daykundi,33.76701077,66.07141955
916, Afghanistan > Daykundi > Ashtarlay,Daykundi,33.76701077,66.07141955
918, Afghanistan > Daykundi > Shahrestan,Daykundi,33.76701077,66.07141955
1072, Afghanistan > Baghlan > Khwaja Hejran,Baghlan,36.00691852,68.64517059
887, Afghanistan > Hirat > Ghoryan,Hirat,34.34771806,62.29626835
1073, Afghanistan > Hirat > Kushk-e-Kuhna,Hirat,34.34771806,62.29626835
893, Afghanistan > Hirat > Obe,Hirat,34.34771806,62.29626835
1074, Afghanistan > Hirat > Pashtun Zarghun,Hirat,34.34771806,62.29626835
1027, Afghanistan > Badakhshan > Shahr-e-Buzorg,Badakhshan,37.21417975,70.61409555
1003, Afghanistan > Takhar > Darqad,Takhar,36.71719128,69.51385088
777, Afghanistan > Sar-e-Pul > Gosfandi,Sar-e-Pul,36.28513776,66.01798389
1030, Afghanistan > Takhar > Chahab,Takhar,36.71719128,69.51385088
1075, Afghanistan > Takhar > Khwaja Bahawuddin,Takhar,36.71719128,69.51385088
845, Afghanistan > Takhar > Rostaq,Takhar,36.71719128,69.51385088
1076, Afghanistan > Jawzjan > Khwaja Dukoh,Jawzjan,36.61767965,65.76233253
848, Afghanistan > Sar-e-Pul > Balkhab,Sar-e-Pul,36.28513776,66.01798389
940, Afghanistan > Takhar > Warsaj,Takhar,36.71719128,69.51385088
904, Afghanistan > Badakhshan > Wakhan,Badakhshan,37.21417975,70.61409555
1077, Afghanistan > Takhar > Dasht-e-Qala,Takhar,36.71719128,69.51385088
1078, Afghanistan > Sar-e-Pul > Sancharak,Sar-e-Pul,36.28513776,66.01798389
972, Afghanistan > Balkh > Zari,Balkh,36.70287015,67.11435314
1032, Afghanistan > Balkh > Charkent,Balkh,36.70287015,67.11435314
1079, Afghanistan > Takhar > Baharak,Takhar,36.71719128,69.51385088
1080, Afghanistan > Baghlan > Deh Salah,Baghlan,36.00691852,68.64517059
1081, Afghanistan > Takhar > Hazar Sumuch,Takhar,36.71719128,69.51385088
1082, Afghanistan > Takhar > Eshkmesh,Takhar,36.71719128,69.51385088
1083, Afghanistan > Samangan > Hazrat-e-Sultan,Samangan,36.29707597,68.33374291
794, Afghanistan > Balkh > Kaldar,Balkh,36.70287015,67.11435314
1010, Afghanistan > Baghlan > Khost Wa Fereng,Baghlan,36.00691852,68.64517059
1020, Afghanistan > Faryab > Andkhoy,Faryab,35.91878211,64.77065479
853, Afghanistan > Takhar > Bangi,Takhar,36.71719128,69.51385088
1084, Afghanistan > Samangan > Dara-e-Suf-e-Payin,Samangan,36.29707597,68.33374291
1085, Afghanistan > Baghlan > Pul-e-Hisar,Baghlan,36.00691852,68.64517059
963, Afghanistan > Samangan > Ruy-e-Duab,Samangan,36.29707597,68.33374291
734, Afghanistan > Jawzjan > Fayzabad,Jawzjan,36.61767965,65.76233253
873, Afghanistan > Faryab > Bilcheragh,Faryab,35.91878211,64.77065479
1016, Afghanistan > Jawzjan > Mardyan,Jawzjan,36.61767965,65.76233253
1033, Afghanistan > Balkh > Sharak-e-Hayratan,Balkh,36.70287015,67.11435314
790, Afghanistan > Baghlan > Andarab,Baghlan,36.00691852,68.64517059
986, Afghanistan > Badakhshan > Shaki,Badakhshan,37.21417975,70.61409555
788, Afghanistan > Faryab > Khan-e-Char Bagh,Faryab,35.91878211,64.77065479
1086, Afghanistan > Samangan > Feroz Nakhchir,Samangan,36.29707597,68.33374291
1087, Afghanistan > Takhar > Khwaja Ghar,Takhar,36.71719128,69.51385088
1031, Afghanistan > Balkh > Khulm,Balkh,36.70287015,67.11435314
967, Afghanistan > Jawzjan > Khamyab,Jawzjan,36.61767965,65.76233253
907, Afghanistan > Badakhshan > Darwaz-e-Balla,Badakhshan,37.21417975,70.61409555
1088, Afghanistan > Balkh > Marmul,Balkh,36.70287015,67.11435314
1089, Afghanistan > Faryab > Qurghan,Faryab,35.91878211,64.77065479
1090, Afghanistan > Baghlan > Nahrin,Baghlan,36.00691852,68.64517059
786, Afghanistan > Faryab > Maymana,Faryab,35.91878211,64.77065479
1091, Afghanistan > Baghlan > Tala Wa Barfak,Baghlan,36.00691852,68.64517059
780, Afghanistan > Samangan > Khuram Wa Sarbagh,Samangan,36.29707597,68.33374291
913, Afghanistan > Laghman > Dawlatshah,Laghman,34.63364302,69.9509127
1092, Afghanistan > Kunar > Khas Kunar,Kunar,34.87348561,71.12998779
1024, Afghanistan > Laghman > Mehtarlam,Laghman,34.63364302,69.9509127
1093, Afghanistan > Farah > Shibkoh,Farah,32.23521779,62.20838147
1094, Afghanistan > Paktya > Dand Wa Patan,Paktya,33.60166035,69.2213731
977, Afghanistan > Farah > Lash-e-Juwayn,Farah,32.23521779,62.20838147
1095, Afghanistan > Paktya > Lija Ahmad Khel,Paktya,33.60166035,69.2213731
1096, Afghanistan > Ghazni > Giro,Ghazni,33.53816656,68.44471019
864, Afghanistan > Ghazni > Jaghatu,Ghazni,33.53816656,68.44471019
863, Afghanistan > Ghazni > Jaghuri,Ghazni,33.53816656,68.44471019
739, Afghanistan > Farah > Bakwa,Farah,32.23521779,62.20838147
1097, Afghanistan > Farah > Pur Chaman,Farah,32.23521779,62.20838147
999, Afghanistan > Farah > Qala-e-Kah,Farah,32.23521779,62.20838147
1098, Afghanistan > Ghazni > Malistan,Ghazni,33.53816656,68.44471019
1099, Afghanistan > Kabul > Khak-e-Jabbar,Kabul,34.5254379,69.13517912
723, Afghanistan > Ghazni > Ghazni,Ghazni,33.53816656,68.44471019
1100, Afghanistan > Ghazni > Khwaja Umari,Ghazni,33.53816656,68.44471019
1101, Afghanistan > Hilmand > Musa Qala,Hilmand,31.44659522,64.51959248
1102, Afghanistan > Ghazni > Deh Yak,Ghazni,33.53816656,68.44471019
804, Afghanistan > Ghazni > Muqur,Ghazni,33.53816656,68.44471019
1103, Afghanistan > Hilmand > Nahr-e-Saraj,Hilmand,31.44659522,64.51959248
738, Afghanistan > Hilmand > Kajaki,Hilmand,31.44659522,64.51959248
867, Afghanistan > Ghazni > Waghaz,Ghazni,33.53816656,68.44471019
796, Afghanistan > Ghazni > Gelan,Ghazni,33.53816656,68.44471019
959, Afghanistan > Ghor > Dawlatyar,Ghor,34.72378469,65.32373978
1028, Afghanistan > Kandahar > Nesh,Kandahar,31.51268617,65.70859557
914, Afghanistan > Khost > Qalandar,Khost,33.35905236,70.01183825
1034, Afghanistan > Hilmand > Nawa-e-Barakzaiy,Hilmand,31.44659522,64.51959248
1104, Afghanistan > Khost > Bak,Khost,33.35905236,70.01183825
960, Afghanistan > Ghor > DoLayna,Ghor,34.72378469,65.32373978
1105, Afghanistan > Kunar > Dara-e-Pech,Kunar,34.87348561,71.12998779
1106, Afghanistan > Kunar > Bar Kunar,Kunar,34.87348561,71.12998779
1107, Afghanistan > Kandahar > Arghandab,Kandahar,31.51268617,65.70859557
1108, Afghanistan > Logar > Baraki Barak,Logar,33.9737802,69.0528351
1109, Afghanistan > Khost > Musa Khel,Khost,33.35905236,70.01183825
1110, Afghanistan > Hilmand > Garmser,Hilmand,31.44659522,64.51959248
862, Afghanistan > Ghazni > Nawa,Ghazni,33.53816656,68.44471019
846, Afghanistan > Logar > Azra,Logar,33.9737802,69.0528351
1111, Afghanistan > Maidan Wardak > Jalrez,Maidan Wardak,34.44613337,68.82466912
1112, Afghanistan > Maidan Wardak > Daymirdad,Maidan Wardak,34.44613337,68.82466912
812, Afghanistan > Kunar > Nari,Kunar,34.87348561,71.12998779
1113, Afghanistan > Hilmand > Nad-e-Ali,Hilmand,31.44659522,64.51959248
991, Afghanistan > Kabul > Guldara,Kabul,34.5254379,69.13517912
1114, Afghanistan > Khost > Sabari,Khost,33.35905236,70.01183825
837, Afghanistan > Kandahar > Khakrez,Kandahar,31.51268617,65.70859557
815, Afghanistan > Logar > Charkh,Logar,33.9737802,69.0528351
1115, Afghanistan > Paktika > Giyan,Paktika,33.21164752,68.74733968
1116, Afghanistan > Parwan > Jabal Saraj,Parwan,34.98721774,69.14395115
1117, Afghanistan > Logar > Mohammad Agha,Logar,33.9737802,69.0528351
801, Afghanistan > Hilmand > Nawzad,Hilmand,31.44659522,64.51959248
1002, Afghanistan > Khost > Shamal,Khost,33.35905236,70.01183825
954, Afghanistan > Logar > Kharwar,Logar,33.9737802,69.0528351
807, Afghanistan > Kabul > Surobi,Kabul,34.5254379,69.13517912
1118, Afghanistan > Parwan > Bagram,Parwan,34.98721774,69.14395115
917, Afghanistan > Daykundi > Miramor,Daykundi,33.76701077,66.07141955
1119, Afghanistan > Maidan Wardak > Jaghatu,Maidan Wardak,34.44613337,68.82466912
1120, Afghanistan > Maidan Wardak > Saydabad,Maidan Wardak,34.44613337,68.82466912
730, Afghanistan > Paktika > Gomal,Paktika,33.21164752,68.74733968
1121, Afghanistan > Parwan > Sayed Khel,Parwan,34.98721774,69.14395115
861, Afghanistan > Ghazni > Rashidan,Ghazni,33.53816656,68.44471019
1122, Afghanistan > Paktika > Sharan,Paktika,33.21164752,68.74733968
1123, Afghanistan > Maidan Wardak > Nerkh,Maidan Wardak,34.44613337,68.82466912
1124, Afghanistan > Paktika > Dila,Paktika,33.21164752,68.74733968
943, Afghanistan > Paktika > Urgun,Paktika,33.21164752,68.74733968
1125, Afghanistan > Paktika > Yahya Khel,Paktika,33.21164752,68.74733968
1126, Afghanistan > Kapisa > Hisa-e-Awal-e-Kohistan,Kapisa,35.00899482,69.4112635
1127, Afghanistan > Farah > Anar Dara,Farah,32.23521779,62.20838147
921, Afghanistan > Paktya > Chamkani,Paktya,33.60166035,69.2213731
1128, Afghanistan > Kunar > Dangam,Kunar,34.87348561,71.12998779
1129, Afghanistan > Paktika > Jani Khel,Paktika,33.21164752,68.74733968
1130, Afghanistan > Paktika > Zarghun Shahr,Paktika,33.21164752,68.74733968
1131, Afghanistan > Paktya > Jani Khel,Paktya,33.60166035,69.2213731
1132, Afghanistan > Ghazni > Qara Bagh,Ghazni,33.53816656,68.44471019
922, Afghanistan > Kabul > Estalef,Kabul,34.5254379,69.13517912
1133, Afghanistan > Maidan Wardak > Markaz-e-Behsud,Maidan Wardak,34.44613337,68.82466912
884, Afghanistan > Parwan > Ghorband,Parwan,34.98721774,69.14395115
1134, Afghanistan > Paktika > Wormamay,Paktika,33.21164752,68.74733968
1135, Afghanistan > Paktika > Wazakhah,Paktika,33.21164752,68.74733968
1136, Afghanistan > Parwan > Surkh-e-Parsa,Parwan,34.98721774,69.14395115
1137, Afghanistan > Paktika > Yosuf Khel,Paktika,33.21164752,68.74733968
850, Afghanistan > Paktya > Gardez,Paktya,33.60166035,69.2213731
1138, Afghanistan > Ghazni > Ab Band,Ghazni,33.53816656,68.44471019
735, Afghanistan > Ghazni > Andar,Ghazni,33.53816656,68.44471019
1139, Afghanistan > Ghazni > Ajristan,Ghazni,33.53816656,68.44471019
1140, Afghanistan > Ghazni > Wal-e-Muhammad-e-Shahid,Ghazni,33.53816656,68.44471019
1141, Afghanistan > Kandahar > Panjwayi,Kandahar,31.51268617,65.70859557
927, Afghanistan > Kabul > Farza,Kabul,34.5254379,69.13517912
836, Afghanistan > Kapisa > Alasay,Kapisa,35.00899482,69.4112635
882, Afghanistan > Parwan > Shinwari,Parwan,34.98721774,69.14395115
946, Afghanistan > Paktika > Ziruk,Paktika,33.21164752,68.74733968
923, Afghanistan > Paktya > Zurmat,Paktya,33.60166035,69.2213731
1142, Afghanistan > Farah > Bala Buluk,Farah,32.23521779,62.20838147
1006, Afghanistan > Paktya > Ahmadaba,Paktya,33.60166035,69.2213731
1143, Afghanistan > Faryab > Dawlat Abad,Faryab,35.91878211,64.77065479
746, Afghanistan > Balkh > Balkh,Balkh,36.70287015,67.11435314
1144, Afghanistan > Kapisa > Nijrab,Kapisa,35.00899482,69.4112635
805, Afghanistan > Faryab > Qaysar,Faryab,35.91878211,64.77065479
1145, Afghanistan > Ghor > Feroz Koh,Ghor,34.72378469,65.32373978
1015, Afghanistan > Jawzjan > Darzab,Jawzjan,36.61767965,65.76233253
752, Afghanistan > Nangarhar > Sherzad,Nangarhar,34.42690434,70.45503228
765, Afghanistan > Nuristan > Wama,Nuristan,35.36226373,70.77564075
1146, Afghanistan > Nuristan > Nurgaram,Nuristan,35.36226373,70.77564075
767, Afghanistan > Nuristan > Kamdesh,Nuristan,35.36226373,70.77564075
1147, Afghanistan > Nuristan > Barg-e-Matal,Nuristan,35.36226373,70.77564075
961, Afghanistan > Nangarhar > Hesarak,Nangarhar,34.42690434,70.45503228
763, Afghanistan > Nuristan > Duab,Nuristan,35.36226373,70.77564075
1148, Afghanistan > Kunar > Ghazi Abad,Kunar,34.87348561,71.12998779
761, Afghanistan > Nuristan > Waygal,Nuristan,35.36226373,70.77564075
1149, Afghanistan > Nuristan > Parun,Nuristan,35.36226373,70.77564075
762, Afghanistan > Nuristan > Mandol,Nuristan,35.36226373,70.77564075
1150, Afghanistan > Nangarhar > Surkh Rod,Nangarhar,34.42690434,70.45503228
1151, Afghanistan > Kunar > Chapa Dara,Kunar,34.87348561,71.12998779
1152, Afghanistan > Nangarhar > Pachir Wa Agam,Nangarhar,34.42690434,70.45503228
1012, Afghanistan > Ghor > Shahrak,Ghor,34.72378469,65.32373978
958, Afghanistan > Ghor > Charsadra,Ghor,34.72378469,65.32373978
930, Afghanistan > Panjsher > Paryan,Panjsher,35.36720845,69.50453263
1153, Afghanistan > Panjsher > Khenj,Panjsher,35.36720845,69.50453263
774, Afghanistan > Badakhshan > Fayzabad,Badakhshan,37.21417975,70.61409555
931, Afghanistan > Panjsher > Dara,Panjsher,35.36720845,69.50453263
828, Afghanistan > Takhar > Farkhar,Takhar,36.71719128,69.51385088
937, Afghanistan > Badakhshan > Teshkan,Badakhshan,37.21417975,70.61409555
1154, Afghanistan > Badakhshan > Arghanj Khwah,Badakhshan,37.21417975,70.61409555
934, Afghanistan > Badakhshan > Tagab,Badakhshan,37.21417975,70.61409555
889, Afghanistan > Hilmand > Lashkargah,Hilmand,31.44659522,64.51959248
726, Afghanistan > Badghis > Jawand,Badghis,34.8273901,63.12426932
818, Afghanistan > Uruzgan > Chora,Uruzgan,32.66606204,65.89414337
1155, Afghanistan > Uruzgan > Khas Uruzgan,Uruzgan,32.66606204,65.89414337
1156, Afghanistan > Uruzgan > Dehrawud,Uruzgan,32.66606204,65.89414337
1157, Afghanistan > Uruzgan > Gizab,Uruzgan,32.66606204,65.89414337
1158, Afghanistan > Baghlan > Guzargah-e-Nur,Baghlan,36.00691852,68.64517059
847, Afghanistan > Zabul > Qalat,Zabul,32.2090323,66.99123717
1029, Afghanistan > Nimroz > Khashrod,Nimroz,30.89187344,62.02629758
1159, Afghanistan > Nimroz > Char Burjak,Nimroz,30.89187344,62.02629758
852, Afghanistan > Nimroz > Kang,Nimroz,30.89187344,62.02629758
1160, Afghanistan > Nimroz > Chakhansur,Nimroz,30.89187344,62.02629758
1161, Afghanistan > Kandahar > Maruf,Kandahar,31.51268617,65.70859557
1162, Afghanistan > Kandahar > Shah Wali Kot,Kandahar,31.51268617,65.70859557
719, Afghanistan > Nimroz > Zaranj,Nimroz,30.89187344,62.02629758
835, Afghanistan > Zabul > Daychopan,Zabul,32.2090323,66.99123717
980, Afghanistan > Zabul > Nawbahar,Zabul,32.2090323,66.99123717
983, Afghanistan > Zabul > Kakar,Zabul,32.2090323,66.99123717
981, Afghanistan > Zabul > Atghar,Zabul,32.2090323,66.99123717
736, Afghanistan > Hirat > Shindand,Hirat,34.34771806,62.29626835
1163, Afghanistan > Faryab > Pashtun Kot,Faryab,35.91878211,64.77065479
783, Afghanistan > Faryab > Almar,Faryab,35.91878211,64.77065479
1164, Afghanistan > Faryab > Garzewan,Faryab,35.91878211,64.77065479
860, Afghanistan > Sar-e-Pul > Sozmaqala,Sar-e-Pul,36.28513776,66.01798389
1165, Afghanistan > Jawzjan > Mingajik,Jawzjan,36.61767965,65.76233253
743, Afghanistan > Hirat > Zindajan,Hirat,34.34771806,62.29626835
1166, Afghanistan > Khost > Nadir Shah Kot,Khost,33.35905236,70.01183825
1167, Afghanistan > Paktya > Jaji,Paktya,33.60166035,69.2213731
1168, Afghanistan > Baghlan > Burka,Baghlan,36.00691852,68.64517059
1169, Afghanistan > Khost > Terezayi,Khost,33.35905236,70.01183825
1170, Afghanistan > Kabul > Mir Bacha Kot,Kabul,34.5254379,69.13517912
1171, Afghanistan > Kabul > Musahi,Kabul,34.5254379,69.13517912
1172, Afghanistan > Kandahar > Shorabak,Kandahar,31.51268617,65.70859557
1173, Afghanistan > Paktika > Nika,Paktika,33.21164752,68.74733968
775, Afghanistan > Badakhshan > Yamgan,Badakhshan,37.21417975,70.61409555
856, Afghanistan > Sar-e-Pul > Sayad,Sar-e-Pul,36.28513776,66.01798389
953, Afghanistan > Parwan > Charikar,Parwan,34.98721774,69.14395115
1174, Afghanistan > Kunar > Asad Abad,Kunar,34.87348561,71.12998779
823, Afghanistan > Hirat > Kohsan,Hirat,34.34771806,62.29626835
742, Afghanistan > Hirat > Kushk,Hirat,34.34771806,62.29626835
1175, Afghanistan > Parwan > Shekh Ali,Parwan,34.98721774,69.14395115
838, Afghanistan > Kunar > Marawara,Kunar,34.87348561,71.12998779
1176, Afghanistan > Kunar > Shigal,Kunar,34.87348561,71.12998779
1025, Afghanistan > Kunar > Watapur,Kunar,34.87348561,71.12998779
1177, Afghanistan > Kunar > Sar Kani,Kunar,34.87348561,71.12998779
1178, Afghanistan > Kunar > Chawkay,Kunar,34.87348561,71.12998779
978, Afghanistan > Nangarhar > Khogyani,Nangarhar,34.42690434,70.45503228
993, Afghanistan > Panjsher > Bazarak,Panjsher,35.36720845,69.50453263
778, Afghanistan > Samangan > Aybak,Samangan,36.29707597,68.33374291
1179, Centre-Nord > Sanmatenga > Kaya,Centre-Nord,13.27107378,-0.9736234
1180, Sahel > Oudalan > Gorom-Gorom,Sahel,14.147637,-0.45004078
1181, Centre-Nord > Sanmatenga > Barsalogho,Centre-Nord,13.27107378,-0.9736234
1182, Centre-Nord > Namentenga > Tougouri,Centre-Nord,13.27107378,-0.9736234
1183, Centre-Nord > Sanmatenga > Mané,Centre-Nord,13.27107378,-0.9736234
1184, Centre-Nord > Bam > Bourzanga,Centre-Nord,13.27107378,-0.9736234
1185, Centre-Nord > Bam > Kongoussi,Centre-Nord,13.27107378,-0.9736234
1186, Nord > Loroum > Titao,Nord,13.4599915,-2.28314866
1187, Nord > Yatenga > Ouahigouya,Nord,13.4599915,-2.28314866
1188, Nord > Yatenga > Thiou,Nord,13.4599915,-2.28314866
1189, Nord > Passoré > Boken,Nord,13.4599915,-2.28314866
1190, Nord > Passoré > Kirsi,Nord,13.4599915,-2.28314866
1191, Nord > Passoré > Bagaré,Nord,13.4599915,-2.28314866
1192, Nord > Passoré > Yako,Nord,13.4599915,-2.28314866
1193, Nord > Passoré > La-Toden,Nord,13.4599915,-2.28314866
1194, Nord > Zondoma > Tougo,Nord,13.4599915,-2.28314866
1195, Nord > Yatenga > Zogoré,Nord,13.4599915,-2.28314866
1196, Nord > Yatenga > Oula,Nord,13.4599915,-2.28314866
1197, Nord > Zondoma > Lèba,Nord,13.4599915,-2.28314866
1198, Nord > Passoré > Samba,Nord,13.4599915,-2.28314866
1199, Nord > Zondoma > Boussou,Nord,13.4599915,-2.28314866
1200, Nord > Zondoma > Goursi,Nord,13.4599915,-2.28314866
1201, Nord > Passoré > Arbollé,Nord,13.4599915,-2.28314866
1202, Nord > Passoré > Pilimpikou,Nord,13.4599915,-2.28314866
1203, Nord > Loroum > Bahn,Nord,13.4599915,-2.28314866
1204, Nord > Passoré > Gomponsom,Nord,13.4599915,-2.28314866
1205, Est > Gourma > Tibga,Est,12.24028545,0.92648258
1206, Est > Gourma > Diapangou,Est,12.24028545,0.92648258
1207, Est > Gourma > Yamba,Est,12.24028545,0.92648258
1208, Est > Gourma > Diabo,Est,12.24028545,0.92648258
1209, Est > Gourma > Matiakoali,Est,12.24028545,0.92648258
1210, Est > Gourma > Fada-Ngourma,Est,12.24028545,0.92648258
1211, Est > Kompienga > Kompienga,Est,12.24028545,0.92648258
1212, Est > Kompienga > Pama,Est,12.24028545,0.92648258
1213, Est > Komandjari > Gayéri,Est,12.24028545,0.92648258
1214, Sahel > Séno > Gorgadji,Sahel,14.147637,-0.45004078
1215, Sahel > Yagha > Sebba,Sahel,14.147637,-0.45004078
1216, Sahel > Soum > Djibo,Sahel,14.147637,-0.45004078
1217, Sahel > Séno > Dori,Sahel,14.147637,-0.45004078
1218, Nord > Yatenga > Senguènèga,Nord,13.4599915,-2.28314866
1219, Nord > Yatenga > Kossouka,Nord,13.4599915,-2.28314866
1220, Nord > Yatenga > Rambo,Nord,13.4599915,-2.28314866
1221, Nord > Yatenga > Kalsaka,Nord,13.4599915,-2.28314866
1222, Centre-Nord > Namentenga > Boala,Centre-Nord,13.27107378,-0.9736234
1223, Centre-Nord > Namentenga > Yalgo,Centre-Nord,13.27107378,-0.9736234
1224, Centre-Nord > Sanmatenga > Pensa,Centre-Nord,13.27107378,-0.9736234
1225, Centre-Nord > Sanmatenga > Pissila,Centre-Nord,13.27107378,-0.9736234
1226, Centre-Nord > Namentenga > Boulsa,Centre-Nord,13.27107378,-0.9736234
1227, Centre-Nord > Namentenga > Bouroum,Centre-Nord,13.27107378,-0.9736234
1228, Est > Tapoa > Diapaga,Est,12.24028545,0.92648258
1229, Centre-Est > Koulpélogo > Ouargaye,Centre-Est,11.60759787,-0.18605236
1230, Centre-Est > Boulgou > Bané,Centre-Est,11.60759787,-0.18605236
1231, Centre-Est > Boulgou > Bitou,Centre-Est,11.60759787,-0.18605236
1232, Centre-Est > Boulgou > Garango,Centre-Est,11.60759787,-0.18605236
1233, Centre-Est > Kourittenga > Koupèla,Centre-Est,11.60759787,-0.18605236
1234, Nord > Yatenga > Namissiguima,Nord,13.4599915,-2.28314866
1235, Nord > Loroum > Ouindigui,Nord,13.4599915,-2.28314866
1236, Sahel > Soum > Arbinda,Sahel,14.147637,-0.45004078
1237, Boucle du Mouhoun > Kossi > Nouna,Boucle du Mouhoun,12.53592702,-3.48890454
1238, Boucle du Mouhoun > Sourou > Tougan,Boucle du Mouhoun,12.53592702,-3.48890454
1239, Burkina Faso > Centre-Nord > Sanmatenga > Kaya,Centre-Nord,13.27107378,-0.9736234
1240, Est > Gnagna > Bilanga,Est,12.24028545,0.92648258
1241, Est > Gnagna > Piéla,Est,12.24028545,0.92648258
1242, Centre-Nord > Bam > Rollo,Centre-Nord,13.27107378,-0.9736234
1243, Sahel > Oudalan > Markoye,Sahel,14.147637,-0.45004078
1244, Boucle du Mouhoun > Balé > Fara,Boucle du Mouhoun,12.53592702,-3.48890454
1245, Boucle du Mouhoun > Balé > Siby,Boucle du Mouhoun,12.53592702,-3.48890454
1246, Boucle du Mouhoun > Banwa > Solenzo,Boucle du Mouhoun,12.53592702,-3.48890454
1247, Boucle du Mouhoun > Mouhoun > Dédougou,Boucle du Mouhoun,12.53592702,-3.48890454
1248, Boucle du Mouhoun > Kossi > Bomborokui,Boucle du Mouhoun,12.53592702,-3.48890454
1249, Burkina Faso > Boucle du Mouhoun > Mouhoun > Dédougou,Boucle du Mouhoun,12.53592702,-3.48890454
1250, Centre-Est > Kourittenga > Gounguen,Centre-Est,11.60759787,-0.18605236
1251, Centre-Est > Kourittenga > Pouytenga,Centre-Est,11.60759787,-0.18605236
1252, Burkina Faso > Nord > Zondoma > Goursi,Nord,13.4599915,-2.28314866
1253, Burkina Faso > Nord > Passoré > Yako,Nord,13.4599915,-2.28314866
1254, Burkina Faso > Nord > Yatenga > Ouahigouya,Nord,13.4599915,-2.28314866
1255, Burkina Faso > Nord > Loroum > Titao,Nord,13.4599915,-2.28314866
1256, Burkina Faso > Nord > Yatenga > Kossouka,Nord,13.4599915,-2.28314866
1257, Burkina Faso > Nord > Yatenga > Senguènèga,Nord,13.4599915,-2.28314866
1258, Burkina Faso > Est > Tapoa > Diapaga,Est,12.24028545,0.92648258
1259, Burkina Faso > Est > Gnagna > Bogandé,Est,12.24028545,0.92648258
1260, Burkina Faso > Est > Gnagna > Bilanga,Est,12.24028545,0.92648258
1261, Burkina Faso > Centre-Nord > Bam > Kongoussi,Centre-Nord,13.27107378,-0.9736234
1262, Burkina Faso > Centre-Nord > Namentenga > Boulsa,Centre-Nord,13.27107378,-0.9736234
1263, Burkina Faso > Est > Gourma > Fada-Ngourma,Est,12.24028545,0.92648258
1264, Burkina Faso > Est > Komandjari > Gayéri,Est,12.24028545,0.92648258
1265, Burkina Faso > Centre-Nord > Sanmatenga > Pissila,Centre-Nord,13.27107378,-0.9736234
1266, Burkina Faso > Centre-Nord > Sanmatenga > Pensa,Centre-Nord,13.27107378,-0.9736234
1267, Burkina Faso > Centre-Nord > Namentenga > Tougouri,Centre-Nord,13.27107378,-0.9736234
1268, Burkina Faso > Centre-Nord > Sanmatenga > Barsalogho,Centre-Nord,13.27107378,-0.9736234
1269, Burkina Faso > Centre-Nord > Bam > Bourzanga,Centre-Nord,13.27107378,-0.9736234
1270, Burkina Faso > Boucle du Mouhoun > Sourou > Tougan,Boucle du Mouhoun,12.53592702,-3.48890454
1271, Burkina Faso > Boucle du Mouhoun > Kossi > Nouna,Boucle du Mouhoun,12.53592702,-3.48890454
1272, Burkina Faso > Sahel > Séno > Gorgadji,Sahel,14.147637,-0.45004078
1273, Burkina Faso > Sahel > Séno > Dori,Sahel,14.147637,-0.45004078
1274, Burkina Faso > Sahel > Soum > Arbinda,Sahel,14.147637,-0.45004078
1275, Burkina Faso > Sahel > Soum > Djibo,Sahel,14.147637,-0.45004078
1276, Burkina Faso > Sahel > Yagha > Sebba,Sahel,14.147637,-0.45004078
1277, Burkina Faso > Nord > Loroum > Sollé,Nord,13.4599915,-2.28314866
1278, Burkina Faso > Nord > Loroum > Bahn,Nord,13.4599915,-2.28314866
1279, Burkina Faso > Boucle du Mouhoun > Sourou > Gomboro,Boucle du Mouhoun,12.53592702,-3.48890454
1280, Burkina Faso > Centre-Nord > Sanmatenga > Boussouma,Centre-Nord,13.27107378,-0.9736234
1281, Burkina Faso > Boucle du Mouhoun > Banwa > Solenzo,Boucle du Mouhoun,12.53592702,-3.48890454
1282, Burkina Faso > Sahel > Oudalan > Gorom-Gorom,Sahel,14.147637,-0.45004078
1283, Burkina Faso > Sahel > Oudalan > Markoye,Sahel,14.147637,-0.45004078
1284, Burkina Faso > Est > Gnagna > Piéla,Est,12.24028545,0.92648258
1285, Burkina Faso > Sahel > Yagha > Mansila,Sahel,14.147637,-0.45004078
1286, Burkina Faso > Sahel > Séno > Seytenga,Sahel,14.147637,-0.45004078
1287, Burkina Faso > Est > Tapoa > Kantchari,Est,12.24028545,0.92648258
1288, Burkina Faso > Est > Kompienga > Pama,Est,12.24028545,0.92648258
1289, Burkina Faso > Est > Kompienga > Kompienga,Est,12.24028545,0.92648258
1290, Burkina Faso > Est > Gnagna > Mani,Est,12.24028545,0.92648258
1291, Burkina Faso > Est > Gourma > Matiakoali,Est,12.24028545,0.92648258
1292, Burkina Faso > Est > Tapoa > Partiaga,Est,12.24028545,0.92648258
1293, Burkina Faso > Boucle du Mouhoun > Kossi > Bomborokui,Boucle du Mouhoun,12.53592702,-3.48890454
1294, Burkina Faso > Boucle du Mouhoun > Banwa > Balavé,Boucle du Mouhoun,12.53592702,-3.48890454
1295, Burkina Faso > Boucle du Mouhoun > Banwa > Sanaba,Boucle du Mouhoun,12.53592702,-3.48890454
1296, Burkina Faso > Boucle du Mouhoun > Sourou > Lanfièra,Boucle du Mouhoun,12.53592702,-3.48890454
1297, Vakaga > Birao,Vakaga,10.3333,22.75
1298, Haute Kotto > Bria,Haute Kotto,7.0,23.0
1299, Ouham > Batangafo,Ouham,7.0,18.0
1300, Mbomou > Bangassou,Mbomou,5.0764181,23.3093406
1301, Nana Gribizi > Kaga-Bandoro,Nana Gribizi,6.657806,19.666148
1302, Ouham > Markounda,Ouham,7.0,18.0
1303, Nana Mambéré > Baboua,Nana Mambéré,5.5,15.5
1304, Ouham Péndé > Koui,Ouham Péndé,7.0,16.0
1305, Ouham Péndé > Ngaoundaye,Ouham Péndé,7.0,16.0
1306, Ouham Péndé > Bocaranga,Ouham Péndé,7.0,16.0
1307, Haut Mbomou > Zémio,Haut Mbomou,6.0,26.0
1308, Haut Mbomou > Obo,Haut Mbomou,6.0,26.0
1309, Basse Kotto > Kembé,Basse Kotto,5.0,21.5
1310, Basse Kotto > Satéma,Basse Kotto,5.0,21.5
1311, Nana Gribizi > Mbrès,Nana Gribizi,6.657806,19.666148
1312, Mbomou > Rafaï,Mbomou,5.0764181,23.3093406
1313, Mbomou > Ouango,Mbomou,5.0764181,23.3093406
1314, Basse Kotto > Mobaye,Basse Kotto,5.0,21.5
1315, Basse Kotto > Zangba,Basse Kotto,5.0,21.5
1316, Mambéré-Kadéï > Amada-Gaza,Mambéré-Kadéï,4.5,16.0
1317, Bangui > 1er Arrondissement,Bangui,4.3667,18.5833
1318, Bangui > 2e Arrondissement,Bangui,4.3667,18.5833
1319, Bamingui Bangoran > Ndélé,Bamingui Bangoran,8.4167,20.6667
1320, Mambéré-Kadéï > Gamboula,Mambéré-Kadéï,4.5,16.0
1321, Basse Kotto > Alindao,Basse Kotto,5.0,21.5
1322, Nana Mambéré > Bouar,Nana Mambéré,5.5,15.5
1323, Mambéré-Kadéï > Berbérati,Mambéré-Kadéï,4.5,16.0
1324, Ouaka > Bambari,Ouaka,6.0,21.0
1325, Ombella M'Poko > Bimbo,Ombella M'Poko,5.0,18.0
1326, Haut Mbomou > Bambouti,Haut Mbomou,6.0,26.0
1327, Ouaka > Bakala,Ouaka,6.0,21.0
1328, Bamingui Bangoran > Bamingui,Bamingui Bangoran,8.4167,20.6667
1329, Kémo > Sibut,Kémo,5.75,19.0833
1330, Sangha Mbaéré > Bambio,Sangha Mbaéré,3.5,16.0833
1331, Lobaye > Boda,Lobaye,4.0,18.0
1332, Haut Mbomou > Djemah,Haut Mbomou,6.0,26.0
1333, Bangui > 6e Arrondissement,Bangui,4.3667,18.5833
1334, Bangui > 7e Arrondissement,Bangui,4.3667,18.5833
1335, Bangui > 8e Arrondissement,Bangui,4.3667,18.5833
1336, Bangui > 5e Arrondissement,Bangui,4.3667,18.5833
1337, Ouham > Bouca,Ouham,7.0,18.0
1338, Ouham > Kabo,Ouham,7.0,18.0
1339, Mambéré-Kadéï > Carnot,Mambéré-Kadéï,4.5,16.0
1340, Mambéré-Kadéï > Gadzi,Mambéré-Kadéï,4.5,16.0
1341, Mbomou > Bakouma,Mbomou,5.0764181,23.3093406
1342, Basse Kotto > Mingala,Basse Kotto,5.0,21.5
1343, Bangui > 4e Arrondissement,Bangui,4.3667,18.5833
1344, Bangui > 3e Arrondissement,Bangui,4.3667,18.5833
1345, Ouham > Bossangoa,Ouham,7.0,18.0
1346, Ouham Péndé > Paoua,Ouham Péndé,7.0,16.0
1347, Sangha Mbaéré > Nola,Sangha Mbaéré,3.5,16.0833
1348, Lobaye > Mbaïki,Lobaye,4.0,18.0
1349, Kémo > Dékoa,Kémo,5.75,19.0833
1350, Ombella M'Poko > Bossembélé,Ombella M'Poko,5.0,18.0
1351, Ouaka > Grimari,Ouaka,6.0,21.0
1352, Ombella M'Poko > Yaloké,Ombella M'Poko,5.0,18.0
1353, Ouaka > Ippy,Ouaka,6.0,21.0
1354, Haute Kotto > Yalinga,Haute Kotto,7.0,23.0
1355, Ouham > Nangha Boguila,Ouham,7.0,18.0
1356, Ouham Péndé > Bozoum,Ouham Péndé,7.0,16.0
1357, Ouaka > Kouango,Ouaka,6.0,21.0
1358, CAR > Haute Kotto > Bria,Haute Kotto,7.0,23.0
1359, CAR > Haute Kotto > Ouadda,Haute Kotto,7.0,23.0
1360, CAR > Vakaga > Ouanda-Djallé,Vakaga,10.3333,22.75
1361, Haute Kotto > Ouadda,Haute Kotto,7.0,23.0
1362, Vakaga > Ouanda-Djallé,Vakaga,10.3333,22.75
1363, CAR > Bangui,Bangui,4.3667,18.5833
1364, CAR > Ouham > Nangha Boguila,Ouham,7.0,18.0
1365, CAR > Bamingui Bangoran,Bamingui Bangoran,8.4167,20.6667
1366, CAR > Mbomou > Bangassou,Mbomou,5.0764181,23.3093406
1367, CAR > Mambéré-Kadéï > Carnot,Mambéré-Kadéï,4.5,16.0
1368, CAR > Ouaka > Bambari,Ouaka,6.0,21.0
1369, CAR > Basse Kotto > Kembé,Basse Kotto,5.0,21.5
1370, CAR > Ouaka > Grimari,Ouaka,6.0,21.0
1371, CAR > Haut Mbomou > Djemah,Haut Mbomou,6.0,26.0
1372, CAR > Nana Mambéré > Bouar,Nana Mambéré,5.5,15.5
1373, CAR > Mbomou > Ouango,Mbomou,5.0764181,23.3093406
1374, CAR > Ouham Péndé > Paoua,Ouham Péndé,7.0,16.0
1375, CAR > Ouham > Kabo,Ouham,7.0,18.0
1376, CAR > Haute Kotto > Yalinga,Haute Kotto,7.0,23.0
1377, CAR > Haut Mbomou > Zémio,Haut Mbomou,6.0,26.0
1378, CAR > Haut Mbomou,Haut Mbomou,6.0,26.0
1379, CAR > Kémo,Kémo,5.75,19.0833
1380, CAR > Haute Kotto,Haute Kotto,7.0,23.0
1381, CAR > Mbomou > Rafaï,Mbomou,5.0764181,23.3093406
1382, CAR > Kémo > Ndjoukou,Kémo,5.75,19.0833
1383, CAR > Ouham Péndé,Ouham Péndé,7.0,16.0
1384, CAR > Basse Kotto > Alindao,Basse Kotto,5.0,21.5
1385, CAR > Ouham > Markounda,Ouham,7.0,18.0
1386, CAR > Haut Mbomou > Obo,Haut Mbomou,6.0,26.0
1387, CAR > Haut Mbomou > Bambouti,Haut Mbomou,6.0,26.0
1388, CAR > Nana Mambéré,Nana Mambéré,5.5,15.5
1389, CAR > Ouham Péndé > Bocaranga,Ouham Péndé,7.0,16.0
1390, CAR > Ouham,Ouham,7.0,18.0
1391, CAR > Nana Gribizi,Nana Gribizi,6.657806,19.666148
1392, CAR > Mbomou,Mbomou,5.0764181,23.3093406
1393, CAR > Ouaka,Ouaka,6.0,21.0
1394, CAR > Vakaga > Birao,Vakaga,10.3333,22.75
1395, CAR > Basse Kotto,Basse Kotto,5.0,21.5
1396, CAR > Ouham > Bouca,Ouham,7.0,18.0
1397, CAR > Ouham Péndé > Bossemptélé,Ouham Péndé,7.0,16.0
1398, CAR > Ouham Péndé > Koui,Ouham Péndé,7.0,16.0
1399, CAR > Ouham Péndé > Ngaoundaye,Ouham Péndé,7.0,16.0
1400, CAR > Ouham Péndé > Bozoum,Ouham Péndé,7.0,16.0
1401, CAR > Ouham > Bossangoa,Ouham,7.0,18.0
1402, CAR > Ouham > Nana Bakassa,Ouham,7.0,18.0
1403, CAR > Bamingui Bangoran > Bamingui,Bamingui Bangoran,8.4167,20.6667
1404, CAR > Basse Kotto > Zangba,Basse Kotto,5.0,21.5
1405, CAR > Mbomou > Bakouma,Mbomou,5.0764181,23.3093406
1406, CAR > Ouham > Batangafo,Ouham,7.0,18.0
1407, CAR > Ombella M'Poko > Damara,Ombella M'Poko,5.0,18.0
1408, CAR > Mbomou > Gambo,Mbomou,5.0764181,23.3093406
1409,Ouaka -> Bambari,Ouaka,6.0,21.0
1410,Ouaka -> Grimari,Ouaka,6.0,21.0
1411,Bangui,Bangui,4.3667,18.5833
1412,Ombella M'Poko,Ombella M'Poko,5.0,18.0
1413,Kémo -> Sibut,Kémo,5.75,19.0833
1414,Lobaye,Lobaye,4.0,18.0
1415,Haute Kotto -> Bria,Haute Kotto,7.0,23.0
1416,Mbomou -> Bangassou,Mbomou,5.0764181,23.3093406
1417,Ouaka,Ouaka,6.0,21.0
1418,Haute Kotto,Haute Kotto,7.0,23.0
1419,Bangui -> 3e Arrondissement,Bangui,4.3667,18.5833
1420,Ombella M'Poko -> Bimbo,Ombella M'Poko,5.0,18.0
1421,Haute Kotto -> Ouadda,Haute Kotto,7.0,23.0
1422,Ouaka -> Ippy,Ouaka,6.0,21.0
1423,Ouaka -> Bakala,Ouaka,6.0,21.0
1424,Ouaka -> Kouango,Ouaka,6.0,21.0
1425,Haute Kotto -> Yalinga,Haute Kotto,7.0,23.0
1426,Bangui -> 5e Arrondissement,Bangui,4.3667,18.5833
1427,Nana Gribizi -> Kaga-Bandoro,Nana Gribizi,6.657806,19.666148
1428,Basse Kotto -> Alindao,Basse Kotto,5.0,21.5
1429,Basse Kotto -> Mingala,Basse Kotto,5.0,21.5
1430,Bangui -> 1er Arrondissement,Bangui,4.3667,18.5833
1431,Ouham Péndé -> Koui,Ouham Péndé,7.0,16.0
1432,Ouham Péndé -> Bocaranga,Ouham Péndé,7.0,16.0
1433,Ouham -> Batangafo,Ouham,7.0,18.0
1434,Basse Kotto -> Mobaye,Basse Kotto,5.0,21.5
1435,Nana Gribizi -> Mbrès,Nana Gribizi,6.657806,19.666148
1436,Ouham Péndé -> Paoua,Ouham Péndé,7.0,16.0
1437,Nana Mambéré -> Bouar,Nana Mambéré,5.5,15.5
1438,Ouham Péndé -> Ngaoundaye,Ouham Péndé,7.0,16.0
1439,Mambéré-Kadéï -> Berbérati,Mambéré-Kadéï,4.5,16.0
1440,Ouham -> Bossangoa,Ouham,7.0,18.0
1441,Basse Kotto -> Zangba,Basse Kotto,5.0,21.5
1442,Nana Mambéré -> Baboua,Nana Mambéré,5.5,15.5
1443,Mbomou -> Bakouma,Mbomou,5.0764181,23.3093406
1444,Mbomou -> Ouango,Mbomou,5.0764181,23.3093406
1445,Mbomou -> Gambo,Mbomou,5.0764181,23.3093406
1446,Mbomou -> Rafaï,Mbomou,5.0764181,23.3093406
1447,Haut Mbomou -> Obo,Haut Mbomou,6.0,26.0
1448,Ouham -> Kabo,Ouham,7.0,18.0
1449,Mambéré-Kadéï -> Gamboula,Mambéré-Kadéï,4.5,16.0
1450,Mambéré-Kadéï -> Amada-Gaza,Mambéré-Kadéï,4.5,16.0
1451,Mambéré-Kadéï -> Gadzi,Mambéré-Kadéï,4.5,16.0
1452,Nana Mambéré,Nana Mambéré,5.5,15.5
1453,Ouham -> Bouca,Ouham,7.0,18.0
1454,Haut Mbomou -> Zémio,Haut Mbomou,6.0,26.0
1455,Basse Kotto -> Kembé,Basse Kotto,5.0,21.5
1456,Basse Kotto -> Satéma,Basse Kotto,5.0,21.5
1457,Ouham Péndé,Ouham Péndé,7.0,16.0
1458,Ouham -> Markounda,Ouham,7.0,18.0
1459,Ouham -> Nangha Boguila,Ouham,7.0,18.0
1460,Bangui -> 2e Arrondissement,Bangui,4.3667,18.5833
1461,Ouham,Ouham,7.0,18.0
1462,Mambéré-Kadéï,Mambéré-Kadéï,4.5,16.0
1463,Basse Kotto,Basse Kotto,5.0,21.5
1464,Haut Mbomou,Haut Mbomou,6.0,26.0
1465,Mbomou,Mbomou,5.0764181,23.3093406
1466,Kémo -> Mala,Kémo,5.75,19.0833
1467,Kémo -> Dékoa,Kémo,5.75,19.0833
1468,Ouham Péndé -> Bozoum,Ouham Péndé,7.0,16.0
1469,Nana Gribizi,Nana Gribizi,6.657806,19.666148
1470, Ouham > Nana Bakassa,Ouham,7.0,18.0
1471, Lobaye > Boganda,Lobaye,4.0,18.0
1472, Lobaye > Moungoumba,Lobaye,4.0,18.0
1473, Lobaye > Boganangone,Lobaye,4.0,18.0
1474, Mbomou > Gambo,Mbomou,5.0764181,23.3093406
1475, Ombella M'Poko > Boali,Ombella M'Poko,5.0,18.0
1476, Ombella M'Poko > Bogangolo,Ombella M'Poko,5.0,18.0
1477, Ombella M'Poko > Damara,Ombella M'Poko,5.0,18.0
1478, Kémo > Mala,Kémo,5.75,19.0833
1479, Chad > Ouaddai > Assoungha,Ouaddai,13.54129408,21.15619934
1480, Chad > Mayo-Kebbi Est > Mayo-Lemié,Mayo-Kebbi Est,10.24582625,15.87755025
1481, Chad > Mayo-Kebbi Est > Mayo-Boneye,Mayo-Kebbi Est,10.24582625,15.87755025
1482,CHOCÓ -> RIOSUCIO,CHOCÓ,5.93883,-76.938253
1483,NARIÑO -> BARBACOAS,NARIÑO,1.569519,-77.871608
1484,NARIÑO -> SAN ANDRÉS DE TUMACO,NARIÑO,1.569519,-77.871608
1485,NARIÑO -> MOSQUERA,NARIÑO,1.569519,-77.871608
1486,NARIÑO -> SANTA BÁRBARA,NARIÑO,1.569519,-77.871608
1487,ANTIOQUIA -> APARTADÓ,ANTIOQUIA,6.92599,-75.570959
1488,ARAUCA -> SARAVENA,ARAUCA,6.569909,-70.968822
1489,CHOCÓ -> EL LITORAL DEL SAN JUAN,CHOCÓ,5.93883,-76.938253
1490,PUTUMAYO -> MOCOA,PUTUMAYO,0.458448,-75.864116
1491,LA GUAJIRA -> MAICAO,LA GUAJIRA,11.475968,-72.429918
1492,LA GUAJIRA -> RIOHACHA,LA GUAJIRA,11.475968,-72.429918
1493,ARAUCA -> ARAUCA,ARAUCA,6.569909,-70.968822
1494, Colombia > META,META,3.347656,-72.95518
1495, Colombia > GUAVIARE,GUAVIARE,1.924654,-72.127319
1496, Colombia > GUAVIARE > SAN JOSÉ DEL GUAVIARE,GUAVIARE,1.924654,-72.127319
1497, Colombia > CAQUETÁ,CAQUETÁ,0.800149,-73.962618
1498, Colombia > LA GUAJIRA,LA GUAJIRA,11.475968,-72.429918
1499, Colombia > CESAR,CESAR,9.537409,-73.517752
1500, Colombia > SANTANDER,SANTANDER,6.695094,-73.486235
1501, Colombia > BOLÍVAR,BOLÍVAR,8.743749,-74.506382
1502, Colombia > PUTUMAYO,PUTUMAYO,0.458448,-75.864116
1503, DRC > Sud-Kivu > Kalehe > Kalehe,Sud-Kivu,-2.500021,28.866667
1504, DRC > Ituri > Mambasa > Mambasa,Ituri,1.562489,30.248427
1505, DRC > Nord-Kivu > Rutshuru > Bambo,Nord-Kivu,-1.6882,29.2371
1506, DRC > Nord-Kivu > Lubero > Alimbongo,Nord-Kivu,-1.6882,29.2371
1507, DRC > Nord-Kivu > Lubero > Kayna,Nord-Kivu,-1.6882,29.2371
1508, DRC > Nord-Kivu > Rutshuru > Kibirizi,Nord-Kivu,-1.6882,29.2371
1509, DRC > Nord-Kivu > Rutshuru > Birambizo,Nord-Kivu,-1.6882,29.2371
1510, DRC > Ituri > Mambasa > Mandima,Ituri,1.562489,30.248427
1511, DRC > Nord-Kivu > Beni > Oicha,Nord-Kivu,-1.6882,29.2371
1512, DRC > Nord-Kivu > Nyiragongo > Nyiragongo,Nord-Kivu,-1.6882,29.2371
1513, DRC > Nord-Kivu > Masisi > Kirotshe,Nord-Kivu,-1.6882,29.2371
1514, DRC > Nord-Kivu > Goma > Karisimbi,Nord-Kivu,-1.6882,29.2371
1515, DRC > Nord-Kivu > Masisi > Katoyi,Nord-Kivu,-1.6882,29.2371
1516, DRC > Nord-Kivu > Goma > Goma,Nord-Kivu,-1.6882,29.2371
1517, DRC > Nord-Kivu > Masisi > Masisi,Nord-Kivu,-1.6882,29.2371
1518, DRC > Tanganyika > Nyunzu > Nyunzu,Tanganyika,-6.255568,29.510771
1519, DRC > Nord-Kivu > Masisi > Mweso,Nord-Kivu,-1.6882,29.2371
1520, DRC > Sud-Kivu > Fizi > Fizi,Sud-Kivu,-2.500021,28.866667
1521, DRC > Mai-Ndombe > Kwamouth > Kwamouth,Mai-Ndombe,-1.944394,18.273916
1522, DRC > Kwilu > Bagata > Kikongo,Kwilu,-3.298349,17.389665
1523, DRC > Kwango > Kenge > Boko,Kwango,-4.866367,16.983376
1524, DRC > Kwango > Popokabaka > Popokabaka,Kwango,-4.866367,16.983376
1525, DRC > Nord-Kivu > Lubero > Lubero,Nord-Kivu,-1.6882,29.2371
1526, DRC > Ituri > Irumu > Komanda,Ituri,1.562489,30.248427
1527, DRC > Nord-Kivu > Beni > Beni,Nord-Kivu,-1.6882,29.2371
1528, DRC > Nord-Kivu > Butembo > Butembo,Nord-Kivu,-1.6882,29.2371
1529, DRC > Kwilu > Bagata > Bagata,Kwilu,-3.298349,17.389665
1530, DRC > Tanganyika > Kongolo > Kongolo,Tanganyika,-6.255568,29.510771
1531, DRC > Ituri > Djugu > Mangala,Ituri,1.562489,30.248427
1532, DRC > Ituri > Djugu > Drodro,Ituri,1.562489,30.248427
1533, DRC > Ituri > Djugu > Jiba,Ituri,1.562489,30.248427
1534, DRC > Kwilu > Bandundu ville > Bandundu,Kwilu,-3.298349,17.389665
1535, DRC > Tanganyika > Kongolo > Mbulula,Tanganyika,-6.255568,29.510771
1536, DRC > Nord-Kivu > Rutshuru > Rutshuru,Nord-Kivu,-1.6882,29.2371
1537, DRC > Sud-Kivu > Kalehe > Minova,Sud-Kivu,-2.500021,28.866667
1538, DRC > Sud-Kivu > Uvira > Uvira,Sud-Kivu,-2.500021,28.866667
1539, DRC > Sud-Kivu > Kalehe > Bunyakiri,Sud-Kivu,-2.500021,28.866667
1540, DRC > Nord-Kivu > Rutshuru > Rwanguba,Nord-Kivu,-1.6882,29.2371
1541, DRC > Nord-Kivu > Walikale > Pinga,Nord-Kivu,-1.6882,29.2371
1542, DRC > Nord-Kivu > Beni > Kamango,Nord-Kivu,-1.6882,29.2371
1543, DRC > Ituri > Djugu > Fataki,Ituri,1.562489,30.248427
1544, DRC > Ituri > Mambasa > Lolwa,Ituri,1.562489,30.248427
1545, DRC > Ituri > Djugu > Tchomia,Ituri,1.562489,30.248427
1546, DRC > Sud-Kivu > Kabare > Kaniola,Sud-Kivu,-2.500021,28.866667
1547, DRC > Ituri > Djugu > Rethy,Ituri,1.562489,30.248427
1548, DRC > Tanganyika > Kalemie > Nyemba,Tanganyika,-6.255568,29.510771
1549, DRC > Tanganyika > Moba > Kansimba,Tanganyika,-6.255568,29.510771
1550, DRC > Sud-Kivu > Bukavu > Bagira,Sud-Kivu,-2.500021,28.866667
1551, DRC > Sud-Kivu > Kabare > Miti-Murhesa,Sud-Kivu,-2.500021,28.866667
1552, Kinshasa > Lemba,Kinshasa,-4.339502,15.309483
1553, Kinshasa > Mont Ngafula,Kinshasa,-4.339502,15.309483
1554, Kinshasa > Masina,Kinshasa,-4.339502,15.309483
1555, Kinshasa > Limete,Kinshasa,-4.339502,15.309483
1556, Kinshasa > Ndjili,Kinshasa,-4.339502,15.309483
1557, Kwilu > Idiofa,Kwilu,-3.298349,17.389665
1558, Kinshasa > Kimbanseke,Kinshasa,-4.339502,15.309483
1559, Sud-Kivu > Bukavu,Sud-Kivu,-2.500021,28.866667
1560, Kinshasa > Kalamu,Kinshasa,-4.339502,15.309483
1561, Kongo Central > Matadi,Kongo Central,-5.837288,13.449994
1562, Kinshasa > Kasa Vubu,Kinshasa,-4.339502,15.309483
1563, Haut-Katanga > Lubumbashi,Haut-Katanga,-11.659227,27.4741
1564, Kinshasa > Kinshasa,Kinshasa,-4.339502,15.309483
1565, Kinshasa > Bandalungwa,Kinshasa,-4.339502,15.309483
1566, Kinshasa > Kintambo,Kinshasa,-4.339502,15.309483
1567, Kinshasa > Ngaliema,Kinshasa,-4.339502,15.309483
1568, Kinshasa > Barumbu,Kinshasa,-4.339502,15.309483
1569, Kinshasa > Gombe,Kinshasa,-4.339502,15.309483
1570, Kinshasa > Matete,Kinshasa,-4.339502,15.309483
1571, Kinshasa > Makala,Kinshasa,-4.339502,15.309483
1572, Ituri > Irumu,Ituri,1.562489,30.248427
1573, Ituri > Mahagi,Ituri,1.562489,30.248427
1574, Tanganyika > Moba,Tanganyika,-6.255568,29.510771
1575, Nord-Kivu > Rutshuru,Nord-Kivu,-1.6882,29.2371
1576, Nord-Kivu > Goma,Nord-Kivu,-1.6882,29.2371
1577, Sud-Kivu > Kabare,Sud-Kivu,-2.500021,28.866667
1578, Sud-Kivu > Uvira,Sud-Kivu,-2.500021,28.866667
1579, Kinshasa > Ngaba,Kinshasa,-4.339502,15.309483
1580, Ituri > Aru,Ituri,1.562489,30.248427
1581, Kinshasa > Nsele,Kinshasa,-4.339502,15.309483
1582, Equateur > Mbandaka,Equateur,0.047105,18.271124
1583, Equateur > Mbandaka > Mbandaka,Equateur,0.047105,18.271124
1584, Equateur > Ingende > Lotumbe,Equateur,0.047105,18.271124
1585, Equateur > Ingende > Ingende,Equateur,0.047105,18.271124
1586, Equateur > Mbandaka > Wangata,Equateur,0.047105,18.271124
1587, Equateur > Bikoro > Bikoro,Equateur,0.047105,18.271124
1588, Equateur > Bolomba > Bolomba,Equateur,0.047105,18.271124
1589, Equateur > Bolomba,Equateur,0.047105,18.271124
1590, Equateur > Bikoro > Iboko,Equateur,0.047105,18.271124
1591, Ituri > Djugu > Fataki,Ituri,1.562489,30.248427
1592, Ituri > Djugu > Rethy,Ituri,1.562489,30.248427
1593, Ituri > Djugu,Ituri,1.562489,30.248427
1594, Ituri > Djugu > Tchomia,Ituri,1.562489,30.248427
1595, Ituri > Djugu > Mangala,Ituri,1.562489,30.248427
1596, Ituri > Mahagi > Aungba,Ituri,1.562489,30.248427
1597, Ituri > Mahagi > Mahagi,Ituri,1.562489,30.248427
1598, Ituri > Mahagi > Rimba,Ituri,1.562489,30.248427
1599, Ituri > Djugu > Jiba,Ituri,1.562489,30.248427
1600, Tanganyika > Nyunzu,Tanganyika,-6.255568,29.510771
1601, Kasai Central > Kananga > Kananga,Kasai Central,-6.15,23.599989
1602, Kinshasa > Kinshasa > Gombe,Kinshasa,-4.339502,15.309483
1603, Nord-Kivu > Goma > Goma,Nord-Kivu,-1.6882,29.2371
1604, Sud-Kivu > Bukavu > Bagira,Sud-Kivu,-2.500021,28.866667
1605, Tanganyika > Kalemie > Kalemie,Tanganyika,-6.255568,29.510771
1606, Sud-Kivu > Fizi > Minembwe,Sud-Kivu,-2.500021,28.866667
1607, Sud-Kivu > Mwenga > Itombwe,Sud-Kivu,-2.500021,28.866667
1608, Sud-Kivu > Uvira > Hauts-Plateaux,Sud-Kivu,-2.500021,28.866667
1609, Sud-Kivu > Fizi > Fizi,Sud-Kivu,-2.500021,28.866667
1610, Sud-Kivu > Uvira > Lemera,Sud-Kivu,-2.500021,28.866667
1611, Tanganyika > Kalemie,Tanganyika,-6.255568,29.510771
1612, Kasai Central > Kananga,Kasai Central,-6.15,23.599989
1613, Kinshasa > Kinshasa > Kinshasa,Kinshasa,-4.339502,15.309483
1614, Sud-Kivu,Sud-Kivu,-2.500021,28.866667
1615, Nord-Kivu,Nord-Kivu,-1.6882,29.2371
1616, Kinshasa,Kinshasa,-4.339502,15.309483
1617, Kasai,Kasai,-6.423572,20.795359
1618, Ituri,Ituri,1.562489,30.248427
1619, Nord-Kivu > Rutshuru > Bambo,Nord-Kivu,-1.6882,29.2371
1620, Sud-Kivu > Fizi,Sud-Kivu,-2.500021,28.866667
1621, Tanganyika > Nyunzu > Nyunzu,Tanganyika,-6.255568,29.510771
1622, Sud-Kivu > Mwenga > Mwenga,Sud-Kivu,-2.500021,28.866667
1623, Haut-Katanga > Kasenga > Kasenga,Haut-Katanga,-11.659227,27.4741
1624, Haut-Katanga > Kasenga > Lukafu,Haut-Katanga,-11.659227,27.4741
1625, Haut-Katanga > Kasenga > Kashobwe,Haut-Katanga,-11.659227,27.4741
1626, Sud-Kivu > Shabunda,Sud-Kivu,-2.500021,28.866667
1627, Kasai Central > Kazumba > Bilomba,Kasai Central,-6.15,23.599989
1628, Kasai Central > Kazumba > Tshibala,Kasai Central,-6.15,23.599989
1629, Kasai Central > Kazumba > Kalomba,Kasai Central,-6.15,23.599989
1630, Kasai Central > Luiza > Yangala,Kasai Central,-6.15,23.599989
1631, Kasai Central > Luiza > Luambo,Kasai Central,-6.15,23.599989
1632, Nord-Kivu > Walikale,Nord-Kivu,-1.6882,29.2371
1633, Kasai Central > Dibaya > Dibaya,Kasai Central,-6.15,23.599989
1634, Kasai Central > Kazumba > Ndekesha,Kasai Central,-6.15,23.599989
1635, Haut-Lomami > Malemba-Nkulu,Haut-Lomami,-6.683035,25.8
1636, Kasai > Kamonia > Kalonda Ouest,Kasai,-6.423572,20.795359
1637, Kasai Oriental > Kabeya-Kamwanga,Kasai Oriental,-6.150032,23.6
1638, Kasai Oriental > Miabi,Kasai Oriental,-6.150032,23.6
1639, Tanganyika > Manono,Tanganyika,-6.255568,29.510771
1640, Maniema > Kasongo,Maniema,-2.949743,25.949989
1641, Maniema > Kabambare,Maniema,-2.949743,25.949989
1642, Sud-Kivu > Shabunda > Kalole,Sud-Kivu,-2.500021,28.866667
1643, Sud-Kivu > Shabunda > Mulungu,Sud-Kivu,-2.500021,28.866667
1644, Kasai > Kamonia > Mutena,Kasai,-6.423572,20.795359
1645, Kasai > Kamonia > Kanzala,Kasai,-6.423572,20.795359
1646, Maniema > Punia > Ferekeni,Maniema,-2.949743,25.949989
1647, Sud-Kivu > Fizi > Nundu,Sud-Kivu,-2.500021,28.866667
1648, Sankuru > Kole > Bena Dibele,Sankuru,-4.966357,23.450021
1649, Kasai Oriental > Tshilenge > Kasansa,Kasai Oriental,-6.150032,23.6
1650, Nord-Kivu > Walikale > Pinga,Nord-Kivu,-1.6882,29.2371
1651, Ituri > Djugu > Drodro,Ituri,1.562489,30.248427
1652, Ituri > Djugu > Bambu,Ituri,1.562489,30.248427
1653, Nord-Kivu > Beni,Nord-Kivu,-1.6882,29.2371
1654, Nord-Kivu > Masisi,Nord-Kivu,-1.6882,29.2371
1655, Tanganyika > Moba > Moba,Tanganyika,-6.255568,29.510771
1656, Tanganyika > Kabalo > Kabalo,Tanganyika,-6.255568,29.510771
1657, Tanganyika > Manono > Kiyambi,Tanganyika,-6.255568,29.510771
1658, Nord-Kivu > Walikale > Walikale,Nord-Kivu,-1.6882,29.2371
1659, Sankuru > Kole > Kole,Sankuru,-4.966357,23.450021
1660, Ituri > Mahagi > Nyarambe,Ituri,1.562489,30.248427
1661, Ituri > Mahagi > Angumu,Ituri,1.562489,30.248427
1662, Ituri > Djugu > Linga,Ituri,1.562489,30.248427
1663, Ituri > Djugu > Lita,Ituri,1.562489,30.248427
1664, Kasai Central > Kananga > Katoka,Kasai Central,-6.15,23.599989
1665, Kasai Central > Kananga > Ndesha,Kasai Central,-6.15,23.599989
1666, Tshopo > Bafwasende,Tshopo,0.518267,25.187572
1667, Tshopo > Banalia,Tshopo,0.518267,25.187572
1668, Tshopo > Isangi,Tshopo,0.518267,25.187572
1669, Tanganyika > Kalemie > Nyemba,Tanganyika,-6.255568,29.510771
1670, Sud-Kivu > Fizi > Kimbi Lulenge,Sud-Kivu,-2.500021,28.866667
1671, Nord-Kivu > Beni > Mutwanga,Nord-Kivu,-1.6882,29.2371
1672, Nord-Kivu > Lubero > Kayna,Nord-Kivu,-1.6882,29.2371
1673, Nord-Kivu > Beni > Oicha,Nord-Kivu,-1.6882,29.2371
1674, Nord-Kivu > Beni > Beni,Nord-Kivu,-1.6882,29.2371
1675, Sud-Kivu > Uvira > Ruzizi,Sud-Kivu,-2.500021,28.866667
1676, Haut-Katanga > Pweto > Kilwa,Haut-Katanga,-11.659227,27.4741
1677, Maniema > Punia,Maniema,-2.949743,25.949989
1678, Nord-Kivu > Rutshuru > Birambizo,Nord-Kivu,-1.6882,29.2371
1679, Maniema > Lubutu > Lubutu,Maniema,-2.949743,25.949989
1680, Ituri > Irumu > Bunia,Ituri,1.562489,30.248427
1681, Nord-Kivu > Beni > Kamango,Nord-Kivu,-1.6882,29.2371
1682, Sud-Kivu > Kalehe > Minova,Sud-Kivu,-2.500021,28.866667
1683, Sud-Kivu > Kabare > Miti-Murhesa,Sud-Kivu,-2.500021,28.866667
1684, Sud-Kivu > Uvira > Uvira,Sud-Kivu,-2.500021,28.866667
1685, Sud-Kivu > Kalehe > Kalehe,Sud-Kivu,-2.500021,28.866667
1686, Maniema > Kabambare > Lusangi,Maniema,-2.949743,25.949989
1687, Maniema > Kabambare > Kabambare,Maniema,-2.949743,25.949989
1688, Maniema > Kabambare > Saramabila,Maniema,-2.949743,25.949989
1689, Nord-Kivu > Masisi > Mweso,Nord-Kivu,-1.6882,29.2371
1690, Kasai > Kamonia > Kamwesha,Kasai,-6.423572,20.795359
1691, Ituri > Irumu > Rwampara,Ituri,1.562489,30.248427
1692, Nord-Kivu > Masisi > Masisi,Nord-Kivu,-1.6882,29.2371
1693, Tanganyika > Kongolo > Mbulula,Tanganyika,-6.255568,29.510771
1694, Kasai Oriental > Miabi > Miabi,Kasai Oriental,-6.150032,23.6
1695, Nord-Kivu > Butembo > Butembo,Nord-Kivu,-1.6882,29.2371
1696, Kasai > Kamonia > Kamonia,Kasai,-6.423572,20.795359
1697, Nord-Kivu > Masisi > Kirotshe,Nord-Kivu,-1.6882,29.2371
1698, Nord-Kivu > Goma > Karisimbi,Nord-Kivu,-1.6882,29.2371
1699, Nord-Kivu > Nyiragongo > Nyiragongo,Nord-Kivu,-1.6882,29.2371
1700, Nord-Kivu > Rutshuru > Rutshuru,Nord-Kivu,-1.6882,29.2371
1701, Ituri > Mambasa > Mambasa,Ituri,1.562489,30.248427
1702, Ituri > Irumu > Komanda,Ituri,1.562489,30.248427
1703, Ituri > Mambasa > Lolwa,Ituri,1.562489,30.248427
1704, Nord-Kivu > Walikale > Kibua,Nord-Kivu,-1.6882,29.2371
1705, Sud-Kivu > Shabunda > Lulingu,Sud-Kivu,-2.500021,28.866667
1706, Mai-Ndombe > Kwamouth > Kwamouth,Mai-Ndombe,-1.944394,18.273916
1707, Mai-Ndombe > Bolobo > Bolobo,Mai-Ndombe,-1.944394,18.273916
1708, Kwango > Kenge > Boko,Kwango,-4.866367,16.983376
1709, Kwilu > Bandundu ville > Bandundu,Kwilu,-3.298349,17.389665
1710, Kwango > Kenge > Kenge,Kwango,-4.866367,16.983376
1711, Kwango > Popokabaka > Popokabaka,Kwango,-4.866367,16.983376
1712, Nord-Kivu > Rutshuru > Kibirizi,Nord-Kivu,-1.6882,29.2371
1713, Nord-Kivu > Lubero > Musienene,Nord-Kivu,-1.6882,29.2371
1714, Nord-Kivu > Rutshuru > Rwanguba,Nord-Kivu,-1.6882,29.2371
1715, Tanganyika > Kongolo > Kongolo,Tanganyika,-6.255568,29.510771
1716, Ituri > Irumu > Boga,Ituri,1.562489,30.248427
1717, Ituri > Irumu > Gethy,Ituri,1.562489,30.248427
1718, DRC > Ituri > Irumu > Gethy,Ituri,1.562489,30.248427
1719,Kasai,Kasai,-6.423572,20.795359
1720,Kasai Central,Kasai Central,-6.15,23.599989
1721,Kasai Oriental,Kasai Oriental,-6.150032,23.6
1722,Kasai Central -> Luiza,Kasai Central,-6.15,23.599989
1723,Kasai Central -> Dibaya,Kasai Central,-6.15,23.599989
1724,Kasai Oriental -> Kabeya-Kamwanga,Kasai Oriental,-6.150032,23.6
1725,Kasai Oriental -> Tshilenge,Kasai Oriental,-6.150032,23.6
1726,Kasai -> Kamonia,Kasai,-6.423572,20.795359
1727,Kasai -> Mweka,Kasai,-6.423572,20.795359
1728,Kasai Oriental -> Miabi,Kasai Oriental,-6.150032,23.6
1729,Lomami -> Kamiji,Lomami,-6.133365,24.483333
1730,Lomami -> Mwene-Ditu,Lomami,-6.133365,24.483333
1731,Lomami -> Luilu,Lomami,-6.133365,24.483333
1732,Maniema -> Punia,Maniema,-2.949743,25.949989
1733,Maniema,Maniema,-2.949743,25.949989
1734,Tanganyika -> Kalemie,Tanganyika,-6.255568,29.510771
1735,Tanganyika,Tanganyika,-6.255568,29.510771
1736,Kasai Central -> Kazumba,Kasai Central,-6.15,23.599989
1737,Sud-Kivu,Sud-Kivu,-2.500021,28.866667
1738,Nord-Kivu,Nord-Kivu,-1.6882,29.2371
1739,Kasai Central -> Kananga,Kasai Central,-6.15,23.599989
1740,Sud-Kivu -> Fizi,Sud-Kivu,-2.500021,28.866667
1741,Haut-Katanga -> Pweto,Haut-Katanga,-11.659227,27.4741
1742,Nord-Kivu -> Rutshuru,Nord-Kivu,-1.6882,29.2371
1743,Kasai Central -> Dimbelenge,Kasai Central,-6.15,23.599989
1744,Kasai Central -> Demba,Kasai Central,-6.15,23.599989
1745,Nord-Kivu -> Lubero,Nord-Kivu,-1.6882,29.2371
1746,Nord-Kivu -> Butembo,Nord-Kivu,-1.6882,29.2371
1747,Nord-Kivu -> Masisi,Nord-Kivu,-1.6882,29.2371
1748,Nord-Kivu -> Walikale,Nord-Kivu,-1.6882,29.2371
1749,Nord-Kivu -> Beni,Nord-Kivu,-1.6882,29.2371
1750,Sud-Kivu -> Shabunda,Sud-Kivu,-2.500021,28.866667
1751,Maniema -> Kabambare,Maniema,-2.949743,25.949989
1752,Kasai -> Ilebo,Kasai,-6.423572,20.795359
1753,Sankuru -> Lusambo,Sankuru,-4.966357,23.450021
1754,Kasai Oriental -> Mbuji-Mayi,Kasai Oriental,-6.150032,23.6
1755,Kasai -> Dekese,Kasai,-6.423572,20.795359
1756,Sankuru -> Kole,Sankuru,-4.966357,23.450021
1757,Sud-Kivu -> Uvira,Sud-Kivu,-2.500021,28.866667
1758,Tanganyika -> Manono,Tanganyika,-6.255568,29.510771
1759,Tanganyika -> Kabalo,Tanganyika,-6.255568,29.510771
1760,Ituri,Ituri,1.562489,30.248427
1761,Ituri -> Djugu,Ituri,1.562489,30.248427
1762,Ituri -> Irumu,Ituri,1.562489,30.248427
1763,Haut-Katanga -> Mitwaba,Haut-Katanga,-11.659227,27.4741
1764,Tanganyika -> Nyunzu,Tanganyika,-6.255568,29.510771
1765,Haut-Lomami -> Kamina,Haut-Lomami,-6.683035,25.8
1766,Haut-Lomami -> Bukama,Haut-Lomami,-6.683035,25.8
1767,Lualaba -> Lubudi,Lualaba,-10.716635,25.4725
1768,Haut-Lomami -> Malemba-Nkulu,Haut-Lomami,-6.683035,25.8
1769,Lualaba -> Kapanga,Lualaba,-10.716635,25.4725
1770,Ituri -> Mahagi,Ituri,1.562489,30.248427
1771,Sud-Kivu -> Bukavu,Sud-Kivu,-2.500021,28.866667
1772,Kinshasa,Kinshasa,-4.339502,15.309483
1773,Nord-Kivu -> Goma,Nord-Kivu,-1.6882,29.2371
1774,Kinshasa -> Kinshasa,Kinshasa,-4.339502,15.309483
1775,Lomami,Lomami,-6.133365,24.483333
1776,Sankuru,Sankuru,-4.966357,23.450021
1777,Lualaba,Lualaba,-10.716635,25.4725
1778, Kasai > Kamonia,Kasai,-6.423572,20.795359
1779, Kasai Central > Luiza,Kasai Central,-6.15,23.599989
1780, Kasai Central > Demba,Kasai Central,-6.15,23.599989
1781, Kasai > Ilebo,Kasai,-6.423572,20.795359
1782, Kasai Central > Kazumba,Kasai Central,-6.15,23.599989
1783, Kasai > Luebo,Kasai,-6.423572,20.795359
1784, Kasai > Mweka,Kasai,-6.423572,20.795359
1785, Kasai Central > Dibaya,Kasai Central,-6.15,23.599989
1786, Kasai > Dekese,Kasai,-6.423572,20.795359
1787, Kasai Central > Dimbelenge,Kasai Central,-6.15,23.599989
1788, Haut-Katanga > Pweto,Haut-Katanga,-11.659227,27.4741
1789, Ituri > Mambasa,Ituri,1.562489,30.248427
1790, Nord-Kivu > Lubero,Nord-Kivu,-1.6882,29.2371
1791, Haut-Lomami > Bukama,Haut-Lomami,-6.683035,25.8
1792, Mai-Ndombe > Yumbi,Mai-Ndombe,-1.944394,18.273916
1793, Nord-Kivu > Butembo,Nord-Kivu,-1.6882,29.2371
1794, Sud-Kivu > Mwenga,Sud-Kivu,-2.500021,28.866667
1795, Kwilu > Bagata,Kwilu,-3.298349,17.389665
1796, Kwango > Kenge,Kwango,-4.866367,16.983376
1797, Mai-Ndombe > Inongo,Mai-Ndombe,-1.944394,18.273916
1798, Kasai Oriental > Mbuji-Mayi,Kasai Oriental,-6.150032,23.6
1799, Kwilu > Bandundu ville,Kwilu,-3.298349,17.389665
1800, Mai-Ndombe > Bolobo,Mai-Ndombe,-1.944394,18.273916
1801, Sud-Kivu > Walungu,Sud-Kivu,-2.500021,28.866667
1802, Mai-Ndombe > Kwamouth,Mai-Ndombe,-1.944394,18.273916
1803, Mai-Ndombe > Mushie,Mai-Ndombe,-1.944394,18.273916
1804, Mai-Ndombe > Kiri,Mai-Ndombe,-1.944394,18.273916
1805, Mai-Ndombe > Kutu,Mai-Ndombe,-1.944394,18.273916
1806, Ethiopia > Somali > Afder > God-God,Somali,6.92946999,43.32903576
1807, Ethiopia > Somali > Daawa > Moyale (SM),Somali,6.92946999,43.32903576
1808, Ethiopia > SNNP > Konso > Karat Zuria,SNNP,5.92715271,37.23485443
1809, Ethiopia > Oromia > East Bale > Dawe Ketchen,Oromia,7.52471684,40.76594682
1810, Ethiopia > Oromia > East Bale > Dawe Serer,Oromia,7.52471684,40.76594682
1811, Ethiopia > Oromia > Guji > Gora Dola,Oromia,7.52471684,40.76594682
1812, Ethiopia > Oromia > Borena > Dubluk,Oromia,7.52471684,40.76594682
1813, Ethiopia > Oromia > Borena > Moyale (OR),Oromia,7.52471684,40.76594682
1814, Ethiopia > Somali > Afder > Barey,Somali,6.92946999,43.32903576
1815, Ethiopia > Somali > Nogob > Dihun,Somali,6.92946999,43.32903576
1816, Ethiopia > SNNP > South Omo > Bena Tsemay,SNNP,5.92715271,37.23485443
1817, Ethiopia > SNNP > South Omo > Dasenech /Kuraz,SNNP,5.92715271,37.23485443
1818, Ethiopia > Somali > Liban > Quarsadula,Somali,6.92946999,43.32903576
1819, Ethiopia > Somali > Liban > Guradamole,Somali,6.92946999,43.32903576
1820, Ethiopia > Oromia > Bale > Meda Welabu,Oromia,7.52471684,40.76594682
1821, Ethiopia > Oromia > Bale > Gura Damole,Oromia,7.52471684,40.76594682
1822, Ethiopia > Amhara > South Wello > Argoba,Amhara,11.56495272,38.04353749
1823, Ethiopia > Amhara > Wag Hamra > Sahila,Amhara,11.56495272,38.04353749
1824, Ethiopia > Amhara > North Shewa (AM) > Eferatana Gidem,Amhara,11.56495272,38.04353749
1825, Ethiopia > Amhara > Oromia > Jilye Tumuga,Amhara,11.56495272,38.04353749
1826, Ethiopia > Amhara > West Gojam > Jabi Tehnan,Amhara,11.56495272,38.04353749
1827, Ethiopia > Amhara > East Gojam > Debre Markos town,Amhara,11.56495272,38.04353749
1828, Ethiopia > Amhara > West Gojam > Quarit,Amhara,11.56495272,38.04353749
1829, Ethiopia > Amhara > West Gojam > Dega Damot,Amhara,11.56495272,38.04353749
1830, Ethiopia > Amhara > North Gondar > Janamora,Amhara,11.56495272,38.04353749
1831, Ethiopia > Amhara > North Gondar > Beyeda,Amhara,11.56495272,38.04353749
1832, Ethiopia > Amhara > North Gondar > Telemt,Amhara,11.56495272,38.04353749
1833, Ethiopia > Amhara > East Gojam > Goncha Siso Enebse,Amhara,11.56495272,38.04353749
1834, Ethiopia > Amhara > East Gojam > Enebse Sarmder,Amhara,11.56495272,38.04353749
1835, Ethiopia > Somali > Shabelle > Kelafo,Somali,6.92946999,43.32903576
1836, Ethiopia > South West Ethiopia > Dawuro > Zabagazo,South West Ethiopia,6.97703822,36.19193217
1837, Ethiopia > Somali > Daawa > Qada Duma,Somali,6.92946999,43.32903576
1838, Ethiopia > SNNP > Konso > Kena,SNNP,5.92715271,37.23485443
1839, Ethiopia > Amhara > West Gojam > Adete town,Amhara,11.56495272,38.04353749
1840, Ethiopia > Amhara > West Gojam > Merawi town,Amhara,11.56495272,38.04353749
1841, Ethiopia > Amhara > Wag Hamra > Tsagbeji,Amhara,11.56495272,38.04353749
1842, Ethiopia > Amhara > Wag Hamra > Zequala,Amhara,11.56495272,38.04353749
1843, Ethiopia > Amhara > North Wello > Habru,Amhara,11.56495272,38.04353749
1844, Ethiopia > Amhara > Wag Hamra > Abergele (AM),Amhara,11.56495272,38.04353749
1845, Ethiopia > Amhara > South Wello > Mekdela,Amhara,11.56495272,38.04353749
1846, Ethiopia > Amhara > North Shewa (AM) > Debre Berhan town,Amhara,11.56495272,38.04353749
1847, Ethiopia > Amhara > South Wello > Mekane Selame,Amhara,11.56495272,38.04353749
1848, Ethiopia > Amhara > North Shewa (AM) > Shoa Robit,Amhara,11.56495272,38.04353749
1849, Ethiopia > Addis Ababa > Region 14 > Kirkos,Addis Ababa,8.980483,38.78553835
1850, Ethiopia > Somali > Korahe > Kebridehar,Somali,6.92946999,43.32903576
1851, Ethiopia > Somali > Fafan > Jigjiga town,Somali,6.92946999,43.32903576
1852, Ethiopia > Oromia > East Wellega > Nekemte town,Oromia,7.52471684,40.76594682
1853, Ethiopia > Somali > Liban > Dolo Ado,Somali,6.92946999,43.32903576
1854, Ethiopia > Afar > Kilbati /Zone2 > Abaala,Afar,12.03628232,40.77273098
1855, Ethiopia > Oromia > East Wellega > Limu (OR),Oromia,7.52471684,40.76594682
1856, Ethiopia > Benishangul Gumz > Kamashi > Zayi,Benishangul Gumz,10.50350367,35.44001494
1857, Ethiopia > Afar > Fanti /Zone 4 > Teru,Afar,12.03628232,40.77273098
1858, Ethiopia > Tigray > Eastern > Adigrat town,Tigray,13.79437533,39.1047303
1859, Ethiopia > Oromia > West Wellega > Gudetu Kondole,Oromia,7.52471684,40.76594682
1860, Ethiopia > Benishangul Gumz > Kamashi > Dembe,Benishangul Gumz,10.50350367,35.44001494
1861, Ethiopia > Oromia > East Wellega > Sibu Sire,Oromia,7.52471684,40.76594682
1862, Ethiopia > Afar > Kilbati /Zone2 > Berahile,Afar,12.03628232,40.77273098
1863, Ethiopia > Afar > Kilbati /Zone2 > Kunneba,Afar,12.03628232,40.77273098
1864, Ethiopia > Oromia > West Wellega > Begi,Oromia,7.52471684,40.76594682
1865, Ethiopia > Tigray > North Western > Sheraro town,Tigray,13.79437533,39.1047303
1866, Ethiopia > Tigray > North Western > Tahtay Adiyabo,Tigray,13.79437533,39.1047303
1867, Ethiopia > Tigray > North Western > Adi Daero,Tigray,13.79437533,39.1047303
1868, Ethiopia > Tigray > North Western > Adi Hageray,Tigray,13.79437533,39.1047303
1869, Ethiopia > Tigray > Central > Adwa,Tigray,13.79437533,39.1047303
1870, Ethiopia > Oromia > Horo Gudru Wellega > Abe Dongoro,Oromia,7.52471684,40.76594682
1871, Ethiopia > Benishangul Gumz > Kamashi > Sedal,Benishangul Gumz,10.50350367,35.44001494
1872, Ethiopia > Tigray > North Western > Selekleka,Tigray,13.79437533,39.1047303
1873, Ethiopia > Tigray > North Western > Asgede,Tigray,13.79437533,39.1047303
1874, Ethiopia > Tigray > Central > Axum town,Tigray,13.79437533,39.1047303
1875, Ethiopia > Tigray > Southern > Zata,Tigray,13.79437533,39.1047303
1876, Ethiopia > Tigray > Central > Abyi  Adi town,Tigray,13.79437533,39.1047303
1877, Ethiopia > Amhara > South Gondar > Ebenat,Amhara,11.56495269,38.04353746
1878, Ethiopia > Amhara > North Wello > Raya Kobo,Amhara,11.56495269,38.04353746
1879, Ethiopia > Tigray > Mekelle > Adihaki Sub City,Tigray,13.79437533,39.1047303
1880, Ethiopia > Amhara > Wag Hamra > Sekota town,Amhara,11.56495269,38.04353746
1881, Ethiopia > Oromia > West Arsi > Shala,Oromia,7.52471684,40.76594682
1882, Ethiopia > Oromia > Horo Gudru Wellega > Jarte Jardega,Oromia,7.52471684,40.76594682
1883, Ethiopia > Oromia > East Wellega > Haro Limu,Oromia,7.52471684,40.76594682
1884, Ethiopia > Oromia > East Shewa > Fentale,Oromia,7.52471684,40.76594682
1885, Ethiopia > Amhara > Wag Hamra > Dehana,Amhara,11.56495269,38.04353746
1886, Ethiopia > South Ethiopia People > Gedeo > Yirgachefe,South Ethiopia People,5.77807451,36.8896443
1887, Ethiopia > Oromia > East Hararge > Kurfa Chele,Oromia,7.52471684,40.76594682
1888, Ethiopia > Amhara > Central Gondar > East Belesa,Amhara,11.56495269,38.04353746
1889, Ethiopia > Tigray > Central > Abergele (TG),Tigray,13.79437533,39.1047303
1890, Ethiopia > Amhara > Wag Hamra > Sekota,Amhara,11.56495269,38.04353746
1891, Ethiopia > Amhara > North Gondar > Addi Arekay,Amhara,11.56495269,38.04353746
1892, Ethiopia > Amhara > North Gondar > Dabat,Amhara,11.56495269,38.04353746
1832, Ethiopia > Amhara > North Gondar > Telemt,Amhara,11.56495269,38.04353746
1893, Ethiopia > Amhara > West Gondar > Quara,Amhara,11.56495269,38.04353746
1894, Ethiopia > Amhara > North Gondar > Debark,Amhara,11.56495269,38.04353746
1895, Ethiopia > Oromia > East Borena > Gora Dola,Oromia,7.52471684,40.76594682
1896, Ethiopia > Oromia > Guji > Saba Boru,Oromia,7.52471684,40.76594682
1897, Ethiopia > Oromia > Guji > Aga Wayu,Oromia,7.52471684,40.76594682
1898, Ethiopia > Oromia > Guji > Wadera,Oromia,7.52471684,40.76594682
1853, Ethiopia > Somali > Liban > Dolo Ado,Somali,6.92946988,43.32903587
1899, Ethiopia > Somali > Afder > Raso,Somali,6.92946988,43.32903587
1900, Ethiopia > Somali > Afder > Dolobay,Somali,6.92946988,43.32903587
1901, Ethiopia > South Ethiopia People > South Omo Pas > Bena Tsemay,South Ethiopia People,5.77807451,36.8896443
1902, Ethiopia > South Ethiopia People > South Omo Pas > Dasenech /Kuraz,South Ethiopia People,5.77807451,36.8896443
1903, Ethiopia > Oromia > Borena > Gomole,Oromia,7.52471684,40.76594682
1904, Ethiopia > Oromia > Borena > Elwaya,Oromia,7.52471684,40.76594682
1905, Ethiopia > Oromia > Borena > Dilo,Oromia,7.52471684,40.76594682
1906, Ethiopia > Somali > Erer > Wangey,Somali,6.92946988,43.32903587
1907, Ethiopia > Somali > Jarar > Daror,Somali,6.92946988,43.32903587
1908, Ethiopia > Somali > Nogob > Ayun,Somali,6.92946988,43.32903587
1909, Ethiopia > Somali > Jarar > Aware,Somali,6.92946988,43.32903587
1910, Ethiopia > Oromia > East Bale > Lege Hida,Oromia,7.52471684,40.76594682
1911, Ethiopia > Oromia > East Bale > Seweyna,Oromia,7.52471684,40.76594682
1912, Ethiopia > Somali > Shabelle > Ferfer,Somali,6.92946988,43.32903587
1913, Ethiopia > Somali > Shabelle > Mustahil,Somali,6.92946988,43.32903587
1835, Ethiopia > Somali > Shabelle > Kelafo,Somali,6.92946988,43.32903587
1914, Ethiopia > Tigray > Southern > Korem town,Tigray,13.79437533,39.1047303
1915, Ethiopia > Tigray > Southern > Chercher,Tigray,13.79437533,39.1047303
1916, Ethiopia > Tigray > Southern > Ofla,Tigray,13.79437533,39.1047303
1917, Ethiopia > Tigray > North Western > Tselemti,Tigray,13.79437533,39.1047303
1918, Ethiopia > Tigray > Southern > Raya Alamata,Tigray,13.79437533,39.1047303
1919, Ethiopia > Tigray > Southern > Alamata town,Tigray,13.79437533,39.1047303
1920, Ethiopia > Tigray > North Western > Laelay Tselemti,Tigray,13.79437533,39.1047303
1921, Ethiopia > Tigray > North Western > May Tsebri town,Tigray,13.79437533,39.1047303
1831, Ethiopia > Amhara > North Gondar > Beyeda,Amhara,11.56495269,38.04353746
1922, Ethiopia > Amhara > North Wello > Dawunt,Amhara,11.56495269,38.04353746
1923, Ethiopia > Oromia > North Shewa (OR) > Degem,Oromia,7.52471684,40.76594682
1924, Ethiopia > South Ethiopia People > Amaro > Amaro,South Ethiopia People,5.77807451,36.8896443
1925, Ethiopia > Oromia > North Shewa (OR) > Wara Jarso,Oromia,7.52471684,40.76594682
1926, Ethiopia > Oromia > West Arsi > Siraro,Oromia,7.52471684,40.76594682
1927, Ethiopia > Oromia > North Shewa (OR) > Kuyu,Oromia,7.52471684,40.76594682
1928, Ethiopia > Oromia > West Guji > Gelana (West Guji),Oromia,7.52471684,40.76594682
1929, Ethiopia > Oromia > West Wellega > Guliso,Oromia,7.52471684,40.76594682
1930, Ethiopia > Amhara > Wag Hamra > Gaz Gibla,Amhara,11.56495269,38.04353746
1931, Ethiopia > Amhara > North Wello > Bugna,Amhara,11.56495269,38.04353746
1932, Ethiopia > Oromia > West Guji > Dugda Dawa,Oromia,7.52471684,40.76594682
1933, Ethiopia > Oromia > East Hararge > Meyu Muleke,Oromia,7.52471684,40.76594682
1934, Ethiopia > Oromia > East Hararge > Kumbi,Oromia,7.52471684,40.76594682
1935, Ethiopia > Oromia > East Hararge > Golo Oda,Oromia,7.52471684,40.76594682
1936, Ethiopia > Somali > Doolo > Bokh,Somali,6.92946988,43.32903587
1937, Ethiopia > Somali > Jarar > Gashamo,Somali,6.92946988,43.32903587
1938, Ethiopia > Amhara > South Wello > Kombolcha town,Amhara,11.56495269,38.04353746
1846, Ethiopia > Amhara > North Shewa (AM) > Debre Berhan town,Amhara,11.56495269,38.04353746
1939, Ethiopia > Amhara > South Wello > Dessie town,Amhara,11.56495269,38.04353746
1940, Ethiopia > Amhara > South Wello > Kalu,Amhara,11.56495269,38.04353746
1941, Ethiopia > Oromia > East Wellega > Kiremu,Oromia,7.52471684,40.76594682
1942, Ethiopia > Somali > Siti > Gablalu,Somali,6.92946999,43.32903576
1943, Ethiopia > Amhara > North Wello > Meket,Amhara,11.56495272,38.04353749
1944, Ethiopia > Afar > Fanti /Zone 4 > Euwa,Afar,12.03628232,40.77273098
1945, Ethiopia > Afar > Gabi /Zone 3 > Amibara,Afar,12.03628232,40.77273098
1946, Ethiopia > Oromia > West Hararge > Goba Koricha,Oromia,7.52471684,40.76594682
1947, Ethiopia > Benishangul Gumz > Kamashi > Kamashi,Benishangul Gumz,10.50350367,35.44001494
1948, Ethiopia > Benishangul Gumz > Assosa > Kurmuk,Benishangul Gumz,10.50350367,35.44001494
1949, Ethiopia > Benishangul Gumz > Mao Komo Special > Maokomo Special,Benishangul Gumz,10.50350367,35.44001494
1950, Ethiopia > Benishangul Gumz > Assosa > Bilidigilu,Benishangul Gumz,10.50350367,35.44001494
1951, Ethiopia > Oromia > Kelem Wellega > Denbi Dollo town,Oromia,7.52471684,40.76594682
1952, Ethiopia > Somali > Siti > Miesso,Somali,6.92946999,43.32903576
1953, Ethiopia > Afar > Kilbati /Zone2 > Afdera,Afar,12.03628232,40.77273098
1954, Ethiopia > Afar > Awsi /Zone 1 > Elidar,Afar,12.03628232,40.77273098
1955, Ethiopia > Afar > Kilbati /Zone2 > Bidu,Afar,12.03628232,40.77273098
1956, Ethiopia > Afar > Gabi /Zone 3 > Hanruka,Afar,12.03628232,40.77273098
1931, Ethiopia > Amhara > North Wello > Bugna,Amhara,11.56495272,38.04353749
1957, Ethiopia > Amhara > West Gojam > Finote Selam town,Amhara,11.56495272,38.04353749
1958, Ethiopia > Amhara > West Gojam > Dembecha,Amhara,11.56495272,38.04353749
1959, Ethiopia > Amhara > East Gojam > Michakel,Amhara,11.56495272,38.04353749
1960, Ethiopia > Somali > Fafan > Aw-Bare,Somali,6.92946999,43.32903576
1961, Ethiopia > Oromia > West Hararge > Gumbi Bordede,Oromia,7.52471684,40.76594682
1962, Ethiopia > Oromia > East Wellega > Sasiga,Oromia,7.52471684,40.76594682
1963, Ethiopia > Oromia > Horo Gudru Wellega > Horo Buluk,Oromia,7.52471684,40.76594682
1964, Ethiopia > Oromia > Horo Gudru Wellega > Amuru,Oromia,7.52471684,40.76594682
1965, Ethiopia > Oromia > East Wellega > Gida Ayana,Oromia,7.52471684,40.76594682
1966, Ethiopia > Amhara > Awi > Injibara town,Amhara,11.56495272,38.04353749
1967, Ethiopia > Amhara > South Gondar > Woreta town,Amhara,11.56495272,38.04353749
1968, Ethiopia > Amhara > West Gojam > Bure (AM),Amhara,11.56495272,38.04353749
1969, Ethiopia > Somali > Siti > Afdem,Somali,6.92946999,43.32903576
1970, Ethiopia > Amhara > North Wello > Lasta,Amhara,11.56495272,38.04353749
1971, Ethiopia > Oromia > East Wellega > Gobu Seyo,Oromia,7.52471684,40.76594682
1972, Ethiopia > Afar > Hari /Zone 5 > Dalefage,Afar,12.03628196,40.77273097
1973, Ethiopia > Afar > Awsi /Zone 1 > Asayita,Afar,12.03628196,40.77273097
1863, Ethiopia > Afar > Kilbati /Zone2 > Kunneba,Afar,12.03628196,40.77273097
1842, Ethiopia > Amhara > Wag Hamra > Zequala,Amhara,11.56495269,38.04353746
1970, Ethiopia > Amhara > North Wello > Lasta,Amhara,11.56495269,38.04353746
1974, Ethiopia > Gambela > Agnewak > Gambela Zuria,Gambela,7.68382482,34.3367695
1975, Ethiopia > Gambela > Nuwer > Wantawo,Gambela,7.68382482,34.3367695
1976, Ethiopia > Gambela > Nuwer > Makuey,Gambela,7.68382482,34.3367695
1977, Ethiopia > Gambela > Nuwer > Lare,Gambela,7.68382482,34.3367695
1978, Ethiopia > Tigray > North Western > Laelay Koraro,Tigray,13.79437533,39.1047303
1979, Ethiopia > Tigray > North Western > Shire Endaslasie town,Tigray,13.79437533,39.1047303
1980, Ethiopia > Amhara > Bahir Dar City Admin > Bahir Dar town,Amhara,11.56495269,38.04353746
1981, Ethiopia > Amhara > Bahir Dar City Admin > Bahirdar Zuria,Amhara,11.56495269,38.04353746
1982, Ethiopia > Oromia > East Wellega > Guto Gida,Oromia,7.52471684,40.76594682
1983, Ethiopia > Oromia > West Guji > Bule Hora,Oromia,7.52471684,40.76594682
1984, Ethiopia > Oromia > West Guji > Abaya,Oromia,7.52471684,40.76594682
1844, Ethiopia > Amhara > Wag Hamra > Abergele (AM),Amhara,11.56495269,38.04353746
1985, Ethiopia > Amhara > Central Gondar > Chilga 1,Amhara,11.56495269,38.04353746
1986, Ethiopia > Amhara > Central Gondar > Takusa,Amhara,11.56495269,38.04353746
1987, Ethiopia > Amhara > Central Gondar > Gondar town,Amhara,11.56495269,38.04353746
1988, Ethiopia > Amhara > Central Gondar > West Dembiya,Amhara,11.56495269,38.04353746
1989, Ethiopia > Amhara > Central Gondar > Alefa,Amhara,11.56495269,38.04353746
1990, Ethiopia > Amhara > West Gondar > Genda Wuha town,Amhara,11.56495269,38.04353746
1991, Ethiopia > Amhara > Central Gondar > Tach Armacho,Amhara,11.56495269,38.04353746
1829, Ethiopia > Amhara > West Gojam > Dega Damot,Amhara,11.56495269,38.04353746
1828, Ethiopia > Amhara > West Gojam > Quarit,Amhara,11.56495269,38.04353746
1992, Ethiopia > Amhara > West Gojam > Denbecha town,Amhara,11.56495269,38.04353746
1957, Ethiopia > Amhara > West Gojam > Finote Selam town,Amhara,11.56495269,38.04353746
1993, Ethiopia > Tigray > Western > Welkait,Tigray,13.79437533,39.1047303
1994, Ethiopia > Tigray > Western > Tsegede (TG),Tigray,13.79437533,39.1047303
1995, Ethiopia > Tigray > Western > Setit Humera town,Tigray,13.79437533,39.1047303
1996, Ethiopia > Amhara > North Gojam > Yilmana Densa,Amhara,11.56495269,38.04353746
1997, Ethiopia > Tigray > Eastern > Gulo Mekeda,Tigray,13.79437533,39.1047303
1998, Ethiopia > Tigray > Eastern > Zala Anbesa town,Tigray,13.79437533,39.1047303
1999, Ethiopia > Tigray > Eastern > Erob,Tigray,13.79437533,39.1047303
2000, Ethiopia > Tigray > Central > Adet,Tigray,13.79437533,39.1047303
2001, Ethiopia > Tigray > North Western > Zana,Tigray,13.79437533,39.1047303
2002, Ethiopia > Tigray > Central > Adwa town,Tigray,13.79437533,39.1047303
2003, Ethiopia > Amhara > South Wello > Thehulederie,Amhara,11.56495269,38.04353746
2004, Ethiopia > Amhara > South Gondar > Mena Meketewa,Amhara,11.56495269,38.04353746
2005, Ethiopia > Amhara > North Gojam > Mecha,Amhara,11.56495269,38.04353746
2006, Ethiopia > Amhara > North Gojam > Gonje,Amhara,11.56495269,38.04353746
2007, Ethiopia > Amhara > North Gojam > Semen Achefer,Amhara,11.56495269,38.04353746
2008, Ethiopia > Amhara > North Gojam > Debub Mecha,Amhara,11.56495269,38.04353746
1942, Ethiopia > Somali > Siti > Gablalu,Somali,6.92946988,43.32903587
1969, Ethiopia > Somali > Siti > Afdem,Somali,6.92946988,43.32903587
2009,Somali -> Afder -> Chereti/Weyib,Somali,6.93277841,43.32988331
2010,Somali -> Afder -> Hargele,Somali,6.93277841,43.32988331
2011,Somali -> Afder -> Serer/Elkere,Somali,6.93277841,43.32988331
2012,Somali -> Korahe -> Shilabo,Somali,6.93277841,43.32988331
2013,Somali -> Korahe -> Kebridehar,Somali,6.93277841,43.32988331
2014,Oromia -> Borena -> Teltele,Oromia,7.50798643,38.7652127
2015,Oromia -> Borena -> Yabelo,Oromia,7.50798643,38.7652127
2016,Somali -> Liben -> Moyale,Somali,6.93277841,43.32988331
2017,Somali -> Liben,Somali,6.93277841,43.32988331
2018,Somali -> Liben -> Filtu,Somali,6.93277841,43.32988331
2019,Oromia -> Borena -> Miyo,Oromia,7.50798643,38.7652127
2020,Oromia -> Borena -> Dehas,Oromia,7.50798643,38.7652127
2021,Oromia -> Borena -> Moyale,Oromia,7.50798643,38.7652127
2022,Somali -> Doolo -> Geladin,Somali,6.93277841,43.32988331
2023,Somali -> Doolo -> Warder,Somali,6.93277841,43.32988331
2024,Oromia -> Bale -> Rayitu,Oromia,7.50798643,38.7652127
2025,Oromia -> Bale -> Dawe Kachen,Oromia,7.50798643,38.7652127
2026,Oromia -> Guji,Oromia,7.50798643,38.7652127
2027,SNNPR -> South Omo,SNNPR,6.46580872,36.80646946
2028,Oromia -> Guji -> Liben,Oromia,7.50798643,38.7652127
2029,Oromia -> Guji -> Goro Dola,Oromia,7.50798643,38.7652127
2030,Somali -> Afder -> Dolobay,Somali,6.93277841,43.32988331
2031,Oromia -> Borena -> Arero,Oromia,7.50798643,38.7652127
2032,Oromia -> Borena -> Dire,Oromia,7.50798643,38.7652127
2033,SNNPR -> South Omo -> Male,SNNPR,6.46580872,36.80646946
2034,SNNPR -> South Omo -> Bena Tsemay,SNNPR,6.46580872,36.80646946
2035,SNNPR -> South Omo -> Hamer,SNNPR,6.46580872,36.80646946
2036,Somali -> Shabelle -> Mustahil,Somali,6.93277841,43.32988331
2037,Somali,Somali,6.93277841,43.32988331
2038,Somali -> Shabelle -> Ferfer,Somali,6.93277841,43.32988331
2039,Oromia -> East Harerge,Oromia,7.50798643,38.7652127
2040,Somali -> Jarar,Somali,6.93277841,43.32988331
2041,Somali -> Nogob -> Gerbo,Somali,6.93277841,43.32988331
2042,Somali -> Jarar -> Gunagado,Somali,6.93277841,43.32988331
2043,Somali -> Jarar -> Aware,Somali,6.93277841,43.32988331
2044,Somali -> Jarar -> Degehamedo,Somali,6.93277841,43.32988331
2045,Somali -> Doolo,Somali,6.93277841,43.32988331
2046,Afar -> Zone 1 -> Afambo,Afar,12.03644506,40.77273541
2047,SNNPR -> Gamo Gofa,SNNPR,6.46580872,36.80646946
2048,Addis Ababa -> Region 14 -> Kirkos,Addis Ababa,8.980483,38.78553835
2049,Gambela -> Agnuak -> Dima,Gambela,7.68385036,34.33675424
2050,Beneshangul Gumuz -> Kemashi -> Kamashi,Beneshangul Gumuz,10.50292442,35.44030702
2051,Amhara -> South Wollo,Amhara,11.56495248,38.04353615
2052,Tigray -> Central -> Mereb Leke,Tigray,13.77711474,38.43867332
2053,Oromia -> Bale -> Goba,Oromia,7.50798643,38.7652127
2054,Somali -> Shabelle -> Gode,Somali,6.93277841,43.32988331
2055,SNNPR,SNNPR,6.46580872,36.80646946
2056,Oromia,Oromia,7.50798643,38.7652127
2057,Oromia -> West Guji -> Bule Hora Town,Oromia,7.50798643,38.7652127
2058,SNNPR -> Gedio,SNNPR,6.46580872,36.80646946
2059,Oromia -> West Harerge -> Gumbi Bordodde,Oromia,7.50798643,38.7652127
2060,Oromia -> Bale -> Meda Welabu,Oromia,7.50798643,38.7652127
2061,Oromia -> East Harerge -> Babile,Oromia,7.50798643,38.7652127
2062,Oromia -> Bale,Oromia,7.50798643,38.7652127
2063,Somali -> Nogob,Somali,6.93277841,43.32988331
2064,Somali -> Korahe,Somali,6.93277841,43.32988331
2065,Somali -> Erer,Somali,6.93277841,43.32988331
2066,Somali -> Shabelle,Somali,6.93277841,43.32988331
2067,Oromia -> Borena,Oromia,7.50798643,38.7652127
2068,Somali -> Daawa,Somali,6.93277841,43.32988331
2069,Somali -> Afder,Somali,6.93277841,43.32988331
2070,Somali -> Siti,Somali,6.93277841,43.32988331
2071,Oromia -> West Harerge,Oromia,7.50798643,38.7652127
2072,Somali -> Fafan,Somali,6.93277841,43.32988331
2073,Afar -> Zone 2 -> Megale,Afar,12.03644506,40.77273541
2074,Afar -> Zone 4 -> Yalo,Afar,12.03644506,40.77273541
2075,Afar -> Zone 4 -> Awra,Afar,12.03644506,40.77273541
2076,Afar -> Zone 4 -> Gulina,Afar,12.03644506,40.77273541
2077,Afar -> Zone 5 -> Telalak,Afar,12.03644506,40.77273541
2078,Somali -> Fafan -> Babile,Somali,6.93277841,43.32988331
2079,Somali -> Siti -> Erer,Somali,6.93277841,43.32988331
2080,Somali -> Jarar -> Gashamo,Somali,6.93277841,43.32988331
2081,Somali -> Siti -> Shinile,Somali,6.93277841,43.32988331
2082,Somali -> Fafan -> Hareshen,Somali,6.93277841,43.32988331
2083,Somali -> Afder -> West Imi,Somali,6.93277841,43.32988331
2084,Oromia -> Borena -> Melka Soda,Oromia,7.50798643,38.7652127
2085,Oromia -> Borena -> Gelana,Oromia,7.50798643,38.7652127
2086,Oromia -> Borena -> Dugda Dawa,Oromia,7.50798643,38.7652127
2087,SNNPR -> South Omo -> Gnangatom,SNNPR,6.46580872,36.80646946
2088,SNNPR -> Segen Peoples' -> Burji,SNNPR,6.46580872,36.80646946
2089,SNNPR -> Segen Peoples' -> Amaro,SNNPR,6.46580872,36.80646946
2090,SNNPR -> South Omo -> Dasenech (Kuraz),SNNPR,6.46580872,36.80646946
2091,SNNPR -> Segen Peoples' -> Konso,SNNPR,6.46580872,36.80646946
2092,Somali -> Afder -> Guradamole,Somali,6.93277841,43.32988331
2093,Somali -> Afder -> Goro Baqaqsa,Somali,6.93277841,43.32988331
2094,Afar -> Zone 4 -> Teru,Afar,12.03644506,40.77273541
2095,Oromia -> East Shewa -> Fentale,Oromia,7.50798643,38.7652127
2096,Oromia -> Arsi -> Merti,Oromia,7.50798643,38.7652127
2097,Oromia -> East Shewa -> Boset,Oromia,7.50798643,38.7652127
2098,Somali -> Doolo -> Boh,Somali,6.93277841,43.32988331
2099,Somali -> Doolo -> Danot,Somali,6.93277841,43.32988331
2100,Oromia -> West Harerge -> Boke,Oromia,7.50798643,38.7652127
2101,Afar -> Zone 3 -> Bure Mudaytu,Afar,12.03644506,40.77273541
2102,Afar -> Zone 3 -> Gewane,Afar,12.03644506,40.77273541
2103,Oromia -> Bale -> Lege Hida,Oromia,7.50798643,38.7652127
2104,Oromia -> Bale -> Gura Damole,Oromia,7.50798643,38.7652127
2105,Oromia -> Bale -> Seweyna,Oromia,7.50798643,38.7652127
2106,Oromia -> West Harerge -> Kuni,Oromia,7.50798643,38.7652127
2107,Oromia -> Bale -> Harena Buluk,Oromia,7.50798643,38.7652127
2108,Oromia -> Bale -> Mena,Oromia,7.50798643,38.7652127
2109,Oromia -> East Harerge -> Deder,Oromia,7.50798643,38.7652127
2110,Oromia -> West Arsi -> Siraro,Oromia,7.50798643,38.7652127
2111,Oromia -> West Harerge -> Daro Lebu,Oromia,7.50798643,38.7652127
2112,Oromia -> West Guji,Oromia,7.50798643,38.7652127
2113,Oromia -> West Harerge -> Goba Koricha,Oromia,7.50798643,38.7652127
2114,Oromia -> Arsi -> Seru,Oromia,7.50798643,38.7652127
2115,Oromia -> West Harerge -> Hawi Gudina,Oromia,7.50798643,38.7652127
2116,Afar,Afar,12.03644506,40.77273541
2117,Addis Ababa,Addis Ababa,8.980483,38.78553835
2118,Gambela,Gambela,7.68385036,34.33675424
2119,Hareri,Hareri,9.28966002,42.17252587
2120,Beneshangul Gumuz,Beneshangul Gumuz,10.50292442,35.44030702
2121,Amhara,Amhara,11.56495248,38.04353615
2122,Dire Dawa,Dire Dawa,9.60626919,42.00302689
2123,Tigray,Tigray,13.77711474,38.43867332
2124,Somali -> Fafan -> Gursum,Somali,6.93277841,43.32988331
2125,Somali -> Fafan -> Jijiga,Somali,6.93277841,43.32988331
2126,Somali -> Liben -> Hudet,Somali,6.93277841,43.32988331
2127,Gambela -> Agnuak,Gambela,7.68385036,34.33675424
2128,Beneshangul Gumuz -> Asosa -> Homosha,Beneshangul Gumuz,10.50292442,35.44030702
2129,Beneshangul Gumuz -> Asosa -> Maokomo Special,Beneshangul Gumuz,10.50292442,35.44030702
2130,Oromia -> East Harerge -> Bedeno,Oromia,7.50798643,38.7652127
2131,Oromia -> East Harerge -> Girawa,Oromia,7.50798643,38.7652127
2132,SNNPR -> Gedio -> Kochere,SNNPR,6.46580872,36.80646946
2133,Oromia -> East Harerge -> Malka Balo,Oromia,7.50798643,38.7652127
2134,Oromia -> West Arsi,Oromia,7.50798643,38.7652127
2135,Oromia -> East Shewa,Oromia,7.50798643,38.7652127
2136,Oromia -> Borena -> Wachile,Oromia,7.50798643,38.7652127
2137,SNNPR -> Gedio -> Bule,SNNPR,6.46580872,36.80646946
2138,SNNPR -> Gedio -> Kochere Gedeb,SNNPR,6.46580872,36.80646946
2139,Somali -> Shabelle -> Kelafo,Somali,6.93277841,43.32988331
2140,Somali -> Shabelle -> Adadle,Somali,6.93277841,43.32988331
2141,Oromia -> West Arsi -> Shashemene Zuria,Oromia,7.50798643,38.7652127
2142,Oromia -> West Arsi -> Shalla,Oromia,7.50798643,38.7652127
2143,Oromia -> West Harerge -> Doba,Oromia,7.50798643,38.7652127
2144,Somali -> Jarar -> Degehabur,Somali,6.93277841,43.32988331
2145,Somali -> Liben -> Dolo Odo,Somali,6.93277841,43.32988331
2146,Tigray -> Western -> Tsegede,Tigray,13.77711474,38.43867332
2147,Tigray -> Central -> Tanqua Abergele,Tigray,13.77711474,38.43867332
2148,Tigray -> North Western -> Tahtay Adiyabo,Tigray,13.77711474,38.43867332
2149,Tigray -> Central -> Kola Temben,Tigray,13.77711474,38.43867332
2150,Tigray -> North Western -> Laelay Adiyabo,Tigray,13.77711474,38.43867332
2151,Tigray -> Western -> Kafta Humera,Tigray,13.77711474,38.43867332
2152,Tigray -> Central -> Werei Leke,Tigray,13.77711474,38.43867332
2153,Tigray -> North Western -> Asgede Tsimbila,Tigray,13.77711474,38.43867332
2154,Somali -> Siti -> Afdem,Somali,6.93277841,43.32988331
2155,Somali -> Siti -> Miesso,Somali,6.93277841,43.32988331
2156,Tigray -> Southern -> Enderta,Tigray,13.77711474,38.43867332
2157,Amhara -> West Gojam -> Bahirdar Zuria,Amhara,11.56495248,38.04353615
2158,SNNPR -> Sidama -> Hawasa Town,SNNPR,6.46580872,36.80646946
2159,Oromia -> East Shewa -> Adama,Oromia,7.50798643,38.7652127
2160,Afar -> Zone 1 -> Dubti,Afar,12.03644506,40.77273541
2161,SNNPR -> Gedio -> Wenago,SNNPR,6.46580872,36.80646946
2162,SNNPR -> Hadiya -> Mierab Badawacho,SNNPR,6.46580872,36.80646946
2163,SNNPR -> Gamo Gofa -> Kemba,SNNPR,6.46580872,36.80646946
2164,SNNPR -> Hadiya -> Misrak Badawacho,SNNPR,6.46580872,36.80646946
2165,Somali -> Erer -> Wangey,Somali,6.93277841,43.32988331
2166,Somali -> Nogob -> Hararey,Somali,6.93277841,43.32988331
2167,Somali -> Nogob -> Horshagah,Somali,6.93277841,43.32988331
2168,Oromia -> Borena -> Elwaya,Oromia,7.50798643,38.7652127
2169,Somali -> Liben -> Qarsadula ,Somali,6.93277841,43.32988331
2170,Oromia -> Arsi -> Dodota,Oromia,7.50798643,38.7652127
2171,Oromia -> Arsi -> Ziway Dugda,Oromia,7.50798643,38.7652127
2172,SNNPR -> Segen Peoples' -> Alle,SNNPR,6.46580872,36.80646946
2173,SNNPR -> Gurage -> Mareko,SNNPR,6.46580872,36.80646946
2174,SNNPR -> Alaba -> Alaba SP Woreda,SNNPR,6.46580872,36.80646946
2175,Afar -> Zone 1 -> Mile,Afar,12.03644506,40.77273541
2176,Afar -> Zone 2 -> Koneba,Afar,12.03644506,40.77273541
2177,SNNPR -> Sidama -> Bona Zuria,SNNPR,6.46580872,36.80646946
2178,SNNPR -> Sidama -> Loka Abaya,SNNPR,6.46580872,36.80646946
2179,SNNPR -> Sidama -> Hawassa Zuria,SNNPR,6.46580872,36.80646946
2180,Beneshangul Gumuz -> Asosa,Beneshangul Gumuz,10.50292442,35.44030702
2181,Oromia -> Arsi -> Shanan Kolu,Oromia,7.50798643,38.7652127
2182,Oromia -> Arsi -> Gololcha Arsi,Oromia,7.50798643,38.7652127
2183,SNNPR -> Dawro -> Loma Bosa,SNNPR,6.46580872,36.80646946
2184,SNNPR -> Dawro -> Gena Bosa,SNNPR,6.46580872,36.80646946
2185,Oromia -> Arsi -> Amigna,Oromia,7.50798643,38.7652127
2186,Oromia -> Arsi -> Bele Gesgar,Oromia,7.50798643,38.7652127
2187,Oromia -> Arsi -> Robe,Oromia,7.50798643,38.7652127
2188,Oromia -> Arsi -> Shirka,Oromia,7.50798643,38.7652127
2189,Oromia -> West Harerge -> Mieso,Oromia,7.50798643,38.7652127
2190,Oromia -> Arsi -> Chole,Oromia,7.50798643,38.7652127
2191,Oromia -> East Harerge -> Gursum,Oromia,7.50798643,38.7652127
2192,Oromia -> Guji -> Girja (Harenfema),Oromia,7.50798643,38.7652127
2193,Somali -> Doolo -> Lehel-Yucub,Somali,6.93277841,43.32988331
2194,Oromia -> Bale -> Berbere,Oromia,7.50798643,38.7652127
2195,Oromia -> Guji -> Surroo,Oromia,7.50798643,38.7652127
2196,Oromia -> Borena -> Bule Hora,Oromia,7.50798643,38.7652127
2197,Oromia -> Borena -> Abaya,Oromia,7.50798643,38.7652127
2198,Somali -> Afder -> Qoxle,Somali,6.93277841,43.32988331
2199,Somali -> Afder -> God-god,Somali,6.93277841,43.32988331
2200,Somali -> Jarar -> Dig,Somali,6.93277841,43.32988331
2201,Somali -> Jarar -> Bilcil-bur,Somali,6.93277841,43.32988331
2202,Somali -> Erer -> Yahob ,Somali,6.93277841,43.32988331
2203,Somali -> Erer -> Qubi,Somali,6.93277841,43.32988331
2204,Oromia -> Borena -> Guchi,Oromia,7.50798643,38.7652127
2205,Oromia -> East Harerge -> Kersa,Oromia,7.50798643,38.7652127
2206,Amhara -> South Gonder -> Simada,Amhara,11.56495248,38.04353615
2207,Somali -> Nogob -> Meyumuluka,Somali,6.93277841,43.32988331
2208,Amhara -> North Wello -> Meket,Amhara,11.56495248,38.04353615
2209,Amhara -> North Wello -> Dawunt,Amhara,11.56495248,38.04353615
2210,Amhara -> North Wello -> Wadla,Amhara,11.56495248,38.04353615
2211,Oromia -> West Guji -> Kercha,Oromia,7.50798643,38.7652127
2212,Oromia -> West Guji -> Bule Hora,Oromia,7.50798643,38.7652127
2213,SNNPR -> Gedeo -> Kochere,SNNPR,6.46580872,36.80646946
2214,SNNPR -> Gedeo -> Yirgachefe,SNNPR,6.46580872,36.80646946
2215,Oromia -> West Guji -> Abaya,Oromia,7.50798643,38.7652127
2216,Oromia -> West Guji -> Gelana,Oromia,7.50798643,38.7652127
2217,SNNPR -> Gedeo -> Kochere Gedeb,SNNPR,6.46580872,36.80646946
2218,SNNPR -> Gedeo -> Bule,SNNPR,6.46580872,36.80646946
2219,SNNPR -> Gedeo -> Wenago,SNNPR,6.46580872,36.80646946
2220,Afar -> Zone 5 (Hari Rasu ) -> Dewe,Afar,12.03644506,40.77273541
2221,Afar -> Zone 1(Awsi Rasu) -> Aysaita,Afar,12.03644506,40.77273541
2222,Afar -> Zone 4  (Fantana Rasu ) -> Teru,Afar,12.03644506,40.77273541
2223,Afar -> Zone 5 (Hari Rasu ) -> Dalfagi,Afar,12.03644506,40.77273541
2224,Afar -> Zone 4  (Fantana Rasu ) -> Yalo,Afar,12.03644506,40.77273541
2225,Oromia -> West Guji -> Hambela Wamena,Oromia,7.50798643,38.7652127
2226,Oromia -> West Guji -> Birbirsa Kojowa,Oromia,7.50798643,38.7652127
2227,Oromia -> West Hararge -> Doba,Oromia,7.50798643,38.7652127
2228,Oromia -> East Hararge -> Gursum,Oromia,7.50798643,38.7652127
2229,Oromia -> East Hararge -> Babile,Oromia,7.50798643,38.7652127
2230,Oromia -> East Hararge -> Fedis,Oromia,7.50798643,38.7652127
2231,Beneshangul Gumu,Beneshangul Gumu,10.50292442,35.44030702
2232,SNNPR -> Gedeo,SNNPR,6.46580872,36.80646946
2233,Oromia -> West Hararge -> Chiro Zuria,Oromia,7.50798643,38.7652127
2234,Oromia -> East Hararge -> Goro Gutu,Oromia,7.50798643,38.7652127
2235,Oromia -> East Hararge -> Jarso,Oromia,7.50798643,38.7652127
2236,Oromia -> East Hararge -> Haro Maya,Oromia,7.50798643,38.7652127
2237,Oromia -> East Hararge -> Midega Tola,Oromia,7.50798643,38.7652127
2238,Oromia -> West Hararge -> Daro Lebu,Oromia,7.50798643,38.7652127
2239,Oromia -> East Hararge -> Chinaksen,Oromia,7.50798643,38.7652127
2240,Oromia -> West Hararge -> Mieso,Oromia,7.50798643,38.7652127
2241,Oromia -> East Hararge -> Meyu,Oromia,7.50798643,38.7652127
2242,Oromia -> East Hararge -> Kurfa Chele,Oromia,7.50798643,38.7652127
2243,Oromia -> East Hararge -> Deder,Oromia,7.50798643,38.7652127
2244,SNNPR -> Gedeo -> Dila Zuria,SNNPR,6.46580872,36.80646946
2245,Afar -> Zone 4  (Fantana Rasu ) -> Awra,Afar,12.03644506,40.77273541
2246,Amhara -> North Wello -> Bugna,Amhara,11.56495248,38.04353615
2247,Amhara -> North Gondar -> Beyeda,Amhara,11.56495248,38.04353615
2248,Afar -> Zone 1(Awsi Rasu) -> Elidar,Afar,12.03644506,40.77273541
2249,Afar -> Zone 1(Awsi Rasu) -> Chifra,Afar,12.03644506,40.77273541
2250,Afar -> Zone 1(Awsi Rasu) -> Adaa'r,Afar,12.03644506,40.77273541
2251,Afar -> Zone 3 (Gabi Rasu ) -> Gewane,Afar,12.03644506,40.77273541
2252,Afar -> Zone 5 (Hari Rasu ) -> Telalak,Afar,12.03644506,40.77273541
2253,Somali -> Korahay -> Debeweyin,Somali,6.93277841,43.32988331
2254,Somali -> Korahay -> Kebridehar,Somali,6.93277841,43.32988331
2255,Somali -> Korahay -> Shekosh,Somali,6.93277841,43.32988331
2256,Oromia -> West Guji -> Surro Berguda,Oromia,7.50798643,38.7652127
2257,Oromia -> West Guji -> Dugda Dawa,Oromia,7.50798643,38.7652127
2258,Tigray -> Central Tigray -> Mereb Leke,Tigray,13.77711474,38.43867332
2259,Tigray -> North West Tigray -> Tselemti,Tigray,13.77711474,38.43867332
2260,Somali -> Dawa,Somali,6.93277841,43.32988331
2261,Somali -> Shabeele -> Mustahil,Somali,6.93277841,43.32988331
2262,Somali -> Shabeele -> Kelafo,Somali,6.93277841,43.32988331
2263,Oromia -> East Hararge -> Kersa,Oromia,7.50798643,38.7652127
2264,Oromia -> East Hararge -> Meta,Oromia,7.50798643,38.7652127
2265,Somali -> Dawa -> Dolo Odo,Somali,6.93277841,43.32988331
2266,Oromia -> West Wellega -> Kiltu Kara,Oromia,7.50798643,38.7652127
2267,Somali -> Nogob -> Segeg,Somali,6.93277841,43.32988331
2268,Somali -> Fik -> Hamero,Somali,6.93277841,43.32988331
2269,Somali -> Nogob -> Dihun,Somali,6.93277841,43.32988331
2270,Somali -> Fik,Somali,6.93277841,43.32988331
2271,Oromia -> Borena -> Dillo,Oromia,7.50798643,38.7652127
2272,Oromia -> West Wellega -> Lalo Asabi,Oromia,7.50798643,38.7652127
2273,Amhara -> Wag Himra -> Ziquala,Amhara,11.56495248,38.04353615
2274,Oromia -> West Wellega -> Mana Sibu,Oromia,7.50798643,38.7652127
2275,Amhara -> Wag Himra -> Sekota,Amhara,11.56495248,38.04353615
2276,Oromia -> West Wellega -> Gimbi,Oromia,7.50798643,38.7652127
2277,Amhara -> Wag Himra -> Abergele,Amhara,11.56495248,38.04353615
2278,Amhara -> Wag Himra -> Gaz Gibla,Amhara,11.56495248,38.04353615
2279,Oromia -> West Wellega -> Nejo,Oromia,7.50798643,38.7652127
2280,Oromia -> West Wellega -> Boji Dirmeji,Oromia,7.50798643,38.7652127
2281,Beneshangul Gumu -> Kamashi,Beneshangul Gumu,10.50292442,35.44030702
2282,Beneshangul Gumu -> Kamashi -> Kamashi,Beneshangul Gumu,10.50292442,35.44030702
2283,Amhara -> North Gondar -> Metema,Amhara,11.56495248,38.04353615
2284,Dire Dawa -> Dire Dawa -> Dire Dawa/Town,Dire Dawa,9.60626919,42.00302689
2285,Addis Ababa -> Bole -> Bole,Addis Ababa,8.980483,38.78553835
2286,Afar -> Zone 1,Afar,12.03644506,40.77273541
2287,SNNPR -> Gamo Gofa -> Zala,SNNPR,6.46580872,36.80646946
2288,Oromia -> Guji -> Gumi Eldalo,Oromia,7.50798643,38.7652127
2289,Oromia -> Guji -> Saba Boru,Oromia,7.50798643,38.7652127
2290,Oromia -> Guji -> Aga Wayu,Oromia,7.50798643,38.7652127
2291,Somali -> Nogob -> Selahad,Somali,6.93277841,43.32988331
2292,Somali -> Nogob -> Lagahida,Somali,6.93277841,43.32988331
2293,Somali -> Daawa -> Mubarek ,Somali,6.93277841,43.32988331
2294,Oromia -> West Guji -> Ela Dima,Oromia,7.50798643,38.7652127
2295,Addis Ababa -> Region 14,Addis Ababa,8.980483,38.78553835
2296,SNNPR -> Sidama,SNNPR,6.46580872,36.80646946
2297,Dire Dawa -> Dire Dawa,Dire Dawa,9.60626919,42.00302689
2298,Amhara -> West Gojam,Amhara,11.56495248,38.04353615
2299,SNNPR -> Gedio -> Dila Zuria,SNNPR,6.46580872,36.80646946
2300,Amhara -> South Gonder -> Ebenat,Amhara,11.56495248,38.04353615
2301,Oromia -> East Harerge -> Kurfa Chele,Oromia,7.50798643,38.7652127
2302,Oromia -> West Harerge -> Chiro Zuria,Oromia,7.50798643,38.7652127
2303,Oromia -> East Harerge -> Goro Gutu,Oromia,7.50798643,38.7652127
2304,Afar -> Zone 3 -> Dulecha,Afar,12.03644506,40.77273541
2305,Amhara -> South Gonder,Amhara,11.56495248,38.04353615
2306,Afar -> Zone 2 -> Bidu,Afar,12.03644506,40.77273541
2307,Afar -> Zone 1 -> Kurri,Afar,12.03644506,40.77273541
2308,Oromia -> West Harerge -> Tulo,Oromia,7.50798643,38.7652127
2309,Oromia -> West Harerge -> Mesela,Oromia,7.50798643,38.7652127
2310,Somali -> Korahe -> Las-dhankeyre,Somali,6.93277841,43.32988331
2311,Somali -> Korahe -> Bodaley ,Somali,6.93277841,43.32988331
2312,Somali -> Korahe -> Higloley ,Somali,6.93277841,43.32988331
2313,Oromia -> Borena -> Dubluk,Oromia,7.50798643,38.7652127
2314,Oromia -> West Guji -> Soyama Sura,Oromia,7.50798643,38.7652127
2315,Oromia -> East Harerge -> Goro Muti,Oromia,7.50798643,38.7652127
2316,Somali -> Afder -> Bare,Somali,6.93277841,43.32988331
2317,Oromia -> East Harerge -> Jarso,Oromia,7.50798643,38.7652127
2318,Amhara -> North Wollo -> Bugna,Amhara,11.56495248,38.04353615
2319,Amhara -> North Wollo -> Meket,Amhara,11.56495248,38.04353615
2320,Amhara -> Wag Himra -> Dehana,Amhara,11.56495248,38.04353615
2321,Afar -> Zone 1 -> Adaa'r,Afar,12.03644506,40.77273541
2322,Afar -> Zone 2 -> Ab Ala,Afar,12.03644506,40.77273541
2323,Afar -> Zone 2 -> Erebti,Afar,12.03644506,40.77273541
2324,Somali -> Siti -> Dembel,Somali,6.93277841,43.32988331
2325,Amhara -> North Gonder -> Janamora,Amhara,11.56495248,38.04353615
2326,Amhara -> North Gonder -> Beyeda,Amhara,11.56495248,38.04353615
2327,Amhara -> North Gonder -> East Belesa,Amhara,11.56495248,38.04353615
2328,Somali -> Fafan -> Koran,Somali,6.93277841,43.32988331
2329,Somali -> Nogob -> Fik,Somali,6.93277841,43.32988331
2330,Somali -> Siti -> Ayisha,Somali,6.93277841,43.32988331
2331,Somali -> Siti -> Gablalu,Somali,6.93277841,43.32988331
2332,Somali -> Fafan -> Harawo,Somali,6.93277841,43.32988331
2333,Somali -> Nogob -> Ayun,Somali,6.93277841,43.32988331
2334,Oromia -> West Harerge -> Anchar,Oromia,7.50798643,38.7652127
2335,Beneshangul Gumuz -> Kemashi,Beneshangul Gumuz,10.50292442,35.44030702
2336,Oromia -> West Wellega,Oromia,7.50798643,38.7652127
2337,Oromia -> East Wellega,Oromia,7.50798643,38.7652127
2338,Oromia -> West Arsi -> Heban Arsi,Oromia,7.50798643,38.7652127
2339,SNNPR -> Gedio -> Yirgachefe,SNNPR,6.46580872,36.80646946
2340,Somali -> Fafan -> Kebribeyah,Somali,6.93277841,43.32988331
2341,Somali -> Fafan -> Aw-bare,Somali,6.93277841,43.32988331
2342,Oromia -> West Harerge -> Habro,Oromia,7.50798643,38.7652127
2343,Oromia -> East Harerge -> Chinaksen,Oromia,7.50798643,38.7652127
2344,Oromia -> East Harerge -> Meyu,Oromia,7.50798643,38.7652127
2345,Oromia -> East Harerge -> Fedis,Oromia,7.50798643,38.7652127
2346,Oromia -> East Harerge -> Golo Oda,Oromia,7.50798643,38.7652127
2347,Oromia -> East Harerge -> Midega Tola,Oromia,7.50798643,38.7652127
2348, Somali > Erer > Lagahida,Somali,6.93277841,43.32988331
2349, Somali > Erer > Qubi,Somali,6.93277841,43.32988331
2350, Afar > Zone 2 (Kilbet Rasu) > Bidu,Afar,12.03644506,40.77273541
2351, Afar > Zone 2 (Kilbet Rasu) > Dalol,Afar,12.03644506,40.77273541
2352, Afar > Zone 2 (Kilbet Rasu) > Afdera,Afar,12.03644506,40.77273541
2353, Afar > Zone 2 (Kilbet Rasu) > Berahile,Afar,12.03644506,40.77273541
2354, Afar > Zone 2 (Kilbet Rasu) > Aba 'Ala,Afar,12.03644506,40.77273541
2355, Afar > Zone 2 (Kilbet Rasu) > Erebti,Afar,12.03644506,40.77273541
2356, Oromia > West Hararge > Daro Lebu,Oromia,7.50798643,38.7652127
2357, Oromia > West Hararge > Mieso,Oromia,7.50798643,38.7652127
2358, Oromia > West Hararge > Doba,Oromia,7.50798643,38.7652127
2359, Oromia > West Guji > Dugda Dawa,Oromia,7.50798643,38.7652127
2360, Oromia > Guji > Gora Dola,Oromia,7.50798643,38.7652127
2361, Oromia > West Guji > Melka Soda,Oromia,7.50798643,38.7652127
2362, Oromia > Guji > Girja (Harenfema),Oromia,7.50798643,38.7652127
2363, Oromia > Guji > Liben,Oromia,7.50798643,38.7652127
2364, Oromia > Guji > Adola,Oromia,7.50798643,38.7652127
2365, Oromia > Guji > Bore,Oromia,7.50798643,38.7652127
2366, Oromia > Guji > Gumi Idalo,Oromia,7.50798643,38.7652127
2367, Oromia > Guji > Wadera,Oromia,7.50798643,38.7652127
2368, Somali > Afder > Hargele,Somali,6.93277841,43.32988331
2369, Somali > Shabelle > Gode,Somali,6.93277841,43.32988331
2370, Somali > Shabelle > Adadle,Somali,6.93277841,43.32988331
2371, Tigray,Tigray,13.77711474,38.43867332
2372, Oromia,Oromia,7.50798643,38.7652127
2373, SNNP > Gedeo > Bule,SNNP,6.46580872,36.80646946
2374, SNNP > Gedeo > Kochere Gedeb,SNNP,6.46580872,36.80646946
2375, Oromia > West Wellega > Lalo Asabi,Oromia,7.50798643,38.7652127
2376, Oromia > West Wellega > Nejo,Oromia,7.50798643,38.7652127
2377, Amhara > Central Gondar > Dembia,Amhara,11.56495248,38.04353615
2378, Amhara > Central Gondar > Chilga,Amhara,11.56495248,38.04353615
2379, Oromia > West Guji > Abaya,Oromia,7.50798643,38.7652127
2380, Oromia > West Guji > Bule Hora,Oromia,7.50798643,38.7652127
2381, Oromia > West Guji > Birbirsa Kojowa,Oromia,7.50798643,38.7652127
2382, Somali > Siti > Afdem,Somali,6.93277841,43.32988331
2383, Somali > Daawa > Moyale (Somali),Somali,6.93277841,43.32988331
2384, Somali > Erer > Selahad,Somali,6.93277841,43.32988331
2385, Oromia > East Wellega > Haro Limu,Oromia,7.50798643,38.7652127
2386, Oromia > East Wellega > Limu (Oromia),Oromia,7.50798643,38.7652127
2387, Oromia > West Wellega > Gimbi,Oromia,7.50798643,38.7652127
2388, Benishangul Gumz > Asosa > Oda Bilidigilu,Benishangul Gumz,10.50292442,35.44030702
2389, Oromia > East Wellega > Sasiga,Oromia,7.50798643,38.7652127
2390, SNNP > Gedeo > Dila Zuria,SNNP,6.46580872,36.80646946
2391, Oromia > Borena > Guchi,Oromia,7.50798643,38.7652127
2392, SNNP > Gedeo > Yirgachefe,SNNP,6.46580872,36.80646946
2393, Oromia > East Wellega > Guto Gida,Oromia,7.50798643,38.7652127
2394, Oromia > East Wellega > Diga,Oromia,7.50798643,38.7652127
2395, Oromia > Bale > Gura Damole,Oromia,7.50798643,38.7652127
2396, Oromia > Bale > Lege Hida,Oromia,7.50798643,38.7652127
2397, Oromia > Bale > Dawe Ketchen,Oromia,7.50798643,38.7652127
2398, Oromia > Bale > Rayitu,Oromia,7.50798643,38.7652127
2399, Somali > Shabelle > Kelafo,Somali,6.93277841,43.32988331
2400, Somali > Liban > Dolo Odo,Somali,6.93277841,43.32988331
2401, Oromia > Bale > Seweyna,Oromia,7.50798643,38.7652127
2402, Oromia > East Wellega > Gida Ayana,Oromia,7.50798643,38.7652127
2403, Oromia > West Wellega > Mana Sibu,Oromia,7.50798643,38.7652127
2404, Benishangul Gumz > Kemashi > Agalometi,Benishangul Gumz,10.50292442,35.44030702
2405, Benishangul Gumz > Kemashi > Yaso,Benishangul Gumz,10.50292442,35.44030702
2406, Addis Ababa > Region 14 > Akaki - Kalit,Addis Ababa,8.980483,38.78553835
2407, Oromia > West Guji > Hambela Wamena,Oromia,7.50798643,38.7652127
2408, Oromia > West Guji > Kercha,Oromia,7.50798643,38.7652127
2409, Oromia > East Hararge > Babile (Oromia),Oromia,7.50798643,38.7652127
2410, Oromia > East Hararge > Jarso (East Hararghe),Oromia,7.50798643,38.7652127
2411, Oromia > East Hararge > Chinaksen,Oromia,7.50798643,38.7652127
2412, SNNP > Gedeo > Wenago,SNNP,6.46580872,36.80646946
2413, Oromia > West Wellega > Boji Dirmeji,Oromia,7.50798643,38.7652127
2414, Benishangul Gumz > Kemashi > Sodal/Sirba Abay,Benishangul Gumz,10.50292442,35.44030702
2415, Oromia > East Hararge > Meyu Muleke,Oromia,7.50798643,38.7652127
2416, Oromia > West Guji > Gelana (West Guji),Oromia,7.50798643,38.7652127
2417, Somali > Fafan > Babile (Somali),Somali,6.93277841,43.32988331
2418, Oromia > East Wellega > Nekemte Town,Oromia,7.50798643,38.7652127
2419, Oromia > East Hararge > Gursum (Oromia),Oromia,7.50798643,38.7652127
2420, SNNP > Gedeo > Kochere,SNNP,6.46580872,36.80646946
2421, Benishangul Gumz > Kemashi > Belojiganfo,Benishangul Gumz,10.50292442,35.44030702
2422, Somali > Daawa > Hudet,Somali,6.93277841,43.32988331
2423, Oromia > West Guji > Suro Berguda,Oromia,7.50798643,38.7652127
2424, Somali > Shabelle > East Imi,Somali,6.93277841,43.32988331
2425, Oromia > West Hararge > Chiro Zuria,Oromia,7.50798643,38.7652127
2426, Somali > Fafan > Jigjiga City,Somali,6.93277841,43.32988331
2427, Oromia > East Hararge > Fedis,Oromia,7.50798643,38.7652127
2428, Somali > Liban > Filtu,Somali,6.93277841,43.32988331
2429, Benishangul Gumz > Kemashi > Kamashi,Benishangul Gumz,10.50292442,35.44030702
2430, Oromia > West Wellega > Kiltu Kara,Oromia,7.50798643,38.7652127
2431, Oromia > East Hararge > Kurfa Chele,Oromia,7.50798643,38.7652127
2432, Somali > Fafan > Kebribeyah,Somali,6.93277841,43.32988331
2433, Somali > Jarar > Degehabur,Somali,6.93277841,43.32988331
2434, Somali > Doolo > Danod,Somali,6.93277841,43.32988331
2435, Somali > Fafan > Tuliguled,Somali,6.93277841,43.32988331
2436, Somali > Fafan > Gursum (Somali),Somali,6.93277841,43.32988331
2437, Somali > Shabelle > Berocano,Somali,6.93277841,43.32988331
2438, Amhara > North Gondar > Telemt,Amhara,11.56495248,38.04353615
2439, Amhara > Wag Hamra > Abergele,Amhara,11.56495248,38.04353615
2440, Amhara > North Gondar > Beyeda,Amhara,11.56495248,38.04353615
2441, Oromia > East Hararge > Melka Balo,Oromia,7.50798643,38.7652127
2442, Oromia > Borena > Dhas,Oromia,7.50798643,38.7652127
2443, Dire Dawa > Dire Dawa urban > Legehare,Dire Dawa,9.60626919,42.00302689
2444, Oromia > Borena > Moyale (Oromia),Oromia,7.50798643,38.7652127
2445, Oromia > Borena > Dilo,Oromia,7.50798643,38.7652127
2446, Oromia > East Hararge > Bedeno,Oromia,7.50798643,38.7652127
2447, Oromia > East Hararge > Girawa,Oromia,7.50798643,38.7652127
2448, Afar > Zone 1 (Awsi Rasu) > Kurri,Afar,12.03644506,40.77273541
2449, Afar > Zone 2 (Kilbet Rasu) > Megale,Afar,12.03644506,40.77273541
2450, Amhara > Wag Hamra > Sahila,Amhara,11.56495248,38.04353615
2451, Afar > Zone 2 (Kilbet Rasu) > Kunneba,Afar,12.03644506,40.77273541
2452, Oromia > West Hararge > Burqua Dhintu,Oromia,7.50798643,38.7652127
2453, Oromia > West Hararge > Goba Koricha,Oromia,7.50798643,38.7652127
2454, Afar > Zone 1 (Awsi Rasu) > Mile,Afar,12.03644506,40.77273541
2455, Amhara > Wag Hamra > Dehana,Amhara,11.56495248,38.04353615
2456, Somali > Afder > God-god,Somali,6.93277841,43.32988331
2457, Somali > Liban > Goro Baqaqsa,Somali,6.93277841,43.32988331
2458, Somali > Afder > Elkare/Serer,Somali,6.93277841,43.32988331
2459, Somali > Liban > Deka suftu,Somali,6.93277841,43.32988331
2460, Somali > Liban > Guradamole,Somali,6.93277841,43.32988331
2461, Somali > Siti > Miesso,Somali,6.93277841,43.32988331
2462, Amhara > North Gondar > Janamora,Amhara,11.56495248,38.04353615
2463, Amhara > Central Gondar > Kinfaz,Amhara,11.56495248,38.04353615
2464, Somali > Fafan > Koran/Mula,Somali,6.93277841,43.32988331
2465, Somali > Jarar > Daror,Somali,6.93277841,43.32988331
2466, SNNP > Segen Area P. > Alle,SNNP,6.46580872,36.80646946
2467, SNNP > Segen Area P. > Konso,SNNP,6.46580872,36.80646946
2468, Somali > Afder > Dolobay,Somali,6.93277841,43.32988331
2469, Somali > Liban > Bokolmayo,Somali,6.93277841,43.32988331
2470, Tigray > North Western > Tselemti,Tigray,13.77711474,38.43867332
2471, Oromia > West Hararge > Hawi Gudina,Oromia,7.50798643,38.7652127
2472, Tigray > Central > Mereb Lehe,Tigray,13.77711474,38.43867332
2473, Afar > Zone 4  (Fantana Rasu) > Teru,Afar,12.03644506,40.77273541
2474, Afar > Zone 4  (Fantana Rasu) > Awra,Afar,12.03644506,40.77273541
2475, Oromia > West Hararge > Anchar,Oromia,7.50798643,38.7652127
2476, Oromia > West Hararge > Boke,Oromia,7.50798643,38.7652127
2477, Oromia > East Hararge > Haro Maya,Oromia,7.50798643,38.7652127
2478, Somali > Erer > Fik,Somali,6.93277841,43.32988331
2479, SNNP > Segen Area P. > Amaro,SNNP,6.46580872,36.80646946
2480, SNNP > Segen Area P. > Derashe,SNNP,6.46580872,36.80646946
2481, Oromia > West Wellega > Leta Sibu,Oromia,7.50798643,38.7652127
2482, Oromia > West Hararge > Gumbi Bordede,Oromia,7.50798643,38.7652127
2483, SNNP > Konta Special > Ela (Konta) SP Woreda,SNNP,6.46580872,36.80646946
2484, SNNP > Hadiya > Shashogo,SNNP,6.46580872,36.80646946
2485, Benishangul Gumz > Asosa > Assosa,Benishangul Gumz,10.50292442,35.44030702
2486, Amhara > West Gondar > Metema,Amhara,11.56495248,38.04353615
2487, Oromia > East Hararge > Deder,Oromia,7.50798643,38.7652127
2488, SNNP > South Omo > Basketo SP Woreda,SNNP,6.46580872,36.80646946
2489, Somali > Doolo > Warder,Somali,6.93277841,43.32988331
2490, Dire Dawa > Dire Dawa rural > Jeldessa,Dire Dawa,9.60626919,42.00302689
2491, Dire Dawa > Dire Dawa urban > Sabian,Dire Dawa,9.60626919,42.00302689
2492, Harari > Harari > Abadir,Harari,9.28966002,42.17252587
2493, Oromia > East Hararge > Kersa (East Hararge),Oromia,7.50798643,38.7652127
2494, Oromia > East Hararge > Goro Gutu,Oromia,7.50798643,38.7652127
2495, Oromia > Bale > Harena Buluk,Oromia,7.50798643,38.7652127
2496, Oromia > Bale > Mena (Bale),Oromia,7.50798643,38.7652127
2497, Oromia > West Arsi > Siraro,Oromia,7.50798643,38.7652127
2498, Oromia > East Hararge > Meta,Oromia,7.50798643,38.7652127
2499, Afar > Zone 5 (Hari Rasu) > Telalak,Afar,12.03644506,40.77273541
2500, Oromia > West Arsi > Shala,Oromia,7.50798643,38.7652127
2501, Oromia > Bale > Meda Welabu,Oromia,7.50798643,38.7652127
2502, Afar > Zone 1 (Awsi Rasu) > Adaa'r,Afar,12.03644506,40.77273541
2503, Afar > Zone 3 (Gabi Rasu) > Gewane,Afar,12.03644506,40.77273541
2504, Afar > Zone 1 (Awsi Rasu) > Elidar,Afar,12.03644506,40.77273541
2505, Somali > Shabelle > Aba-korow,Somali,6.93277841,43.32988331
2506, Somali > Shabelle > Danan,Somali,6.93277841,43.32988331
2507, Somali > Jarar > Bilcil-bur,Somali,6.93277841,43.32988331
2508, Somali > Jarar > Dig,Somali,6.93277841,43.32988331
2509, Somali > Jarar > Degehamedo,Somali,6.93277841,43.32988331
2510, Somali > Jarar > Yocale,Somali,6.93277841,43.32988331
2511, Somali > Jarar > Aware,Somali,6.93277841,43.32988331
2512, Somali > Jarar > Gunagado,Somali,6.93277841,43.32988331
2513, Oromia > East Hararge > Golo Oda,Oromia,7.50798643,38.7652127
2514, Oromia > East Hararge > Midhaga Tola,Oromia,7.50798643,38.7652127
2515, Oromia > Borena > Arero,Oromia,7.50798643,38.7652127
2516, Amhara > South Gondar > Sede Muja,Amhara,11.56495248,38.04353615
2517, Oromia > Borena > Wachile,Oromia,7.50798643,38.7652127
2518, Amhara > South Gondar > Ebenat,Amhara,11.56495248,38.04353615
2519, Oromia > West Guji > Bule Hora Town,Oromia,7.50798643,38.7652127
2520, Oromia > East Wellega,Oromia,7.50798643,38.7652127
2521, Oromia > West Wellega,Oromia,7.50798643,38.7652127
2522, SNNP > Gedeo,SNNP,6.46580872,36.80646946
2523, Amhara > Central Gondar,Amhara,11.56495248,38.04353615
2524, Somali > Fafan,Somali,6.93277841,43.32988331
2525, Oromia > West Guji,Oromia,7.50798643,38.7652127
2526, Somali > Afder > Charati/Weyib,Somali,6.93277841,43.32988331
2527, Oromia > Borena > Miyo,Oromia,7.50798643,38.7652127
2528, Oromia > East Hararge > Kombolcha,Oromia,7.50798643,38.7652127
2529, Somali > Fafan > Harshin,Somali,6.93277841,43.32988331
2530, Somali > Fafan > Goljano,Somali,6.93277841,43.32988331
2531, Somali > Fafan > Aw-bare,Somali,6.93277841,43.32988331
2532, Somali > Korahe > Marsin,Somali,6.93277841,43.32988331
2533, Somali > Korahe > Shekosh,Somali,6.93277841,43.32988331
2534, Somali > Siti > Dembel,Somali,6.93277841,43.32988331
2535, Somali > Daawa > Mubarek,Somali,6.93277841,43.32988331
2536, Amhara > Central Gondar > Gonder Zuria,Amhara,11.56495248,38.04353615
2537, Somali > Korahe > Shilabo,Somali,6.93277841,43.32988331
2538, Somali > Fafan > Haroreys,Somali,6.93277841,43.32988331
2539, Amhara > Central Gondar > Lay Armacho,Amhara,11.56495248,38.04353615
2540, Oromia > Guji > Saba Boru,Oromia,7.50798643,38.7652127
2541, Somali > Jarar > Burqod,Somali,6.93277841,43.32988331
2542, Addis Ababa > Region 14 > Addis Ketema,Addis Ababa,8.980483,38.78553835
2543, Amhara > North Wello > Raya Kobo,Amhara,11.56495248,38.04353615
2544, Oromia > Guji > Aga Wayu,Oromia,7.50798643,38.7652127
2545, Oromia > West Arsi > Shashemene Town,Oromia,7.50798643,38.7652127
2546, Amhara > Central Gondar > Tach Armacho,Amhara,11.56495248,38.04353615
2547, Oromia > West Arsi > Arsi Negele,Oromia,7.50798643,38.7652127
2548, Afar > Zone 1 (Awsi Rasu) > Dubti,Afar,12.03644506,40.77273541
2549, Afar > Zone 1 (Awsi Rasu) > Chifra,Afar,12.03644506,40.77273541
2550, Afar > Zone 1 (Awsi Rasu) > Asayita,Afar,12.03644506,40.77273541
2551, Somali > Afder > Barey,Somali,6.93277841,43.32988331
2552, Benishangul Gumz > Metekel > Debati,Benishangul Gumz,10.50292442,35.44030702
2553, Benishangul Gumz > Metekel > Wenbera,Benishangul Gumz,10.50292442,35.44030702
2554, Benishangul Gumz > Asosa > Homosha,Benishangul Gumz,10.50292442,35.44030702
2555, Benishangul Gumz > Asosa > Menge,Benishangul Gumz,10.50292442,35.44030702
2556, Oromia > East Hararge > Goro Muti,Oromia,7.50798643,38.7652127
2557, Oromia > East Wellega > Wama Hagalo,Oromia,7.50798643,38.7652127
2558, Oromia > West Hararge > Habro,Oromia,7.50798643,38.7652127
2559, SNNP > Gedeo > Yirgachefe Town,SNNP,6.46580872,36.80646946
2560, Oromia > West Wellega > Gimbi Town,Oromia,7.50798643,38.7652127
2561, Oromia > West Hararge > Bedesa,Oromia,7.50798643,38.7652127
2562, SNNP > Gedeo > Dila City Admin,SNNP,6.46580872,36.80646946
2563, Oromia > West Hararge > Chiro Town,Oromia,7.50798643,38.7652127
2564, Oromia > West Wellega > Mendi Town,Oromia,7.50798643,38.7652127
2565, Somali > Siti > Erer (Somali),Somali,6.93277841,43.32988331
2566, Oromia > West Wellega > Nejo Town,Oromia,7.50798643,38.7652127
2567, Oromia > West Wellega > Jarso (West Wellega),Oromia,7.50798643,38.7652127
2568, Benishangul Gumz > Metekel > Guba,Benishangul Gumz,10.50292442,35.44030702
2569, Somali > Daawa > Qada Duma,Somali,6.93277841,43.32988331
2570, Oromia > East Hararge > Haromaya Town,Oromia,7.50798643,38.7652127
2571, Somali > Korahe > Kebridehar City,Somali,6.93277841,43.32988331
2572, Somali > Shabelle > Godey City,Somali,6.93277841,43.32988331
2573, Benishangul Gumz > Metekel > Mandura,Benishangul Gumz,10.50292442,35.44030702
2574, Benishangul Gumz > Metekel > Dangura,Benishangul Gumz,10.50292442,35.44030702
2575, Gambela,Gambela,7.68385036,34.33675424
2576, Addis Ababa,Addis Ababa,8.980483,38.78553835
2577, Amhara,Amhara,11.56495248,38.04353615
2578, Benishangul Gumz,Benishangul Gumz,10.50292442,35.44030702
2579, Afar,Afar,12.03644506,40.77273541
2580, Somali,Somali,6.93277841,43.32988331
2581, SNNP,SNNP,6.46580872,36.80646946
2582, Somali > Korahe > Kebridehar,Somali,6.93277841,43.32988331
2583, Somali > Shabelle > Mustahil,Somali,6.93277841,43.32988331
2584, Oromia > East Hararge > Kumbi,Oromia,7.50798643,38.7652127
2585, Amhara > Awi > Chagni Town,Amhara,11.56495248,38.04353615
2586, Oromia > East Hararge,Oromia,7.50798643,38.7652127
2587, Somali > Siti,Somali,6.93277841,43.32988331
2588, Benishangul Gumz > Kemashi,Benishangul Gumz,10.50292442,35.44030702
2589, Oromia > East Hararge > Babile Town,Oromia,7.50798643,38.7652127
2590, Dire Dawa > Dire Dawa urban > Addis Ketema (Dire Dawa),Dire Dawa,9.60626919,42.00302689
2591, Tigray > Southern > Alamata,Tigray,13.77711474,38.43867332
2592, Amhara > Central Gondar > Alfa,Amhara,11.56495248,38.04353615
2593, Tigray > Western > Kafta Humera,Tigray,13.77711474,38.43867332
2594, Tigray > Eastern > Hawzen,Tigray,13.77711474,38.43867332
2595, Amhara > Awi > Injibara Town,Amhara,11.56495248,38.04353615
2596, Amhara > North Wello > Lalibela Town,Amhara,11.56495248,38.04353615
2597, Amhara > North Shewa(A) > Debre Berhan Town,Amhara,11.56495248,38.04353615
2598, Amhara > Central Gondar > Gonder City Adm.,Amhara,11.56495248,38.04353615
2599, Tigray > Central > Aheferom,Tigray,13.77711474,38.43867332
2600, Tigray > North Western > Asgede Tsimbila,Tigray,13.77711474,38.43867332
2601, Tigray > Eastern > Kelete Awelallo,Tigray,13.77711474,38.43867332
2602, Amhara > South Wello > Dessie City Adm.,Amhara,11.56495248,38.04353615
2603, Tigray > Eastern > Ganta Afeshum,Tigray,13.77711474,38.43867332
2604, Tigray > Eastern > Erob,Tigray,13.77711474,38.43867332
2605, Tigray > South Eastern > Saharti Samre,Tigray,13.77711474,38.43867332
2606, Tigray > Central > Kola Temben,Tigray,13.77711474,38.43867332
2607, Amhara > North Wello > Bugna,Amhara,11.56495248,38.04353615
2608, Tigray > North Western > Tahtay Adiyabo,Tigray,13.77711474,38.43867332
2609, Tigray > Eastern > Gulo Mekeda,Tigray,13.77711474,38.43867332
2610, Tigray > Central > Tanqua Abergele,Tigray,13.77711474,38.43867332
2611, Tigray > Southern > Ofla,Tigray,13.77711474,38.43867332
2612, Tigray > Eastern > Saesie Tsaedamba,Tigray,13.77711474,38.43867332
2613, Addis Ababa > Region 14 > Kirkos,Addis Ababa,8.980483,38.78553835
2614, Tigray > Eastern > Atsbi Wenberta,Tigray,13.77711474,38.43867332
2615, Tigray > South Eastern > Hintalo Wajirat,Tigray,13.77711474,38.43867332
2616, Tigray > Southern > Raya Azebo,Tigray,13.77711474,38.43867332
2617, Amhara > Wag Hamra > Gaz Gibla,Amhara,11.56495248,38.04353615
2618, Amhara > Wag Hamra > Sekota,Amhara,11.56495248,38.04353615
2619, Amhara > Wag Hamra > Zequala,Amhara,11.56495248,38.04353615
2620, Somali > Afder > Kohle/Qoxle,Somali,6.93277841,43.32988331
2444, Oromia > Borena > Moyale (Oromia),Oromia,7.50805539,38.76512402
2621, Tigray > North Western > Shire,Tigray,13.77711621,38.43867503
2622, Tigray > Mekele Special,Tigray,13.77711621,38.43867503
2623, Somali > Fafan > Aw-Bare,Somali,6.92946999,43.32903576
2598, Amhara > Central Gondar > Gonder City Adm.,Amhara,11.56495271,38.04353749
2624, Amhara > West Gondar > Mirab Armacho,Amhara,11.56495271,38.04353749
2593, Tigray > Western > Kafta Humera,Tigray,13.77711621,38.43867503
2625, Gambela > Agnewak > Gambela Zuria,Gambela,7.68382482,34.3367695
2486, Amhara > West Gondar > Metema,Amhara,11.56495271,38.04353749
2626, Somali > Siti > Ayisha,Somali,6.92946999,43.32903576
2627, Tigray > Western > Tsegede (Tigray),Tigray,13.77711621,38.43867503
2628, Tigray > Western > Welkait,Tigray,13.77711621,38.43867503
2472, Tigray > Central > Mereb Lehe,Tigray,13.77711621,38.43867503
2594, Tigray > Eastern > Hawzen,Tigray,13.77711621,38.43867503
2606, Tigray > Central > Kola Temben,Tigray,13.77711621,38.43867503
2629, Tigray > North Western > Laelay Adiabo,Tigray,13.77711621,38.43867503
2605, Tigray > South Eastern > Saharti Samre,Tigray,13.77711621,38.43867503
2612, Tigray > Eastern > Saesie Tsaedamba,Tigray,13.77711621,38.43867503
2630, Tigray > Central > Tahtay Mayechew,Tigray,13.77711621,38.43867503
2631, Tigray > South Eastern > Dega Temben,Tigray,13.77711621,38.43867503
2632, Tigray > North Western > Medebay Zana,Tigray,13.77711621,38.43867503
2611, Tigray > Southern > Ofla,Tigray,13.77711621,38.43867503
2614, Tigray > Eastern > Atsbi Wenberta,Tigray,13.77711621,38.43867503
2371, Tigray,Tigray,13.77711621,38.43867503
2577, Amhara,Amhara,11.56495271,38.04353749
2579, Afar,Afar,12.03628232,40.77273098
2461, Somali > Siti > Miesso,Somali,6.92946999,43.32903576
2382, Somali > Siti > Afdem,Somali,6.92946999,43.32903576
2400, Somali > Liban > Dolo Odo,Somali,6.92946999,43.32903576
2469, Somali > Liban > Bokolmayo,Somali,6.92946999,43.32903576
2633, Somali > Siti > Shinile,Somali,6.92946999,43.32903576
2460, Somali > Liban > Guradamole,Somali,6.92946999,43.32903576
2634, Somali > Doolo > Galadi,Somali,6.92946999,43.32903576
2635, Somali > Doolo > Bokh,Somali,6.92946999,43.32903576
2636, Somali > Doolo > Galhamur,Somali,6.92946999,43.32903576
2637, Somali > Doolo > Daratole,Somali,6.92946999,43.32903576
2638, Somali > Doolo > Lehel-Yucub,Somali,6.92946999,43.32903576
2639, Somali > Liban > Deka Suftu,Somali,6.92946999,43.32903576
2640, Somali > Liban > Quarsadula,Somali,6.92946999,43.32903576
2641, SNNP > Sidama > Bilate Zuria,SNNP,6.4654693,36.80636061
2511, Somali > Jarar > Aware,Somali,6.92946999,43.32903576
2642, SNNP > Sidama > Hawassa Zuria,SNNP,6.4654693,36.80636061
2643, Somali > Jarar > Ararso,Somali,6.92946999,43.32903576
2512, Somali > Jarar > Gunagado,Somali,6.92946999,43.32903576
2541, Somali > Jarar > Burqod,Somali,6.92946999,43.32903576
2644, SNNP > Guraghe > Meskan,SNNP,6.4654693,36.80636061
2428, Somali > Liban > Filtu,Somali,6.92946999,43.32903576
2360, Oromia > Guji > Gora Dola,Oromia,7.50805539,38.76512402
2645, Somali > Siti > Gota-Biki,Somali,6.92946999,43.32903576
2565, Somali > Siti > Erer (Somali),Somali,6.92946999,43.32903576
2646, SNNP > South Omo > Hamer,SNNP,6.4654693,36.80636061
2647, SNNP > South Omo > Bena Tsemay,SNNP,6.4654693,36.80636061
2648, SNNP > South Omo > Selamgo,SNNP,6.4654693,36.80636061
2649, Oromia > West Arsi > Nenesebo (Wereka),Oromia,7.50805539,38.76512402
2650, Oromia > West Arsi > Dodola,Oromia,7.50805539,38.76512402
2352, Afar > Zone 2 (Kilbet Rasu) > Afdera,Afar,12.03628232,40.77273098
2455, Amhara > Wag Hamra > Dehana,Amhara,11.56495271,38.04353749
2618, Amhara > Wag Hamra > Sekota,Amhara,11.56495271,38.04353749
2651, Afar > Zone 1 (Awsi Rasu) > Dubti Town,Afar,12.03628232,40.77273098
2619, Amhara > Wag Hamra > Zequala,Amhara,11.56495271,38.04353749
2353, Afar > Zone 2 (Kilbet Rasu) > Berahile,Afar,12.03628232,40.77273098
2652, SNNP > Konso > Karat Town,SNNP,6.4654693,36.80636061
2653, SNNP > Konta Sp. > Ela (Konta) SP Woreda,SNNP,6.4654693,36.80636061
2654, SNNP > Konso > Kena /Karat Zuria,SNNP,6.4654693,36.80636061
2411, Oromia > East Hararge > Chinaksen,Oromia,7.50805539,38.76512402
2584, Oromia > East Hararge > Kumbi,Oromia,7.50805539,38.76512402
2415, Oromia > East Hararge > Meyu Muleke,Oromia,7.50805539,38.76512402
2655, Somali > Fafan > Babile,Somali,6.92946999,43.32903576
2514, Oromia > East Hararge > Midhaga Tola,Oromia,7.50805539,38.76512402
2497, Oromia > West Arsi > Siraro,Oromia,7.50805539,38.76512402
2656, Oromia > West Arsi > Shashemene Zuria,Oromia,7.50805539,38.76512402
2364, Oromia > Guji > Adola,Oromia,7.50805539,38.76512402
2657, Oromia > Guji > Odo Shakiso,Oromia,7.50805539,38.76512402
2658, Oromia > East Wellega > Nunu Kumba,Oromia,7.50805539,38.76512402
2659, Benishangul Gumuz > Kemashi > Yaso,Benishangul Gumuz,10.50292407,35.44030741
2660, Afar > Zone 3 (Gabi Rasu) > Amibara,Afar,12.03628232,40.77273098
2661, Gambela > Nuwer > Akobo,Gambela,7.68382482,34.3367695
2662, Afar > Zone 1 (Awsi Rasu) > Logiya-Semera,Afar,12.03628232,40.77273098
2550, Afar > Zone 1 (Awsi Rasu) > Asayita,Afar,12.03628232,40.77273098
2548, Afar > Zone 1 (Awsi Rasu) > Dubti,Afar,12.03628232,40.77273098
2663, Gambela > Etang Special woreda > Itang,Gambela,7.68382482,34.3367695
2664, Amhara > East Gojam > Debre Markos Town,Amhara,11.56495271,38.04353749
2665, Amhara > North Shewa > Debre Berhan Town,Amhara,11.56495271,38.04353749
2595, Amhara > Awi > Injibara Town,Amhara,11.56495271,38.04353749
2666, SNNP > South Omo > Jinka Town Admin,SNNP,6.4654693,36.80636061
2667, Gambela > Mejenger > Mengesh,Gambela,7.68382482,34.3367695
2668, Amhara > North Gondar > Dabat Town,Amhara,11.56495271,38.04353749
2669, Amhara > South Gondar > Debre Tabor Town,Amhara,11.56495271,38.04353749
2670, Benishangul Gumuz > Metekel > Wenbera,Benishangul Gumuz,10.50292407,35.44030741
2671, Gambela > Agnewak > Gambela Town,Gambela,7.68382482,34.3367695
2596, Amhara > North Wello > Lalibela Town,Amhara,11.56495271,38.04353749
2672, Addis Ababa > Region 14 > Arada,Addis Ababa,8.980483,38.78553835
2673, Benishangul Gumuz > Kemashi > Agalometi,Benishangul Gumuz,10.50292407,35.44030741
2674, Benishangul Gumuz > Kemashi > Kamashi,Benishangul Gumuz,10.50292407,35.44030741
2418, Oromia > East Wellega > Nekemte Town,Oromia,7.50805539,38.76512402
2468, Somali > Afder > Dolobay,Somali,6.92946999,43.32903576
2383, Somali > Daawa > Moyale (Somali),Somali,6.92946999,43.32903576
2590, Dire Dawa > Dire Dawa urban > Addis Ketema (Dire Dawa),Dire Dawa,9.60626922,42.00302692
2675, Addis Ababa > Region 14 > Yeka,Addis Ababa,8.980483,38.78553835
2676, SNNP > Gamo > Arba Minch Town,SNNP,6.4654693,36.80636061
2677, SNNP > Gedeo > Gedeb Town,SNNP,6.4654693,36.80636061
2563, Oromia > West Hararge > Chiro Town,Oromia,7.50805539,38.76512402
2678, Somali > Nogob > Dihun,Somali,6.92946999,43.32903576
2602, Amhara > South Wello > Dessie City Adm.,Amhara,11.56495271,38.04353749
2426, Somali > Fafan > Jigjiga City,Somali,6.92946999,43.32903576
2679, SNNP > Sidama > Hawasa Town,SNNP,6.4654693,36.80636061
2680, Oromia > Bale > Robe Town,Oromia,7.50805539,38.76512402
2489, Somali > Doolo > Warder,Somali,6.92946999,43.32903576
2681, Somali > Jarar > Degahabur City,Somali,6.92946999,43.32903576
2682, Addis Ababa > Region 14 > Nefas Silk,Addis Ababa,8.980483,38.78553835
2683, Benishangul Gumuz > Metekel > Pawe,Benishangul Gumuz,10.50292407,35.44030741
2369, Somali > Shabelle > Gode,Somali,6.92946999,43.32903576
2684, Amhara > West Gojam > Bahirdar Zuria,Amhara,11.56495271,38.04353749
2519, Oromia > West Guji > Bule Hora Town,Oromia,7.50805539,38.76512402
2582, Somali > Korahe > Kebridehar,Somali,6.92946999,43.32903576
2685, Addis Ababa > Region 14 > Bole,Addis Ababa,8.980483,38.78553835
2478, Somali > Erer > Fik,Somali,6.92946999,43.32903576
2686, Oromia > Guji > Negele /Town/,Oromia,7.50805539,38.76512402
2687, Addis Ababa > Region 14 > Lideta,Addis Ababa,8.980483,38.78553835
2688, Addis Ababa > Region 14 > Gulele,Addis Ababa,8.980483,38.78553835
2689, Addis Ababa > Region 14 > Kolfe - Keran,Addis Ababa,8.980483,38.78553835
2560, Oromia > West Wellega > Gimbi Town,Oromia,7.50805539,38.76512402
2424, Somali > Shabelle > East Imi,Somali,6.92946999,43.32903576
2535, Somali > Daawa > Mubarek,Somali,6.92946999,43.32903576
2537, Somali > Korahe > Shilabo,Somali,6.92946999,43.32903576
2583, Somali > Shabelle > Mustahil,Somali,6.92946999,43.32903576
2690, Somali > Shabelle > Ferfer,Somali,6.92946999,43.32903576
2399, Somali > Shabelle > Kelafo,Somali,6.92946999,43.32903576
2691, Somali > Korahe > Goglo,Somali,6.92946999,43.32903576
2435, Somali > Fafan > Tuliguled,Somali,6.92946999,43.32903576
2692, Somali > Afder > Charati,Somali,6.92946999,43.32903576
2370, Somali > Shabelle > Adadle,Somali,6.92946999,43.32903576
2693, Somali > Korahe > Higloley,Somali,6.92946999,43.32903576
2410, Oromia > East Hararge > Jarso (East Hararghe),Oromia,7.50805539,38.76512402
2502, Afar > Zone 1 (Awsi Rasu) > Adaa'r,Afar,12.03628232,40.77273098
2503, Afar > Zone 3 (Gabi Rasu) > Gewane,Afar,12.03628232,40.77273098
2425, Oromia > West Hararge > Chiro Zuria,Oromia,7.50805539,38.76512402
2358, Oromia > West Hararge > Doba,Oromia,7.50805539,38.76512402
2427, Oromia > East Hararge > Fedis,Oromia,7.50805539,38.76512402
2559, SNNP > Gedeo > Yirgachefe Town,SNNP,6.4654693,36.80636061
2392, SNNP > Gedeo > Yirgachefe,SNNP,6.4654693,36.80636061
2408, Oromia > West Guji > Kercha,Oromia,7.50805539,38.76512402
2393, Oromia > East Wellega > Guto Gida,Oromia,7.50805539,38.76512402
2470, Tigray > North Western > Tselemti,Tigray,13.77711621,38.43867503
2381, Oromia > West Guji > Birbirsa Kojowa,Oromia,7.50805539,38.76512402
2475, Oromia > West Hararge > Anchar,Oromia,7.50805539,38.76512402
2476, Oromia > West Hararge > Boke,Oromia,7.50805539,38.76512402
2549, Afar > Zone 1 (Awsi Rasu) > Chifra,Afar,12.03628232,40.77273098
2380, Oromia > West Guji > Bule Hora,Oromia,7.50805539,38.76512402
2694, Afar > Zone 4 (Fantana Rasu) > Teru,Afar,12.03628232,40.77273098
2407, Oromia > West Guji > Hambela Wamena,Oromia,7.50805539,38.76512402
2695, SNNP > Gedeo > Gedeb,SNNP,6.4654693,36.80636061
2419, Oromia > East Hararge > Gursum (Oromia),Oromia,7.50805539,38.76512402
2513, Oromia > East Hararge > Golo Oda,Oromia,7.50805539,38.76512402
2409, Oromia > East Hararge > Babile (Oromia),Oromia,7.50805539,38.76512402
2357, Oromia > West Hararge > Mieso,Oromia,7.50805539,38.76512402
2482, Oromia > West Hararge > Gumbi Bordede,Oromia,7.50805539,38.76512402
2494, Oromia > East Hararge > Goro Gutu,Oromia,7.50805539,38.76512402
2696, Dire Dawa,Dire Dawa,9.60626922,42.00302692
2575, Gambela,Gambela,7.68382482,34.3367695
2581, SNNP,SNNP,6.4654693,36.80636061
2697, Benishangul Gumuz,Benishangul Gumuz,10.50292407,35.44030741
2580, Somali,Somali,6.92946999,43.32903576
2698, Harari,Harari,9.28966002,42.17252587
2372, Oromia,Oromia,7.50805539,38.76512402
2350, Afar > Zone 2 (Kilbet Rasu) > Bidu,Afar,12.03628232,40.77273098
2438, Amhara > North Gondar > Telemt,Amhara,11.56495271,38.04353749
2452, Oromia > West Hararge > Burqua Dhintu,Oromia,7.50805539,38.76512402
2453, Oromia > West Hararge > Goba Koricha,Oromia,7.50805539,38.76512402
2699, Somali > Korahe > Debeweyin,Somali,6.92946999,43.32903576
2423, Oromia > West Guji > Suro Berguda,Oromia,7.50805539,38.76512402
2379, Oromia > West Guji > Abaya,Oromia,7.50805539,38.76512402
2571, Somali > Korahe > Kebridehar City,Somali,6.92946999,43.32903576
2558, Oromia > West Hararge > Habro,Oromia,7.50805539,38.76512402
2368, Somali > Afder > Hargele,Somali,6.92946999,43.32903576
2570, Oromia > East Hararge > Haromaya Town,Oromia,7.50805539,38.76512402
2700, Oromia > East Shewa > Adama,Oromia,7.50805539,38.76512402
2572, Somali > Shabelle > Godey City,Somali,6.92946999,43.32903576
2396, Oromia > Bale > Lege Hida,Oromia,7.50805539,38.76512402
2403, Oromia > West Wellega > Mana Sibu,Oromia,7.50805539,38.76512402
2517, Oromia > Borena > Wachile,Oromia,7.50805539,38.76512402
2391, Oromia > Borena > Guchi,Oromia,7.50805539,38.76512402
2416, Oromia > West Guji > Gelana (West Guji),Oromia,7.50805539,38.76512402
2701, Benishangul Gumuz > Kemashi > Sodal/Sirba Abay,Benishangul Gumuz,10.50292407,35.44030741
2530, Somali > Fafan > Goljano,Somali,6.92946999,43.32903576
2556, Oromia > East Hararge > Goro Muti,Oromia,7.50805539,38.76512402
2441, Oromia > East Hararge > Melka Balo,Oromia,7.50805539,38.76512402
2500, Oromia > West Arsi > Shala,Oromia,7.50805539,38.76512402
2501, Oromia > Bale > Meda Welabu,Oromia,7.50805539,38.76512402
2495, Oromia > Bale > Harena Buluk,Oromia,7.50805539,38.76512402
2496, Oromia > Bale > Mena (Bale),Oromia,7.50805539,38.76512402
2487, Oromia > East Hararge > Deder,Oromia,7.50805539,38.76512402
2527, Oromia > Borena > Miyo,Oromia,7.50805539,38.76512402
2447, Oromia > East Hararge > Girawa,Oromia,7.50805539,38.76512402
2446, Oromia > East Hararge > Bedeno,Oromia,7.50805539,38.76512402
2436, Somali > Fafan > Gursum (Somali),Somali,6.92946999,43.32903576
2506, Somali > Shabelle > Danan,Somali,6.92946999,43.32903576
2551, Somali > Afder > Barey,Somali,6.92946999,43.32903576
2457, Somali > Liban > Goro Baqaqsa,Somali,6.92946999,43.32903576
2458, Somali > Afder > Elkare/Serer,Somali,6.92946999,43.32903576
2702, Oromia > West Hararge > Tulo (Oromia),Oromia,7.50805539,38.76512402
2539, Amhara > Central Gondar > Lay Armacho,Amhara,11.56495271,38.04353749
2536, Amhara > Central Gondar > Gonder Zuria,Amhara,11.56495271,38.04353749
2540, Oromia > Guji > Saba Boru,Oromia,7.50805539,38.76512402
2363, Oromia > Guji > Liben,Oromia,7.50805539,38.76512402
2422, Somali > Daawa > Hudet,Somali,6.92946999,43.32903576
2703, Afar > Zone 3 (Gabi Rasu) > Dulecha,Afar,12.03628232,40.77273098
2523, Amhara > Central Gondar,Amhara,11.56495271,38.04353749
2704, Tigray > Western,Tigray,13.77711621,38.43867503
2705, Oromia > West Hararge,Oromia,7.50805539,38.76512402
2706, Benishangul Gumuz > Kemashi,Benishangul Gumuz,10.50292407,35.44030741
2707, Dire Dawa > Dire Dawa urban,Dire Dawa,9.60626922,42.00302692
2521, Oromia > West Wellega,Oromia,7.50805539,38.76512402
2586, Oromia > East Hararge,Oromia,7.50805539,38.76512402
2520, Oromia > East Wellega,Oromia,7.50805539,38.76512402
2524, Somali > Fafan,Somali,6.92946999,43.32903576
2587, Somali > Siti,Somali,6.92946999,43.32903576
2708, Tigray > Southern,Tigray,13.77711621,38.43867503
2709, Somali > Liban,Somali,6.92946999,43.32903576
2710, Oromia > Guji,Oromia,7.50805539,38.76512402
2491, Dire Dawa > Dire Dawa urban > Sabian,Dire Dawa,9.60626922,42.00302692
2356, Oromia > West Hararge > Daro Lebu,Oromia,7.50805539,38.76512402
2385, Oromia > East Wellega > Haro Limu,Oromia,7.50805539,38.76512402
2401, Oromia > Bale > Seweyna,Oromia,7.50805539,38.76512402
2711, SNNP > South Omo > Male,SNNP,6.4654693,36.80636061
2712, SNNP > South Omo > Gelila / North Ari,SNNP,6.4654693,36.80636061
2569, Somali > Daawa > Qada Duma,Somali,6.92946999,43.32903576
2620, Somali > Afder > Kohle/Qoxle,Somali,6.92946999,43.32903576
2515, Oromia > Borena > Arero,Oromia,7.50805539,38.76512402
2713, Afar > Zone 4 (Fantana Rasu) > Awra,Afar,12.03628232,40.77273098
2714, Benishangul Gumuz > Metekel > Guba,Benishangul Gumuz,10.50292407,35.44030741
2715, Gambela > Nuwer > Makuey,Gambela,7.68382482,34.3367695
2716, Gambela > Nuwer > Wantawo,Gambela,7.68382482,34.3367695
2717, Gambela > Agnewak > Dima,Gambela,7.68382482,34.3367695
2718, Amhara > Central Gondar > East Belesa,Amhara,11.56495271,38.04353749
2719, Amhara > Central Gondar > West Belesa,Amhara,11.56495271,38.04353749
2720, Somali > Siti > Gablalu,Somali,6.92946999,43.32903576
2462, Amhara > North Gondar > Janamora,Amhara,11.56495271,38.04353749
2616, Tigray > Southern > Raya Azebo,Tigray,13.77711621,38.43867503
2599, Tigray > Central > Aheferom,Tigray,13.77711621,38.43867503
2721, Somali > Jarar > Gashamo,Somali,6.92946999,43.32903576
2722, Gambela > Nuwer > Lare,Gambela,7.68382482,34.3367695
2471, Oromia > West Hararge > Hawi Gudina,Oromia,7.50805539,38.76512402
2449, Afar > Zone 2 (Kilbet Rasu) > Megale,Afar,12.03628232,40.77273098
2451, Afar > Zone 2 (Kilbet Rasu) > Kunneba,Afar,12.03628232,40.77273098
2723, Amhara > South Gondar > Mena Meketewa,Amhara,11.56495271,38.04353749
2518, Amhara > South Gondar > Ebenat,Amhara,11.56495271,38.04353749
2724, SNNP > South Omo > Dasenech (Kuraz),SNNP,6.4654693,36.80636061
2725, SNNP > Alle > Alle Special,SNNP,6.4654693,36.80636061
2504, Afar > Zone 1 (Awsi Rasu) > Elidar,Afar,12.03628232,40.77273098
2726, Afar > Zone 3 (Gabi Rasu) > Gelealo,Afar,12.03628232,40.77273098
2727, Somali > Nogob > Garbo,Somali,6.92946999,43.32903576
2413, Oromia > West Wellega > Boji Dirmeji,Oromia,7.50805539,38.76512402
2376, Oromia > West Wellega > Nejo,Oromia,7.50805539,38.76512402
2728, Benishangul Gumuz > Mao Komo Special > Maokomo Special,Benishangul Gumuz,10.50292407,35.44030741
2498, Oromia > East Hararge > Meta,Oromia,7.50805539,38.76512402
2493, Oromia > East Hararge > Kersa (East Hararge),Oromia,7.50805539,38.76512402
2375, Oromia > West Wellega > Lalo Asabi,Oromia,7.50805539,38.76512402
2389, Oromia > East Wellega > Sasiga,Oromia,7.50805539,38.76512402
2402, Oromia > East Wellega > Gida Ayana,Oromia,7.50805539,38.76512402
2387, Oromia > West Wellega > Gimbi,Oromia,7.50805539,38.76512402
2729, Benishangul Gumuz > Metekel > Dangura,Benishangul Gumuz,10.50292407,35.44030741
2730, Benishangul Gumuz > Metekel > Mandura,Benishangul Gumuz,10.50292407,35.44030741
2731, Oromia > Buno Bedele > Dedesa,Oromia,7.50805539,38.76512402
2732, Afar > Zone 4 (Fantana Rasu) > Ewa,Afar,12.03628232,40.77273098
2733, Afar > Zone 1 (Awsi Rasu) > Afambo,Afar,12.03628232,40.77273098
2366, Oromia > Guji > Gumi Idalo,Oromia,7.50805539,38.76512402
2734, Amhara > Awi > Banja,Amhara,11.56495271,38.04353749
2735, Oromia > Bale > Dawe Serer,Oromia,7.50805539,38.76512402
2736, Afar > Kilbati /Zone2 > Afdera,Afar,12.03628232,40.77273098
2737, Afar > Fanti /Zone 4 > Euwa,Afar,12.03628232,40.77273098
2738, Amhara > Central Gondar > Gonder town,Amhara,11.56495271,38.04353749
2739, Amhara > South Wello > Dessie town,Amhara,11.56495271,38.04353749
2740, Amhara > North Gondar > Dabat,Amhara,11.56495271,38.04353749
2741, Amhara > South Wello > Kombolcha town,Amhara,11.56495271,38.04353749
2742, Amhara > North Gondar > Addi Arekay,Amhara,11.56495271,38.04353749
2743, Amhara > North Gondar > Dabat town,Amhara,11.56495271,38.04353749
2744, Amhara > Wag Hamra > Sekota town,Amhara,11.56495271,38.04353749
2745, Amhara > North Gondar > Debark,Amhara,11.56495271,38.04353749
2746, Tigray > Southern > Endamehoni,Tigray,13.77711683,38.43867474
2747, Amhara > South Wello > Ambasel,Amhara,11.56495271,38.04353749
2748, Tigray > Southern > Maichew town,Tigray,13.77711683,38.43867474
2749, Tigray > Southern > Raya Alamata,Tigray,13.77711683,38.43867474
2616, Tigray > Southern > Raya Azebo,Tigray,13.77711683,38.43867474
2750, Amhara > South Wello > Kalu,Amhara,11.56495271,38.04353749
2751, Amhara > South Wello > Thehulederie,Amhara,11.56495271,38.04353749
2752, Amhara > South Wello > Worebabu,Amhara,11.56495271,38.04353749
2753, Afar > Awsi /Zone 1 > Adar,Afar,12.03628232,40.77273098
2754, Afar > Fanti /Zone 4 > Awra (AF),Afar,12.03628232,40.77273098
2755, Afar > Awsi /Zone 1 > Chifra,Afar,12.03628232,40.77273098
2756, Afar > Awsi /Zone 1 > Elidar,Afar,12.03628232,40.77273098
2757, Afar > Awsi /Zone 1 > Mile,Afar,12.03628232,40.77273098
2758, Afar > Fanti /Zone 4 > Gulina,Afar,12.03628232,40.77273098
2759, Afar > Kilbati /Zone2 > Abaala,Afar,12.03628232,40.77273098
2760, Afar > Kilbati /Zone2 > Berahile,Afar,12.03628232,40.77273098
2761, Afar > Kilbati /Zone2 > Megale,Afar,12.03628232,40.77273098
2762, Afar > Kilbati /Zone2 > Erebti,Afar,12.03628232,40.77273098
2763, Afar > Awsi /Zone 1 > Kori,Afar,12.03628232,40.77273098
2764, Afar > Kilbati /Zone2 > Kunneba,Afar,12.03628232,40.77273098
2765, Amhara > North Shewa (AM) > Ataye town,Amhara,11.56495271,38.04353749
2766, Amhara > North Shewa (AM) > Eferatana Gidem,Amhara,11.56495271,38.04353749
2767, Afar > Fanti /Zone 4 > Teru,Afar,12.03628232,40.77273098
2768, Afar > Fanti /Zone 4 > Yalo,Afar,12.03628232,40.77273098
2769, Amhara > South Wello > Dessie Zuria,Amhara,11.56495271,38.04353749
2770, Tigray > Central > Adwa,Tigray,13.77711683,38.43867474
2771, Tigray > Mekelle > Mekelle,Tigray,13.77711683,38.43867474
2772, Tigray > North Western > Sheraro town,Tigray,13.77711683,38.43867474
2773, Amhara > South Wello > Kutaber,Amhara,11.56495271,38.04353749
2774, Amhara > North Wello > Mersa town,Amhara,11.56495271,38.04353749
2775, Tigray > Central > Abi Adi town,Tigray,13.77711683,38.43867474
2776, Tigray > North Western > Indasilassie town,Tigray,13.77711683,38.43867474
2777, Amhara > South Gondar > Debre Tabor town,Amhara,11.56495271,38.04353749
2778, Amhara > North Wello > Woldiya town,Amhara,11.56495271,38.04353749
2779, Amhara > North Wello > Lalibela town,Amhara,11.56495271,38.04353749
2780, Amhara > North Wello > Habru,Amhara,11.56495271,38.04353749
2781, Amhara > North Wello > Lasta,Amhara,11.56495271,38.04353749
2617, Amhara > Wag Hamra > Gaz Gibla,Amhara,11.56495271,38.04353749
2782, Afar > Kilbati /Zone2 > Dalol,Afar,12.03628232,40.77273098
2450, Amhara > Wag Hamra > Sahila,Amhara,11.56495271,38.04353749
2783, Tigray > Central > Rama,Tigray,13.77711683,38.43867474
2603, Tigray > Eastern > Ganta Afeshum,Tigray,13.77711683,38.43867474
2784, Amhara > South Gondar > Guna Begemider,Amhara,11.56495271,38.04353749
2785, Amhara > South Gondar > Lay Gayint,Amhara,11.56495271,38.04353749
2786, Amhara > Oromia > Jilye Tumuga,Amhara,11.56495271,38.04353749
2787, Amhara > Oromia > Artuma Fursi,Amhara,11.56495271,38.04353749
2609, Tigray > Eastern > Gulo Mekeda,Tigray,13.77711683,38.43867474
2788, Tigray > Eastern > Edaga Hamus town,Tigray,13.77711683,38.43867474
2789, Tigray > Eastern > Freweyni town,Tigray,13.77711683,38.43867474
2790, Tigray > Eastern > Tsaeda Emba,Tigray,13.77711683,38.43867474
2791, Tigray > South Eastern > Adigudom,Tigray,13.77711683,38.43867474
2792, Tigray > South Eastern > Hintalo,Tigray,13.77711683,38.43867474
2793, Tigray > Central > Endafelasi,Tigray,13.77711683,38.43867474
2794, Amhara > Wag Hamra > Abergele (AM),Amhara,11.56495271,38.04353749
2795, Amhara > Wag Hamra > Tsagbeji,Amhara,11.56495271,38.04353749
2796, Tigray > Central > Edaga arbi,Tigray,13.77711683,38.43867474
2543, Amhara > North Wello > Raya Kobo,Amhara,11.56495271,38.04353749
2630, Tigray > Central > Tahtay Mayechew,Tigray,13.77711683,38.43867474
2797, Amhara > North Wello > Guba Lafto,Amhara,11.56495271,38.04353749
2798, Tigray > North Western > Zana,Tigray,13.77711683,38.43867474
2799, Amhara > Central Gondar > Chilga 1,Amhara,11.56495271,38.04353749
2800, Tigray > Central > Abergele (TG),Tigray,13.77711683,38.43867474
2801, Tigray > Central > Keyhe tekli,Tigray,13.77711683,38.43867474
2802, Tigray > Southern > Bora (TG),Tigray,13.77711683,38.43867474
2803, Tigray > Southern > Selewa,Tigray,13.77711683,38.43867474
2804, Afar > Hari /Zone 5 > Hadelela,Afar,12.03628232,40.77273098
2805, Tigray > Southern > Neqsege,Tigray,13.77711683,38.43867474
2806, Tigray > Central > Naeder,Tigray,13.77711683,38.43867474
2807, Tigray > Southern > Zata,Tigray,13.77711683,38.43867474
2808, Tigray > Southern > Korem town,Tigray,13.77711683,38.43867474
2809, Afar > Kilbati /Zone2 > Abaala town,Afar,12.03628232,40.77273098
2810, Tigray > Central > Hahayle,Tigray,13.77711683,38.43867474
2811, Tigray > South Eastern > Enderta,Tigray,13.77711683,38.43867474
2812, Tigray > Central > Emba Sieneti,Tigray,13.77711683,38.43867474
2813, Tigray > Central > Egela,Tigray,13.77711683,38.43867474
2814, Tigray > Central > Ahsea,Tigray,13.77711683,38.43867474
2815, Afar > Hari /Zone 5 > Telalek,Afar,12.03628232,40.77273098
2816, Tigray > North Western > Asgede,Tigray,13.77711683,38.43867474
2594, Tigray > Eastern > Hawzen,Tigray,13.77711683,38.43867474
2817, Afar > Hari /Zone 5 > Dawe,Afar,12.03628232,40.77273098
2818, Amhara > North Shewa (AM) > Shoa Robit,Amhara,11.56495271,38.04353749
2608, Tigray > North Western > Tahtay Adiyabo,Tigray,13.77711683,38.43867474
2819, Tigray > North Western > Tahtay Koraro,Tigray,13.77711683,38.43867474
2820, Amhara > North Wello > Kobo town,Amhara,11.56495271,38.04353749
2821, Amhara > Central Gondar > Chilga 2,Amhara,11.56495271,38.04353749
2822, Tigray > North Western > Endabaguna town,Tigray,13.77711683,38.43867474
1878, Ethiopia > Amhara > North Wello > Raya Kobo,Amhara,11.56495271,38.04353749
2823, Tigray > Central > Axum town,Tigray,13.77711683,38.43867474
2607, Amhara > North Wello > Bugna,Amhara,11.56495271,38.04353749
2824, Amhara > South Wello > Were Ilu,Amhara,11.56495271,38.04353749
2825, Tigray > Central > Laelay Maychew,Tigray,13.77711683,38.43867474
2826, Tigray > North Western > Selekleka,Tigray,13.77711683,38.43867474
2827, Afar > Gabi /Zone 3 > Amibara,Afar,12.03628232,40.77273098
2828, Afar > Gabi /Zone 3 > Gewane,Afar,12.03628232,40.77273098
2829, Tigray > Central > Adet,Tigray,13.77711683,38.43867474
2830, Afar > Gabi /Zone 3 > Gelalu,Afar,12.03628232,40.77273098
2831, Afar > Gabi /Zone 3 > Hanruka,Afar,12.03628232,40.77273098
2832, Tigray > Central > Chila,Tigray,13.77711683,38.43867474
2833, Afar > Gabi /Zone 3 > Awash,Afar,12.03628232,40.77273098
2834, Tigray > South Eastern,Tigray,13.77711683,38.43867474
2835, Amhara > North Wello,Amhara,11.56495271,38.04353749
2836, Afar > Fanti /Zone 4,Afar,12.03628232,40.77273098
2837, Amhara > North Gondar,Amhara,11.56495271,38.04353749
2838, Afar > Kilbati /Zone2,Afar,12.03628232,40.77273098
2839, Tigray > Eastern,Tigray,13.77711683,38.43867474
2840, Tigray > North Western,Tigray,13.77711683,38.43867474
2841, Tigray > Central,Tigray,13.77711683,38.43867474
2842, Amhara > Wag Hamra,Amhara,11.56495271,38.04353749
2843, Tigray > Mekelle,Tigray,13.77711683,38.43867474
2708, Tigray > Southern,Tigray,13.77711683,38.43867474
2844, Amhara > North Shewa (AM) > Antsokiya,Amhara,11.56495271,38.04353749
2845, Tigray > Southern > Mekhoni town,Tigray,13.77711683,38.43867474
2846, Amhara > North Shewa (AM) > Kewet,Amhara,11.56495271,38.04353749
2847, Amhara > North Shewa (AM) > Debre Berhan town,Amhara,11.56495271,38.04353749
2848, Afar > Awsi /Zone 1 > Samera Logiya town,Afar,12.03628232,40.77273098
2849, Tigray > Southern > Chercher,Tigray,13.77711683,38.43867474
2611, Tigray > Southern > Ofla,Tigray,13.77711683,38.43867474
2606, Tigray > Central > Kola Temben,Tigray,13.77711683,38.43867474
2850, Afar > Awsi /Zone 1 > Dubti,Afar,12.03628232,40.77273098
2851, Afar > Gabi /Zone 3 > Dulecha,Afar,12.03628232,40.77273098
2852, SNNP > South Omo > Dasenech /Kuraz,SNNP,6.4523204,36.69125228
2853, SNNP > South Omo > Nyngatom,SNNP,6.4523204,36.69125228
2601, Tigray > Eastern > Kelete Awelallo,Tigray,13.77711683,38.43867474
2854, Amhara > South Wello > Delanta,Amhara,11.56495271,38.04353749
2855, Tigray > Eastern > Atsbi,Tigray,13.77711683,38.43867474
2856, Tigray > South Eastern > Samre,Tigray,13.77711683,38.43867474
2857, Amhara > South Gondar > Tach Gayint,Amhara,11.56495271,38.04353749
2858, Amhara > South Gondar > Farta,Amhara,11.56495271,38.04353749
2859, Amhara > South Gondar > Fogera,Amhara,11.56495271,38.04353749
2860, Amhara > South Gondar > Dera (AM),Amhara,11.56495271,38.04353749
2861, Amhara > South Gondar > East Esite,Amhara,11.56495271,38.04353749
2862, Amhara > North Wello > Meket,Amhara,11.56495271,38.04353749
2863, Amhara > South Gondar > Libokemekem,Amhara,11.56495271,38.04353749
2440, Amhara > North Gondar > Beyeda,Amhara,11.56495271,38.04353749
2864, Tigray > Southern > Emba Alaje,Tigray,13.77711683,38.43867474
2865, Tigray > South Eastern > Wajirat,Tigray,13.77711683,38.43867474
2361, Oromia > West Guji > Melka Soda,Oromia,7.50805539,38.76512402
2866, Oromia > Borena > Moyale (OR),Oromia,7.50805539,38.76512402
2568, Benishangul Gumz > Metekel > Guba,Benishangul Gumz,10.50292407,35.44030741
2867, Tigray > South Eastern > Degua Temben,Tigray,13.77711683,38.43867474
2394, Oromia > East Wellega > Diga,Oromia,7.50805539,38.76512402
2868, Tigray > Eastern > Adigrat town,Tigray,13.77711683,38.43867474
2869, Amhara > Awi > Chagni town,Amhara,11.56495271,38.04353749
2870, Oromia > East Wellega > Wayu Tuka,Oromia,7.50805539,38.76512402
2871, Oromia > West Hararge > Tulo (OR),Oromia,7.50805539,38.76512402
2872, SNNP > Amaro > Amaro,SNNP,6.4523204,36.69125228
2873, SNNP > Derashe > Derashe Special,SNNP,6.4523204,36.69125228
2874, SNNP > Konso > Segen Zuria,SNNP,6.4523204,36.69125228
2875, Somali > Fafan > Babile (SM),Somali,6.92946999,43.32903576
2876, Oromia > East Wellega > Sibu Sire,Oromia,7.50805539,38.76512402
2877, SNNP > Konso > Karat Zuria,SNNP,6.4523204,36.69125228
2430, Oromia > West Wellega > Kiltu Kara,Oromia,7.50805539,38.76512402
2878, Tigray > Eastern > Wukro town,Tigray,13.77711683,38.43867474
2879, Tigray > Central > Adwa town,Tigray,13.77711683,38.43867474
2880, Somali > Daawa > Moyale (SM),Somali,6.92946999,43.32903576
2881, Amhara > Awi > Guangua,Amhara,11.56495271,38.04353749
2882, Tigray > Eastern > Saesie,Tigray,13.77711683,38.43867474
2883, Tigray > South Eastern > Saharti,Tigray,13.77711683,38.43867474
2470, Tigray > North Western > Tselemti,Tigray,13.77711683,38.43867474
2599, Tigray > Central > Aheferom,Tigray,13.77711683,38.43867474
2884, Tigray > Southern > Alamata town,Tigray,13.77711683,38.43867474
2593, Tigray > Western > Kafta Humera,Tigray,13.77711683,38.43867474
2885, Amhara > North Shewa (AM) > Menze Gera Midir,Amhara,11.56495271,38.04353749
2886, Benishangul Gumz > Metekel > Pawe,Benishangul Gumz,10.50292407,35.44030741
2887, Benishangul Gumz > Metekel > Madira,Benishangul Gumz,10.50292407,35.44030741
2578, Benishangul Gumz,Benishangul Gumz,10.50292407,35.44030741
2888, Sidama,Sidama,6.66415957,38.54573866
2371, Tigray,Tigray,13.77711683,38.43867474
2581, SNNP,SNNP,6.4523204,36.69125228
2889, Oromia > Borena > Elwaya,Oromia,7.50805539,38.76512402
2445, Oromia > Borena > Dilo,Oromia,7.50805539,38.76512402
2529, Somali > Fafan > Harshin,Somali,6.92946999,43.32903576
2432, Somali > Fafan > Kebribeyah,Somali,6.92946999,43.32903576
2890, Tigray > Western > May Gaba,Tigray,13.77711683,38.43867474
2891, Tigray > Western > Dansha town,Tigray,13.77711683,38.43867474
2892, Afar > Kilbati /Zone2 > Bidu,Afar,12.03628232,40.77273098
2893, Tigray > Western > May Kadra,Tigray,13.77711683,38.43867474
2894, Tigray > Eastern > Bizet,Tigray,13.77711683,38.43867474
2895, Tigray > Western > Setit Humera,Tigray,13.77711683,38.43867474
2896, Afar > Awsi /Zone 1 > Afambo,Afar,12.03628232,40.77273098
2725, SNNP > Alle > Alle Special,SNNP,6.4523204,36.69125228
2897, Somali > Korahe > Bodaley,Somali,6.92946999,43.32903576
2898, Somali > Fafan > Koran /Mulla,Somali,6.92946999,43.32903576
2899, Somali > Shabelle > Aba-Korow,Somali,6.92946999,43.32903576
2900, Somali > Nogob > Horshagah,Somali,6.92946999,43.32903576
2901, Tigray > North Western > Dima (TG),Tigray,13.77711683,38.43867474
2902, Tigray > North Western > May Tsebri town,Tigray,13.77711683,38.43867474
2903, Gambela > Agnewak > Abobo,Gambela,7.68382482,34.3367695
2904, Gambela > Agnewak > Jore,Gambela,7.68382482,34.3367695
2905, Somali > Shabelle > Godey town,Somali,6.92946999,43.32903576
2906, Somali > Fafan > Jigjiga town,Somali,6.92946999,43.32903576
2907, SNNP > Konso > Karat town,SNNP,6.4523204,36.69125228
2908, Tigray > Eastern > Hawzen town,Tigray,13.77711683,38.43867474
2574, Benishangul Gumz > Metekel > Dangura,Benishangul Gumz,10.50292407,35.44030741
2429, Benishangul Gumz > Kemashi > Kamashi,Benishangul Gumz,10.50292407,35.44030741
2909, Benishangul Gumz > Kemashi > Mizyiga,Benishangul Gumz,10.50292407,35.44030741
2481, Oromia > West Wellega > Leta Sibu,Oromia,7.50805539,38.76512402
2910, Oromia > East Wellega > Nekemte town,Oromia,7.50805539,38.76512402
2911, Amhara > North Shewa (AM) > Gishe Rabel,Amhara,11.56495271,38.04353749
2912, Tigray > North Western > Tsimbla,Tigray,13.77711683,38.43867474
2552, Benishangul Gumz > Metekel > Debati,Benishangul Gumz,10.50292407,35.44030741
2553, Benishangul Gumz > Metekel > Wenbera,Benishangul Gumz,10.50292407,35.44030741
2913, SNNP > Konso > Kena,SNNP,6.4523204,36.69125228
2914, Amhara > Central Gondar > West Dembiya,Amhara,11.56495271,38.04353749
2915, Amhara > Central Gondar > East Dembia,Amhara,11.56495271,38.04353749
2916, Oromia > Borena > Teltale,Oromia,7.50805539,38.76512402
2917, Tigray > Western > Awra (TG),Tigray,13.77711683,38.43867474
2628, Tigray > Western > Welkait,Tigray,13.77711683,38.43867474
2918, Tigray > Western > Korarit,Tigray,13.77711683,38.43867474
2919, Tigray > Western > Tsegede (TG),Tigray,13.77711683,38.43867474
2920, Amhara > South Wello > Jama,Amhara,11.56495271,38.04353749
2921, Oromia > North Shewa (OR) > Kuyu,Oromia,7.50805539,38.76512402
2922, Oromia > North Shewa (OR) > Wara Jarso,Oromia,7.50805539,38.76512402
2923, Dire Dawa > Dire Dawa urban > Addis Ketema (DD),Dire Dawa,9.60626922,42.00302692
2924, Benishangul Gumz > Kemashi > Sedal,Benishangul Gumz,10.50292407,35.44030741
2925, Oromia > East Wellega > Kiremu,Oromia,7.50805539,38.76512402
2926, Oromia > West Wellega > Guliso,Oromia,7.50805539,38.76512402
2927, Oromia > East Bale > Dawe Ketchen,Oromia,7.50805539,38.76512402
2928, Oromia > East Bale > Seweyna,Oromia,7.50805539,38.76512402
2929, Oromia > East Bale > Rayitu,Oromia,7.50805539,38.76512402
2930, Oromia > Borena > Dire,Oromia,7.50805539,38.76512402
2442, Oromia > Borena > Dhas,Oromia,7.50805539,38.76512402
2931, Somali > Nogob > Hararey,Somali,6.92946999,43.32903576
2932, Oromia > Bale > Goro (Bale),Oromia,7.50805539,38.76512402
2933, Oromia > Borena > Dubluk,Oromia,7.50805539,38.76512402
2395, Oromia > Bale > Gura Damole,Oromia,7.50805539,38.76512402
2934, Oromia > East Bale > Ginir,Oromia,7.50805539,38.76512402
2935, Benishangul Gumz > Metekel > Bulen,Benishangul Gumz,10.50292407,35.44030741
2936, Benishangul Gumz > Asosa > Sherkole,Benishangul Gumz,10.50292407,35.44030741
2485, Benishangul Gumz > Asosa > Assosa,Benishangul Gumz,10.50292407,35.44030741
2937, Somali > Nogob > Sagag,Somali,6.92946999,43.32903576
2938, Dire Dawa > Dire Dawa rural > Aseliso,Dire Dawa,9.60626922,42.00302692
2939, Sidama > Sidama > Aleta Chuko,Sidama,6.66415957,38.54573866
2940, Amhara > Awi > Ankasha,Amhara,11.56495271,38.04353749
2941, Oromia > Arsi > Amigna,Oromia,7.50805539,38.76512402
2942, Oromia > West Wellega > Begi,Oromia,7.50805539,38.76512402
2943, Oromia > West Wellega > Gudetu Kondole,Oromia,7.50805539,38.76512402
2944, Oromia > West Wellega > Babo,Oromia,7.50805539,38.76512402
2945, Benishangul Gumz > Asosa > Bambasi,Benishangul Gumz,10.50292407,35.44030741
2946, Benishangul Gumz > Asosa > Bilidigilu,Benishangul Gumz,10.50292407,35.44030741
2947, Oromia > Borena > Yabelo town,Oromia,7.50805539,38.76512402
2948, Oromia > East Bale > Gololcha Bale,Oromia,7.50805539,38.76512402
2949, Oromia > East Bale > Lege Hida,Oromia,7.50805539,38.76512402
2950, Somali > Nogob > Elwayne,Somali,6.92946999,43.32903576
2359, Oromia > West Guji > Dugda Dawa,Oromia,7.50805539,38.76512402
2951, Oromia > East Wellega > Ibantu,Oromia,7.50805539,38.76512402
2538, Somali > Fafan > Haroreys,Somali,6.92946999,43.32903576
2433, Somali > Jarar > Degehabur,Somali,6.92946999,43.32903576
2952, Gambela > Agnewak > Dima (GM),Gambela,7.68382482,34.3367695
2953, Somali > Fafan > Gursum (SM),Somali,6.92946999,43.32903576
2954, Oromia > East Wellega > Leka Dulecha,Oromia,7.50805539,38.76512402
2367, Oromia > Guji > Wadera,Oromia,7.50805539,38.76512402
2544, Oromia > Guji > Aga Wayu,Oromia,7.50805539,38.76512402
2955, Oromia > Guji > Negele town,Oromia,7.50805539,38.76512402
2471, Oromia > West Hararge > Hawi Gudina,Oromia,7.52471684,40.76594682
2452, Oromia > West Hararge > Burqua Dhintu,Oromia,7.52471684,40.76594682
2415, Oromia > East Hararge > Meyu Muleke,Oromia,7.52471684,40.76594682
2514, Oromia > East Hararge > Midhaga Tola,Oromia,7.52471684,40.76594682
2956, SNNP > Gofa > Zala,SNNP,5.92715271,37.23485443
2957, SNNP > Gofa > Uba Debre Tsehay,SNNP,5.92715271,37.23485443
2423, Oromia > West Guji > Suro Berguda,Oromia,7.52471684,40.76594682
2359, Oromia > West Guji > Dugda Dawa,Oromia,7.52471684,40.76594682
2872, SNNP > Amaro > Amaro,SNNP,5.92715271,37.23485443
2725, SNNP > Alle > Alle Special,SNNP,5.92715271,37.23485443
2877, SNNP > Konso > Karat Zuria,SNNP,5.92715271,37.23485443
2647, SNNP > South Omo > Bena Tsemay,SNNP,5.92715271,37.23485443
2958, SNNP > South Omo > Malie,SNNP,5.92715271,37.23485443
2852, SNNP > South Omo > Dasenech /Kuraz,SNNP,5.92715271,37.23485443
2646, SNNP > South Omo > Hamer,SNNP,5.92715271,37.23485443
2959, SNNP > South Omo > Salamago,SNNP,5.92715271,37.23485443
2853, SNNP > South Omo > Nyngatom,SNNP,5.92715271,37.23485443
2874, SNNP > Konso > Segen Zuria,SNNP,5.92715271,37.23485443
2929, Oromia > East Bale > Rayitu,Oromia,7.52471684,40.76594682
2960, Oromia > East Bale > Dawe Serer,Oromia,7.52471684,40.76594682
2949, Oromia > East Bale > Lege Hida,Oromia,7.52471684,40.76594682
2927, Oromia > East Bale > Dawe Ketchen,Oromia,7.52471684,40.76594682
2928, Oromia > East Bale > Seweyna,Oromia,7.52471684,40.76594682
2961, Amhara > Central Gondar > Gondar town,Amhara,11.56495272,38.04353749
2740, Amhara > North Gondar > Dabat,Amhara,11.56495272,38.04353749
2618, Amhara > Wag Hamra > Sekota,Amhara,11.56495272,38.04353749
2744, Amhara > Wag Hamra > Sekota town,Amhara,11.56495272,38.04353749
2820, Amhara > North Wello > Kobo town,Amhara,11.56495272,38.04353749
2751, Amhara > South Wello > Thehulederie,Amhara,11.56495272,38.04353749
2962, Amhara > South Wello > Borena /Debresina,Amhara,11.56495272,38.04353749
2619, Amhara > Wag Hamra > Zequala,Amhara,11.56495272,38.04353749
2780, Amhara > North Wello > Habru,Amhara,11.56495272,38.04353749
2884, Tigray > Southern > Alamata town,Tigray,13.79437533,39.1047303
2543, Amhara > North Wello > Raya Kobo,Amhara,11.56495272,38.04353749
2865, Tigray > South Eastern > Wajirat,Tigray,13.79437533,39.1047303
2864, Tigray > Southern > Emba Alaje,Tigray,13.79437533,39.1047303
2611, Tigray > Southern > Ofla,Tigray,13.79437533,39.1047303
2849, Tigray > Southern > Chercher,Tigray,13.79437533,39.1047303
2800, Tigray > Central > Abergele (TG),Tigray,13.79437533,39.1047303
2796, Tigray > Central > Edaga arbi,Tigray,13.79437533,39.1047303
2882, Tigray > Eastern > Saesie,Tigray,13.79437533,39.1047303
2812, Tigray > Central > Emba Sieneti,Tigray,13.79437533,39.1047303
2856, Tigray > South Eastern > Samre,Tigray,13.79437533,39.1047303
2606, Tigray > Central > Kola Temben,Tigray,13.79437533,39.1047303
2749, Tigray > Southern > Raya Alamata,Tigray,13.79437533,39.1047303
2609, Tigray > Eastern > Gulo Mekeda,Tigray,13.79437533,39.1047303
2616, Tigray > Southern > Raya Azebo,Tigray,13.79437533,39.1047303
2883, Tigray > South Eastern > Saharti,Tigray,13.79437533,39.1047303
2594, Tigray > Eastern > Hawzen,Tigray,13.79437533,39.1047303
2792, Tigray > South Eastern > Hintalo,Tigray,13.79437533,39.1047303
2745, Amhara > North Gondar > Debark,Amhara,11.56495272,38.04353749
2742, Amhara > North Gondar > Addi Arekay,Amhara,11.56495272,38.04353749
2438, Amhara > North Gondar > Telemt,Amhara,11.56495272,38.04353749
2963, Somali > Afder > Elkare /Serer,Somali,6.92946999,43.32903576
2964, Somali > Afder > West Imi,Somali,6.92946999,43.32903576
1880, Ethiopia > Amhara > Wag Hamra > Sekota town,Amhara,11.56495272,38.04353749
2965, Ethiopia > Amhara > South Wello > Kutaber,Amhara,11.56495272,38.04353749
2966, Ethiopia > Amhara > North Wello > Hara town,Amhara,11.56495272,38.04353749
1878, Ethiopia > Amhara > North Wello > Raya Kobo,Amhara,11.56495272,38.04353749
2003, Ethiopia > Amhara > South Wello > Thehulederie,Amhara,11.56495272,38.04353749
2967, Ethiopia > Amhara > North Wello > Wadla,Amhara,11.56495272,38.04353749
2968, Ethiopia > Tigray > North Western > Tahtay Koraro,Tigray,13.79437533,39.1047303
2788, Tigray > Eastern > Edaga Hamus town,Tigray,13.79437533,39.1047303
2770, Tigray > Central > Adwa,Tigray,13.79437533,39.1047303
2771, Tigray > Mekelle > Mekelle,Tigray,13.79437533,39.1047303
2969, Ethiopia > Tigray > North Western > Seyemti Adyabo,Tigray,13.79437533,39.1047303
2789, Tigray > Eastern > Freweyni town,Tigray,13.79437533,39.1047303
2776, Tigray > North Western > Indasilassie town,Tigray,13.79437533,39.1047303
2878, Tigray > Eastern > Wukro town,Tigray,13.79437533,39.1047303
2970, Ethiopia > Tigray > North Western > Endabaguna town,Tigray,13.79437533,39.1047303
2868, Tigray > Eastern > Adigrat town,Tigray,13.79437533,39.1047303
2971, Ethiopia > Tigray > Mekelle > Mekelle,Tigray,13.79437533,39.1047303
2826, Tigray > North Western > Selekleka,Tigray,13.79437533,39.1047303
2748, Tigray > Southern > Maichew town,Tigray,13.79437533,39.1047303
2775, Tigray > Central > Abi Adi town,Tigray,13.79437533,39.1047303
2772, Tigray > North Western > Sheraro town,Tigray,13.79437533,39.1047303
2802, Tigray > Southern > Bora (TG),Tigray,13.79437533,39.1047303
2845, Tigray > Southern > Mekhoni town,Tigray,13.79437533,39.1047303
2816, Tigray > North Western > Asgede,Tigray,13.79437533,39.1047303
2819, Tigray > North Western > Tahtay Koraro,Tigray,13.79437533,39.1047303
2972, Ethiopia > Benishangul Gumz > Assosa > Assosa,Benishangul Gumz,10.50350367,35.44001494
2973, Ethiopia > South West Ethiopia > Kefa > Bonga town,South West Ethiopia,6.97703822,36.19193217
2974, Ethiopia > Dire Dawa > Dire Dawa urban > Addis Ketema (DD),Dire Dawa,9.58221411,41.88096401
2975, Ethiopia > Amhara > West Gojam > Bahir Dar town,Amhara,11.56495272,38.04353749
2976, Ethiopia > Gambela > Agnewak > Gambela town,Gambela,7.68382482,34.3367695
2977, Ethiopia > Sidama > Sidama > Hawasa town,Sidama,6.66415957,38.54573866
2978, Ethiopia > SNNP > Wolayita > Sodo Town,SNNP,5.92715271,37.23485443
2979, Ethiopia > Afar > Awsi /Zone 1 > Samera Logiya town,Afar,12.03628232,40.77273098
2980, Ethiopia > Oromia > East Shewa > Adama,Oromia,7.52471684,40.76594682
2981, Benishangul Gumz > Kamashi > Kamashi,Benishangul Gumz,10.50350367,35.44001494
2982, Benishangul Gumz > Assosa > Bilidigilu,Benishangul Gumz,10.50350367,35.44001494
2935, Benishangul Gumz > Metekel > Bulen,Benishangul Gumz,10.50350367,35.44001494
2983, Benishangul Gumz > Assosa > Bambasi,Benishangul Gumz,10.50350367,35.44001494
2984, Benishangul Gumz > Metekel > Dibate,Benishangul Gumz,10.50350367,35.44001494
2985, Ethiopia > Oromia > Guji > Liben,Oromia,7.52471684,40.76594682
2986, Ethiopia > Oromia > West Guji > Melka Soda,Oromia,7.52471684,40.76594682
2987, Ethiopia > Oromia > Guji > Gumi Idalo,Oromia,7.52471684,40.76594682
2988, Ethiopia > Oromia > West Shewa > Adda Berga,Oromia,7.52471684,40.76594682
2989, Ethiopia > Oromia > North Shewa (OR) > Hidabu Abote,Oromia,7.52471684,40.76594682
2990, Ethiopia > Oromia > West Shewa > Illu Galan,Oromia,7.52471684,40.76594682
2866, Oromia > Borena > Moyale (OR),Oromia,7.52471684,40.76594682
2991, Oromia > Horo Gudru Wellega > Amuru,Oromia,7.52471684,40.76594682
2992, Oromia > Horo Gudru Wellega > Jarte Jardega,Oromia,7.52471684,40.76594682
2540, Oromia > Guji > Saba Boru,Oromia,7.52471684,40.76594682
2367, Oromia > Guji > Wadera,Oromia,7.52471684,40.76594682
2993, Oromia > West Shewa > Illu Galan,Oromia,7.52471684,40.76594682
2366, Oromia > Guji > Gumi Idalo,Oromia,7.52471684,40.76594682
2430, Oromia > West Wellega > Kiltu Kara,Oromia,7.52471684,40.76594682
2994, Oromia > West Shewa > Adda Berga,Oromia,7.52471684,40.76594682
2403, Oromia > West Wellega > Mana Sibu,Oromia,7.52471684,40.76594682
2376, Oromia > West Wellega > Nejo,Oromia,7.52471684,40.76594682
2402, Oromia > East Wellega > Gida Ayana,Oromia,7.52471684,40.76594682
2925, Oromia > East Wellega > Kiremu,Oromia,7.52471684,40.76594682
2361, Oromia > West Guji > Melka Soda,Oromia,7.52471684,40.76594682
2584, Oromia > East Hararge > Kumbi,Oromia,7.52471684,40.76594682
2995, Ethiopia > Benishangul Gumz > Metekel > Bulen,Benishangul Gumz,10.50350367,35.44001494
2996, Ethiopia > Benishangul Gumz > Metekel > Guba,Benishangul Gumz,10.50350367,35.44001494
2847, Amhara > North Shewa (AM) > Debre Berhan town,Amhara,11.56495272,38.04353749
2997, Ethiopia > Oromia > Horo Gudru Wellega > Shambu town,Oromia,7.52471684,40.76594682
2998, Benishangul Gumz > Metekel > Wembera,Benishangul Gumz,10.50350367,35.44001494
2999, Ethiopia > Oromia,Oromia,7.52471684,40.76594682
3000, Benishangul Gumz > Metekel > Dangur,Benishangul Gumz,10.50350367,35.44001494
2573, Benishangul Gumz > Metekel > Mandura,Benishangul Gumz,10.50350367,35.44001494
3001, Ethiopia > Oromia > West Shewa,Oromia,7.52471684,40.76594682
3002, Ethiopia > Afar > Gabi /Zone 3 > Awash,Afar,12.03628232,40.77273098
3003, Ethiopia > Afar > Awsi /Zone 1 > Gerani,Afar,12.03628232,40.77273098
3004, Ethiopia > Afar > Awsi /Zone 1 > Afambo,Afar,12.03628232,40.77273098
3005, Ethiopia > Afar > Awsi /Zone 1 > Mile,Afar,12.03628232,40.77273098
3006, Ethiopia > Afar > Awsi /Zone 1 > Kori,Afar,12.03628232,40.77273098
3007, Ethiopia > Afar > Gabi /Zone 3 > Awash town,Afar,12.03628232,40.77273098
1973, Ethiopia > Afar > Awsi /Zone 1 > Asayita,Afar,12.03628232,40.77273098
3008, Haiti > GRANDE ANSE > Jeremie,GRANDE ANSE,18.50677882,-74.13167443
3009, Haiti > GRANDE ANSE > Roseaux,GRANDE ANSE,18.50677882,-74.13167443
3010, Haiti > GRANDE ANSE > Chambellan,GRANDE ANSE,18.50677882,-74.13167443
3011, Haiti > GRANDE ANSE > Corail,GRANDE ANSE,18.50677882,-74.13167443
3012, Haiti > GRANDE ANSE > Abricots,GRANDE ANSE,18.50677882,-74.13167443
3013, Haiti > OUEST > Port-au-Prince,OUEST,18.57927007,-72.4276818
3014, Haiti > GRANDE ANSE > Beaumont,GRANDE ANSE,18.50677882,-74.13167443
3015, Haiti > GRANDE ANSE > Pestel,GRANDE ANSE,18.50677882,-74.13167443
3016, Haiti > GRANDE ANSE > Dame-Marie,GRANDE ANSE,18.50677882,-74.13167443
3017, Haiti > GRANDE ANSE > Anse-d'Hainault,GRANDE ANSE,18.50677882,-74.13167443
3018, Haiti > GRANDE ANSE > Les Irois,GRANDE ANSE,18.50677882,-74.13167443
3019, Haiti > GRANDE ANSE > Moron,GRANDE ANSE,18.50677882,-74.13167443
3020,Nineveh,Nineveh,36.3594,43.1528
3021,Al Anbar,Al Anbar,32.9,41.6
3022,Salah Al-Din -> Al Shirqat,Salah Al-Din,34.45,43.5833
3023,Salah Al-Din -> Tikrit,Salah Al-Din,34.45,43.5833
3024,Kirkuk -> Kirkuk,Kirkuk,35.4667,44.3167
3025,Salah Al-Din -> Tikrit -> Al Alam,Salah Al-Din,34.45,43.5833
3026,Kirkuk -> Al Hawiga,Kirkuk,35.4667,44.3167
3027,Salah Al-Din,Salah Al-Din,34.45,43.5833
3028,Kirkuk,Kirkuk,35.4667,44.3167
3029,Erbil,Erbil,36.1911,44.0092
3030,Salah Al-Din -> Al Shirqat -> Markaz Al Shirqat,Salah Al-Din,34.45,43.5833
3031,Kirkuk -> Al Hawiga -> Al Hawija,Kirkuk,35.4667,44.3167
3032,Nineveh -> Al Mosul,Nineveh,36.3594,43.1528
3033,Kirkuk -> Kirkuk -> Markaz Kirkuk,Kirkuk,35.4667,44.3167
3034,Kirkuk -> Dibis -> Markaz Dibis,Kirkuk,35.4667,44.3167
3035,Diyala -> Al Khalis -> Al Atheem,Diyala,33.8833,45.0667
3036,Kirkuk -> Kirkuk -> Laylan (Qara Hasan),Kirkuk,35.4667,44.3167
3037,Al Anbar -> Ana,Al Anbar,32.9,41.6
3038,Al Anbar -> Al Qa'em,Al Anbar,32.9,41.6
3039,Al Anbar -> Haditha,Al Anbar,32.9,41.6
3040,Nineveh -> Al Hamdaniya -> Al Namroud,Nineveh,36.3594,43.1528
3041,Salah Al-Din -> Baiji,Salah Al-Din,34.45,43.5833
3042,Nineveh -> Al Mosul -> Al Qayara,Nineveh,36.3594,43.1528
3043,Erbil -> Erbil,Erbil,36.1911,44.0092
3044,Nineveh -> Tal Afar -> Markaz Tal Afar,Nineveh,36.3594,43.1528
3045,Baghdad,Baghdad,33.291026,44.467142
3046,Nineveh -> Tilkaef -> Markaz Tilkaef,Nineveh,36.3594,43.1528
3047,Nineveh -> Al Mosul -> Baashiqa,Nineveh,36.3594,43.1528
3048,Nineveh -> Al Hamdaniya -> Markaz Al Hamdaniya,Nineveh,36.3594,43.1528
3049,Al Anbar -> Al Falluia,Al Anbar,32.9,41.6
3050,Nineveh -> Al Mosul -> Hamam al Aleem,Nineveh,36.3594,43.1528
3051,Nineveh -> Tilkaef,Nineveh,36.3594,43.1528
3052,Al Anbar -> Al Falluia -> Markaz Al Falluja,Al Anbar,32.9,41.6
3053,Salah Al-Din -> Baiji -> Markaz Baiji,Salah Al-Din,34.45,43.5833
3054,Kirkuk -> Al Hawiga -> Al Abassy,Kirkuk,35.4667,44.3167
3055,Dahuk,Dahuk,36.867391,42.998858
3056,Al Anbar -> Al Falluja -> Al Amirya,Al Anbar,32.9,41.6
3057,Nineveh -> Al Ba'aj -> Markaz Al Ba'aj,Nineveh,36.3594,43.1528
3058,Nineveh -> Tal Afar,Nineveh,36.3594,43.1528
3059,Kirkuk -> Daquq,Kirkuk,35.4667,44.3167
3060,Al Sulaymaniyah,Al Sulaymaniyah,35.549701,45.444317
3061,Diyala,Diyala,33.8833,45.0667
3062,Al Anbar -> Heet,Al Anbar,32.9,41.6
3063,Diyala -> Al Khalis -> Al Mansouriyah,Diyala,33.8833,45.0667
3064,Diyala -> Al Muqdadiya,Diyala,33.8833,45.0667
3065,Al Anbar -> Heet -> Kubaisa,Al Anbar,32.9,41.6
3066,Al Anbar -> Heet -> Al Baghdady,Al Anbar,32.9,41.6
3067,Al Anbar -> Haditha -> Al Haqlaniya,Al Anbar,32.9,41.6
3068,Al Anbar -> Haditha -> Barwana,Al Anbar,32.9,41.6
3069,Al Anbar -> Heet -> Markaz Heet,Al Anbar,32.9,41.6
3070,Al Anbar -> Al Ramadi,Al Anbar,32.9,41.6
3071,Nineveh -> Al Hamdaniya,Nineveh,36.3594,43.1528
3072,Nineveh -> Akre -> Markaz Akre,Nineveh,36.3594,43.1528
3073,Erbil -> Erbil -> Markaz Erbil Centre,Erbil,36.1911,44.0092
3074,Nineveh -> Sheikhan -> Markaz Sheikhan,Nineveh,36.3594,43.1528
3075,Al Anbar -> Al Ka'im -> Al Obiadi,Al Anbar,32.9,41.6
3076,Al Anbar -> Ana -> Rawa,Al Anbar,32.9,41.6
3077,Al Sulaymaniyah -> Al Sulaymaniya,Al Sulaymaniyah,35.549701,45.444317
3078,Al Sulaymaniyah -> Kalar,Al Sulaymaniyah,35.549701,45.444317
3079,Nineveh -> Al Hamdaniya -> Bartalla,Nineveh,36.3594,43.1528
3080,Nineveh -> Tal Afar -> Zummar,Nineveh,36.3594,43.1528
3081,Al Anbar -> Al Rutba,Al Anbar,32.9,41.6
3082,Al Anbar -> Al Falluja,Al Anbar,32.9,41.6
3083,Al Anbar -> Al Rutba -> Markaz Al Rutba,Al Anbar,32.9,41.6
3084,Salah Al-Din -> Al Daur -> Hamreen,Salah Al-Din,34.45,43.5833
3085,Al Anbar -> Al Ramadi -> Markaz Al Ramadi,Al Anbar,32.9,41.6
3086,Al Anbar -> Al Ramadi -> Al Rahhaliya,Al Anbar,32.9,41.6
3087,Nineveh -> Tilkaef -> Al Qosh,Nineveh,36.3594,43.1528
3088,Thi-Qar,Thi-Qar,31.2333,46.3167
3089,Maysan,Maysan,31.9,47.0333
3090,Al Muthanna,Al Muthanna,36.376146,43.169364
3091,Al Qadissiya,Al Qadissiya,31.85,45.05
3092,Baghdad -> Al Karkh,Baghdad,33.291026,44.467142
3093,Wasit,Wasit,32.2333,46.3
3094,Al Basrah,Al Basrah,30.50166,47.81529
3095,Baghdad -> Al Resafa,Baghdad,33.291026,44.467142
3096,Al Anbar -> Al Ka'im,Al Anbar,32.9,41.6
3097,Salah Al-Din -> Balad,Salah Al-Din,34.45,43.5833
3098,An Najaf,An Najaf,32.002418,44.331207
3099,Kerbala,Kerbala,32.6167,44.0333
3100,Babil,Babil,32.496352,44.457801
3101,Kirkuk -> Al Hawiga -> Al Zab,Kirkuk,35.4667,44.3167
3102,Kirkuk -> Daquq -> Markaz Daquq,Kirkuk,35.4667,44.3167
3103,Kirkuk -> Al Hawiga -> Al Riyad,Kirkuk,35.4667,44.3167
3104,Nineveh -> Sinjar,Nineveh,36.3594,43.1528
3105,Nineveh -> Sinjar -> Markaz Sinjar,Nineveh,36.3594,43.1528
3106,Dahuk -> Sumel -> Markaz Sumel,Dahuk,36.867391,42.998858
3107,Al Anbar -> Ana -> Markaz Ana,Al Anbar,32.9,41.6
3108,Dahuk -> Zakho,Dahuk,36.867391,42.998858
3109,Al Anbar -> Al Qa'em -> Al Rummaneh,Al Anbar,32.9,41.6
3110,Diyala -> Khanaqin,Diyala,33.8833,45.0667
3111,Nineveh -> Sinjar -> Al Shamal,Nineveh,36.3594,43.1528
3112,Salah Al-Din -> Tuz,Salah Al-Din,34.45,43.5833
3113,Baghdad -> Al Kadhmiyah -> Abu Ghraib,Baghdad,33.291026,44.467142
3114,Diyala -> Ba'quba,Diyala,33.8833,45.0667
3115,Nineveh -> Al Ba'aj,Nineveh,36.3594,43.1528
3116,Salah Al-Din -> Balad -> Al Duloeyah,Salah Al-Din,34.45,43.5833
3117,Salah Al-Din -> Balad -> Yathreb,Salah Al-Din,34.45,43.5833
3118,Salah Al-Din -> Baiji -> MakkHoul,Salah Al-Din,34.45,43.5833
3119,Dahuk -> Dahuk -> Markaz Dahuk,Dahuk,36.867391,42.998858
3120,Al Sulaymaniyah -> Al Sulaymaniya -> Qaradagh,Al Sulaymaniyah,35.549701,45.444317
3121, Al Sulaymaniyah,Al Sulaymaniyah,35.549701,45.444317
3122, Erbil,Erbil,36.1911,44.0092
3123, Dahuk,Dahuk,36.867391,42.998858
3124, Nineveh,Nineveh,36.3594,43.1528
3125, Erbil > Erbil > Markaz Erbil Centre,Erbil,36.1911,44.0092
3126, Baghdad > Al Karkh > Al Mansour,Baghdad,33.291026,44.467142
3127,Salah Al-Din -> Samarra -> Dijla,Salah Al-Din,34.45,43.5833
3128,Kirkuk -> Kirkuk -> Al Multaqa,Kirkuk,35.4667,44.3167
3129,Salah Al-Din -> Tikrit -> Um Al Qura,Salah Al-Din,34.45,43.5833
3130,Salah Al-Din -> Samarra -> Markaz Samera'a,Salah Al-Din,34.45,43.5833
3131,Diyala -> Al Khalis,Diyala,33.8833,45.0667
3132,Nineveh -> Tilkaef -> Wanna,Nineveh,36.3594,43.1528
3133,Nineveh -> Tal Afar -> Rubiya,Nineveh,36.3594,43.1528
3134,Diyala -> Khanaqin -> Jalula,Diyala,33.8833,45.0667
3135,Al Sulaymaniyah -> Al Sulaymaniya -> Bazyan,Al Sulaymaniyah,35.549701,45.444317
3136,Erbil -> Makhmour -> Dibaga,Erbil,36.1911,44.0092
3137,Dahuk -> Al Amedi,Dahuk,36.867391,42.998858
3138,Al Anbar -> Al Ramadi -> Al Habbaniya,Al Anbar,32.9,41.6
3139,Al Sulaymaniyah -> Darbandihkan -> Markaz Darbandihkan,Al Sulaymaniyah,35.549701,45.444317
3140,Nineveh -> Sheikhan,Nineveh,36.3594,43.1528
3141,Salah Al-Din -> Al Daur,Salah Al-Din,34.45,43.5833
3142,Al Sulaymaniyah -> Dokan -> Surdash,Al Sulaymaniyah,35.549701,45.444317
3143,Dahuk -> Sumel,Dahuk,36.867391,42.998858
3144,Nineveh -> Akre,Nineveh,36.3594,43.1528
3145,Diyala -> Kifri,Diyala,33.8833,45.0667
3146,Dahuk -> Sumel -> Fayde,Dahuk,36.867391,42.998858
3147,Dahuk -> Zakho -> Al Sindi,Dahuk,36.867391,42.998858
3148,Salah Al-Din -> Samarra,Salah Al-Din,34.45,43.5833
3149,Diyala -> Khanaqin -> Markaz Khanaquin,Diyala,33.8833,45.0667
3150,Nineveh -> Al Mosul -> Al Muhamadath,Nineveh,36.3594,43.1528
3151,Al Anbar -> Al Qa'em -> Al Karabla,Al Anbar,32.9,41.6
3152, Al Anbar > Al Ramadi > Al Rahhaliya,Al Anbar,32.9,41.6
3153, Al Anbar > Al Falluja > Al Amirya,Al Anbar,32.9,41.6
3154, Diyala > Khanaqin > Midan,Diyala,33.8833,45.0667
3155, Nineveh > Tilkaef > Wanna,Nineveh,36.3594,43.1528
3156, Salah Al-Din > Tuz > Al Amerli,Salah Al-Din,34.45,43.5833
3157, Diyala > Ba'quba > Bahraz,Diyala,33.8833,45.0667
3158, Al Anbar > Al Falluia > Al Garma,Al Anbar,32.9,41.6
3159, Diyala > Ba'quba > Bani Sa'd,Diyala,33.8833,45.0667
3160, Diyala > Khanaqin > Qaratu,Diyala,33.8833,45.0667
3161, Al Anbar > Al Ramadi > Al Habbaniya,Al Anbar,32.9,41.6
3162, Nineveh > Tal Afar > Zummar,Nineveh,36.3594,43.1528
3163, Salah Al-Din > Balad > Al Esshaqi,Salah Al-Din,34.45,43.5833
3164, Salah Al-Din > Tuz > Markaz Tuz,Salah Al-Din,34.45,43.5833
3165, Diyala > Khanaqin > Markaz Khanaquin,Diyala,33.8833,45.0667
3166, Salah Al-Din > Samarra > Al Moatassem,Salah Al-Din,34.45,43.5833
3167, Diyala > Ba'quba > Kinan,Diyala,33.8833,45.0667
3168, Al Anbar > Al Falluia > Markaz Al Falluja,Al Anbar,32.9,41.6
3169, Diyala > Khanaqin > Jalula,Diyala,33.8833,45.0667
3170, Nineveh > Tilkaef > Al Qosh,Nineveh,36.3594,43.1528
3171, Salah Al-Din > Samarra > Markaz Samera'a,Salah Al-Din,34.45,43.5833
3172, Al Anbar > Ana > Markaz Ana,Al Anbar,32.9,41.6
3173, Salah Al-Din > Tuz > Suleiman Beg,Salah Al-Din,34.45,43.5833
3174, Salah Al-Din > Samarra > Dijla,Salah Al-Din,34.45,43.5833
3175, Salah Al-Din > Balad > Al Duloeyah,Salah Al-Din,34.45,43.5833
3176, Nineveh > Tal Afar > Ayadiya,Nineveh,36.3594,43.1528
3177, Nineveh > Tal Afar > Markaz Tal Afar,Nineveh,36.3594,43.1528
3178, Al Anbar > Al Ramadi > Markaz Al Ramadi,Al Anbar,32.9,41.6
3179, Salah Al-Din > Samarra > Al Tharthar,Salah Al-Din,34.45,43.5833
3180, Nineveh > Tilkaef > Markaz Tilkaef,Nineveh,36.3594,43.1528
3181, Salah Al-Din > Balad > Al Dujeel,Salah Al-Din,34.45,43.5833
3182, Salah Al-Din > Tikrit > Um Al Qura,Salah Al-Din,34.45,43.5833
3183, Nineveh > Tal Afar > Rubiya,Nineveh,36.3594,43.1528
3184, Nineveh > Al Mosul > Al Muhamadath,Nineveh,36.3594,43.1528
3185, Salah Al-Din > Tikrit > Al Alam,Salah Al-Din,34.45,43.5833
3186, Diyala > Khanaqin > As Saadia,Diyala,33.8833,45.0667
3187, Salah Al-Din > Balad > Yathreb,Salah Al-Din,34.45,43.5833
3188, Diyala > Al Muqdadiya > Markaz Al Muqdadiya,Diyala,33.8833,45.0667
3189, Kirkuk > Al Hawiga > Al Riyad,Kirkuk,35.4667,44.3167
3190, Nineveh > Sinjar > Markaz Sinjar,Nineveh,36.3594,43.1528
3191, Dahuk > Sumel > Markaz Sumel,Dahuk,36.867391,42.998858
3192, Kirkuk > Al Hawiga > Al Abassy,Kirkuk,35.4667,44.3167
3193, Kirkuk > Al Hawiga > Al Hawija,Kirkuk,35.4667,44.3167
3194, Kirkuk > Kirkuk > Al Multaqa,Kirkuk,35.4667,44.3167
3195, Nineveh > Al Hamdaniya > Markaz Al Hamdaniya,Nineveh,36.3594,43.1528
3196, Dahuk > Dahuk > Markaz Dahuk,Dahuk,36.867391,42.998858
3197, Kirkuk > Daquq > Markaz Daquq,Kirkuk,35.4667,44.3167
3198, Kirkuk > Kirkuk > Markaz Kirkuk,Kirkuk,35.4667,44.3167
3199, Salah Al-Din > Baiji > Markaz Baiji,Salah Al-Din,34.45,43.5833
3200, Al Sulaymaniyah > Al Sulaymaniya > Bazyan,Al Sulaymaniyah,35.549701,45.444317
3201, Nineveh > Sinjar > Qaeyrrawan,Nineveh,36.3594,43.1528
3202, Nineveh > Al Mosul > Hamam al Aleem,Nineveh,36.3594,43.1528
3203, Nineveh > Al Ba'aj > Markaz Al Ba'aj,Nineveh,36.3594,43.1528
3204, Al Anbar > Ana > Rawa,Al Anbar,32.9,41.6
3205, Nineveh > Al Hamdaniya > Al Namroud,Nineveh,36.3594,43.1528
3206, Nineveh > Al Hatra > Markaz Hatra,Nineveh,36.3594,43.1528
3207, Nineveh > Al Mosul > Al Qayara,Nineveh,36.3594,43.1528
3208, Kirkuk > Kirkuk > Laylan (Qara Hasan),Kirkuk,35.4667,44.3167
3209, Al Sulaymaniyah > Kalar > Markaz Kalar,Al Sulaymaniyah,35.549701,45.444317
3210, Dahuk > Zakho > Al Sindi,Dahuk,36.867391,42.998858
3211, Dahuk > Zakho > Markaz Zakho,Dahuk,36.867391,42.998858
3212, Dahuk > Sumel > Fayde,Dahuk,36.867391,42.998858
3213, Dahuk > Al Amedi > Sarsink,Dahuk,36.867391,42.998858
3214, Kirkuk > Al Hawiga > Al Zab,Kirkuk,35.4667,44.3167
3215, Salah Al-Din > Al Shirqat > Markaz Al Shirqat,Salah Al-Din,34.45,43.5833
3216, Nineveh > Akre > Bardarash,Nineveh,36.3594,43.1528
3217, Al Sulaymaniyah > Al Sulaymaniya > Qaradagh,Al Sulaymaniyah,35.549701,45.444317
3218, Nineveh > Sheikhan > Markaz Sheikhan,Nineveh,36.3594,43.1528
3219, Dahuk > Sumel > Al Selvani,Dahuk,36.867391,42.998858
3220, Erbil > Makhmour > Dibaga,Erbil,36.1911,44.0092
3221, Dahuk > Zakho > Al Kali,Dahuk,36.867391,42.998858
3222, Dahuk > Sumel > Sindi,Dahuk,36.867391,42.998858
3223, Nineveh > Al Hamdaniya > Bartalla,Nineveh,36.3594,43.1528
3224, Al Anbar > Heet > Al Forat,Al Anbar,32.9,41.6
3225, Al Anbar > Heet > Al Baghdady,Al Anbar,32.9,41.6
3226, Diyala > Al Khalis > Al Mansouriyah,Diyala,33.8833,45.0667
3227, Kirkuk > Kirkuk > Yaychi,Kirkuk,35.4667,44.3167
3228, Kirkuk > Kirkuk > Schwan,Kirkuk,35.4667,44.3167
3229, Kirkuk > Kirkuk > Qara Hanjeer,Kirkuk,35.4667,44.3167
3230, Kirkuk > Kirkuk > Taza Khurmatu,Kirkuk,35.4667,44.3167
3231, Salah Al-Din > Al Daur > Abu Dalf,Salah Al-Din,34.45,43.5833
3232, Salah Al-Din > Al Daur > Hamreen,Salah Al-Din,34.45,43.5833
3233, Kirkuk > Daquq > Rashad,Kirkuk,35.4667,44.3167
3234, Nineveh > Sinjar > Al Shamal,Nineveh,36.3594,43.1528
3235, Nineveh > Al Mosul > Baashiqa,Nineveh,36.3594,43.1528
3236, Baghdad > Al Mada'en > Markaz Al Mada'in,Baghdad,33.291026,44.467142
3237, Baghdad > Al Mada'en > Al Jisr,Baghdad,33.291026,44.467142
3238, Baghdad > Al Mahmoudiya > Al Latifya,Baghdad,33.291026,44.467142
3239, Baghdad > Al Kadhmiyah > Abu Ghraib,Baghdad,33.291026,44.467142
3240, Nineveh > Sheikhan,Nineveh,36.3594,43.1528
3241, Salah Al-Din > Tikrit,Salah Al-Din,34.45,43.5833
3242, Nineveh > Al Hamdaniya,Nineveh,36.3594,43.1528
3243, Nineveh > Al Mosul,Nineveh,36.3594,43.1528
3244, Dahuk > Zakho,Dahuk,36.867391,42.998858
3245, Al Sulaymaniyah > Al Sulaymaniya,Al Sulaymaniyah,35.549701,45.444317
3246, Dahuk > Sumel,Dahuk,36.867391,42.998858
3247, Al Anbar > Al Rutba > Markaz Al Rutba,Al Anbar,32.9,41.6
3248, Al Anbar > Al Qa'em,Al Anbar,32.9,41.6
3249, Al Anbar > Ana,Al Anbar,32.9,41.6
3250, Diyala > Ba'quba,Diyala,33.8833,45.0667
3251, Nineveh > Al Hatra,Nineveh,36.3594,43.1528
3252, Diyala > Al Muqdadiya,Diyala,33.8833,45.0667
3253, Nineveh > Tal Afar,Nineveh,36.3594,43.1528
3254, Diyala > Khanaqin,Diyala,33.8833,45.0667
3255, Nineveh > Al Ba'aj,Nineveh,36.3594,43.1528
3256, Salah Al-Din > Balad,Salah Al-Din,34.45,43.5833
3257, Salah Al-Din > Baiji,Salah Al-Din,34.45,43.5833
3258, Kirkuk > Kirkuk,Kirkuk,35.4667,44.3167
3259, Salah Al-Din > Al Shirqat,Salah Al-Din,34.45,43.5833
3260, Kirkuk > Al Hawiga,Kirkuk,35.4667,44.3167
3261, Nineveh > Al Ba'aj > Al Qahtaniya,Nineveh,36.3594,43.1528
3262, Al Anbar > Al Rutba > Al Walid,Al Anbar,32.9,41.6
3263, Al Anbar > Al Qa'em > Al Rummaneh,Al Anbar,32.9,41.6
3264, Al Anbar > Heet > Kubaisa,Al Anbar,32.9,41.6
3265, Al Anbar > Al Rutba > Al Nakhaeh,Al Anbar,32.9,41.6
3266, Al Anbar > Al Qa'em > Al Karabla,Al Anbar,32.9,41.6
3267, Al Anbar > Heet > Markaz Heet,Al Anbar,32.9,41.6
3268, Erbil > Erbil > Qushtappa,Erbil,36.1911,44.0092
3269, Diyala > Al Khalis > Markaz Al Khalis,Diyala,33.8833,45.0667
3270, Dahuk > Dahuk > Zawita,Dahuk,36.867391,42.998858
3271, Baghdad,Baghdad,33.291026,44.467142
3272, Al Muthanna,Al Muthanna,36.376146,43.169364
3273, Diyala,Diyala,33.8833,45.0667
3274, Thi-Qar,Thi-Qar,31.2333,46.3167
3275, Maysan,Maysan,31.9,47.0333
3276, Babil,Babil,32.496352,44.457801
3277, Al Qadissiya,Al Qadissiya,31.85,45.05
3278, Salah Al-Din,Salah Al-Din,34.45,43.5833
3279, Kirkuk,Kirkuk,35.4667,44.3167
3280, An Najaf,An Najaf,32.002418,44.331207
3281, Wasit,Wasit,32.2333,46.3
3282, Kerbala,Kerbala,32.6167,44.0333
3283, Al Basrah,Al Basrah,30.50166,47.81529
3284, Al Anbar,Al Anbar,32.9,41.6
3285, Baghdad > Al Karkh > Markaz Al Karkh,Baghdad,33.291026,44.467142
3286, Baghdad > Al Resafa > Baghdad Al Jedeede,Baghdad,33.291026,44.467142
3287, Al Sulaymaniyah > Dokan > Surdash,Al Sulaymaniyah,35.549701,45.444317
3288, Baghdad > Al Resafa > Al Karrada Al Sharqia,Baghdad,33.291026,44.467142
3289, Kirkuk > Dibis > Altun Qupri,Kirkuk,35.4667,44.3167
3290, Kirkuk > Dibis > Sargaran (Al Quds),Kirkuk,35.4667,44.3167
3291, Al Anbar > Al Falluia,Al Anbar,32.9,41.6
3292, Kirkuk > Dibis,Kirkuk,35.4667,44.3167
3293, An Najaf > Al Najaf,An Najaf,32.002418,44.331207
3294, Baghdad > Al Resafa,Baghdad,33.291026,44.467142
3295, Baghdad > Al Karkh,Baghdad,33.291026,44.467142
3296, Baghdad > Al Kadhmiyah,Baghdad,33.291026,44.467142
3297, Kerbala > Kerbala,Kerbala,32.6167,44.0333
3298, Salah Al-Din > Samarra,Salah Al-Din,34.45,43.5833
3299, Al Sulaymaniyah > Kalar > Tilako,Al Sulaymaniyah,35.549701,45.444317
3300, Diyala > Baquba > Buhriz,Diyala,33.9504,45.121
3301, Salah Al-Din > Samarra > Al-Muotasim,Salah Al-Din,34.5624,43.6203
3302, Ninewa > Al-Hatra,Ninewa,36.0191,42.4944
3303, Salah Al-Din > Samarra > Markaz Samarra,Salah Al-Din,34.5624,43.6203
3304, Salah Al-Din > Tooz Khurmato > Sulaiman Baig,Salah Al-Din,34.5624,43.6203
3305, Ninewa > Al-Baaj > Markaz Al-Baaj,Ninewa,36.0191,42.4944
3292, Kirkuk > Dibis,Kirkuk,35.3434,44.1507
3306, Ninewa > Sinjar > Al-Shamal,Ninewa,36.0191,42.4944
3256, Salah Al-Din > Balad,Salah Al-Din,34.5624,43.6203
3307, Salah Al-Din > Samarra > Al-Tharthar > Al-Hewaish area,Salah Al-Din,34.5624,43.6203
3308, Diyala > Baquba > Beni Saad,Diyala,33.9504,45.121
3309, Salah Al-Din > Samarra > Markaz Samarra > Hay Al Mutasim-mahala 105,Salah Al-Din,34.5624,43.6203
3310, Salah Al-Din > Tooz Khurmato > Markaz Tooz Khurmato,Salah Al-Din,34.5624,43.6203
3311, Salah Al-Din > Balad > Al-Esshaqi,Salah Al-Din,34.5624,43.6203
3289, Kirkuk > Dibis > Altun Qupri,Kirkuk,35.3434,44.1507
3187, Salah Al-Din > Balad > Yathreb,Salah Al-Din,34.5624,43.6203
3312, Ninewa > Al-Baaj > Al-Qahtanya,Ninewa,36.0191,42.4944
3313, Diyala > Baquba,Diyala,33.9504,45.121
3314, Ninewa > Al-Hatra > Markaz Hatra,Ninewa,36.0191,42.4944
3315, Ninewa > Sinjar,Ninewa,36.0191,42.4944
3316, Ninewa > Al-Baaj,Ninewa,36.0191,42.4944
3298, Salah Al-Din > Samarra,Salah Al-Din,34.5624,43.6203
3317, Salah Al-Din > Tooz Khurmato,Salah Al-Din,34.5624,43.6203
3318, Ninewa > Sinjar > Al-Qairawan,Ninewa,36.0191,42.4944
3319, Kirkuk > Dibis > Markaz Dibis,Kirkuk,35.3434,44.1507
3320, Salah Al-Din > Balad > Al-Duloeyah,Salah Al-Din,34.5624,43.6203
3321, Kirkuk > Dibis > Markaz Dibis > Hay Al-Shuhadaa,Kirkuk,35.3434,44.1507
3322, Kirkuk > Dibis > Markaz Dibis > Hay Al Tanak,Kirkuk,35.3434,44.1507
3323, Salah Al-Din > Tooz Khurmato > Markaz Tooz Khurmato > Markaz Tooz-Hay Al Askari,Salah Al-Din,34.5624,43.6203
3324, Salah Al-Din > Tooz Khurmato > Markaz Tooz Khurmato > Markaz Tooz-Hay Imam Ahmed,Salah Al-Din,34.5624,43.6203
3325, Salah Al-Din > Tooz Khurmato > Sulaiman Baig > Khasadarly Village,Salah Al-Din,34.5624,43.6203
3326, Diyala > Baquba > Buhriz > Jorf Al Milih Qtr,Diyala,33.9504,45.121
3327, Kirkuk > Dibis > Markaz Dibis > Hay Al Muaasker,Kirkuk,35.3434,44.1507
3328, Salah Al-Din > Balad > Yathreb > Yathrib sub distrct,Salah Al-Din,34.5624,43.6203
3329, Diyala > Baquba > Buhriz > Al Tahreer,Diyala,33.9504,45.121
3330, Diyala > Baquba > Beni Saad > Al-Manjara Qtr,Diyala,33.9504,45.121
3331, Diyala > Baquba > Beni Saad > Al Gatoon-Al Mujama Qtr,Diyala,33.9504,45.121
3332, Kirkuk > Al-Hawiga > Al-Abbasi,Kirkuk,35.3434,44.1507
3333, Kirkuk > Al-Hawiga > Markaz Al-Hawiga,Kirkuk,35.3434,44.1507
3334, Ninewa > Telafar > Markaz Telafar,Ninewa,36.0191,42.4944
3335, Al-Anbar > Al-Falluja > Markaz Al-Falluja,Al-Anbar,33.1096,41.5177
3336, Al-Anbar > Al-Falluja > Al-Garma,Al-Anbar,33.1096,41.5177
3337, Al-Sulaymaniyah > Al-Sulaymaniyah > Sarchnar,Al-Sulaymaniyah,35.5359,45.3186
3338, Al-Sulaymaniyah > Al-Sulaymaniyah > Bazian,Al-Sulaymaniyah,35.5359,45.3186
3339, Diyala > Khanaqin > Markaz Khanaqin,Diyala,33.9504,45.121
3340, Kirkuk > Kirkuk > Taza Khormato,Kirkuk,35.3434,44.1507
3341, Salah Al-Din > Al-Shirqat > Markaz Al-Shirqat,Salah Al-Din,34.5624,43.6203
3342, Salah Al-Din > Beygee > Markaz Beygee,Salah Al-Din,34.5624,43.6203
3343, Salah Al-Din > Balad > Yathreb > Aziz Balad,Salah Al-Din,34.5624,43.6203
3344, Al-Anbar > Al-Ramadi > Markaz Al-Ramadi,Al-Anbar,33.1096,41.5177
3345, Salah Al-Din > Tikrit > Al-Alam,Salah Al-Din,34.5624,43.6203
3346, Ninewa > Al-Hamdaniya > Markaz Al-Hamdaniya,Ninewa,36.0191,42.4944
3347, Ninewa > Al-Hamdaniya > Bartilla,Ninewa,36.0191,42.4944
3348, Ninewa > Tilkaef > Wana,Ninewa,36.0191,42.4944
3349, Ninewa > Telafar > Zummar,Ninewa,36.0191,42.4944
3350, Duhok > Sumail > Fayde,Duhok,37.0634,43.1676
3351, Kirkuk > Al-Hawiga > Al-Riyadh,Kirkuk,35.3434,44.1507
3352, Al-Sulaymaniyah > Kalar > Markaz Kalar,Al-Sulaymaniyah,35.5359,45.3186
3353, Al-Sulaymaniyah > Al-Sulaymaniyah > Qaradagh,Al-Sulaymaniyah,35.5359,45.3186
3354, Duhok > Sumail > Sindi,Duhok,37.0634,43.1676
3355, Kirkuk > Al-Hawiga > Al-Zab,Kirkuk,35.3434,44.1507
3356, Ninewa > Aqra > Markaz Aqra,Ninewa,36.0191,42.4944
3357, Diyala > Al-Muqdadiya > Markaz Al-Muqdadiya,Diyala,33.9504,45.121
3358, Erbil > Erbil > Markaz Erbil,Erbil,36.3461,44.2357
3359, Ninewa > Al-Shikhan > Markaz Al-Shikhan,Ninewa,36.0191,42.4944
3360, Duhok > Sumail > Markaz Sumail,Duhok,37.0634,43.1676
3361, Ninewa > Al-Hamdaniya > Namroud,Ninewa,36.0191,42.4944
3362, Al-Anbar > Al-Ramadi > Al-Rahhaliya,Al-Anbar,33.1096,41.5177
3363, Erbil > Makhmour > Qaraj,Erbil,36.3461,44.2357
3364, Ninewa > Telafar > Rabia,Ninewa,36.0191,42.4944
3365, Diyala > Al-Khalis > Markaz Al-Khalis,Diyala,33.9504,45.121
3366, Duhok > Duhok > Markaz Duhok,Duhok,37.0634,43.1676
3367, Duhok > Zakho > Markaz Zakho,Duhok,37.0634,43.1676
3368, Ninewa > Al-Mosul > Al-Muhamadath,Ninewa,36.0191,42.4944
3369, Al-Anbar > Al-Kaim,Al-Anbar,33.1096,41.5177
3370, Al-Sulaymaniyah > Al-Sulaymaniyah,Al-Sulaymaniyah,35.5359,45.3186
3371, Ninewa > Al-Mosul > Al-Muhamadath > Hay Nablus,Ninewa,36.0191,42.4944
3372, Ninewa > Al-Mosul > Al-Muhamadath > Alqadisiya Al-thaniya,Ninewa,36.0191,42.4944
3373, Ninewa > Tilkaef,Ninewa,36.0191,42.4944
3258, Kirkuk > Kirkuk,Kirkuk,35.3434,44.1507
3374, Kirkuk > Daquq,Kirkuk,35.3434,44.1507
3375, Kirkuk > Al-Hawiga,Kirkuk,35.3434,44.1507
3376, Al-Anbar > Al-Falluja,Al-Anbar,33.1096,41.5177
3241, Salah Al-Din > Tikrit,Salah Al-Din,34.5624,43.6203
3377, Salah Al-Din > Beygee,Salah Al-Din,34.5624,43.6203
3378, Al-Anbar > Al-Ramadi,Al-Anbar,33.1096,41.5177
3379, Salah Al-Din > Al-Shirqat,Salah Al-Din,34.5624,43.6203
3380, Ninewa > Telafar,Ninewa,36.0191,42.4944
3381, Ninewa > Al-Mosul,Ninewa,36.0191,42.4944
3382, Diyala > Al-Muqdadiya,Diyala,33.9504,45.121
3254, Diyala > Khanaqin,Diyala,33.9504,45.121
3383, Al-Anbar > Al-Rutba,Al-Anbar,33.1096,41.5177
3384, Duhok > Zakho,Duhok,37.0634,43.1676
3385, Duhok > Sumail,Duhok,37.0634,43.1676
3386, Baghdad > Al-Kadhmiyah,Baghdad,33.2789,44.3869
3387, Baghdad > Al-Mahmoudiya,Baghdad,33.2789,44.3869
3388, Duhok > Sumail > Bateel,Duhok,37.0634,43.1676
3389, Ninewa > Al-Baaj > Al-Qahtanya > Wardeya,Ninewa,36.0191,42.4944
3390, Ninewa > Al-Baaj > Al-Qahtanya > Seeba Shikheder,Ninewa,36.0191,42.4944
3391, Ninewa > Al-Baaj > Al-Qahtanya > Qahtaniya (Ger Ezear),Ninewa,36.0191,42.4944
3392, Al-Anbar > Al-Falluja > Al-Amirya,Al-Anbar,33.1096,41.5177
3393,Al Mafraq -> Mafraq -> Mafraq,Al Mafraq,31.19290323,35.69146862
3394,Irbid -> Irbid -> Irbid,Irbid,32.55798676,35.84675724
3395,Amman -> Amman -> Amman,Amman,31.91905968,35.92902353
3396,Zarqa -> Zarqa -> Zarqa,Zarqa,32.07577806,36.08100277
3397,Al Balqa -> Essalt,Al Balqa,32.03953891,35.72382786
3398,Jarash -> Jerash,Jarash,32.20046314,36.10048505
3399,Ajloun -> Ajloun,Ajloun,32.38400709,35.8092639
3400,Amman,Amman,31.91905968,35.92902353
3401,Al Karak -> Karak -> Karak -> Karak,Al Karak,31.02243739,35.69031941
3402,Irbid -> Irbid -> Irbid -> Irbid,Irbid,32.55798676,35.84675724
3403,Al Mafraq,Al Mafraq,31.19290323,35.69146862
3404,Zarqa,Zarqa,32.07577806,36.08100277
3405,Zarqa -> Zarqa -> Zarqa -> Zarqa,Zarqa,32.07577806,36.08100277
3406,Al Mafraq -> Mafraq -> Mafraq -> Mafraq,Al Mafraq,31.19290323,35.69146862
3407,Irbid,Irbid,32.55798676,35.84675724
3408,Amman -> Amman -> Amman -> Zahran,Amman,31.91905968,35.92902353
3409,Zarqa -> Rusayfa -> Rusayfa -> Russeifa,Zarqa,32.07577806,36.08100277
3410,Amman -> Marka -> Marka District -> Marka,Amman,31.91905968,35.92902353
3411,Irbid -> Ramtha -> Ramtha -> Ramtha,Irbid,32.55798676,35.84675724
3412,Al Balqa -> Dair 'Alla -> Dair 'Alla -> Dair Alla,Al Balqa,32.03953891,35.72382786
3413,Al Balqa -> Mahes and Fahes -> Mahes and Fahes -> Fuhais,Al Balqa,32.03953891,35.72382786
3414,Ajloun -> Ajloun -> Ajloun -> Ajlun,Ajloun,32.38400709,35.8092639
3415,Amman -> Amman -> Amman -> Alabdaly,Amman,31.91905968,35.92902353
3416,Al Balqa -> Essalt -> Balqa -> Salt,Al Balqa,32.03953891,35.72382786
3417,Al Balqa -> 'Ayn Al_Basheh -> 'Ayn Al_Basheh -> Baq'ah,Al Balqa,32.03953891,35.72382786
3418,Amman -> Marka -> Marka District -> Alnaser,Amman,31.91905968,35.92902353
3419,Al Karak,Al Karak,31.02243739,35.69031941
3420,Ma'an,Ma'an,30.18802033,35.72991609
3421,Madaba,Madaba,31.7144361,35.79652849
3422,Quneitra,Quneitra,35.982397,36.529578
3423,Dar'a -> Dar'a -> Busra Esh-Sham -> Busra Esh-Sham,Dar'a,32.624102,36.104944
3424,Dar'a -> Dar'a -> Mseifra -> Karak,Dar'a,32.624102,36.104944
3425,Dar'a -> Izra' -> Jasim -> Jasim,Dar'a,32.624102,36.104944
3426,Dar'a -> Dar'a -> Dar'a -> Neimeh,Dar'a,32.624102,36.104944
3427,Dar'a -> Dar'a -> Mzeireb -> Tafs,Dar'a,32.624102,36.104944
3428,Rural Damascus -> Rural Damascus -> Kafr Batna -> Saqba,Rural Damascus,33.49203318,37.39104656
3429,Dar'a -> Dar'a -> Dar'a -> Um Elmayathen,Dar'a,32.624102,36.104944
3430,Dar'a -> Izra' -> Hrak -> Sura,Dar'a,32.624102,36.104944
3431,Dar'a -> Dar'a -> Mseifra -> Mseifra,Dar'a,32.624102,36.104944
3432,Dar'a -> Izra' -> Hrak -> Hrak,Dar'a,32.624102,36.104944
3433,Dar'a -> Dar'a -> Mzeireb -> Mzeireb,Dar'a,32.624102,36.104944
3434,Dar'a -> Dar'a -> Da'el -> Da'el,Dar'a,32.624102,36.104944
3435,Dar'a -> Izra' -> Nawa -> Nawa,Dar'a,32.624102,36.104944
3436,Quneitra -> Al Fiq -> Fiq -> Sayda,Quneitra,35.982397,36.529578
3437,Quneitra -> Quneitra,Quneitra,35.982397,36.529578
3438,Dar'a -> Dar'a -> Dar'a,Dar'a,32.624102,36.104944
3439,Dar'a -> Dar'a -> Dar'a -> Nasib,Dar'a,32.624102,36.104944
3440,Dar'a -> Dar'a -> Dar'a -> Dar'a,Dar'a,32.624102,36.104944
3441,Zarqa -> Zarqa -> Alazraq -> Azraq Janoobi,Zarqa,32.07577806,36.08100277
3442,Amman -> Amman,Amman,31.91905968,35.92902353
3443,Zarqa -> Zarqa,Zarqa,32.07577806,36.08100277
3444,Zarqa -> Zarqa -> Alazraq -> Qaser Amrah,Zarqa,32.07577806,36.08100277
3445,Al  Aqaba -> Aqaba -> Aqaba -> Aqaba,Al  Aqaba,32.38267548,35.72396804
3446,Al Mafraq -> Mafraq -> Manesheih -> Manshiyyet Bani Hasan,Al Mafraq,31.19290323,35.69146862
3447,Jarash,Jarash,32.20046314,36.10048505
3448,Ajloun,Ajloun,32.38400709,35.8092639
3449,Al Balqa,Al Balqa,32.03953891,35.72382786
3450,Zarqa -> Zarqa -> Alazraq -> Azraq Shamali,Zarqa,32.07577806,36.08100277
3451,Al Mafraq -> Badiah Ash-Shamaliyya Al_Gharbeh -> Badiah Ash-Shamaliyya Al_Gharbeh -> Za'tary,Al Mafraq,31.19290323,35.69146862
3452,Zarqa -> Zarqa -> Alazraq,Zarqa,32.07577806,36.08100277
3453,Al Tafilah,Al Tafilah,30.81298394,35.6172583
3454,Amman -> Amman -> Amman -> Almadina,Amman,31.91905968,35.92902353
3455,Irbid -> Irbid,Irbid,32.55798676,35.84675724
3456,Al Mafraq -> Mafraq,Al Mafraq,31.19290323,35.69146862
3457,Al Mafraq -> Badih Ash-Shamaliyya -> Umm Al_Jemali -> Um Al-Jemal,Al Mafraq,31.19290323,35.69146862
3458,Al Mafraq -> Badiah Ash-Shamaliyya Al_Gharbeh -> Khalediah -> Khaldiyah,Al Mafraq,31.19290323,35.69146862
3459,Al Mafraq -> Badiah Ash-Shamaliyya Al_Gharbeh -> Badiah Ash-Shamaliyya Al_Gharbeh -> Ba'ej,Al Mafraq,31.19290323,35.69146862
3460,Dar'a -> Izra' -> Jasim,Dar'a,32.624102,36.104944
3461,Quneitra -> Quneitra -> Khan Arnaba -> Jbata Elkhashab,Quneitra,35.982397,36.529578
3462,Quneitra -> Quneitra -> Quneitra -> Breiqa,Quneitra,35.982397,36.529578
3463,Quneitra -> Quneitra -> Al-Khashniyyeh -> Rafid,Quneitra,35.982397,36.529578
3464,Quneitra -> Quneitra -> Al-Khashniyyeh -> Ghadir Elbostan,Quneitra,35.982397,36.529578
3465,Dar'a -> Dar'a -> Jizeh -> Jizeh,Dar'a,32.624102,36.104944
3466, Zarqa,Zarqa,32.07577806,36.08100277
3467, Irbid,Irbid,32.55798676,35.84675724
3468, Amman,Amman,31.91905968,35.92902353
3469, Zarqa > Zarqa > Zarqa > Zarqa,Zarqa,32.07577806,36.08100277
3470, Zarqa > Zarqa > Alazraq,Zarqa,32.07577806,36.08100277
3471, Al Mafraq,Al Mafraq,31.19290323,35.69146862
3472, Al Balqa,Al Balqa,32.03953891,35.72382786
3473, Ajloun > Ajloun,Ajloun,32.38400709,35.8092639
3474, Al Tafilah,Al Tafilah,30.81298394,35.6172583
3475, Ma'an,Ma'an,30.18802033,35.72991609
3476, Al Karak > Mazar Al_Janubi > Mazar Al_Janubi > Mo'tah,Al Karak,31.02243739,35.69031941
3477, Zarqa > Zarqa > Delail,Zarqa,32.07577806,36.08100277
3478, Al  Aqaba,Al  Aqaba,32.38267548,35.72396804
3479, Amman > Amman,Amman,31.91905968,35.92902353
3480, Al Karak > Ghwar al-Janubiyya,Al Karak,31.02243739,35.69031941
3481, Al Karak,Al Karak,31.02243739,35.69031941
3482, Ajloun,Ajloun,32.38400709,35.8092639
3483, Jarash,Jarash,32.20046314,36.10048505
3484, Al Mafraq > Mafraq > Mafraq > Mafraq,Al Mafraq,31.19290323,35.69146862
3485, Irbid > Irbid,Irbid,32.55798676,35.84675724
3486, Al Mafraq > Mafraq,Al Mafraq,31.19290323,35.69146862
3487, Madaba,Madaba,31.7144361,35.79652849
3488, Irbid > Ramtha,Irbid,32.55798676,35.84675724
3489, Al Mafraq > Badiah Ash-Shamaliyya Al_Gharbeh > Badiah Ash-Shamaliyya Al_Gharbeh > Za'tary,Al Mafraq,31.19290323,35.69146862
3490, Zarqa > Zarqa,Zarqa,32.07577806,36.08100277
3491, Lebanon > Akkar,Akkar,34.5506,36.0781
3492, Lebanon > Baalbek El Hermel,Baalbek El Hermel,34.398038,36.387342
3493, Lebanon > El Nabatieh,El Nabatieh,33.366667,35.466667
3494, Lebanon > South,South,33.55,35.3833
3495, Lebanon > Beirut,Beirut,33.8869,35.5131
3496, Lebanon > Mount Lebanon,Mount Lebanon,33.8333,35.5333
3497, Lebanon > Bekaa > Rachaya,Bekaa,34.0089,36.1453
3498, Lebanon > Bekaa > West Bekaa,Bekaa,34.0089,36.1453
3499, Lebanon > El Nabatieh > El Nabatieh,El Nabatieh,33.366667,35.466667
3500, Lebanon > Baalbek El Hermel > Baalbek,Baalbek El Hermel,34.398038,36.387342
3501, Lebanon > Baalbek El Hermel > El Hermel,Baalbek El Hermel,34.398038,36.387342
3502, Lebanon > El Nabatieh > Hasbaya,El Nabatieh,33.366667,35.466667
3503, Lebanon > South > Saida,South,33.55,35.3833
3504, Lebanon > Akkar > Akkar,Akkar,34.5506,36.0781
3505, Lebanon > Mount Lebanon > El Meten > Borj Hammoud,Mount Lebanon,33.8333,35.5333
3506, Lebanon > Beirut > Beirut > Tariq El Jdide,Beirut,33.8869,35.5131
3507, Lebanon > Beirut > Beirut > Medouar,Beirut,33.8869,35.5131
3508, Lebanon > Mount Lebanon > Aley > Khalde,Mount Lebanon,33.8333,35.5333
3509, Lebanon > Mount Lebanon > Baabda > Bir Hassan,Mount Lebanon,33.8333,35.5333
3510, Lebanon > El Nabatieh > Marjaayoun,El Nabatieh,33.366667,35.466667
3511, Lebanon > South > Sour,South,33.55,35.3833
3512, Lebanon > Mount Lebanon > Aley,Mount Lebanon,33.8333,35.5333
3513, Lebanon > Mount Lebanon > El Meten,Mount Lebanon,33.8333,35.5333
3514, Lebanon > Mount Lebanon > Chouf,Mount Lebanon,33.8333,35.5333
3515, Lebanon > Akkar > Akkar > Mechaeilha Hakour,Akkar,34.5506,36.0781
3516, Lebanon > Akkar > Akkar > Aarqa,Akkar,34.5506,36.0781
3517, Lebanon > Akkar > Akkar > Idbil,Akkar,34.5506,36.0781
3518, Lebanon > Akkar > Akkar > Berqayel,Akkar,34.5506,36.0781
3519, Lebanon > Akkar > Akkar > Halba,Akkar,34.5506,36.0781
3520, Lebanon > Akkar > Akkar > Qoubbet Chamra,Akkar,34.5506,36.0781
3521, Lebanon > Akkar > Akkar > Sammouniye,Akkar,34.5506,36.0781
3522, Lebanon > Akkar > Akkar > Cheikh Taba es Sahl,Akkar,34.5506,36.0781
3523, Lebanon > Akkar > Akkar > Minyara,Akkar,34.5506,36.0781
3524, Lebanon > Akkar > Akkar > Bezbina,Akkar,34.5506,36.0781
3525, Lebanon > Akkar > Akkar > Bebnine,Akkar,34.5506,36.0781
3526, Lebanon > Akkar > Akkar > Ouadi Ej jamous,Akkar,34.5506,36.0781
3527, Lebanon > Akkar > Akkar > Semmaqiye,Akkar,34.5506,36.0781
3528, Lebanon > North > Tripoli > Mhamra,North,34.4333,35.85
3529, Lebanon > Akkar > Akkar > Wadi Khaled,Akkar,34.5506,36.0781
3530, Lebanon > Baalbek El Hermel > El Hermel > Hermel,Baalbek El Hermel,34.398038,36.387342
3531, Lebanon > El Nabatieh > Hasbaya > Hasbaiya,El Nabatieh,33.366667,35.466667
3532, Lebanon > Mount Lebanon > Kesrwane > Jounieh,Mount Lebanon,33.8333,35.5333
3533, Lebanon > Mount Lebanon > Baabda > Hazmiye,Mount Lebanon,33.8333,35.5333
3534, Lebanon > North > El Minieh Dennie > Aassoun,North,34.4333,35.85
3535, Lebanon > Bekaa > Zahle > Haouch el Oumara Aradi,Bekaa,34.0089,36.1453
3536, Lebanon > Mount Lebanon > Chouf > Ain Ouzain,Mount Lebanon,33.8333,35.5333
3537, Lebanon > Bekaa > West Bekaa > Khirbet Qanafar,Bekaa,34.0089,36.1453
3538, Lebanon > Mount Lebanon > Jbeil > Jbail,Mount Lebanon,33.8333,35.5333
3539, Lebanon > El Nabatieh > Bent Jbeil > Tebnine,El Nabatieh,33.366667,35.466667
3540, Lebanon > North > El Minieh Dennie > El Minie,North,34.4333,35.85
3541, Lebanon > Akkar > Akkar > Hrar,Akkar,34.5506,36.0781
3542, Lebanon > Bekaa > Zahle > Zahle,Bekaa,34.0089,36.1453
3543, Lebanon > Baalbek El Hermel > Baalbek > Douris,Baalbek El Hermel,34.398038,36.387342
3544, Lebanon > Akkar > Akkar > Qbaiyat el Gharbiye,Akkar,34.5506,36.0781
3545, Lebanon > Mount Lebanon > Aley > Remhala,Mount Lebanon,33.8333,35.5333
3546, Lebanon > North > Zgharta > Ehden,North,34.4333,35.85
3547, Lebanon > South > Saida > Saksakiye,South,33.55,35.3833
3548, Lebanon > Bekaa > Zahle > Taalabaya,Bekaa,34.0089,36.1453
3549, Lebanon > Baalbek El Hermel > Baalbek > Baalbek,Baalbek El Hermel,34.398038,36.387342
3550, Lebanon > North > Zgharta > Zgharta,North,34.4333,35.85
3551, Lebanon > Mount Lebanon > Baabda > Ghobeire,Mount Lebanon,33.8333,35.5333
3552, Lebanon > El Nabatieh > El Nabatieh > Nabatiye el Tahta,El Nabatieh,33.366667,35.466667
3553, Lebanon > South > Sour > Aabbassiye,South,33.55,35.3833
3554, Lebanon > South > Saida > Saida,South,33.55,35.3833
3555, Lebanon > Mount Lebanon > Chouf > Mazboud,Mount Lebanon,33.8333,35.5333
3556, Lebanon > North > Tripoli > Tripoli,North,34.4333,35.85
3557, Lebanon > North > Tripoli > El Mina,North,34.4333,35.85
3558, Lebanon > North > Tripoli > Qoubbe,North,34.4333,35.85
3559, Lebanon > North > Tripoli > Hadid,North,34.4333,35.85
3560, Lebanon > North > Tripoli > Tabbaneh,North,34.4333,35.85
3561, Lebanon > North > Tripoli > Tal,North,34.4333,35.85
3562, Lebanon > North > Tripoli > Trablous Zeitoun,North,34.4333,35.85
3563, Lebanon > North > Tripoli > Hdadine,North,34.4333,35.85
3564, Lebanon > Baalbek El Hermel > Baalbek > El Qaa,Baalbek El Hermel,34.398038,36.387342
3565, Lebanon > Akkar > Akkar > Nahr El Bared,Akkar,34.5506,36.0781
3566, Lebanon > Beirut > Beirut > Beirut,Beirut,33.8869,35.5131
3567, Lebanon > North > El Minieh Dennie > El Beddaoui,North,34.4333,35.85
3568, Lebanon > South > Saida > Ain el Hiloue,South,33.55,35.3833
3569, Lebanon > El Nabatieh > El Nabatieh > Nabatiye el Faouqa,El Nabatieh,33.366667,35.466667
3570, Lebanon > Mount Lebanon > Aley > Aley,Mount Lebanon,33.8333,35.5333
3571, Lebanon > Beirut > Beirut > Achrafiye,Beirut,33.8869,35.5131
3572, Lebanon > Bekaa > Zahle > Saadnayel,Bekaa,34.0089,36.1453
3573, Lebanon > Bekaa > Zahle > Qabb Elias,Bekaa,34.0089,36.1453
3574, Lebanon > South > Jezzine > Jezzine,South,33.55,35.3833
3575, Lebanon > Akkar > Akkar > Rmoul,Akkar,34.5506,36.0781
3576, Lebanon > El Nabatieh > Bent Jbeil > Aainata,El Nabatieh,33.366667,35.466667
3577, Lebanon > South > Jezzine > Aadour,South,33.55,35.3833
3578, Lebanon > Bekaa > Rachaya > Aaiha,Bekaa,34.0089,36.1453
3579, Lebanon > Akkar > Akkar > Aadouiye,Akkar,34.5506,36.0781
3580, Lebanon > Baalbek El Hermel > Baalbek > Aadous,Baalbek El Hermel,34.398038,36.387342
3581, Lebanon > Beirut > Beirut > Aadlyeh,Beirut,33.8869,35.5131
3582, Lebanon > Mount Lebanon > Aley > Aabey,Mount Lebanon,33.8333,35.5333
3583, Lebanon > North > Bcharre > Aabdine Bcharre,North,34.4333,35.85
3584, Lebanon > Bekaa > Zahle > Kfar Zabad,Bekaa,34.0089,36.1453
3585, Lebanon > Bekaa > Zahle > Bar Elias,Bekaa,34.0089,36.1453
3586, Lebanon > Akkar > Akkar > Daousse Baghdadi,Akkar,34.5506,36.0781
3587, Lebanon > Akkar > Akkar > Bire Akkar,Akkar,34.5506,36.0781
3588, Lebanon > Akkar > Akkar > Khirbet Daoud,Akkar,34.5506,36.0781
3589, Lebanon > Bekaa > Zahle > Majdel Anjar,Bekaa,34.0089,36.1453
3590, Lebanon > Akkar > Akkar > Akroum,Akkar,34.5506,36.0781
3591, Lebanon > Akkar > Akkar > Machta Hammoud,Akkar,34.5506,36.0781
3592, Lebanon > North > El Batroun > Batroun,North,34.4333,35.85
3593, Lebanon > Akkar > Akkar > Beino,Akkar,34.5506,36.0781
3594, Lebanon > North > Bcharre > Bcharre,North,34.4333,35.85
3595, Lebanon > Akkar > Akkar > Machta Hassan,Akkar,34.5506,36.0781
3596, Lebanon > North > El Koura > Dahr AlAin,North,34.4333,35.85
3597, Lebanon > North > Tripoli > Mhatreh,North,34.4333,35.85
3598, Lebanon > Bekaa > West Bekaa > Houch el Harime,Bekaa,34.0089,36.1453
3599, Lebanon > Mount Lebanon > El Meten > Fanar,Mount Lebanon,33.8333,35.5333
3600, Lebanon > North > Tripoli > Mina Jardin,North,34.4333,35.85
3601, Lebanon > Mount Lebanon > Aley > Ain er Remmane,Mount Lebanon,33.8333,35.5333
3602, Lebanon > Mount Lebanon > Kesrwane > Ain Er Rihane,Mount Lebanon,33.8333,35.5333
3603, Lebanon > Mount Lebanon > Baabda > Baabda,Mount Lebanon,33.8333,35.5333
3604, Lebanon > Beirut > Beirut > Bourj Abi Haidar,Beirut,33.8869,35.5131
3605, Lebanon > Beirut > Beirut > Ain Mreisse,Beirut,33.8869,35.5131
3606, Lebanon > North > Tripoli > Abou Samra,North,34.4333,35.85
3607, Lebanon > El Nabatieh > Marjaayoun > Dibbine,El Nabatieh,33.366667,35.466667
3608, Lebanon > El Nabatieh > Marjaayoun > Blat Marjaayoun,El Nabatieh,33.366667,35.466667
3609, Lebanon > El Nabatieh > Marjaayoun > Ibl es Saqi,El Nabatieh,33.366667,35.466667
3610, Lebanon > El Nabatieh > Marjaayoun > Marjaayoun,El Nabatieh,33.366667,35.466667
3611, Lebanon > El Nabatieh > Marjaayoun > Qlaiaa,El Nabatieh,33.366667,35.466667
3612, Lebanon > North > Zgharta > IAAL,North,34.4333,35.85
3613, Lebanon > North > Zgharta > Haret al Fouwar,North,34.4333,35.85
3614, Lebanon > North > El Koura > Dedde,North,34.4333,35.85
3615, Lebanon > North > Zgharta > Majdalaya zgharta,North,34.4333,35.85
3616, Lebanon > North > El Batroun > Chekka,North,34.4333,35.85
3617, Lebanon > North > Zgharta > Miryata,North,34.4333,35.85
3618, Lebanon > Mount Lebanon > Baabda > Borj el Brajne,Mount Lebanon,33.8333,35.5333
3619, Lebanon > Bekaa > Zahle,Bekaa,34.0089,36.1453
3620, Lebanon > Mount Lebanon > Baabda,Mount Lebanon,33.8333,35.5333
3621, Lebanon > Beirut > Beirut,Beirut,33.8869,35.5131
3622, Lebanon > Beirut > Beirut > Mazraa,Beirut,33.8869,35.5131
3623, Lebanon > Akkar > Akkar > Haret ej Jdide,Akkar,34.5506,36.0781
3624, Lebanon > South > Sour > Qana,South,33.55,35.3833
3625, Lebanon > Mount Lebanon > Aley > Aamroussieh Choueifat,Mount Lebanon,33.8333,35.5333
3626, Lebanon > El Nabatieh > Marjaayoun > Khiam,El Nabatieh,33.366667,35.466667
3627, Lebanon > South > Saida > Sarafand,South,33.55,35.3833
3628, Lebanon > South > Sour > Siddiqine,South,33.55,35.3833
3629, Lebanon > El Nabatieh > Marjaayoun > Qabrikha,El Nabatieh,33.366667,35.466667
3630, Lebanon > Mount Lebanon > Kesrwane,Mount Lebanon,33.8333,35.5333
3631, Lebanon > Mount Lebanon > Jbeil,Mount Lebanon,33.8333,35.5333
3632, Lebanon > North > Tripoli,North,34.4333,35.85
3633, Lebanon > El Nabatieh > El Nabatieh > Sarba El Nabatieh,El Nabatieh,33.366667,35.466667
3634, Lebanon > El Nabatieh > El Nabatieh > Nmairiye,El Nabatieh,33.366667,35.466667
3635, Lebanon > El Nabatieh > El Nabatieh > Houmine et Tahta,El Nabatieh,33.366667,35.466667
3636, Lebanon > El Nabatieh > El Nabatieh > Houmine el Faouqa,El Nabatieh,33.366667,35.466667
3637, Lebanon > El Nabatieh > El Nabatieh > Aazze,El Nabatieh,33.366667,35.466667
3638, Lebanon > North > El Minieh Dennie,North,34.4333,35.85
3639, Lebanon > El Nabatieh > El Nabatieh > Deir ez Zahrani,El Nabatieh,33.366667,35.466667
3640, Lebanon > North > El Koura,North,34.4333,35.85
3641, Lebanon > El Nabatieh > Bent Jbeil > Bent Jubail,El Nabatieh,33.366667,35.466667
3642, Lebanon > El Nabatieh > El Nabatieh > Kfour El Nabatieh,El Nabatieh,33.366667,35.466667
3643, Lebanon > El Nabatieh > El Nabatieh > Roumine,El Nabatieh,33.366667,35.466667
3644, Lebanon > El Nabatieh > Hasbaya > Kfar Chouba,El Nabatieh,33.366667,35.466667
3645, Lebanon > El Nabatieh > El Nabatieh > Kfar Fila,El Nabatieh,33.366667,35.466667
3646, Lebanon > El Nabatieh > El Nabatieh > Mazraat Kfar ej Jouz,El Nabatieh,33.366667,35.466667
3647, Lebanon > El Nabatieh > El Nabatieh > Jarjouaa,El Nabatieh,33.366667,35.466667
3648, Lebanon > El Nabatieh > El Nabatieh > Habbouch,El Nabatieh,33.366667,35.466667
3649, Lebanon > El Nabatieh > Bent Jbeil > Aaitaroun,El Nabatieh,33.366667,35.466667
3650, Lebanon > South > Jezzine,South,33.55,35.3833
3651, Lebanon > North > El Koura > Kfar Saroun,North,34.4333,35.85
3652, Lebanon > Beirut > Beirut > Moussaitbe,Beirut,33.8869,35.5131
3653, Lebanon > El Nabatieh > Bent Jbeil,El Nabatieh,33.366667,35.466667
3654, Lebanon > North > Zgharta,North,34.4333,35.85
3655, Lebanon > Akkar > Akkar > Tall Bire,Akkar,34.5506,36.0781
3656, Lebanon > North > El Minieh Dennie > Deir Amar,North,34.4333,35.85
3657, Lebanon > Akkar > Akkar > Tall Hmayra,Akkar,34.5506,36.0781
3658, Lebanon > North > El Batroun,North,34.4333,35.85
3659, Lebanon > North > Bcharre,North,34.4333,35.85
3660, Lebanon > Beirut > Beirut > Ras Beirut,Beirut,33.8869,35.5131
3661, Lebanon > Beirut > Beirut > Remeil,Beirut,33.8869,35.5131
3662, Lebanon > Akkar > Akkar > Aakkar El Attiqa,Akkar,34.5506,36.0781
3663, Lebanon > Akkar > Akkar > Rahbe,Akkar,34.5506,36.0781
3664, Lebanon > Akkar > Akkar > Qbaiyat ez Zouq,Akkar,34.5506,36.0781
3665, Lebanon > North > El Minieh Dennie > Beit El Faqs,North,34.4333,35.85
3666, Lebanon > Akkar > Akkar > Fnaideq,Akkar,34.5506,36.0781
3667, Lebanon > North > Tripoli > Mankoubin,North,34.4333,35.85
3668, Lebanon > Mount Lebanon > Baabda > El Ouzaai,Mount Lebanon,33.8333,35.5333
3669, Lebanon > Mount Lebanon > Baabda > Chiayah,Mount Lebanon,33.8333,35.5333
3670, Lebanon > South > Sour > Rachidiye,South,33.55,35.3833
3671, Lebanon > South > Saida > Miye Ou Miye,South,33.55,35.3833
3672, Lebanon > South > Sour > Borj ech Chmali,South,33.55,35.3833
3673, Lebanon > South > Sour > Qasmiye,South,33.55,35.3833
3674, Lebanon > South > Sour > El Bass,South,33.55,35.3833
3675, Lebanon > South > Saida > Ain Ed Delb,South,33.55,35.3833
3676, Lebanon > South > Jezzine > Mjaydel,South,33.55,35.3833
3677, Lebanon > South > Jezzine > Lebaa,South,33.55,35.3833
3678, Lebanon > South > Saida > Darb es Sim,South,33.55,35.3833
3679, Lebanon > South > Saida > Aabra,South,33.55,35.3833
3680, Lebanon > South > Sour > Sour,South,33.55,35.3833
3681, Lebanon > South > Saida > Qraiye Saida,South,33.55,35.3833
3682, Lebanon > Bekaa > Zahle > Bouarej,Bekaa,34.0089,36.1453
3683, Lebanon > Baalbek El Hermel > Baalbek > Khraibe,Baalbek El Hermel,34.398038,36.387342
3684, Lebanon > Baalbek El Hermel > Baalbek > Nabi Chit,Baalbek El Hermel,34.398038,36.387342
3685, Lebanon > Bekaa > Zahle > Mreijat,Bekaa,34.0089,36.1453
3686, Lebanon > Bekaa > West Bekaa > El Marj,Bekaa,34.0089,36.1453
3687, Lebanon > Bekaa > West Bekaa > Joub Jannine,Bekaa,34.0089,36.1453
3688, Lebanon > Bekaa > West Bekaa > Ghazze,Bekaa,34.0089,36.1453
3689, Lebanon > Mount Lebanon > Chouf > Ouarhaniye,Mount Lebanon,33.8333,35.5333
3690, Lebanon > Mount Lebanon > Chouf > Jadra,Mount Lebanon,33.8333,35.5333
3691, Lebanon > South > Saida > Ghaziye,South,33.55,35.3833
3692, Lebanon > Mount Lebanon > Chouf > Jiye,Mount Lebanon,33.8333,35.5333
3693, Lebanon > Mount Lebanon > Chouf > Barja,Mount Lebanon,33.8333,35.5333
3694, Lebanon > South > Sour > Bazouriye,South,33.55,35.3833
3695, Lebanon > El Nabatieh > Marjaayoun > Markaba,El Nabatieh,33.366667,35.466667
3696, Lebanon > El Nabatieh > Hasbaya > Ain Jerfa,El Nabatieh,33.366667,35.466667
3697, Lebanon > South > Sour > Toura,South,33.55,35.3833
3698, Lebanon > El Nabatieh > Marjaayoun > Deir Siriane,El Nabatieh,33.366667,35.466667
3699, Lebanon > El Nabatieh > Marjaayoun > Qsair,El Nabatieh,33.366667,35.466667
3700, Lebanon > South > Sour > Mazraat Mechref,South,33.55,35.3833
3701, Lebanon > South > Sour > Jouaiya,South,33.55,35.3833
3702, Lebanon > South > Sour > Arzoun,South,33.55,35.3833
3703, Lebanon > South > Sour > Tair Harfa,South,33.55,35.3833
3704, Lebanon > South > Sour > Jebbain,South,33.55,35.3833
3705, Lebanon > El Nabatieh > Marjaayoun > Taibe Marjaayoun,El Nabatieh,33.366667,35.466667
3706, Lebanon > South > Sour > Aalma ech Chaab,South,33.55,35.3833
3707, Lebanon > South > Sour > Naqoura,South,33.55,35.3833
3708, Lebanon > El Nabatieh > Marjaayoun > Aadchit el Qoussair,El Nabatieh,33.366667,35.466667
3709, Lebanon > South > Jezzine > Sfarai,South,33.55,35.3833
3710, Lebanon > South > Saida > Dhour Darb es Sim,South,33.55,35.3833
3711, Lebanon > South > Jezzine > Bkassine,South,33.55,35.3833
3712, Lebanon > South > Jezzine > Ain Majdalain,South,33.55,35.3833
3713, Lebanon > South > Saida > Hajje,South,33.55,35.3833
3714, Lebanon > South > Saida > Mghairiye,South,33.55,35.3833
3715, Lebanon > South > Jezzine > Raimat,South,33.55,35.3833
3716, Lebanon > South > Saida > Tanbourit,South,33.55,35.3833
3717, Lebanon > South > Jezzine > Benouati,South,33.55,35.3833
3718, Lebanon > South > Jezzine > Choualiq,South,33.55,35.3833
3719, Lebanon > South > Saida > Maamriye,South,33.55,35.3833
3720, Lebanon > South > Saida > Merouaniye,South,33.55,35.3833
3721, Lebanon > South > Saida > Aaddoussiye,South,33.55,35.3833
3722, Lebanon > El Nabatieh > El Nabatieh > Zefta,El Nabatieh,33.366667,35.466667
3723, Lebanon > South > Jezzine > Roum,South,33.55,35.3833
3724, Lebanon > El Nabatieh > Bent Jbeil > Rmaich,El Nabatieh,33.366667,35.466667
3725, Lebanon > South > Saida > Maghdouche,South,33.55,35.3833
3726, Lebanon > South > Sour > Maarake,South,33.55,35.3833
3727, Lebanon > South > Saida > Loubiye,South,33.55,35.3833
3728, Lebanon > South > Saida > Wastani,South,33.55,35.3833
3729, Lebanon > South > Saida > Hara,South,33.55,35.3833
3730, Lebanon > South > Saida > Najjaryie,South,33.55,35.3833
3731, Lebanon > South > Saida > Baissariye,South,33.55,35.3833
3732, Lebanon > South > Saida > Hlaliye Saida,South,33.55,35.3833
3733, Lebanon > South > Saida > Mazraat el Ouasta,South,33.55,35.3833
3734, Lebanon > South > Saida > Dekerman,South,33.55,35.3833
3735, Lebanon > Akkar > Akkar > Zouarib,Akkar,34.5506,36.0781
3736, Lebanon > North > El Batroun > Kfar Helda,North,34.4333,35.85
3737, Lebanon > North > El Koura > Bkeftine,North,34.4333,35.85
3738, Lebanon > Akkar > Akkar > Hokr Etti,Akkar,34.5506,36.0781
3739, Lebanon > North > El Batroun > Kfar Aabida,North,34.4333,35.85
3740, Lebanon > Akkar > Akkar > Charbila,Akkar,34.5506,36.0781
3741, Lebanon > Akkar > Akkar > Cheik Mohammad,Akkar,34.5506,36.0781
3742, Lebanon > Akkar > Akkar > Saadine,Akkar,34.5506,36.0781
3743, Lebanon > Akkar > Akkar > Dayret Nahr el Kabir,Akkar,34.5506,36.0781
3744, Lebanon > North > Zgharta > Aalma,North,34.4333,35.85
3745, Lebanon > Akkar > Akkar > Hnaider,Akkar,34.5506,36.0781
3746, Lebanon > North > Zgharta > Kfar Chakhna,North,34.4333,35.85
3747, Lebanon > Akkar > Akkar > Ghzaile,Akkar,34.5506,36.0781
3748, Lebanon > North > El Minieh Dennie > Aadoui,North,34.4333,35.85
3749, Lebanon > Akkar > Akkar > Deir Dalloum,Akkar,34.5506,36.0781
3750, Lebanon > Akkar > Akkar > Knaisse Hnaider,Akkar,34.5506,36.0781
3751, Lebanon > Akkar > Akkar > Bqerzala,Akkar,34.5506,36.0781
3752, Lebanon > North > El Koura > Enfe,North,34.4333,35.85
3753, Lebanon > Akkar > Akkar > Amayer,Akkar,34.5506,36.0781
3754, Lebanon > Akkar > Akkar > Jdeide,Akkar,34.5506,36.0781
3755, Lebanon > North > El Batroun > Qarnaoun,North,34.4333,35.85
3756, Lebanon > North > Zgharta > Bchannine,North,34.4333,35.85
3757, Lebanon > Akkar > Akkar > Aamara,Akkar,34.5506,36.0781
3758, Lebanon > Akkar > Akkar > Marlayet Melhem,Akkar,34.5506,36.0781
3759, Lebanon > Akkar > Akkar > Chir Hmairine,Akkar,34.5506,36.0781
3760, Lebanon > North > El Koura > Btouratij,North,34.4333,35.85
3761, Lebanon > Akkar > Akkar > Andqat,Akkar,34.5506,36.0781
3762, Lebanon > Akkar > Akkar > Darine,Akkar,34.5506,36.0781
3763, Lebanon > Akkar > Akkar > Bzal,Akkar,34.5506,36.0781
3764, Lebanon > North > El Koura > Kfar Qahel,North,34.4333,35.85
3765, Lebanon > Akkar > Akkar > Semmaqli,Akkar,34.5506,36.0781
3766, Lebanon > Akkar > Akkar > Rihaniye,Akkar,34.5506,36.0781
3767, Lebanon > North > Zgharta > Raskifa,North,34.4333,35.85
3768, Lebanon > North > El Minieh Dennie > Zouq Bhannine,North,34.4333,35.85
3769, Lebanon > Akkar > Akkar > Mqaitaa,Akkar,34.5506,36.0781
3770, Lebanon > Akkar > Akkar > Khreibet ej Jindi,Akkar,34.5506,36.0781
3771, Lebanon > Akkar > Akkar > Tall Aabbas el Gharbi,Akkar,34.5506,36.0781
3772, Lebanon > Akkar > Akkar > Kfar Melki,Akkar,34.5506,36.0781
3773, Lebanon > Akkar > Akkar > Tall Aabbas Ech-Charqi,Akkar,34.5506,36.0781
3774, Lebanon > North > El Minieh Dennie > Markabta,North,34.4333,35.85
3775, Lebanon > Akkar > Akkar > Qaabrine,Akkar,34.5506,36.0781
3776, Lebanon > Akkar > Akkar > Kawashra,Akkar,34.5506,36.0781
3777, Lebanon > Akkar > Akkar > El Qlaiaat,Akkar,34.5506,36.0781
3778, Lebanon > Akkar > Akkar > Hokr ed Dahri,Akkar,34.5506,36.0781
3779, Lebanon > Akkar > Akkar > Haouch,Akkar,34.5506,36.0781
3780, Lebanon > Akkar > Akkar > Mechmech,Akkar,34.5506,36.0781
3781, Lebanon > Beirut > Beirut > Ras El Nabaa,Beirut,33.8869,35.5131
3782, Lebanon > Mount Lebanon > Aley > Bchamoun,Mount Lebanon,33.8333,35.5333
3783, Lebanon > Mount Lebanon > Aley > Aaramoun,Mount Lebanon,33.8333,35.5333
3784, Lebanon > Mount Lebanon > Aley > Ain Dara,Mount Lebanon,33.8333,35.5333
3785, Lebanon > Mount Lebanon > El Meten > Dekouane,Mount Lebanon,33.8333,35.5333
3786, Lebanon > Mount Lebanon > El Meten > Dbaiye,Mount Lebanon,33.8333,35.5333
3787, Lebanon > Baalbek El Hermel > Baalbek > Chlifa,Baalbek El Hermel,34.398038,36.387342
3788, Lebanon > Baalbek El Hermel > Baalbek > Jabaa,Baalbek El Hermel,34.398038,36.387342
3789, Lebanon > Baalbek El Hermel > Baalbek > Ainata,Baalbek El Hermel,34.398038,36.387342
3790, Lebanon > Baalbek El Hermel > Baalbek > Haour Taala,Baalbek El Hermel,34.398038,36.387342
3791, Lebanon > Baalbek El Hermel > Baalbek > Barqa,Baalbek El Hermel,34.398038,36.387342
3792, Lebanon > Baalbek El Hermel > Baalbek > Haouch Tall Safiye,Baalbek El Hermel,34.398038,36.387342
3793, Lebanon > Baalbek El Hermel > Baalbek > Bechouat,Baalbek El Hermel,34.398038,36.387342
3794, Lebanon > Baalbek El Hermel > Baalbek > Betdaai,Baalbek El Hermel,34.398038,36.387342
3795, Lebanon > Baalbek El Hermel > Baalbek > Talia,Baalbek El Hermel,34.398038,36.387342
3796, Lebanon > Baalbek El Hermel > Baalbek > Boudai,Baalbek El Hermel,34.398038,36.387342
3797, Lebanon > Baalbek El Hermel > Baalbek > Saaide,Baalbek El Hermel,34.398038,36.387342
3798, Lebanon > Baalbek El Hermel > Baalbek > Haouch Barada,Baalbek El Hermel,34.398038,36.387342
3799, Lebanon > Baalbek El Hermel > Baalbek > Deir El Ahmar,Baalbek El Hermel,34.398038,36.387342
3800, Lebanon > Baalbek El Hermel > Baalbek > Fakehe,Baalbek El Hermel,34.398038,36.387342
3801, Lebanon > Baalbek El Hermel > Baalbek > Ras Baalbek es Sahel,Baalbek El Hermel,34.398038,36.387342
3802, Lebanon > Baalbek El Hermel > Baalbek > Deir Mar Maroun Baalbek,Baalbek El Hermel,34.398038,36.387342
3803, Lebanon > Baalbek El Hermel > Baalbek > Flaoui,Baalbek El Hermel,34.398038,36.387342
3804, Lebanon > Baalbek El Hermel > Baalbek > Bejjaje,Baalbek El Hermel,34.398038,36.387342
3805, Lebanon > Baalbek El Hermel > Baalbek > Nabi Osmane,Baalbek El Hermel,34.398038,36.387342
3806, Lebanon > Baalbek El Hermel > Baalbek > Qaa Jouar Maqiyeh,Baalbek El Hermel,34.398038,36.387342
3807, Lebanon > Baalbek El Hermel > Baalbek > Hadet Hermel,Baalbek El Hermel,34.398038,36.387342
3808, Lebanon > Baalbek El Hermel > Baalbek > Laboue,Baalbek El Hermel,34.398038,36.387342
3809, Lebanon > Baalbek El Hermel > Baalbek > Kfar Dane,Baalbek El Hermel,34.398038,36.387342
3810, Lebanon > Baalbek El Hermel > Baalbek > Nabi Rachade,Baalbek El Hermel,34.398038,36.387342
3811, Lebanon > Baalbek El Hermel > Baalbek > Hfayer,Baalbek El Hermel,34.398038,36.387342
3812, Lebanon > Baalbek El Hermel > Baalbek > El Ain,Baalbek El Hermel,34.398038,36.387342
3813, Lebanon > Baalbek El Hermel > Baalbek > Zrazir,Baalbek El Hermel,34.398038,36.387342
3814, Lebanon > Baalbek El Hermel > Baalbek > Zabboud,Baalbek El Hermel,34.398038,36.387342
3815, Lebanon > Baalbek El Hermel > Baalbek > Taraiya,Baalbek El Hermel,34.398038,36.387342
3816, Lebanon > Baalbek El Hermel > Baalbek > Nahle,Baalbek El Hermel,34.398038,36.387342
3817, Lebanon > Baalbek El Hermel > Baalbek > Aarsal,Baalbek El Hermel,34.398038,36.387342
3818, Lebanon > Baalbek El Hermel > Baalbek > Chmistar,Baalbek El Hermel,34.398038,36.387342
3819, Lebanon > Bekaa > Zahle > Deir el Ghazal,Bekaa,34.0089,36.1453
3820, Lebanon > Bekaa > Zahle > Deir Zenoun,Bekaa,34.0089,36.1453
3821, Lebanon > Akkar > Akkar > Tal Meaayan,Akkar,34.5506,36.0781
3822, Lebanon > North > Tripoli > Zahrieh,North,34.4333,35.85
3823, Lebanon > North > Tripoli > MINA 1,North,34.4333,35.85
3824, Lebanon > South > Sour > Naffakhiye,South,33.55,35.3833
3825, Lebanon > South > Sour > Chamaa,South,33.55,35.3833
3826, Lebanon > Beirut > Beirut > Bachoura,Beirut,33.8869,35.5131
3827, Lebanon > South > Sour > Chaaitiyeh,South,33.55,35.3833
3828, Lebanon > South > Sour > Biyad Sour,South,33.55,35.3833
3829, Lebanon > El Nabatieh > Bent Jbeil > Froun,El Nabatieh,33.366667,35.466667
3830, Lebanon > South > Sour > Hannaouiye,South,33.55,35.3833
3831, Lebanon > South > Sour > Chihine,South,33.55,35.3833
3832, Lebanon > South > Sour > Hanniye,South,33.55,35.3833
3833, Lebanon > South > Sour > Bestiyat,South,33.55,35.3833
3834, Lebanon > South > Sour > Batouliye,South,33.55,35.3833
3835, Lebanon > South > Sour > Taibe Sour,South,33.55,35.3833
3836, Lebanon > South > Sour > Mansouri,South,33.55,35.3833
3837, Lebanon > South > Sour > Sammaaiye,South,33.55,35.3833
3838, Lebanon > South > Sour > Knisse Sour,South,33.55,35.3833
3839, Lebanon > South > Sour > Zabqine,South,33.55,35.3833
3840, Lebanon > South > Sour > Maachouq,South,33.55,35.3833
3841, Lebanon > South > Sour > Mjadel,South,33.55,35.3833
3842, Lebanon > South > Sour > Borj Rahhal,South,33.55,35.3833
3843, Lebanon > South > Sour > Ain Baal,South,33.55,35.3833
3844, Lebanon > South > Sour > Majdel Zoun,South,33.55,35.3833
3845, Lebanon > South > Sour > Deir Qanoun en Nahr,South,33.55,35.3833
3846, Lebanon > South > Sour > Deir Qanoun,South,33.55,35.3833
3847, Lebanon > South > Sour > Derdghaiya,South,33.55,35.3833
3848, Lebanon > South > Sour > Chehabiye,South,33.55,35.3833
3849, Lebanon > South > Sour > El Kleile,South,33.55,35.3833
3850, Lebanon > South > Saida > Mazraat Sinai,South,33.55,35.3833
3851, Lebanon > Akkar > Akkar > Kousha,Akkar,34.5506,36.0781
3852, Lebanon > North > El Minieh Dennie > Bakhaoun,North,34.4333,35.85
3853, Lebanon > Akkar > Akkar > Tell Hayat,Akkar,34.5506,36.0781
3854, Lebanon > Akkar > Akkar > Abde,Akkar,34.5506,36.0781
3855, Lebanon > North > Tripoli > Bab Al Ramel,North,34.4333,35.85
3856, Lebanon > Mount Lebanon > Baabda > Furn ech Chebak,Mount Lebanon,33.8333,35.5333
3857, Lebanon > Akkar > Akkar > Aarida,Akkar,34.5506,36.0781
3858, Lebanon > Mount Lebanon > El Meten > Roumie,Mount Lebanon,33.8333,35.5333
3859, Lebanon > Mount Lebanon > Chouf > Sibline,Mount Lebanon,33.8333,35.5333
3860, Lebanon > El Nabatieh > Hasbaya > Rachaiya el Foukhar,El Nabatieh,33.366667,35.466667
3861, Lebanon > El Nabatieh > Hasbaya > Halta Hasbaya,El Nabatieh,33.366667,35.466667
3862, Lebanon > El Nabatieh > Marjaayoun > Aalmane,El Nabatieh,33.366667,35.466667
3863, Lebanon > El Nabatieh > Hasbaya > Abou Qamha,El Nabatieh,33.366667,35.466667
3864, Lebanon > El Nabatieh > Hasbaya > Chebaa,El Nabatieh,33.366667,35.466667
3865, Lebanon > El Nabatieh > Marjaayoun > Borj El Mlouk,El Nabatieh,33.366667,35.466667
3866, Lebanon > El Nabatieh > Hasbaya > Hebbariye,El Nabatieh,33.366667,35.466667
3867, Lebanon > El Nabatieh > Hasbaya > Fardis,El Nabatieh,33.366667,35.466667
3868, Lebanon > El Nabatieh > Hasbaya > Mari,El Nabatieh,33.366667,35.466667
3869, Lebanon > El Nabatieh > Marjaayoun > Souane Marjaayoun,El Nabatieh,33.366667,35.466667
3870, Lebanon > El Nabatieh > Marjaayoun > Beni Haiyane,El Nabatieh,33.366667,35.466667
3871, Lebanon > El Nabatieh > Marjaayoun > Deir Mimas,El Nabatieh,33.366667,35.466667
3872, Lebanon > El Nabatieh > Marjaayoun > Touline,El Nabatieh,33.366667,35.466667
3873, Lebanon > El Nabatieh > Marjaayoun > Rabb et Talatine,El Nabatieh,33.366667,35.466667
3874, Lebanon > El Nabatieh > Marjaayoun > Baiyouda,El Nabatieh,33.366667,35.466667
3875, Lebanon > El Nabatieh > Marjaayoun > Tallouse,El Nabatieh,33.366667,35.466667
3876, Lebanon > El Nabatieh > Marjaayoun > Sarda,El Nabatieh,33.366667,35.466667
3877, Lebanon > El Nabatieh > Marjaayoun > Qantara,El Nabatieh,33.366667,35.466667
3878, Lebanon > El Nabatieh > Marjaayoun > Majdel Silim,El Nabatieh,33.366667,35.466667
3879, Lebanon > Akkar > Akkar > Hissa,Akkar,34.5506,36.0781
3880, Lebanon > Akkar > Akkar > El Aabboudiye,Akkar,34.5506,36.0781
3881, Lebanon > Mount Lebanon > Chouf > Deir el Qamar,Mount Lebanon,33.8333,35.5333
3882, Lebanon > Mount Lebanon > Chouf > Moukhtara,Mount Lebanon,33.8333,35.5333
3883, Lebanon > Mount Lebanon > Chouf > Barouk,Mount Lebanon,33.8333,35.5333
3884, Lebanon > Mount Lebanon > El Meten > Mansouriye,Mount Lebanon,33.8333,35.5333
3885, Lebanon > Mount Lebanon > Chouf > Baadarane,Mount Lebanon,33.8333,35.5333
3886, Lebanon > Mount Lebanon > Chouf > El Khraibe,Mount Lebanon,33.8333,35.5333
3887, Lebanon > Mount Lebanon > Chouf > Samqaniye,Mount Lebanon,33.8333,35.5333
3888, Lebanon > Mount Lebanon > El Meten > Antelias,Mount Lebanon,33.8333,35.5333
3889, Lebanon > Mount Lebanon > Chouf > Baaqline,Mount Lebanon,33.8333,35.5333
3890, Lebanon > Mount Lebanon > El Meten > Khenchara,Mount Lebanon,33.8333,35.5333
3891, Lebanon > Mount Lebanon > Kesrwane > Sarba,Mount Lebanon,33.8333,35.5333
3892, Lebanon > Mount Lebanon > El Meten > Daoura,Mount Lebanon,33.8333,35.5333
3893, Lebanon > Mount Lebanon > Kesrwane > Raifoun,Mount Lebanon,33.8333,35.5333
3894, Lebanon > Mount Lebanon > El Meten > Jdaide el Meten,Mount Lebanon,33.8333,35.5333
3895, Lebanon > Mount Lebanon > El Meten > Sad el Baouchriye,Mount Lebanon,33.8333,35.5333
3896, Lebanon > Mount Lebanon > El Meten > Beit Meri,Mount Lebanon,33.8333,35.5333
3897, Lebanon > Mount Lebanon > El Meten > Sinn el Fil,Mount Lebanon,33.8333,35.5333
3898, Lebanon > Baalbek El Hermel > Baalbek > Janta,Baalbek El Hermel,34.398038,36.387342
3899, Lebanon > Bekaa > Zahle > Houch El-Ghanam,Bekaa,34.0089,36.1453
3900, Lebanon > Bekaa > Zahle > Rayak,Bekaa,34.0089,36.1453
3901, Lebanon > South > Sour > Tair Debba,South,33.55,35.3833
3902, Lebanon > Bekaa > Zahle > Aali en Nahri,Bekaa,34.0089,36.1453
3903, Lebanon > Akkar > Akkar > Daghle,Akkar,34.5506,36.0781
3904, Lebanon > Akkar > Akkar > Cheikh Zennad Talbibe,Akkar,34.5506,36.0781
3905, Lebanon > Akkar > Akkar > Cheikh Hmairine,Akkar,34.5506,36.0781
3906,Mount Lebanon -> Chouf -> Quardaniye,Mount Lebanon,33.8333,35.5333
3907,Mount Lebanon -> Chouf -> Aammatour,Mount Lebanon,33.8333,35.5333
3908,Mount Lebanon -> Aley -> Ain Al Saydeh,Mount Lebanon,33.8333,35.5333
3909,Mount Lebanon -> Aley -> Bkhechtay,Mount Lebanon,33.8333,35.5333
3910,Mount Lebanon -> Baabda -> Chiayah,Mount Lebanon,33.8333,35.5333
3911,Beirut -> Beirut -> Tariq El Jdide,Beirut,33.8869,35.5131
3912,Mount Lebanon -> Aley -> Kfar Matta,Mount Lebanon,33.8333,35.5333
3913,Mount Lebanon -> Aley -> Ain Anoub,Mount Lebanon,33.8333,35.5333
3914,Mount Lebanon -> Baabda -> Hadet,Mount Lebanon,33.8333,35.5333
3915,Mount Lebanon -> Chouf -> Jiye,Mount Lebanon,33.8333,35.5333
3916,Mount Lebanon -> Aley -> Qabr Chamoun,Mount Lebanon,33.8333,35.5333
3917,Mount Lebanon -> Aley -> Bhamdoun el Mhatta,Mount Lebanon,33.8333,35.5333
3918,Mount Lebanon -> Aley -> Oumara Choueifat,Mount Lebanon,33.8333,35.5333
3919,Mount Lebanon -> Jbeil -> Jbail,Mount Lebanon,33.8333,35.5333
3920,Mount Lebanon -> Baabda -> Borj el Brajne,Mount Lebanon,33.8333,35.5333
3921,Mount Lebanon -> Aley -> Ain er Remmane,Mount Lebanon,33.8333,35.5333
3922,Mount Lebanon -> Aley -> Bhamdoun ed Dayaa,Mount Lebanon,33.8333,35.5333
3923,Mount Lebanon -> Baabda -> Baalchmay,Mount Lebanon,33.8333,35.5333
3924,Mount Lebanon -> Aley -> Sofar,Mount Lebanon,33.8333,35.5333
3925,Mount Lebanon -> Chouf -> Barja,Mount Lebanon,33.8333,35.5333
3926,Mount Lebanon -> Chouf -> Moukhtara,Mount Lebanon,33.8333,35.5333
3927,Mount Lebanon -> Baabda -> Ain er Roummane,Mount Lebanon,33.8333,35.5333
3928,Mount Lebanon -> Chouf -> Jdaide chouf,Mount Lebanon,33.8333,35.5333
3929,Mount Lebanon -> Baabda -> Ouadi Chahrour el Olia,Mount Lebanon,33.8333,35.5333
3930,Mount Lebanon -> Baabda -> Kfarchima,Mount Lebanon,33.8333,35.5333
3931,Mount Lebanon -> Aley -> Aley,Mount Lebanon,33.8333,35.5333
3932,Baalbek El Hermel -> Baalbek -> Aarsal,Baalbek El Hermel,34.398038,36.387342
3933,El Nabatieh -> El Nabatieh,El Nabatieh,33.366667,35.466667
3934,Baalbek El Hermel -> El Hermel,Baalbek El Hermel,34.398038,36.387342
3935,Mount Lebanon,Mount Lebanon,33.8333,35.5333
3936,Baalbek El Hermel -> Baalbek,Baalbek El Hermel,34.398038,36.387342
3937,South -> Sour,South,33.55,35.3833
3938,Bekaa -> Zahle,Bekaa,34.0089,36.1453
3939,South -> Saida,South,33.55,35.3833
3940,Beirut -> Beirut,Beirut,33.8869,35.5131
3941,North,North,34.4333,35.85
3942,Bekaa -> West Bekaa,Bekaa,34.0089,36.1453
3943,South -> Saida -> Saida,South,33.55,35.3833
3944,North -> El Minieh Dennie -> El Beddaoui,North,34.4333,35.85
3945,Beirut -> Beirut -> Palais De Justice,Beirut,33.8869,35.5131
3946,Mount Lebanon -> El Meten -> Mkalless,Mount Lebanon,33.8333,35.5333
3947,Bekaa,Bekaa,34.0089,36.1453
3948,South -> Saida -> Ain el Hiloue,South,33.55,35.3833
3949,Baalbek El Hermel -> El Hermel -> Hermel,Baalbek El Hermel,34.398038,36.387342
3950,Baalbek El Hermel -> Baalbek -> Zabboud,Baalbek El Hermel,34.398038,36.387342
3951,Baalbek El Hermel -> Baalbek -> Barqa,Baalbek El Hermel,34.398038,36.387342
3952,Baalbek El Hermel -> Baalbek -> Jdaide Fekehe,Baalbek El Hermel,34.398038,36.387342
3953,Bekaa -> West Bekaa -> Meidoun,Bekaa,34.0089,36.1453
3954,Bekaa -> West Bekaa -> Mansoura,Bekaa,34.0089,36.1453
3955,Baalbek El Hermel -> Baalbek -> Halbata,Baalbek El Hermel,34.398038,36.387342
3956,Baalbek El Hermel -> Baalbek -> Nahle,Baalbek El Hermel,34.398038,36.387342
3957,Baalbek El Hermel -> El Hermel -> Qasr,Baalbek El Hermel,34.398038,36.387342
3958,Baalbek El Hermel -> El Hermel -> Kouakh,Baalbek El Hermel,34.398038,36.387342
3959,Baalbek El Hermel -> El Hermel -> Jisr el Aassi,Baalbek El Hermel,34.398038,36.387342
3960,Bekaa -> Rachaya -> Mhaidse,Bekaa,34.0089,36.1453
3961,Bekaa -> West Bekaa -> Qaraoun,Bekaa,34.0089,36.1453
3962,Bekaa -> Rachaya -> Tannoura,Bekaa,34.0089,36.1453
3963,Bekaa -> Rachaya -> Kaoukaba,Bekaa,34.0089,36.1453
3964,Bekaa -> West Bekaa -> Houch el Harime,Bekaa,34.0089,36.1453
3965,Bekaa -> Rachaya -> Yanta,Bekaa,34.0089,36.1453
3966,Bekaa -> West Bekaa -> Khirbet Qanafar,Bekaa,34.0089,36.1453
3967,Bekaa -> West Bekaa -> Aammiq,Bekaa,34.0089,36.1453
3968,Bekaa -> Zahle -> Hazerta,Bekaa,34.0089,36.1453
3969,Bekaa -> Zahle -> Qabb Elias,Bekaa,34.0089,36.1453
3970,Bekaa -> Zahle -> Jdita,Bekaa,34.0089,36.1453
3971,Bekaa -> Zahle -> Zahle,Bekaa,34.0089,36.1453
3972,Baalbek El Hermel -> Baalbek -> Baalbek,Baalbek El Hermel,34.398038,36.387342
3973,North -> Tripoli -> Tabbaneh,North,34.4333,35.85
3974,Bekaa -> Zahle -> Haouch el Oumara Aradi,Bekaa,34.0089,36.1453
3975,North -> Tripoli,North,34.4333,35.85
3976,Beirut,Beirut,33.8869,35.5131
3977,South,South,33.55,35.3833
3978,Akkar -> Akkar,Akkar,34.5506,36.0781
3979,North -> El Koura -> Barsa,North,34.4333,35.85
3980,North -> Tripoli -> El Maloula,North,34.4333,35.85
3981,North -> Tripoli -> Shok,North,34.4333,35.85
3982,North -> El Koura -> Btouratij,North,34.4333,35.85
3983,North -> Tripoli -> Fouwar zgharta,North,34.4333,35.85
3984,Akkar -> Akkar -> Rihaniye,Akkar,34.5506,36.0781
3985,Akkar -> Akkar -> Abde,Akkar,34.5506,36.0781
3986,North -> Tripoli -> Abou Samra,North,34.4333,35.85
3987,North -> Tripoli -> Tal,North,34.4333,35.85
3988,North -> Tripoli -> El Mina,North,34.4333,35.85
3989,North -> Tripoli -> Qoubbe,North,34.4333,35.85
3990,North -> El Minieh Dennie,North,34.4333,35.85
3991,Mount Lebanon -> El Meten -> Bhersaf,Mount Lebanon,33.8333,35.5333
3992,Mount Lebanon -> Kesrwane -> Raifoun,Mount Lebanon,33.8333,35.5333
3993,Baalbek El Hermel -> Baalbek -> El Ain,Baalbek El Hermel,34.398038,36.387342
3994,Bekaa -> West Bekaa -> Kamed el Laouz,Bekaa,34.0089,36.1453
3995,South -> Sour -> Sour,South,33.55,35.3833
3996,Baalbek El Hermel -> Baalbek -> Qaa Jouar Maqiyeh,Baalbek El Hermel,34.398038,36.387342
3997,Baalbek El Hermel -> Baalbek -> El Qaa,Baalbek El Hermel,34.398038,36.387342
3998,Baalbek El Hermel -> Baalbek -> Qaa Ouadi el Khanzir,Baalbek El Hermel,34.398038,36.387342
3999,Baalbek El Hermel -> El Hermel -> Hermel Jbab,Baalbek El Hermel,34.398038,36.387342
4000,Baalbek El Hermel -> Baalbek -> Qsarnaba,Baalbek El Hermel,34.398038,36.387342
4001,Baalbek El Hermel -> Baalbek -> Houch Er Rafqa,Baalbek El Hermel,34.398038,36.387342
4002,Baalbek El Hermel -> Baalbek -> Tamnine El Faouqa,Baalbek El Hermel,34.398038,36.387342
4003,Baalbek El Hermel -> Baalbek -> Saraain el Faouqa,Baalbek El Hermel,34.398038,36.387342
4004,Bekaa -> West Bekaa -> Al-Wakf,Bekaa,34.0089,36.1453
4005,Bekaa -> Rachaya -> Dahr el Ahmar,Bekaa,34.0089,36.1453
4006,Bekaa -> Rachaya -> Majdal Balhis,Bekaa,34.0089,36.1453
4007,Bekaa -> West Bekaa -> Aana,Bekaa,34.0089,36.1453
4008,Bekaa -> Rachaya -> Haouch El Qinnabeh,Bekaa,34.0089,36.1453
4009,Bekaa -> West Bekaa -> Hammara,Bekaa,34.0089,36.1453
4010,Bekaa -> Rachaya -> Rachaiya,Bekaa,34.0089,36.1453
4011,Bekaa -> West Bekaa -> Dakoue,Bekaa,34.0089,36.1453
4012,Bekaa -> Rachaya -> Khirbet Rouha,Bekaa,34.0089,36.1453
4013,Bekaa -> Zahle -> Ain Kfar Zabad,Bekaa,34.0089,36.1453
4014,Bekaa -> West Bekaa -> Ghazze,Bekaa,34.0089,36.1453
4015,Bekaa -> Zahle -> Massa,Bekaa,34.0089,36.1453
4016,Bekaa -> West Bekaa -> El Jezire,Bekaa,34.0089,36.1453
4017,Bekaa -> West Bekaa -> Ain Zebde,Bekaa,34.0089,36.1453
4018,Bekaa -> West Bekaa -> Soultane Yaaqoub el Faouqa,Bekaa,34.0089,36.1453
4019,Bekaa -> West Bekaa -> Istabl,Bekaa,34.0089,36.1453
4020,Bekaa -> West Bekaa -> Joub Jannine,Bekaa,34.0089,36.1453
4021,Bekaa -> Zahle -> Hechmech,Bekaa,34.0089,36.1453
4022,Bekaa -> Zahle -> Mazraat Zahle,Bekaa,34.0089,36.1453
4023,Bekaa -> West Bekaa -> Machgara,Bekaa,34.0089,36.1453
4024,Bekaa -> West Bekaa -> Lala,Bekaa,34.0089,36.1453
4025,Bekaa -> West Bekaa -> Souairi,Bekaa,34.0089,36.1453
4026,Bekaa -> West Bekaa -> Saghbine,Bekaa,34.0089,36.1453
4027,Bekaa -> Zahle -> Houch Hala,Bekaa,34.0089,36.1453
4028,Bekaa -> Zahle -> Taalabaya,Bekaa,34.0089,36.1453
4029,Bekaa -> West Bekaa -> Soultan Yaaqoub Aradi,Bekaa,34.0089,36.1453
4030,Bekaa -> Zahle -> Raite,Bekaa,34.0089,36.1453
4031,Bekaa -> Zahle -> Deir el Ghazal,Bekaa,34.0089,36.1453
4032,Bekaa -> Zahle -> Koussaya,Bekaa,34.0089,36.1453
4033,Bekaa -> West Bekaa -> Kafraiya West Bekaa,Bekaa,34.0089,36.1453
4034,Bekaa -> Zahle -> Dalhamiye,Bekaa,34.0089,36.1453
4035,Bekaa -> Zahle -> Terbol,Bekaa,34.0089,36.1453
4036,Bekaa -> Zahle -> Tcheflik Eddeh Haouch,Bekaa,34.0089,36.1453
4037,Bekaa -> West Bekaa -> Baaloul,Bekaa,34.0089,36.1453
4038,Bekaa -> Zahle -> Zahle Maalaqa Aradi,Bekaa,34.0089,36.1453
4039,Bekaa -> West Bekaa -> Khiara,Bekaa,34.0089,36.1453
4040,Bekaa -> Rachaya,Bekaa,34.0089,36.1453
4041,Bekaa -> Zahle -> Kfar Zabad,Bekaa,34.0089,36.1453
4042,Bekaa -> West Bekaa -> Tall Znoub,Bekaa,34.0089,36.1453
4043,Baalbek El Hermel,Baalbek El Hermel,34.398038,36.387342
4044,Mount Lebanon -> Chouf,Mount Lebanon,33.8333,35.5333
4045,North -> Zgharta,North,34.4333,35.85
4046,Akkar,Akkar,34.5506,36.0781
4047,Beirut -> Beirut -> Beirut,Beirut,33.8869,35.5131
4048,North -> Tripoli -> Tripoli,North,34.4333,35.85
4049,North -> Zgharta -> Aalma,North,34.4333,35.85
4050,North -> El Minieh Dennie -> El Minie,North,34.4333,35.85
4051,Akkar -> Akkar -> Halba,Akkar,34.5506,36.0781
4052,North -> El Minieh Dennie -> Bakhaoun,North,34.4333,35.85
4053,North -> El Koura -> Dahr AlAin,North,34.4333,35.85
4054,North -> El Minieh Dennie -> Deir Amar,North,34.4333,35.85
4055,Akkar -> Akkar -> Wadi Khaled,Akkar,34.5506,36.0781
4056,Akkar -> Akkar -> Nahr El Bared,Akkar,34.5506,36.0781
4057,Mount Lebanon -> Baabda -> Chatila,Mount Lebanon,33.8333,35.5333
4058,Mount Lebanon -> Aley,Mount Lebanon,33.8333,35.5333
4059,South -> Sour -> El Bass,South,33.55,35.3833
4060,South -> Sour -> Borj ech Chmali,South,33.55,35.3833
4061,South -> Sour -> Qasmiye,South,33.55,35.3833
4062,South -> Sour -> Rachidiye,South,33.55,35.3833
4063,Beirut -> Beirut -> Beirut Central District,Beirut,33.8869,35.5131
4064,South -> Saida -> Miye Ou Miye,South,33.55,35.3833
4065,Beirut -> Beirut -> Mar Elias,Beirut,33.8869,35.5131
4066,Beirut -> Beirut -> Raoucheh,Beirut,33.8869,35.5131
4067,Beirut -> Beirut -> Aadlyeh,Beirut,33.8869,35.5131
4068,Mount Lebanon -> Baabda -> Furn ech Chebak,Mount Lebanon,33.8333,35.5333
4069,El Nabatieh,El Nabatieh,33.366667,35.466667
4070,Mount Lebanon -> El Meten -> Baouchriye,Mount Lebanon,33.8333,35.5333
4071,Mount Lebanon -> El Meten -> Fanar,Mount Lebanon,33.8333,35.5333
4072,Mount Lebanon -> El Meten -> Dekouane,Mount Lebanon,33.8333,35.5333
4073,Mount Lebanon -> El Meten -> Nabay,Mount Lebanon,33.8333,35.5333
4074,North -> Tripoli -> Bab Al Ramel,North,34.4333,35.85
4075,North -> Tripoli -> Qalamoun,North,34.4333,35.85
4076,Akkar -> Akkar -> Daousse Baghdadi,Akkar,34.5506,36.0781
4077,Akkar -> Akkar -> Berqayel,Akkar,34.5506,36.0781
4078,Akkar -> Akkar -> Kousha,Akkar,34.5506,36.0781
4079,Akkar -> Akkar -> Machha,Akkar,34.5506,36.0781
4080,Mount Lebanon -> El Meten,Mount Lebanon,33.8333,35.5333
4081,North -> Tripoli -> Mhamra,North,34.4333,35.85
4082, South > Sour,South,33.55,35.3833
4083, South > Saida,South,33.55,35.3833
4084, Beirut,Beirut,33.8869,35.5131
4085, Bekaa,Bekaa,34.0089,36.1453
4086, North,North,34.4333,35.85
4087, Akkar,Akkar,34.5506,36.0781
4088, El Nabatieh,El Nabatieh,33.366667,35.466667
4089, South,South,33.55,35.3833
4090, Mount Lebanon,Mount Lebanon,33.8333,35.5333
4091, Baalbek El Hermel,Baalbek El Hermel,34.398038,36.387342
4092, Baalbek El Hermel > Baalbek > Aarsal,Baalbek El Hermel,34.398038,36.387342
4093, Baalbek El Hermel > Baalbek,Baalbek El Hermel,34.398038,36.387342
4094, Beirut > Beirut,Beirut,33.8869,35.5131
4095, El Nabatieh > El Nabatieh,El Nabatieh,33.366667,35.466667
4096, Mount Lebanon > Chouf,Mount Lebanon,33.8333,35.5333
4097, South > Jezzine,South,33.55,35.3833
4098, Mount Lebanon > Aley,Mount Lebanon,33.8333,35.5333
4099, North > El Koura,North,34.4333,35.85
4100, North > Bcharre,North,34.4333,35.85
4101, North > El Batroun,North,34.4333,35.85
4102, North > El Minieh Dennie,North,34.4333,35.85
4103, North > Zgharta,North,34.4333,35.85
4104, North > Tripoli,North,34.4333,35.85
4105, Akkar > Akkar,Akkar,34.5506,36.0781
4106, Mount Lebanon > El Meten,Mount Lebanon,33.8333,35.5333
4107, El Nabatieh > Bent Jbeil,El Nabatieh,33.366667,35.466667
4108, El Nabatieh > Hasbaya,El Nabatieh,33.366667,35.466667
4109, El Nabatieh > Marjaayoun,El Nabatieh,33.366667,35.466667
4110, South > Sour > Borj ech Chmali,South,33.55,35.3833
4111, North > Tripoli > Tripoli,North,34.4333,35.85
4112, South > Sour > Qasmiye,South,33.55,35.3833
4113, Bekaa > Zahle > Chtaura,Bekaa,34.0089,36.1453
4114, Beirut > Beirut > Beirut,Beirut,33.8869,35.5131
4115, South > Saida > Saida,South,33.55,35.3833
4116, South > Sour > Chabriha,South,33.55,35.3833
4117, South > Sour > Sour,South,33.55,35.3833
4118, South > Sour > Rachidiye,South,33.55,35.3833
4119, Mount Lebanon > Baabda,Mount Lebanon,33.8333,35.5333
4120, Mount Lebanon > Kesrwane,Mount Lebanon,33.8333,35.5333
4121, Bekaa > Zahle,Bekaa,34.0089,36.1453
4122, Bekaa > Rachaya,Bekaa,34.0089,36.1453
4123, Bekaa > West Bekaa,Bekaa,34.0089,36.1453
4124, Baalbek El Hermel > El Hermel,Baalbek El Hermel,34.398038,36.387342
4125, Mount Lebanon > Jbeil,Mount Lebanon,33.8333,35.5333
4126, Baalbek El Hermel > Baalbek > Baalbek,Baalbek El Hermel,34.398038,36.387342
4127, Akkar > Akkar > Berqayel,Akkar,34.5506,36.0781
4128, North > El Koura > Kfar Saroun,North,34.4333,35.85
4129, North > Tripoli > Qalamoun,North,34.4333,35.85
4130, Bekaa > Zahle > Ain Kfar Zabad,Bekaa,34.0089,36.1453
4131, Akkar > Akkar > Aakkar El Attiqa,Akkar,34.5506,36.0781
4132, Akkar > Akkar > Cheikh Zennad Talbibe,Akkar,34.5506,36.0781
4133, Akkar > Akkar > Bezbina,Akkar,34.5506,36.0781
4134, Akkar > Akkar > Deir Dalloum,Akkar,34.5506,36.0781
4135, Mount Lebanon > El Meten > En Nabaa,Mount Lebanon,33.8333,35.5333
4136, Baalbek El Hermel > Baalbek > Nabi Chit,Baalbek El Hermel,34.398038,36.387342
4137, Akkar > Akkar > Machta Hammoud,Akkar,34.5506,36.0781
4138, Akkar > Akkar > Jdeidet El Qaitaa,Akkar,34.5506,36.0781
4139, Akkar > Akkar > Mechmech,Akkar,34.5506,36.0781
4140, Baalbek El Hermel > Baalbek > Boudai,Baalbek El Hermel,34.398038,36.387342
4141, Akkar > Akkar > Machta Hassan,Akkar,34.5506,36.0781
4142, North > Zgharta > Rachaaine,North,34.4333,35.85
4143, Akkar > Akkar > Aarida,Akkar,34.5506,36.0781
4144, Baalbek El Hermel > Baalbek > Bednayel,Baalbek El Hermel,34.398038,36.387342
4145, Akkar > Akkar > Khirbet Daoud,Akkar,34.5506,36.0781
4146, Akkar > Akkar > Wadi Khaled,Akkar,34.5506,36.0781
4147, Baalbek El Hermel > Baalbek > Saraain et Tahta,Baalbek El Hermel,34.398038,36.387342
4148, Mount Lebanon > Baabda > Jnah,Mount Lebanon,33.8333,35.5333
4149, Akkar > Akkar > Majdla,Akkar,34.5506,36.0781
4150, El Nabatieh > Hasbaya > Khalouat Hasbaya,El Nabatieh,33.366667,35.466667
4151, Akkar > Akkar > Aarqa,Akkar,34.5506,36.0781
4152, Baalbek El Hermel > Baalbek > Chmistar,Baalbek El Hermel,34.398038,36.387342
4153, Mount Lebanon > Baabda > Ain er Roummane,Mount Lebanon,33.8333,35.5333
4154, Mount Lebanon > El Meten > Antelias,Mount Lebanon,33.8333,35.5333
4155, Mount Lebanon > El Meten > Zalqa,Mount Lebanon,33.8333,35.5333
4156, Mount Lebanon > El Meten > Baouchriye,Mount Lebanon,33.8333,35.5333
4157, Baalbek El Hermel > Baalbek > Deir El Ahmar,Baalbek El Hermel,34.398038,36.387342
4158, Mount Lebanon > El Meten > Daoura,Mount Lebanon,33.8333,35.5333
4159, Akkar > Akkar > Fnaideq,Akkar,34.5506,36.0781
4160, El Nabatieh > Marjaayoun > Marjaayoun,El Nabatieh,33.366667,35.466667
4161, Baalbek El Hermel > Baalbek > Qsarnaba,Baalbek El Hermel,34.398038,36.387342
4162, North > El Minieh Dennie > Ouadi En Nahle,North,34.4333,35.85
4163, South > Jezzine > Jezzine,South,33.55,35.3833
4164, Mount Lebanon > Kesrwane > Jounieh,Mount Lebanon,33.8333,35.5333
4165, Baalbek El Hermel > Baalbek > Yammoune,Baalbek El Hermel,34.398038,36.387342
4166, Mount Lebanon > Kesrwane > Zouk Mosbeh,Mount Lebanon,33.8333,35.5333
4167, Mount Lebanon > El Meten > Dekouane,Mount Lebanon,33.8333,35.5333
4168, El Nabatieh > Bent Jbeil > Bent Jubail,El Nabatieh,33.366667,35.466667
4169, North > El Minieh Dennie > Deir Nbouh,North,34.4333,35.85
4170, Mount Lebanon > El Meten > Sinn el Fil,Mount Lebanon,33.8333,35.5333
4171, North > Tripoli > Bab Al Ramel,North,34.4333,35.85
4172, Mount Lebanon > Kesrwane > Aachqout,Mount Lebanon,33.8333,35.5333
4173, North > Zgharta > Arde,North,34.4333,35.85
4174, Mount Lebanon > Kesrwane > Kfardibiane,Mount Lebanon,33.8333,35.5333
4175, North > El Minieh Dennie > Kfar Habou,North,34.4333,35.85
4176, Akkar > Akkar > Takrit,Akkar,34.5506,36.0781
4177, Beirut > Beirut > Achrafiye,Beirut,33.8869,35.5131
4178, Akkar > Akkar > Bebnine,Akkar,34.5506,36.0781
4179, Beirut > Beirut > Beirut Central District,Beirut,33.8869,35.5131
4180, Mount Lebanon > El Meten > Borj Hammoud,Mount Lebanon,33.8333,35.5333
4181, Mount Lebanon > Aley > Aley,Mount Lebanon,33.8333,35.5333
4182, Beirut > Beirut > Mazraa,Beirut,33.8869,35.5131
4183, Mount Lebanon > Aley > Aabey,Mount Lebanon,33.8333,35.5333
4184, Mount Lebanon > Aley > Hay es Sellom,Mount Lebanon,33.8333,35.5333
4185, Mount Lebanon > Aley > Kfar Matta,Mount Lebanon,33.8333,35.5333
4186, Mount Lebanon > Aley > Bchamoun,Mount Lebanon,33.8333,35.5333
4187, Mount Lebanon > Baabda > Borj el Brajne,Mount Lebanon,33.8333,35.5333
4188, Mount Lebanon > El Meten > Dbaiye,Mount Lebanon,33.8333,35.5333
4189, Mount Lebanon > Aley > Ain Dara,Mount Lebanon,33.8333,35.5333
4190, Mount Lebanon > Aley > Aaramoun,Mount Lebanon,33.8333,35.5333
4191, Mount Lebanon > Baabda > Sabra,Mount Lebanon,33.8333,35.5333
4192, South > Saida > Aabra,South,33.55,35.3833
4193, Mount Lebanon > Baabda > Bir Hassan,Mount Lebanon,33.8333,35.5333
4194, Mount Lebanon > Baabda > Chatila,Mount Lebanon,33.8333,35.5333
4195, North > Tripoli > Qoubbe,North,34.4333,35.85
4196, Mount Lebanon > Baabda > Chiayah,Mount Lebanon,33.8333,35.5333
4197, Mount Lebanon > El Meten > Ain Saade,Mount Lebanon,33.8333,35.5333
4198, Beirut > Beirut > Tariq El Jdide,Beirut,33.8869,35.5131
4199, Mount Lebanon > Baabda > El Ouzaai,Mount Lebanon,33.8333,35.5333
4200, Mount Lebanon > Baabda > Cite Sportive,Mount Lebanon,33.8333,35.5333
4201, Mount Lebanon > El Meten > Jdaide el Meten,Mount Lebanon,33.8333,35.5333
4202, North > El Batroun > Chekka,North,34.4333,35.85
4203, North > Zgharta > Zgharta,North,34.4333,35.85
4204, Mount Lebanon > Chouf > Dibbiye,Mount Lebanon,33.8333,35.5333
4205, Mount Lebanon > El Meten > Fanar,Mount Lebanon,33.8333,35.5333
4206, Akkar > Akkar > Akroum,Akkar,34.5506,36.0781
4207, North > El Koura > Aaba,North,34.4333,35.85
4208, Akkar > Akkar > Halba,Akkar,34.5506,36.0781
4209, Akkar > Akkar > Aadouiye,Akkar,34.5506,36.0781
4210, North > El Minieh Dennie > Aadoui,North,34.4333,35.85
4211, South > Saida > Arzay,South,33.55,35.3833
4212, South > Saida > Dekerman,South,33.55,35.3833
4213, Bekaa > West Bekaa > Hammara,Bekaa,34.0089,36.1453
4214, Mount Lebanon > Baabda > Baabda,Mount Lebanon,33.8333,35.5333
4215, Bekaa > Rachaya > Rafid,Bekaa,34.0089,36.1453
4216, Bekaa > West Bekaa > Soultan Yaaqoub Aradi,Bekaa,34.0089,36.1453
4217, Mount Lebanon > Jbeil > Jbail,Mount Lebanon,33.8333,35.5333
4218, Bekaa > Zahle > Koussaya,Bekaa,34.0089,36.1453
4219, Bekaa > West Bekaa > Khiara,Bekaa,34.0089,36.1453
4220, Bekaa > Zahle > Deir el Ghazal,Bekaa,34.0089,36.1453
4221, South > Saida > Wastani,South,33.55,35.3833
4222, Bekaa > West Bekaa > Yohmor West Bekaa,Bekaa,34.0089,36.1453
4223, Mount Lebanon > Baabda > Haret Hraik,Mount Lebanon,33.8333,35.5333
4224, South > Saida > Aaqbiye,South,33.55,35.3833
4225, Bekaa > Rachaya > Kfar Danis,Bekaa,34.0089,36.1453
4226, Beirut > Beirut > Remeil,Beirut,33.8869,35.5131
4227, South > Saida > Ghaziye,South,33.55,35.3833
4228, South > Saida > Sarafand,South,33.55,35.3833
4229, Bekaa > Zahle > Kfar Zabad,Bekaa,34.0089,36.1453
4230, South > Saida > Baissariye,South,33.55,35.3833
4231, Bekaa > Zahle > Raite,Bekaa,34.0089,36.1453
4232, Lebanon > Bekaa > Zahle > Al Faour,Bekaa,34.0089,36.1453
4233, North > El Minieh Dennie > El Minie,North,34.4333,35.85
4234, Beirut > Beirut > Bachoura,Beirut,33.8869,35.5131
4235, Beirut > Beirut > Moussaitbe,Beirut,33.8869,35.5131
4236, Beirut > Beirut > Ras Beirut,Beirut,33.8869,35.5131
4237, Lebanon > Bekaa > Zahle > Dalhamiye,Bekaa,34.0089,36.1453
4238, Akkar > Akkar > Qoubbet Chamra,Akkar,34.5506,36.0781
4239, North > Tripoli > Abou Samra,North,34.4333,35.85
4240, Akkar > Akkar > Borj el Arab,Akkar,34.5506,36.0781
4241, North > Tripoli > Mhamra,North,34.4333,35.85
4242, North > El Koura > En Nakhle,North,34.4333,35.85
4243, Akkar > Akkar > Amayer,Akkar,34.5506,36.0781
4244, El Nabatieh > El Nabatieh > Kfar Tebnit,El Nabatieh,33.366667,35.466667
4245, North > Tripoli > Trablous Zeitoun,North,34.4333,35.85
4246, North > Tripoli > Zahrieh,North,34.4333,35.85
4247, North > Tripoli > Mankoubin,North,34.4333,35.85
4248, El Nabatieh > El Nabatieh > Aadchit ech Chqif,El Nabatieh,33.366667,35.466667
4249, Bekaa > West Bekaa > Ghazze,Bekaa,34.0089,36.1453
4250, North > El Minieh Dennie > Bhannine El Minieh,North,34.4333,35.85
4251, Akkar > Akkar > Abde,Akkar,34.5506,36.0781
4252, Bekaa > Zahle > Zahle,Bekaa,34.0089,36.1453
4253, North > El Minieh Dennie > Deir Amar,North,34.4333,35.85
4254, El Nabatieh > El Nabatieh > Qsaibe El Nabatieh,El Nabatieh,33.366667,35.466667
4255, North > El Minieh Dennie > Bqarsouna,North,34.4333,35.85
4256, North > El Minieh Dennie > El Beddaoui,North,34.4333,35.85
4257, South > Sour > Aabbassiye,South,33.55,35.3833
4258, Mount Lebanon > Chouf > Naame,Mount Lebanon,33.8333,35.5333
4259, Bekaa > Zahle > Bar Elias,Bekaa,34.0089,36.1453
4260, El Nabatieh > El Nabatieh > Kfar Roummane,El Nabatieh,33.366667,35.466667
4261, Bekaa > Zahle > Taalabaya,Bekaa,34.0089,36.1453
4262, South > Saida > Kharayeb Saida,South,33.55,35.3833
4263, South > Sour > Srifa,South,33.55,35.3833
4264, South > Sour > Siddiqine,South,33.55,35.3833
4265, Bekaa > Zahle > Majdel Anjar,Bekaa,34.0089,36.1453
4266, El Nabatieh > El Nabatieh > Nabatiye el Faouqa,El Nabatieh,33.366667,35.466667
4267, Bekaa > Zahle > Saadnayel,Bekaa,34.0089,36.1453
4268, Baalbek El Hermel > El Hermel > Hermel,Baalbek El Hermel,34.398038,36.387342
4269, El Nabatieh > El Nabatieh > Harouf,El Nabatieh,33.366667,35.466667
4270, El Nabatieh > El Nabatieh > Deir ez Zahrani,El Nabatieh,33.366667,35.466667
4271, El Nabatieh > El Nabatieh > Doueir El Nabatieh,El Nabatieh,33.366667,35.466667
4272, El Nabatieh > El Nabatieh > Insar,El Nabatieh,33.366667,35.466667
4273, El Nabatieh > El Nabatieh > Toul,El Nabatieh,33.366667,35.466667
4274, El Nabatieh > El Nabatieh > Habbouch,El Nabatieh,33.366667,35.466667
4275, North > El Minieh Dennie > Harf es siyad,North,34.4333,35.85
4276, North > El Minieh Dennie > Bakhaoun,North,34.4333,35.85
4277, Mount Lebanon > Chouf > Daraiya,Mount Lebanon,33.8333,35.5333
4278, Akkar > Akkar > Cheik Mohammad,Akkar,34.5506,36.0781
4279, Akkar > Akkar > Qinye,Akkar,34.5506,36.0781
4280, Akkar > Akkar > Chir Hmairine,Akkar,34.5506,36.0781
4281, Akkar > Akkar > Aaidamoun,Akkar,34.5506,36.0781
4282, Baalbek El Hermel > Baalbek > Douris,Baalbek El Hermel,34.398038,36.387342
4283, Akkar > Akkar > Mqaitaa,Akkar,34.5506,36.0781
4284, Baalbek El Hermel > Baalbek > Britel,Baalbek El Hermel,34.398038,36.387342
4285, Akkar > Akkar > Amaret el Baykat,Akkar,34.5506,36.0781
4286, Akkar > Akkar > Mouanse,Akkar,34.5506,36.0781
4287, North > El Minieh Dennie > Bechtayel,North,34.4333,35.85
4288, North > El Minieh Dennie > Beit Zoud,North,34.4333,35.85
4289, North > El Minieh Dennie > Mrah Es Sreij,North,34.4333,35.85
4290, Beirut > Beirut > Aadlyeh,Beirut,33.8869,35.5131
4291, Baalbek El Hermel > Baalbek > Aadous,Baalbek El Hermel,34.398038,36.387342
4292, Akkar > Akkar > Ouadi Ej jamous,Akkar,34.5506,36.0781
4293, North > Tripoli > El Mina,North,34.4333,35.85
4294, North > Tripoli > Mina Jardin,North,34.4333,35.85
4295, Bekaa > Rachaya > Rachaiya,Bekaa,34.0089,36.1453
4296, Baalbek El Hermel > Baalbek > Ras Baalbek,Baalbek El Hermel,34.398038,36.387342
4297, Baalbek El Hermel > Baalbek > El Qaa,Baalbek El Hermel,34.398038,36.387342
4298, North > Tripoli > Tabbaneh,North,34.4333,35.85
4299, Akkar > Akkar > Nahr El Bared,Akkar,34.5506,36.0781
4300, Akkar > Akkar > Ilat,Akkar,34.5506,36.0781
4301, North > El Minieh Dennie > Aassoun,North,34.4333,35.85
4302, North > Tripoli > MINA 1,North,34.4333,35.85
4303, Akkar > Akkar > Beit Younes,Akkar,34.5506,36.0781
4304, Akkar > Akkar > Aaiyat,Akkar,34.5506,36.0781
4305, Akkar > Akkar > El Qorne,Akkar,34.5506,36.0781
4306, Akkar > Akkar > Beit Ayoub,Akkar,34.5506,36.0781
4307, Akkar > Akkar > Tell Hayat,Akkar,34.5506,36.0781
4308, North > El Batroun > Batroun,North,34.4333,35.85
4309, Bekaa > West Bekaa > Joub Jannine,Bekaa,34.0089,36.1453
4310, Mount Lebanon > Chouf > Ain Ouzain,Mount Lebanon,33.8333,35.5333
4311, Mount Lebanon > El Meten > Dahr el Bacheq,Mount Lebanon,33.8333,35.5333
4312, Mount Lebanon > Aley > Baissour,Mount Lebanon,33.8333,35.5333
4313, Mount Lebanon > Chouf > Sibline,Mount Lebanon,33.8333,35.5333
4314, Beirut > Beirut > Ej Jeitaoui,Beirut,33.8869,35.5131
4315, Beirut > Beirut > Dar Al Fatwa,Beirut,33.8869,35.5131
4316, North > El Koura > Amioun,North,34.4333,35.85
4317, North > El Batroun > Douma,North,34.4333,35.85
4318, Akkar > Akkar > Qabaait,Akkar,34.5506,36.0781
4319, Mount Lebanon > El Meten > Sad el Baouchriye,Mount Lebanon,33.8333,35.5333
4320, Mount Lebanon > El Meten > Baskinta,Mount Lebanon,33.8333,35.5333
4321, Akkar > Akkar > Bire Akkar,Akkar,34.5506,36.0781
4322, Baalbek El Hermel > Baalbek > Haouch Snaid,Baalbek El Hermel,34.398038,36.387342
4323, Baalbek El Hermel > Baalbek > Nabha,Baalbek El Hermel,34.398038,36.387342
4324, Baalbek El Hermel > Baalbek > Chaat,Baalbek El Hermel,34.398038,36.387342
4325, Beirut > Beirut > Zoqaq el Blat,Beirut,33.8869,35.5131
4326, Mount Lebanon > Kesrwane > Haret Sakher,Mount Lebanon,33.8333,35.5333
4327, Baalbek El Hermel > Baalbek > Saaide,Baalbek El Hermel,34.398038,36.387342
4328, Beirut > Beirut > Basta Tahta,Beirut,33.8869,35.5131
4329, Beirut > Beirut > Basta Faouka,Beirut,33.8869,35.5131
4330, Mount Lebanon > Kesrwane > Bouar,Mount Lebanon,33.8333,35.5333
4331, Mount Lebanon > Kesrwane > Raifoun,Mount Lebanon,33.8333,35.5333
4332, Baalbek El Hermel > Baalbek > Tamnine El Faouqa,Baalbek El Hermel,34.398038,36.387342
4333, Mount Lebanon > Kesrwane > Kfour,Mount Lebanon,33.8333,35.5333
4334, Beirut > Beirut > Ras El Nabaa,Beirut,33.8869,35.5131
4335, South > Saida > Merouaniye,South,33.55,35.3833
4336, Mount Lebanon > Kesrwane > Zouq Mkayel,Mount Lebanon,33.8333,35.5333
4337, Mount Lebanon > Kesrwane > Safra kesrwane,Mount Lebanon,33.8333,35.5333
4338, South > Saida > Aaddoussiye,South,33.55,35.3833
4339, South > Saida > Saksakiye,South,33.55,35.3833
4340, Mount Lebanon > Kesrwane > Sarba,Mount Lebanon,33.8333,35.5333
4341, Mount Lebanon > Kesrwane > Sahel Aalma,Mount Lebanon,33.8333,35.5333
4342, South > Saida > Babliye,South,33.55,35.3833
4343, South > Saida > Zrariye,South,33.55,35.3833
4344, Beirut > Beirut > El Zarif,Beirut,33.8869,35.5131
4345, Akkar > Akkar > Sammouniye,Akkar,34.5506,36.0781
4346, Akkar > Akkar > Tal Meaayan,Akkar,34.5506,36.0781
4347, Baalbek El Hermel > Baalbek > Beit Chama,Baalbek El Hermel,34.398038,36.387342
4348, Beirut > Beirut > Medouar,Beirut,33.8869,35.5131
4349, Mount Lebanon > Kesrwane > Tabarja,Mount Lebanon,33.8333,35.5333
4350, Akkar > Akkar > Aamara,Akkar,34.5506,36.0781
4351, Baalbek El Hermel > Baalbek > Laboue,Baalbek El Hermel,34.398038,36.387342
4352, Akkar > Akkar > Kawashra,Akkar,34.5506,36.0781
4353, South > Saida > Aadloun,South,33.55,35.3833
4354, South > Saida > Toufahta,South,33.55,35.3833
4355, Mount Lebanon > Baabda > Boutchai,Mount Lebanon,33.8333,35.5333
4356, Mount Lebanon > Baabda > Haret El Botm,Mount Lebanon,33.8333,35.5333
4357, Mount Lebanon > Baabda > Kfarchima,Mount Lebanon,33.8333,35.5333
4358, Mount Lebanon > Baabda > Haret es Set,Mount Lebanon,33.8333,35.5333
4359, Mount Lebanon > Baabda > Hadet,Mount Lebanon,33.8333,35.5333
4360, Mount Lebanon > Baabda > Ouadi Chahrour el Soufla,Mount Lebanon,33.8333,35.5333
4361, Mount Lebanon > Baabda > Merdache,Mount Lebanon,33.8333,35.5333
4362, Mount Lebanon > El Meten > Sabtiye,Mount Lebanon,33.8333,35.5333
4363, Mount Lebanon > Baabda > Ouadi Chahrour el Olia,Mount Lebanon,33.8333,35.5333
4364, Mount Lebanon > El Meten > Jall Ed Dib,Mount Lebanon,33.8333,35.5333
4365, Mount Lebanon > Baabda > Sibnay,Mount Lebanon,33.8333,35.5333
4366, Mount Lebanon > El Meten > Er Raouda,Mount Lebanon,33.8333,35.5333
4367, North > El Minieh Dennie > En Nabi Kzaiber,North,34.4333,35.85
4368, North > El Minieh Dennie > Kfar Chillane,North,34.4333,35.85
4369, Baalbek El Hermel > Baalbek > El Ain,Baalbek El Hermel,34.398038,36.387342
4370, Mount Lebanon > Chouf > Bchatfine,Mount Lebanon,33.8333,35.5333
4371, Akkar > Akkar > Tall Bire,Akkar,34.5506,36.0781
4372, Akkar > Akkar > Hissa,Akkar,34.5506,36.0781
4373, Akkar > Akkar > Es Souaisse,Akkar,34.5506,36.0781
4374, Akkar > Akkar > Tleil,Akkar,34.5506,36.0781
4375, Akkar > Akkar > Minyara,Akkar,34.5506,36.0781
4376, Mali > Bandiangara > Bankass > Bankass,Bandiangara,14.35065,-3.61041
4377, Mali > Bandiangara > Bankass > Kani-Bonzon,Bandiangara,14.35065,-3.61041
4378, Mali > Ménaka > Ménaka > Ménaka,Ménaka,15.93238,2.38874
4379, Mali > Gao > Ansongo > Bara,Gao,16.25421,-0.00658
4380, Mali > Gao > Ansongo > Bourra,Gao,16.25421,-0.00658
4381, Mali > Gao > Ansongo > Ansongo,Gao,16.25421,-0.00658
4382, Mali > Bandiangara > Koro > Koro,Bandiangara,14.35065,-3.61041
4383, Mali > Bandiangara > Koro > Dougouténé II,Bandiangara,14.35065,-3.61041
4384, Mali > Ménaka > Ménaka > Inazole,Ménaka,15.93238,2.38874
4385, Mali > Ménaka > Ménaka > Assakaraye,Ménaka,15.93238,2.38874
4386, Mali > Ménaka > Ménaka > Iziguirete,Ménaka,15.93238,2.38874
4387, Mali > Ségou > San > San,Ségou,13.44043647,-6.27232303
4388, Mali > Ségou > Tominian > Benena,Ségou,13.44043647,-6.27232303
4389, Mali > Menaka > Ménaka > Ménaka,Menaka,15.93238,2.38874
4390, Mali > Gao > Gao > Anchawadi,Gao,16.25421,-0.00658
4391, Mali > Gao > Gao > Gounzoureye,Gao,16.25421,-0.00658
4392, Mali > Mopti > Bankass > Bankass,Mopti,15.9149826,2.40166223
4393, Mali > Mopti > Bandiagara > Doucoumbo,Mopti,15.9149826,2.40166223
4394, Mali > Mopti > Douentza > Hairé,Mopti,15.9149826,2.40166223
4395, Mali > Mopti > Douentza > Mondoro,Mopti,15.9149826,2.40166223
4396, Mali > Mopti > Douentza > Hombori,Mopti,15.9149826,2.40166223
4397, Mali > Menaka > Anderamboukane > Andéramboukane,Menaka,15.93238,2.38874
4398, Mali > Menaka > Tidermene > Tidermène,Menaka,15.93238,2.38874
4399, Mali > Menaka > Inekar > Inékar,Menaka,15.93238,2.38874
4400, Mali > Ségou > Tominian > Timissa,Ségou,13.44043647,-6.27232303
4401, Mali > Tombouctou > Dire > Bourem Sidi Amar,Tombouctou,16.76618535,-3.00777252
4402, Mali > Tombouctou > Dire > Dangha,Tombouctou,16.76618535,-3.00777252
4403, Mali > Tombouctou > Dire > Garbakoira,Tombouctou,16.76618535,-3.00777252
4404, Mali > Tombouctou > Gourma-Rharous > Serere,Tombouctou,16.76618535,-3.00777252
4405, Mali > Tombouctou > Niafunke > Soboundou,Tombouctou,16.76618535,-3.00777252
4406, Mali > Tombouctou > Gourma-Rharous > Rharous,Tombouctou,16.76618535,-3.00777252
4407, Mali > Tombouctou > Niafunke > Lere,Tombouctou,16.76618535,-3.00777252
4408, Mali > Tombouctou > Niafunke > Soumpi,Tombouctou,16.76618535,-3.00777252
4409, Mali > Tombouctou > Tombouctou > Ber,Tombouctou,16.76618535,-3.00777252
4410, Mali > Tombouctou > Tombouctou > Lafia,Tombouctou,16.76618535,-3.00777252
4411, Mali > Mopti > Koro > Koro,Mopti,15.9149826,2.40166223
4412, Mozambique > Cabo Delgado > Macomia,Cabo Delgado,-12.4606,39.3655
4413, Mozambique > Cabo Delgado > Quissanga,Cabo Delgado,-12.4606,39.3655
4414,Myanmar,Myanmar,19.745,96.12972
4415, Niger > Tillabéri > Ouallam > Ouallam,Tillabéri,14.187017,2.191618
4416, Niger > Diffa > Maïné Soroa > Maïné Soroa,Diffa,15.865877,13.217075
4417, Niger > Diffa > Diffa ville > Diffa,Diffa,15.865877,13.217075
4418, Niger > Tillabéri > Téra > Téra,Tillabéri,14.187017,2.191618
4419, Niger > Tillabéri > Ayerou > Inatès,Tillabéri,14.187017,2.191618
4420, Niger > Tillabéri > Ayerou > Ayerou,Tillabéri,14.187017,2.191618
4421, Niger > Tillabéri > Ouallam > Tondikiwindi,Tillabéri,14.187017,2.191618
4422, Niger > Diffa > N'Guigmi > N'Guigmi,Diffa,15.865877,13.217075
4423, Niger > Diffa > N'Guigmi > Kablewa,Diffa,15.865877,13.217075
4424, Niger > Tahoua > Ville de Tahoua > Tahoua I,Tahoua,15.770853,5.247552
4425, Niger > Tahoua > Ville de Tahoua > Tahoua II,Tahoua,15.770853,5.247552
4426, Niger > Tahoua > Tahoua > Kalfou,Tahoua,15.770853,5.247552
4427, Niger > Diffa > Diffa ville > Gueskérou,Diffa,15.865877,13.217075
4428, Niger > Tahoua > Tillia > Tillia,Tahoua,15.770853,5.247552
4429, Niger > Diffa > Diffa ville > Chetimari,Diffa,15.865877,13.217075
4430, Niger > Tillabéri > Banibangou > Banibangou,Tillabéri,14.187017,2.191618
4431, Niger > Tahoua > Tchintabaraden > Tchintabaraden,Tahoua,15.770853,5.247552
4432, Niger > Maradi > Dakoro,Maradi,14.112155,7.307245
4433, Niger > Maradi > Ville de Maradi,Maradi,14.112155,7.307245
4434, Niger > Maradi > Guidan Roumdji,Maradi,14.112155,7.307245
4435, Tillabéri > Torodi,Tillabéri,14.187017,2.191618
4436, Tillabéri > Téra,Tillabéri,14.187017,2.191618
4437, Tillabéri > Ouallam,Tillabéri,14.187017,2.191618
4438, Tillabéri > Banibangou,Tillabéri,14.187017,2.191618
4439, Tillabéri > Ayerou,Tillabéri,14.187017,2.191618
4440, Tillabéri > Abala,Tillabéri,14.187017,2.191618
4441, Diffa > N'Guigmi,Diffa,15.865877,13.217075
4442, Diffa > Diffa ville,Diffa,15.865877,13.217075
4443, Diffa > Bosso,Diffa,15.865877,13.217075
4444, Maradi > Guidan Roumdji,Maradi,14.112155,7.307245
4445, Maradi > Madarounfa,Maradi,14.112155,7.307245
4446, Tahoua > Tassara,Tahoua,15.770853,5.247552
4447, Tahoua > Tillia,Tahoua,15.770853,5.247552
4448, Diffa > Maïné Soroa,Diffa,15.865877,13.217075
4449, Tillabéri > Gothèye,Tillabéri,14.187017,2.191618
4450, Tillabéri > Tillabéry,Tillabéri,14.187017,2.191618
4451, Tahoua > Tahoua,Tahoua,15.770853,5.247552
4452, Zinder > Mirriah,Zinder,14.993623,10.39601
4453, Nigeria > Borno > Gwoza,Borno,11.8889801,13.15334698
4454, Nigeria > Borno > Bama,Borno,11.8889801,13.15334698
4455, Nigeria > Borno > Damboa,Borno,11.8889801,13.15334698
4456, Nigeria > Yobe > Jakusko,Yobe,12.29868022,11.43706584
4457, Nigeria > Yobe > Bursari,Yobe,12.29868022,11.43706584
4458, Nigeria > Borno > Dikwa,Borno,11.8889801,13.15334698
4459, Nigeria > Borno > Magumeri,Borno,11.8889801,13.15334698
4460, Nigeria > Borno > Monguno,Borno,11.8889801,13.15334698
4461, Nigeria > Borno > Ngala,Borno,11.8889801,13.15334698
4462, Nigeria > Yobe > Geidam,Yobe,12.29868022,11.43706584
4463, Nigeria > Yobe > Gujba,Yobe,12.29868022,11.43706584
4464, Nigeria > Adamawa > Gombi,Adamawa,9.32322733,12.40024078
4465, Nigeria > Borno > Maiduguri,Borno,11.8889801,13.15334698
4466, Nigeria > Adamawa > Mubi North,Adamawa,9.32322733,12.40024078
4467, Nigeria > Adamawa > Madagali,Adamawa,9.32322733,12.40024078
4468, Nigeria > Adamawa > Michika,Adamawa,9.32322733,12.40024078
4469, Nigeria > Borno > Jere,Borno,11.8889801,13.15334698
4470, Nigeria > Yobe > Bade,Yobe,12.29868022,11.43706584
4471, Nigeria > Adamawa > Hong,Adamawa,9.32322733,12.40024078
4472, Nigeria > Borno > Konduga,Borno,11.8889801,13.15334698
4473, Nigeria > Borno > Mobbar,Borno,11.8889801,13.15334698
4474, Nigeria > Adamawa > Yola North,Adamawa,9.32322733,12.40024078
4475, Nigeria > Adamawa > Demsa,Adamawa,9.32322733,12.40024078
4476, Nigeria > Adamawa > Numan,Adamawa,9.32322733,12.40024078
4477, Nigeria > Adamawa > Jada,Adamawa,9.32322733,12.40024078
4478, Nigeria > Adamawa > Lamurde,Adamawa,9.32322733,12.40024078
4479, Nigeria > Adamawa > Fufore,Adamawa,9.32322733,12.40024078
4480, Nigeria > Adamawa > Guyuk,Adamawa,9.32322733,12.40024078
4481, Nigeria > Adamawa > Girei,Adamawa,9.32322733,12.40024078
4482, Nigeria > Borno > Nganzai,Borno,11.8889801,13.15334698
4483, Nigeria > Adamawa > Ganye,Adamawa,9.32322733,12.40024078
4484, Nigeria > Adamawa > Song,Adamawa,9.32322733,12.40024078
4485, Nigeria > Adamawa > Yola South,Adamawa,9.32322733,12.40024078
4486, Nigeria > Adamawa > Mubi South,Adamawa,9.32322733,12.40024078
4487, Nigeria > Adamawa > Shelleng,Adamawa,9.32322733,12.40024078
4488, Nigeria > Adamawa > Maiha,Adamawa,9.32322733,12.40024078
4489, Nigeria > Yobe > Yusufari,Yobe,12.29868022,11.43706584
4490, Nigeria > Borno > Biu,Borno,11.8889801,13.15334698
4491, Nigeria > Borno > Bayo,Borno,11.8889801,13.15334698
4492, Nigeria > Borno > Chibok,Borno,11.8889801,13.15334698
4493, Nigeria > Borno > Gubio,Borno,11.8889801,13.15334698
4494, Nigeria > Yobe > Fika,Yobe,12.29868022,11.43706584
4495, Nigeria > Adamawa > Toungo,Adamawa,9.32322733,12.40024078
4496, Nigeria > Adamawa > Mayo-Belwa,Adamawa,9.32322733,12.40024078
4497, Nigeria > Yobe > Karasuwa,Yobe,12.29868022,11.43706584
4498, Nigeria > Yobe > Damaturu,Yobe,12.29868022,11.43706584
4499, Nigeria > Yobe > Gulani,Yobe,12.29868022,11.43706584
4500, Nigeria > Borno > Kaga,Borno,11.8889801,13.15334698
4501, Nigeria > Borno > Hawul,Borno,11.8889801,13.15334698
4502, Nigeria > Borno > Kwaya Kusar,Borno,11.8889801,13.15334698
4503, Nigeria > Yobe > Machina,Yobe,12.29868022,11.43706584
4504, Nigeria > Yobe > Nangere,Yobe,12.29868022,11.43706584
4505, Nigeria > Borno > Kukawa,Borno,11.8889801,13.15334698
4506, Nigeria > Yobe > Yunusari,Yobe,12.29868022,11.43706584
4507, Nigeria > Yobe > Fune,Yobe,12.29868022,11.43706584
4508, Nigeria > Yobe > Nguru,Yobe,12.29868022,11.43706584
4509, Nigeria > Borno > Mafa,Borno,11.8889801,13.15334698
4510, Nigeria > Borno > Shani,Borno,11.8889801,13.15334698
4511, Nigeria > Borno > Askira/Uba,Borno,11.8889801,13.15334698
4512, Nigeria > Yobe > Tarmua,Yobe,12.29868022,11.43706584
4513, Nigeria > Yobe > Potiskum,Yobe,12.29868022,11.43706584
4514, Nigeria > Borno > Guzamala,Borno,11.8889801,13.15334698
4515, Nigeria > Borno > Kala/Balge,Borno,11.8889801,13.15334698
4516, Nigeria > Borno > Marte,Borno,11.8889801,13.15334698
4517,Borno -> Mobbar,Borno,11.8889801,13.15334698
4518,Borno -> Damboa,Borno,11.8889801,13.15334698
4519,Borno -> Kala/Balge,Borno,11.8889801,13.15334698
4520,Adamawa,Adamawa,9.32322733,12.40024078
4521,Adamawa -> Hong,Adamawa,9.32322733,12.40024078
4522,Adamawa -> Mubi North,Adamawa,9.32322733,12.40024078
4523,Adamawa -> Michika,Adamawa,9.32322733,12.40024078
4524,Adamawa -> Fufore,Adamawa,9.32322733,12.40024078
4525,Adamawa -> Madagali,Adamawa,9.32322733,12.40024078
4526,Borno -> Konduga,Borno,11.8889801,13.15334698
4527,Borno -> Monguno,Borno,11.8889801,13.15334698
4528,Borno -> Jere,Borno,11.8889801,13.15334698
4529,Borno -> Maiduguri,Borno,11.8889801,13.15334698
4530,Borno -> Gwoza,Borno,11.8889801,13.15334698
4531,Borno -> Bama,Borno,11.8889801,13.15334698
4532,Borno -> Biu,Borno,11.8889801,13.15334698
4533,Borno -> Dikwa,Borno,11.8889801,13.15334698
4534,Borno -> Ngala,Borno,11.8889801,13.15334698
4535,Adamawa -> Yola South,Adamawa,9.32322733,12.40024078
4536,Federal Capital Territory -> Abuja Municipal,Federal Capital Territory,8.89761725,7.1955572
4537,Borno -> Kaga,Borno,11.8889801,13.15334698
4538,Borno -> Mafa,Borno,11.8889801,13.15334698
4539,Borno,Borno,11.8889801,13.15334698
4540,Yobe -> Gulani,Yobe,12.29868022,11.43706584
4541,Borno -> Kukawa,Borno,11.8889801,13.15334698
4542,Borno -> Gubio,Borno,11.8889801,13.15334698
4543,Borno -> Magumeri,Borno,11.8889801,13.15334698
4544,Yobe -> Karasuwa,Yobe,12.29868022,11.43706584
4545,Yobe -> Geidam,Yobe,12.29868022,11.43706584
4546,Yobe -> Yusufari,Yobe,12.29868022,11.43706584
4547,Adamawa -> Mubi South,Adamawa,9.32322733,12.40024078
4548,Yobe -> Gujba,Yobe,12.29868022,11.43706584
4549,Borno -> Nganzai,Borno,11.8889801,13.15334698
4550,Federal Capital Territory,Federal Capital Territory,8.89761725,7.1955572
4551,Yobe -> Damaturu,Yobe,12.29868022,11.43706584
4552,Borno -> Shani,Borno,11.8889801,13.15334698
4553,Yobe -> Bursari,Yobe,12.29868022,11.43706584
4554,Yobe -> Bade,Yobe,12.29868022,11.43706584
4555,Yobe -> Fune,Yobe,12.29868022,11.43706584
4556,Yobe -> Potiskum,Yobe,12.29868022,11.43706584
4557,Yobe -> Jakusko,Yobe,12.29868022,11.43706584
4558,Borno -> Chibok,Borno,11.8889801,13.15334698
4559,Adamawa -> Maiha,Adamawa,9.32322733,12.40024078
4560,Yobe -> Nangere,Yobe,12.29868022,11.43706584
4561,Yobe -> Yunusari,Yobe,12.29868022,11.43706584
4562,Benue -> Guma,Benue,7.34108606,8.75190795
4563,Benue -> Makurdi,Benue,7.34108606,8.75190795
4564,Nasarawa -> Awe,Nasarawa,8.51044735,8.19796256
4565,Benue -> Logo,Benue,7.34108606,8.75190795
4566,Nasarawa,Nasarawa,8.51044735,8.19796256
4567,Benue,Benue,7.34108606,8.75190795
4568,Borno -> Hawul,Borno,11.8889801,13.15334698
4569, Borno > Monguno,Borno,11.8889801,13.15334698
4570, Borno > Ngala,Borno,11.8889801,13.15334698
4571, Borno > Maiduguri,Borno,11.8889801,13.15334698
4572, Borno > Jere,Borno,11.8889801,13.15334698
4573, Borno > Kala/Balge,Borno,11.8889801,13.15334698
4574, Borno > Bama,Borno,11.8889801,13.15334698
4575, Borno > Mafa,Borno,11.8889801,13.15334698
4576, Borno > Kaga,Borno,11.8889801,13.15334698
4577, Borno > Nganzai,Borno,11.8889801,13.15334698
4578, Borno > Magumeri,Borno,11.8889801,13.15334698
4579, Borno > Gwoza,Borno,11.8889801,13.15334698
4580, Borno > Dikwa,Borno,11.8889801,13.15334698
4581, Borno > Mobbar,Borno,11.8889801,13.15334698
4582, Adamawa > Yola North,Adamawa,9.32322733,12.40024078
4583, Borno > Damboa,Borno,11.8889801,13.15334698
4584, Adamawa > Song,Adamawa,9.32322733,12.40024078
4585, Adamawa > Girei,Adamawa,9.32322733,12.40024078
4586, Adamawa > Yola South,Adamawa,9.32322733,12.40024078
4587, Borno > Chibok,Borno,11.8889801,13.15334698
4588, Borno > Konduga,Borno,11.8889801,13.15334698
4589, Borno > Hawul,Borno,11.8889801,13.15334698
4590, Borno > Gubio,Borno,11.8889801,13.15334698
4591, Yobe > Geidam,Yobe,12.29868022,11.43706584
4592, Yobe > Nguru,Yobe,12.29868022,11.43706584
4593, Adamawa > Mubi North,Adamawa,9.32322733,12.40024078
4594, Adamawa > Mubi South,Adamawa,9.32322733,12.40024078
4595, Yobe > Bursari,Yobe,12.29868022,11.43706584
4596, Adamawa > Fufore,Adamawa,9.32322733,12.40024078
4597, Adamawa > Mayo-Belwa,Adamawa,9.32322733,12.40024078
4598, Yobe > Machina,Yobe,12.29868022,11.43706584
4599, Yobe > Gulani,Yobe,12.29868022,11.43706584
4600, Yobe > Fune,Yobe,12.29868022,11.43706584
4601, Yobe > Karasuwa,Yobe,12.29868022,11.43706584
4602, Adamawa > Lamurde,Adamawa,9.32322733,12.40024078
4603, Yobe > Tarmua,Yobe,12.29868022,11.43706584
4604, Yobe > Yunusari,Yobe,12.29868022,11.43706584
4605, Yobe > Fika,Yobe,12.29868022,11.43706584
4606, Yobe > Bade,Yobe,12.29868022,11.43706584
4607, Yobe > Gujba,Yobe,12.29868022,11.43706584
4608, Borno > Askira/Uba,Borno,11.8889801,13.15334698
4609, Yobe > Jakusko,Yobe,12.29868022,11.43706584
4610, Adamawa > Michika,Adamawa,9.32322733,12.40024078
4611, Yobe > Potiskum,Yobe,12.29868022,11.43706584
4612, Adamawa > Madagali,Adamawa,9.32322733,12.40024078
4613, Yobe > Yusufari,Yobe,12.29868022,11.43706584
4614, Borno > Biu,Borno,11.8889801,13.15334698
4615, Adamawa > Numan,Adamawa,9.32322733,12.40024078
4616, Yobe > Damaturu,Yobe,12.29868022,11.43706584
4617, Adamawa > Demsa,Adamawa,9.32322733,12.40024078
4618, Adamawa > Guyuk,Adamawa,9.32322733,12.40024078
4619, Adamawa > Gombi,Adamawa,9.32322733,12.40024078
4620, Adamawa > Maiha,Adamawa,9.32322733,12.40024078
4621, Adamawa > Hong,Adamawa,9.32322733,12.40024078
4622, Adamawa > Jada,Adamawa,9.32322733,12.40024078
4623, Borno > Shani,Borno,11.8889801,13.15334698
4624, Borno > Bayo,Borno,11.8889801,13.15334698
4625, Adamawa > Shelleng,Adamawa,9.32322733,12.40024078
4626, Adamawa > Toungo,Adamawa,9.32322733,12.40024078
4627, Yobe > Nangere,Yobe,12.29868022,11.43706584
4628, Borno > Guzamala,Borno,11.8889801,13.15334698
4629, Borno > Abadam,Borno,11.8889801,13.15334698
4630, Adamawa > Ganye,Adamawa,9.32322733,12.40024078
4631, Borno > Marte,Borno,11.8889801,13.15334698
4632, Borno > Kukawa,Borno,11.8889801,13.15334698
4633, Borno > Kwaya Kusar,Borno,11.8889801,13.15334698
4634, oPt > Gaza Strip > Gaza,Gaza Strip,31.356442,34.327047
4635, oPt > Gaza Strip > Khan Yunis,Gaza Strip,31.356442,34.327047
4636, oPt > Gaza Strip > Rafah,Gaza Strip,31.356442,34.327047
4637, oPt > Gaza Strip > Deir Al-Balah,Gaza Strip,31.356442,34.327047
4638, oPt > Gaza Strip > Gaza North,Gaza Strip,31.356442,34.327047
4639, oPt > Gaza Strip > Gaza North > Jabalya,Gaza Strip,31.356442,34.327047
4640, oPt > Gaza Strip > Gaza > Gaza City,Gaza Strip,31.356442,34.327047
4641, oPt > Gaza Strip > Rafah > Rafah,Gaza Strip,31.356442,34.327047
4642, oPt > Gaza Strip > Deir Al-Balah > Deir al Balah,Gaza Strip,31.356442,34.327047
4643, oPt > Gaza Strip > Khan Yunis > Khan Yunis,Gaza Strip,31.356442,34.327047
4644, oPt > West Bank > Hebron > Tuba,West Bank,31.985981,35.299947
4645, oPt > West Bank > Hebron > Ar Rakeez,West Bank,31.985981,35.299947
4646, oPt > West Bank > Hebron > Maghayir al Abeed,West Bank,31.985981,35.299947
4647, oPt > West Bank > Hebron > Khirbet al Majaz,West Bank,31.985981,35.299947
4648, oPt > West Bank > Hebron > Mirkez,West Bank,31.985981,35.299947
4649, oPt > West Bank > Hebron > Khirbet al Fakheit,West Bank,31.985981,35.299947
4650, oPt > West Bank > Hebron > Jinba,West Bank,31.985981,35.299947
4651, oPt > West Bank > Hebron > Umm Fagarah,West Bank,31.985981,35.299947
4652, oPt > West Bank > Hebron > Halaweh,West Bank,31.985981,35.299947
4653, oPt > West Bank > Jenin > Jenin Camp,West Bank,31.985981,35.299947
4654, oPt > Gaza Strip > Gaza North > Beit Lahiya,Gaza Strip,31.356442,34.327047
4655, oPt > Gaza Strip > Gaza > Al Mughraqa (Abu Middein),Gaza Strip,31.356442,34.327047
4656, oPt > Gaza Strip > Gaza > Madinat al 'Awda,Gaza Strip,31.356442,34.327047
4657, oPt > Gaza Strip > Gaza > Ash Shati' Camp,Gaza Strip,31.356442,34.327047
4658, oPt > Gaza Strip > Gaza North > 'Izbat Beit Hanoun,Gaza Strip,31.356442,34.327047
4659, oPt > Gaza Strip > Gaza > Juhor ad Dik,Gaza Strip,31.356442,34.327047
4660, oPt > Gaza Strip > Gaza North > Jabalya Camp,Gaza Strip,31.356442,34.327047
4661, oPt > Gaza Strip > Gaza North > Al Qaraya al Badawiya al Maslakh,Gaza Strip,31.356442,34.327047
4662, oPt > Gaza Strip > Gaza North > Siafa,Gaza Strip,31.356442,34.327047
4663, oPt > Gaza Strip > Gaza North > Beit Hanun,Gaza Strip,31.356442,34.327047
4664, oPt > West Bank > Hebron > Khallet Athaba',West Bank,31.985981,35.299947
4665, oPt > West Bank > Hebron > Mantiqat Shi'b al Butum,West Bank,31.985981,35.299947
4666, oPt > West Bank > Jericho > An Nuwei'ma Al-Fauqa Bedouins,West Bank,31.985981,35.299947
4667, oPt > West Bank > Hebron > Isfey al Fauqa,West Bank,31.985981,35.299947
4668, oPt > West Bank > Jenin > Khirbet al Muntar ash Sharqiya,West Bank,31.985981,35.299947
4669, oPt > West Bank > Hebron > Al Ganoub,West Bank,31.985981,35.299947
4670, oPt > West Bank > Hebron > Jurat al Khiel,West Bank,31.985981,35.299947
4671, oPt > West Bank > Jenin > As Sa'aida,West Bank,31.985981,35.299947
4672, oPt > West Bank > Jerusalem > Abu George Road Bedouins - Nkheila,West Bank,31.985981,35.299947
4673, oPt > West Bank > Jericho > Ein el Qilt,West Bank,31.985981,35.299947
4674, oPt > West Bank > Jenin > Umm ar Rihan,West Bank,31.985981,35.299947
4675, oPt > West Bank > Jenin > Khirbet ash Sheikh Sa'eed,West Bank,31.985981,35.299947
4676, oPt > West Bank > Hebron > Dkaika,West Bank,31.985981,35.299947
4677, oPt > West Bank > Jericho > Ein ad Duyuk al Fauqa Bedouins,West Bank,31.985981,35.299947
4678, oPt > West Bank > Hebron > Isfey al Tihta,West Bank,31.985981,35.299947
4679, oPt > West Bank > Jenin > Sir,West Bank,31.985981,35.299947
4680, oPt > West Bank > Jerusalem > Arab al Jahilin - al Jabal,West Bank,31.985981,35.299947
4681, oPt > West Bank > Jenin > Barta'a ash Sharqiya,West Bank,31.985981,35.299947
4682, oPt > West Bank > Jenin > Khirbet Mas'ud,West Bank,31.985981,35.299947
4683, oPt > West Bank > Jenin > Fahma al Jadida,West Bank,31.985981,35.299947
4684, oPt > West Bank > Jerusalem > Abu Nuwar,West Bank,31.985981,35.299947
4685, oPt > West Bank > Jenin > Dhaher al 'Abed,West Bank,31.985981,35.299947
4686, oPt > West Bank > Jerusalem > Wadi Abu Hindi,West Bank,31.985981,35.299947
4687, oPt > West Bank > Jerusalem > Abu George Road Bedouins - Kassara,West Bank,31.985981,35.299947
4688, oPt > West Bank > Jerusalem > Jabal al Baba,West Bank,31.985981,35.299947
4689, oPt > West Bank > Jenin > Nazlat ash Sheikh Zeid,West Bank,31.985981,35.299947
4690, oPt > West Bank > Jenin > Khirbet 'Abdallah al Yunis,West Bank,31.985981,35.299947
4691, oPt > West Bank > Jenin > Imreiha,West Bank,31.985981,35.299947
4692, oPt > West Bank > Jenin > Al 'Asa'asa,West Bank,31.985981,35.299947
4693, oPt > West Bank > Hebron > Imneizil,West Bank,31.985981,35.299947
4694, oPt > West Bank > Jenin > Dhaher al Malih,West Bank,31.985981,35.299947
4695, oPt > West Bank > Jenin > Wad ad Dabi',West Bank,31.985981,35.299947
4696, oPt > West Bank > Jenin > Aba,West Bank,31.985981,35.299947
4697, oPt > West Bank > Jenin > Al Mutilla,West Bank,31.985981,35.299947
4698, oPt > West Bank > Jenin > Khirbet al-Hamaam,West Bank,31.985981,35.299947
4699, oPt > West Bank > Jenin > Arabbuna,West Bank,31.985981,35.299947
4700, oPt > West Bank > Jericho > Ras 'Ein al 'Auja,West Bank,31.985981,35.299947
4701, oPt > West Bank > Hebron > Masafer Bani Na'im,West Bank,31.985981,35.299947
4702, oPt > West Bank > Hebron > At Tuwani,West Bank,31.985981,35.299947
4703, oPt > West Bank > Hebron > Al Baqa'a,West Bank,31.985981,35.299947
4704, oPt > West Bank > Jericho > Deir Hajla,West Bank,31.985981,35.299947
4705, oPt > West Bank > Jenin > Khirbet al Muntar al Gharbiya,West Bank,31.985981,35.299947
4706, oPt > West Bank > Jerusalem > Al Muntar,West Bank,31.985981,35.299947
4707, oPt > West Bank > Jenin > Ash Shuhada,West Bank,31.985981,35.299947
4708, oPt > West Bank > Hebron > Susiya,West Bank,31.985981,35.299947
4709, oPt > West Bank > Hebron > Wadi al Ghrous,West Bank,31.985981,35.299947
4710, oPt > West Bank > Jenin > Bir al Basha,West Bank,31.985981,35.299947
4711, oPt > West Bank > Hebron > Ar Rifa'iyya,West Bank,31.985981,35.299947
4712, oPt > West Bank > Bethlehem > Jubbet adh Dhib,West Bank,31.985981,35.299947
4713, oPt > West Bank > Bethlehem > Kisan,West Bank,31.985981,35.299947
4714, oPt > West Bank > Hebron > Beit Mirsim,West Bank,31.985981,35.299947
4715, oPt > West Bank > Hebron > Rabud,West Bank,31.985981,35.299947
4716, oPt > West Bank > Bethlehem > Al Manshiya,West Bank,31.985981,35.299947
4717, oPt > West Bank > Hebron > Fuqeiqis,West Bank,31.985981,35.299947
4718, oPt > West Bank > Hebron > Deir Razih,West Bank,31.985981,35.299947
4719, oPt > West Bank > Bethlehem > Khirbet an Nahla,West Bank,31.985981,35.299947
4720, oPt > West Bank > Bethlehem > Wadi an Nis,West Bank,31.985981,35.299947
4721, oPt > West Bank > Nablus > Nablus,West Bank,31.985981,35.299947
4722, oPt > West Bank > Jerusalem > Silwan,West Bank,31.985981,35.299947
4723, oPt > West Bank > Hebron > Hebron,West Bank,31.985981,35.299947
4724, oPt > West Bank > Jerusalem > Shu'fat Camp,West Bank,31.985981,35.299947
4725, oPt > West Bank > Nablus > Duma,West Bank,31.985981,35.299947
4726, oPt > West Bank > Qalqiliya > Izbat at Tabib,West Bank,31.985981,35.299947
4727, oPt > West Bank > Nablus > Beita,West Bank,31.985981,35.299947
4728, oPt > West Bank > Nablus > Osarin,West Bank,31.985981,35.299947
4729, oPt > West Bank > Nablus > Madama,West Bank,31.985981,35.299947
4730, oPt > Gaza Strip > Rafah > Tal as Sultan,Gaza Strip,31.356442,34.327047
4731, oPt > West Bank > Nablus > Jalud,West Bank,31.985981,35.299947
4732, oPt > Gaza Strip > Deir Al-Balah > Az Zawayda,Gaza Strip,31.356442,34.327047
4733, oPt > Gaza Strip > Deir Al-Balah > Al Bureij Camp,Gaza Strip,31.356442,34.327047
4734, oPt > Gaza Strip > Khan Yunis > Al Mawasi (Khan Yunis),Gaza Strip,31.356442,34.327047
4735, oPt > Gaza Strip > Khan Yunis > 'Abasan al Jadida (as Saghira),Gaza Strip,31.356442,34.327047
4736, oPt > Gaza Strip > Deir Al-Balah > Al Musaddar,Gaza Strip,31.356442,34.327047
4737, oPt > Gaza Strip > Khan Yunis > 'Abasan al Kabira,Gaza Strip,31.356442,34.327047
4738, oPt > Gaza Strip > Deir Al-Balah > Al Ma'ani,Gaza Strip,31.356442,34.327047
4739, oPt > Gaza Strip > Khan Yunis > Khuza'a,Gaza Strip,31.356442,34.327047
4740, oPt > Gaza Strip > Khan Yunis > Al Fukhkhari,Gaza Strip,31.356442,34.327047
4741, oPt > Gaza Strip > Khan Yunis > As Sureij,Gaza Strip,31.356442,34.327047
4742, oPt > Gaza Strip > Deir Al-Balah > Deir al Balah Camp,Gaza Strip,31.356442,34.327047
4743, oPt > Gaza Strip > Deir Al-Balah > Al Maghazi Camp,Gaza Strip,31.356442,34.327047
4744, oPt > Gaza Strip > Deir Al-Balah > Al Zahra,Gaza Strip,31.356442,34.327047
4745, oPt > Gaza Strip > Deir Al-Balah > An Nuseirat Camp,Gaza Strip,31.356442,34.327047
4746, oPt > Gaza Strip > Khan Yunis > Khan Yunis Camp,Gaza Strip,31.356442,34.327047
4747, oPt > Gaza Strip > Khan Yunis > Al Qarara,Gaza Strip,31.356442,34.327047
4748, oPt > Gaza Strip > Deir Al-Balah > Wadi as Salqa,Gaza Strip,31.356442,34.327047
4749, oPt > Gaza Strip > Khan Yunis > Bani Suheila,Gaza Strip,31.356442,34.327047
4750, oPt > Gaza Strip > Rafah > Rafah Camp,Gaza Strip,31.356442,34.327047
4751, oPt > Gaza Strip > Rafah > Al Qarya as Suwydiya,Gaza Strip,31.356442,34.327047
4752, oPt > Gaza Strip > Rafah > Shokat as Sufi,Gaza Strip,31.356442,34.327047
4753, oPt > Gaza Strip > Rafah > Al Mawasi (Rafah),Gaza Strip,31.356442,34.327047
4754, oPt > Gaza Strip > Rafah > Al Bayuk,Gaza Strip,31.356442,34.327047
4755, oPt > West Bank > Jerusalem > Biddu,West Bank,31.985981,35.299947
4756, oPt > West Bank > Hebron > Fer'a,West Bank,31.985981,35.299947
4757, oPt > West Bank > Hebron > Ar Ramadin,West Bank,31.985981,35.299947
4758, oPt > West Bank > Hebron > Beit Ummar,West Bank,31.985981,35.299947
4759, oPt > West Bank > Bethlehem > Wadi Rahhal,West Bank,31.985981,35.299947
4760, oPt > West Bank > Bethlehem > Al Walaja,West Bank,31.985981,35.299947
4761, oPt > West Bank > Hebron > Sa'ir,West Bank,31.985981,35.299947
4762, oPt > West Bank > Hebron > As Samu',West Bank,31.985981,35.299947
4763, oPt > West Bank > Ramallah > At Tayba,West Bank,31.985981,35.299947
4764, oPt > West Bank > Hebron > Deir Samit,West Bank,31.985981,35.299947
4765, oPt > West Bank > Jericho > Sateh al Bahr,West Bank,31.985981,35.299947
4766, oPt > West Bank > Ramallah > Ein Yabrud,West Bank,31.985981,35.299947
4767, oPt > West Bank > Hebron > Al Buweib,West Bank,31.985981,35.299947
4768, oPt > West Bank > Hebron > Qawawis,West Bank,31.985981,35.299947
4769, oPt > West Bank > Hebron > Halhul,West Bank,31.985981,35.299947
4770, oPt > West Bank > Hebron > Umm Qussa,West Bank,31.985981,35.299947
4771, oPt > West Bank > Bethlehem > Wadi Fukin,West Bank,31.985981,35.299947
4772, oPt > West Bank > Bethlehem > Nahhalin,West Bank,31.985981,35.299947
4773, oPt > West Bank > Hebron > Yatta,West Bank,31.985981,35.299947
4774, oPt > West Bank > Bethlehem > Tuqu',West Bank,31.985981,35.299947
4775, oPt > West Bank > Ramallah > Ni'lin,West Bank,31.985981,35.299947
4776, oPt > West Bank > Salfit > Biddya,West Bank,31.985981,35.299947
4777, oPt > West Bank > Ramallah > Silwad,West Bank,31.985981,35.299947
4778, oPt > West Bank > Qalqiliya > Kafr Thulth,West Bank,31.985981,35.299947
4779, oPt > West Bank > Salfit > Iskaka,West Bank,31.985981,35.299947
4780, oPt > West Bank > Salfit > Marda,West Bank,31.985981,35.299947
4781, oPt > West Bank > Jericho > Al Jiftlik-ash-Shuneh,West Bank,31.985981,35.299947
4782, oPt > West Bank > Salfit > Bruqin,West Bank,31.985981,35.299947
4783, oPt > West Bank > Jericho > Al Jiftlik - al Musaffah,West Bank,31.985981,35.299947
4784, oPt > West Bank > Salfit > Deir Ballut,West Bank,31.985981,35.299947
4785, oPt > West Bank > Jericho > Al Jiftlik-abu al 'Ajaj,West Bank,31.985981,35.299947
4786, oPt > West Bank > Hebron > Khirbet ar Rahwa,West Bank,31.985981,35.299947
4787, oPt > West Bank > Hebron > Khirbet Ghuwein al Fauqa,West Bank,31.985981,35.299947
4788, oPt > West Bank > Hebron > Arab al Fureijat,West Bank,31.985981,35.299947
4789, oPt > West Bank > Hebron > Umm Sidra,West Bank,31.985981,35.299947
4790, oPt > West Bank > Hebron > Khirbet Zanuta,West Bank,31.985981,35.299947
4791, oPt > West Bank > Hebron > Khirbet Bism,West Bank,31.985981,35.299947
4792, oPt > West Bank > Nablus > Burin,West Bank,31.985981,35.299947
4793, oPt > West Bank > Nablus > Tell,West Bank,31.985981,35.299947
4794, oPt > West Bank > Tulkarm > Nur Shams Camp,West Bank,31.985981,35.299947
4795, oPt > West Bank > Nablus > Ein Beit el Mai Camp,West Bank,31.985981,35.299947
4796, oPt > West Bank > Nablus > Beit Wazan,West Bank,31.985981,35.299947
4797, oPt > West Bank > Nablus > Balata Camp,West Bank,31.985981,35.299947
4798, oPt > West Bank > Nablus > Deir Sharaf,West Bank,31.985981,35.299947
4799, oPt > West Bank > Nablus > Beit Iba,West Bank,31.985981,35.299947
4800, oPt > West Bank > Jenin > Jenin,West Bank,31.985981,35.299947
4801, oPt > West Bank > Nablus > Al Lubban ash Sharqiya,West Bank,31.985981,35.299947
4802, oPt > West Bank > Nablus > Askar Camp,West Bank,31.985981,35.299947
4803, oPt > West Bank > Jenin > Ar Rama,West Bank,31.985981,35.299947
4804, oPt > West Bank > Tulkarm > Tulkarm,West Bank,31.985981,35.299947
4805, oPt > West Bank > Jenin > Siris,West Bank,31.985981,35.299947
4806, oPt > West Bank > Nablus > As Sawiya,West Bank,31.985981,35.299947
4807, oPt > West Bank > Nablus > Urif,West Bank,31.985981,35.299947
4808, oPt > West Bank > Nablus > Huwwara,West Bank,31.985981,35.299947
4809, oPt > West Bank > Ramallah > Ramallah,West Bank,31.985981,35.299947
4810, oPt > West Bank > Jenin > Umm at Tut,West Bank,31.985981,35.299947
4811, oPt > West Bank > Hebron > Ad Deirat,West Bank,31.985981,35.299947
4812, oPt > West Bank > Hebron > Ma'in,West Bank,31.985981,35.299947
4813, oPt > West Bank > Hebron > Birin,West Bank,31.985981,35.299947
4814, oPt > West Bank > Tulkarm > Tulkarm Camp,West Bank,31.985981,35.299947
4815, oPt > West Bank > Jerusalem > Khan Al Ahmar - Abu al Helu,West Bank,31.985981,35.299947
4816, oPt > West Bank > Jerusalem > Khan al Ahmar - Mihtawish,West Bank,31.985981,35.299947
4817, oPt > West Bank > Jerusalem > Bir al Maskoob B,West Bank,31.985981,35.299947
4818, oPt > West Bank > Jerusalem > Bir al Maskoob A,West Bank,31.985981,35.299947
4819, oPt > West Bank > Ramallah > Al Mu'arrajat Centre,West Bank,31.985981,35.299947
4820, oPt > West Bank > Jerusalem > Sheikh Jarrah,West Bank,31.985981,35.299947
4821, oPt > West Bank > Jerusalem > Khan al Ahmar - Abu Falah,West Bank,31.985981,35.299947
4822, oPt > West Bank > Jerusalem > Beit Ijza,West Bank,31.985981,35.299947
4823, oPt > West Bank > Jerusalem > Jaba' (Tajammu' Badawi),West Bank,31.985981,35.299947
4824, oPt > West Bank > Jerusalem > East Jerusalem,West Bank,31.985981,35.299947
4825, oPt > West Bank > Hebron > Al Fawwar Camp,West Bank,31.985981,35.299947
4826, oPt > West Bank > Jerusalem > At Tur,West Bank,31.985981,35.299947
4827, oPt > West Bank > Hebron > Al 'Arrub Camp,West Bank,31.985981,35.299947
4828, oPt > West Bank > Hebron > Wadi ar Rim,West Bank,31.985981,35.299947
4829, oPt > West Bank > Hebron > Beit ar Rush at Tahta,West Bank,31.985981,35.299947
4830, oPt > West Bank > Hebron > Deir al 'Asal at Tahta,West Bank,31.985981,35.299947
4831, oPt > West Bank > Hebron > Anab al Kabir,West Bank,31.985981,35.299947
4832, oPt > West Bank > Jerusalem > Mikhmas Bedouins,West Bank,31.985981,35.299947
4833, oPt > West Bank > Jerusalem > Al 'Eizariya,West Bank,31.985981,35.299947
4834, oPt > West Bank > Ramallah > Deir Jarir,West Bank,31.985981,35.299947
4835, oPt > West Bank > Bethlehem > Al Maniya,West Bank,31.985981,35.299947
4836, oPt > West Bank > Jerusalem > Hizma,West Bank,31.985981,35.299947
4837, oPt > West Bank > Jericho > Al Hathroura,West Bank,31.985981,35.299947
4838, oPt > West Bank > Tubas > Ad Deir,West Bank,31.985981,35.299947
4839, oPt > West Bank > Ramallah > Khirbet Abu Falah,West Bank,31.985981,35.299947
4840, oPt > West Bank > Ramallah > Deir Dibwan,West Bank,31.985981,35.299947
4841, oPt > West Bank > Ramallah > Beitillu,West Bank,31.985981,35.299947
4842, oPt > West Bank > Ramallah > Beitin,West Bank,31.985981,35.299947
4843, oPt > West Bank > Ramallah > Turmus'ayya,West Bank,31.985981,35.299947
4844, oPt > West Bank > Nablus > Yatma,West Bank,31.985981,35.299947
4845, oPt > West Bank > Jerusalem > Ma'azi Jaba',West Bank,31.985981,35.299947
4846, oPt > West Bank > Hebron > Umm At Tiran,West Bank,31.985981,35.299947
4847, oPt > West Bank > Ramallah > Khallet al Maghara,West Bank,31.985981,35.299947
4848, oPt > West Bank > Ramallah > Al Mu'arrajat East,West Bank,31.985981,35.299947
4849, oPt > West Bank > Hebron > Umm ad Daraj,West Bank,31.985981,35.299947
4850, oPt > West Bank > Ramallah > Al Mughayyir,West Bank,31.985981,35.299947
4851, oPt > West Bank > Nablus > Khirbet al Marajim,West Bank,31.985981,35.299947
4852, oPt > West Bank > Ramallah > Burqa,West Bank,31.985981,35.299947
4853, oPt > West Bank > Salfit > Kafr ad Dik,West Bank,31.985981,35.299947
4854, oPt > West Bank > Nablus > Qusra,West Bank,31.985981,35.299947
4855, oPt > West Bank > Salfit > Yasuf,West Bank,31.985981,35.299947
4856, oPt > West Bank > Hebron > Abu al 'Urqan,West Bank,31.985981,35.299947
4857, oPt > West Bank > Hebron > Tatrit,West Bank,31.985981,35.299947
4858, oPt > West Bank > Bethlehem > Al 'Ubeidiya,West Bank,31.985981,35.299947
4859, oPt > West Bank > Jenin > Khirbet al Mkahhal,West Bank,31.985981,35.299947
4860, oPt > West Bank > Hebron > Khirbet Deir Shams,West Bank,31.985981,35.299947
4861, oPt > West Bank > Hebron > As Simiya,West Bank,31.985981,35.299947
4862, oPt > West Bank > Nablus > Lifjim,West Bank,31.985981,35.299947
4863, oPt > West Bank > Hebron > Ash Shuyukh,West Bank,31.985981,35.299947
4864, oPt > West Bank > Jenin > Khirbet Fraseen,West Bank,31.985981,35.299947
4865, oPt > West Bank > Jenin > Arraba,West Bank,31.985981,35.299947
4866, oPt > West Bank > Jenin > Ya'bad,West Bank,31.985981,35.299947
4867, oPt > West Bank > Jericho > Aqbat Jaber Camp,West Bank,31.985981,35.299947
4868, oPt > West Bank > Salfit > Muhaajir,West Bank,31.985981,35.299947
4869, oPt > West Bank > Tubas > Al Farisiya-Khallet Khader,West Bank,31.985981,35.299947
4870, oPt > West Bank > Hebron > Khirbet al Kharaba,West Bank,31.985981,35.299947
4871, oPt > West Bank > Hebron > Haribat an Nabi,West Bank,31.985981,35.299947
4872, oPt > West Bank > Tubas > Al Hadidiya,West Bank,31.985981,35.299947
4873, oPt > West Bank > Hebron > A Seefer,West Bank,31.985981,35.299947
4874, oPt > West Bank > Tubas > Khirbet Samra,West Bank,31.985981,35.299947
4875, oPt > West Bank > Tubas > Mak-hul,West Bank,31.985981,35.299947
4876, oPt > West Bank > Salfit > Wadi Qana,West Bank,31.985981,35.299947
4877, oPt > West Bank > Tubas > Al Farisiya-Ihmayyer,West Bank,31.985981,35.299947
4878, oPt > West Bank > Tubas > Al Farisiya-Nab'a al Ghazal,West Bank,31.985981,35.299947
4879, oPt > West Bank > Jericho > Marj Na'ja Herders,West Bank,31.985981,35.299947
4880, oPt > West Bank > Jericho > Fasayil al Wusta,West Bank,31.985981,35.299947
4881, oPt > West Bank > Jericho > Fasayil al Fauqa,West Bank,31.985981,35.299947
4882, oPt > Gaza Strip > Khan Yunis > Qa' al Qurein,Gaza Strip,31.356442,34.327047
4883, oPt > Gaza Strip > Khan Yunis > Qa' al Kharaba,Gaza Strip,31.356442,34.327047
4884, oPt > Gaza Strip > Gaza North > Arab Maslakh Beit Lahya,Gaza Strip,31.356442,34.327047
4885, oPt > Gaza Strip > Khan Yunis > Qizan an Najjar,Gaza Strip,31.356442,34.327047
4886, oPt > Gaza Strip > Khan Yunis > Umm Kameil,Gaza Strip,31.356442,34.327047
4887, oPt > Gaza Strip > Khan Yunis > Umm al Kilab,Gaza Strip,31.356442,34.327047
4888, oPt > West Bank > Jericho > Fasayil,West Bank,31.985981,35.299947
4889, oPt > West Bank > Jericho > An Nuwei'ma,West Bank,31.985981,35.299947
4890, oPt > West Bank > Nablus > Yanun,West Bank,31.985981,35.299947
4891, oPt > West Bank > Jericho > Al 'Auja,West Bank,31.985981,35.299947
4892, oPt > West Bank > Jericho > Az Zubeidat,West Bank,31.985981,35.299947
4893, oPt > West Bank > Jericho > Marj al Ghazal,West Bank,31.985981,35.299947
4894, oPt > West Bank > Jericho > Jericho,West Bank,31.985981,35.299947
4895, oPt > West Bank > Nablus > Burqa,West Bank,31.985981,35.299947
4896, oPt > West Bank > Bethlehem > Khallet Sakariya,West Bank,31.985981,35.299947
4897, oPt > West Bank > Salfit > Az Zawiya,West Bank,31.985981,35.299947
4898, oPt > West Bank > Nablus > Qaryut,West Bank,31.985981,35.299947
4899, oPt > West Bank > Hebron > Al Kum,West Bank,31.985981,35.299947
4900, oPt > West Bank > Bethlehem > Al Khadr,West Bank,31.985981,35.299947
4901, oPt > West Bank > Hebron > Al Majd,West Bank,31.985981,35.299947
4902, oPt > West Bank > Hebron > Deir al 'Asal al Fauqa,West Bank,31.985981,35.299947
4903, oPt > West Bank > Hebron > Umm al Kheir,West Bank,31.985981,35.299947
4904, oPt > West Bank > Bethlehem > Ar Rawa'in,West Bank,31.985981,35.299947
4905, oPt > West Bank > Jerusalem > Az Za'ayyem Za'atreh Herders,West Bank,31.985981,35.299947
4906, oPt > West Bank > Tubas,West Bank,31.985981,35.299947
4907, oPt > West Bank > Nablus,West Bank,31.985981,35.299947
4908, oPt > West Bank > Jenin,West Bank,31.985981,35.299947
4909, oPt > West Bank > Qalqiliya,West Bank,31.985981,35.299947
4910, oPt > West Bank > Tulkarm,West Bank,31.985981,35.299947
4911, oPt > West Bank > Tubas > Ein al Hilwa - Wadi al Faw,West Bank,31.985981,35.299947
4912, oPt > West Bank > Tubas > Hammamat al Maleh,West Bank,31.985981,35.299947
4913, oPt > West Bank > Qalqiliya > Wadi ar Rasha,West Bank,31.985981,35.299947
4914, oPt > West Bank > Tulkarm > Khirbet Jubara,West Bank,31.985981,35.299947
4915, oPt > West Bank > Tubas > Ein al Hilwa,West Bank,31.985981,35.299947
4916, oPt > West Bank > Nablus > Humsa - Al Farsheh,West Bank,31.985981,35.299947
4917, oPt > West Bank > Tubas > Hammamat al Maleh - Al Burj,West Bank,31.985981,35.299947
4918, oPt > West Bank > Tubas > Khirbet Yarza,West Bank,31.985981,35.299947
4919, oPt > West Bank > Tubas > Humsa - Al Bqai'a,West Bank,31.985981,35.299947
4920, oPt > West Bank > Tubas > Ein el Beida,West Bank,31.985981,35.299947
4921, oPt > West Bank > Tubas > Hammamat al Maleh - Al Meiteh,West Bank,31.985981,35.299947
4922, oPt > West Bank > Tubas > Ibziq,West Bank,31.985981,35.299947
4923, oPt > West Bank > Tubas > El Far'a Camp,West Bank,31.985981,35.299947
4924, oPt > West Bank > Tubas > Bardala,West Bank,31.985981,35.299947
4925, oPt > West Bank > Bethlehem > Za'tara,West Bank,31.985981,35.299947
4926, oPt > West Bank > Bethlehem > Zatara al Kurshan,West Bank,31.985981,35.299947
4927, oPt > West Bank > Tubas > Kardala,West Bank,31.985981,35.299947
4928, oPt > West Bank > Bethlehem > Jannatah (Beit Falouh),West Bank,31.985981,35.299947
4929, oPt > West Bank > Tubas > Khirbet 'Atuf,West Bank,31.985981,35.299947
4930, oPt > West Bank > Hebron,West Bank,31.985981,35.299947
4931, oPt > West Bank > Bethlehem > Al Jab'a,West Bank,31.985981,35.299947
4932, oPt > West Bank > Tubas > Al 'Aqaba,West Bank,31.985981,35.299947
4933, oPt > West Bank > Hebron > Surif,West Bank,31.985981,35.299947
4934, oPt > West Bank > Tulkarm > Deir al Ghusun,West Bank,31.985981,35.299947
4935, oPt > West Bank > Salfit,West Bank,31.985981,35.299947
4936, oPt > West Bank > Hebron > Shuyukh al 'Arrub,West Bank,31.985981,35.299947
4937, oPt > West Bank > Hebron > Beit Ula,West Bank,31.985981,35.299947
4938, oPt > West Bank > Ramallah,West Bank,31.985981,35.299947
4939, oPt > West Bank > Bethlehem,West Bank,31.985981,35.299947
4940, oPt > West Bank > Jericho,West Bank,31.985981,35.299947
4941, oPt > West Bank > Bethlehem > Khallet al Louza,West Bank,31.985981,35.299947
4942, oPt > West Bank > Nablus > Aqraba,West Bank,31.985981,35.299947
4943, oPt > West Bank > Salfit > Qarawat Bani Hassan,West Bank,31.985981,35.299947
4944, oPt > West Bank > Nablus > Qabalan,West Bank,31.985981,35.299947
4945, oPt > West Bank > Ramallah > Umm Safa,West Bank,31.985981,35.299947
4946, oPt > West Bank > Ramallah > Deir Abu Mash'al,West Bank,31.985981,35.299947
4947, oPt > West Bank > Salfit > Kifl Haris,West Bank,31.985981,35.299947
4948, oPt > West Bank > Nablus > Beit Furik,West Bank,31.985981,35.299947
4949, oPt > West Bank > Ramallah > Abud,West Bank,31.985981,35.299947
4950, oPt > West Bank > Salfit > Deir Istiya,West Bank,31.985981,35.299947
4951, oPt > West Bank > Ramallah > Deir Ibzi',West Bank,31.985981,35.299947
4952, oPt > West Bank > Jericho > Al Jiftlik-Garb al Muthallath,West Bank,31.985981,35.299947
4953, oPt > West Bank > Nablus > Al Mas'udiya,West Bank,31.985981,35.299947
4954, oPt > West Bank > Qalqiliya > Jit,West Bank,31.985981,35.299947
4955, oPt > West Bank > Ramallah > Sinjil,West Bank,31.985981,35.299947
4956, oPt > West Bank > Nablus > Ammuriya,West Bank,31.985981,35.299947
4957, oPt > West Bank > Nablus > Einabus,West Bank,31.985981,35.299947
4958, oPt > West Bank > Tubas > Wadi al Far'a,West Bank,31.985981,35.299947
4959, oPt > West Bank > Tubas > Ein al Hilwa - Um al Jmal,West Bank,31.985981,35.299947
4960, oPt > West Bank > Tubas > Ras al Far'a,West Bank,31.985981,35.299947
4961, oPt > West Bank > Tulkarm > Baqa ash Sharqiya,West Bank,31.985981,35.299947
4962, oPt > West Bank > Tulkarm > Zeita,West Bank,31.985981,35.299947
4963, oPt > West Bank > Tulkarm > Attil,West Bank,31.985981,35.299947
4964, oPt > West Bank > Jenin > Al Yamun,West Bank,31.985981,35.299947
4965, oPt > West Bank > Jenin > Silat al Harithiya,West Bank,31.985981,35.299947
4966, oPt > West Bank > Tubas > Tubas,West Bank,31.985981,35.299947
4967, oPt > West Bank > Jenin > Qabatiya,West Bank,31.985981,35.299947
4968, oPt > West Bank > Tulkarm > Qaffin,West Bank,31.985981,35.299947
4969, oPt > West Bank > Hebron > An Najada,West Bank,31.985981,35.299947
4970, oPt > West Bank > Hebron > Al Jalajel,West Bank,31.985981,35.299947
4971, oPt > West Bank > Hebron > Khashem ad Daraj,West Bank,31.985981,35.299947
4972, oPt > West Bank > Hebron > Khashem al Karem,West Bank,31.985981,35.299947
4973, oPt > West Bank > Ramallah > Jifna,West Bank,31.985981,35.299947
4974, oPt > West Bank > Bethlehem > Khirbet ad Deir,West Bank,31.985981,35.299947
4975, oPt > West Bank > Hebron > Zif,West Bank,31.985981,35.299947
4976, oPt > West Bank > Bethlehem > Ayda Camp,West Bank,31.985981,35.299947
4977, oPt > West Bank > Jerusalem > Qalandiya Camp,West Bank,31.985981,35.299947
4978, oPt > West Bank > Ramallah > Al Jalazun Camp,West Bank,31.985981,35.299947
4979, oPt > West Bank > Hebron > Khallet al Maiyya,West Bank,31.985981,35.299947
4980, oPt > West Bank > Hebron > Khallet Hajar Tahta,West Bank,31.985981,35.299947
4981, oPt > West Bank > Bethlehem > Al Khas,West Bank,31.985981,35.299947
4982, oPt > West Bank > Hebron > Umm al Butm,West Bank,31.985981,35.299947
4983, oPt > West Bank > Bethlehem > Khirbet Tuqu',West Bank,31.985981,35.299947
4984, oPt > West Bank > Bethlehem > Arab ar Rashayida al Barriya,West Bank,31.985981,35.299947
4985, oPt > West Bank > Qalqiliya > Qalqiliya,West Bank,31.985981,35.299947
4986, oPt > West Bank > Bethlehem > Umm Salamuna,West Bank,31.985981,35.299947
4987, oPt > West Bank > Hebron > Khirbet at Tabban,West Bank,31.985981,35.299947
4988, oPt > West Bank > Hebron > Khirbet Bir al 'Idd,West Bank,31.985981,35.299947
4989, oPt > West Bank > Hebron > Saadet Tha'lah,West Bank,31.985981,35.299947
4990, oPt > West Bank > Ramallah > Bir Zeit,West Bank,31.985981,35.299947
4991, oPt > West Bank > Ramallah > Deir Nidham Bedouins - Al Hossa,West Bank,31.985981,35.299947
4992, oPt > West Bank > Jericho > An Nabi Musa,West Bank,31.985981,35.299947
4993, oPt > West Bank > Tulkarm > Ramin,West Bank,31.985981,35.299947
4994, oPt > West Bank > Jerusalem > Wadi Sneysel,West Bank,31.985981,35.299947
4995, oPt > West Bank > Ramallah > East Tayba Bedouins,West Bank,31.985981,35.299947
4996, oPt > West Bank > Tulkarm > Beit Lid,West Bank,31.985981,35.299947
4997, oPt > West Bank > Salfit > Arab Al Khouli/Wadi Kana,West Bank,31.985981,35.299947
4998, oPt > West Bank > Salfit > Salfit,West Bank,31.985981,35.299947
4999, oPt > West Bank > Hebron > Khallet Hajar Fauqa,West Bank,31.985981,35.299947
5000, oPt > West Bank > Hebron > Al Karmil,West Bank,31.985981,35.299947
5001,Gaza Strip -> Khan Yunis -> Khuza'a,Gaza Strip,31.356442,34.327047
5002,Gaza Strip -> Khan Yunis -> 'Abasan al Kabira,Gaza Strip,31.356442,34.327047
5003,Gaza Strip -> Khan Yunis -> Al Fukhkhari,Gaza Strip,31.356442,34.327047
5004,Gaza Strip -> Rafah -> Shokat as Sufi,Gaza Strip,31.356442,34.327047
5005,Gaza Strip -> Gaza North,Gaza Strip,31.356442,34.327047
5006,Gaza Strip -> Gaza,Gaza Strip,31.356442,34.327047
5007,Gaza Strip -> Gaza North -> Siafa,Gaza Strip,31.356442,34.327047
5008,Gaza Strip -> Deir Al-Balah -> Al Musaddar,Gaza Strip,31.356442,34.327047
5009,Gaza Strip -> Khan Yunis -> Al Qarara,Gaza Strip,31.356442,34.327047
5010,Gaza Strip -> Gaza -> Juhor ad Dik,Gaza Strip,31.356442,34.327047
5011,Gaza Strip -> Deir Al-Balah -> Wadi as Salqa,Gaza Strip,31.356442,34.327047
5012,Gaza Strip -> Gaza North -> Al Qaraya al Badawiya al Maslakh,Gaza Strip,31.356442,34.327047
5013,Gaza Strip -> Deir Al-Balah -> Deir al Balah,Gaza Strip,31.356442,34.327047
5014,Gaza Strip -> Deir Al-Balah -> Az Zawayda,Gaza Strip,31.356442,34.327047
5015,Gaza Strip -> Rafah -> Rafah,Gaza Strip,31.356442,34.327047
5016,Gaza Strip -> Gaza -> Al Mughraqa (Abu Middein),Gaza Strip,31.356442,34.327047
5017,Gaza Strip -> Khan Yunis -> Qizan an Najjar,Gaza Strip,31.356442,34.327047
5018,Gaza Strip -> Rafah -> Al Mawasi (Rafah),Gaza Strip,31.356442,34.327047
5019,Gaza Strip -> Deir Al-Balah -> Al Bureij Camp,Gaza Strip,31.356442,34.327047
5020,Gaza Strip -> Gaza North -> Beit Lahiya,Gaza Strip,31.356442,34.327047
5021,Gaza Strip -> Gaza North -> Beit Hanun,Gaza Strip,31.356442,34.327047
5022,Gaza Strip -> Khan Yunis -> Qa' al Qurein,Gaza Strip,31.356442,34.327047
5023,Gaza Strip -> Rafah -> Al Bayuk,Gaza Strip,31.356442,34.327047
5024,Gaza Strip,Gaza Strip,31.356442,34.327047
5025,West Bank -> Hebron -> Umm ad Daraj,West Bank,31.985981,35.299947
5026,West Bank -> Hebron -> At Tuwani,West Bank,31.985981,35.299947
5027,West Bank -> Hebron -> Dkaika,West Bank,31.985981,35.299947
5028,West Bank -> Hebron -> Susiya,West Bank,31.985981,35.299947
5029,West Bank -> Hebron -> Ma'in,West Bank,31.985981,35.299947
5030,West Bank -> Hebron -> Ar Rihiya,West Bank,31.985981,35.299947
5031,West Bank -> Hebron -> Deir Razih,West Bank,31.985981,35.299947
5032,West Bank -> Hebron -> Zif,West Bank,31.985981,35.299947
5033,Gaza Strip -> Khan Yunis,Gaza Strip,31.356442,34.327047
5034,Gaza Strip -> Deir Al-Balah,Gaza Strip,31.356442,34.327047
5035,Gaza Strip -> Rafah,Gaza Strip,31.356442,34.327047
5036,West Bank -> Bethlehem -> Dar Salah,West Bank,31.985981,35.299947
5037,West Bank -> Ramallah -> Deir 'Ammar,West Bank,31.985981,35.299947
5038,West Bank -> Bethlehem -> Beit Fajjar,West Bank,31.985981,35.299947
5039,West Bank -> Bethlehem -> Al Khas,West Bank,31.985981,35.299947
5040,West Bank -> Hebron -> Taffuh,West Bank,31.985981,35.299947
5041,West Bank -> Ramallah -> Kafr Malik,West Bank,31.985981,35.299947
5042,West Bank -> Bethlehem -> Tuqu',West Bank,31.985981,35.299947
5043,West Bank -> Hebron -> Al 'Arrub Camp,West Bank,31.985981,35.299947
5044,West Bank -> Hebron -> Ras al Jora,West Bank,31.985981,35.299947
5045,West Bank -> Bethlehem -> Jurat ash Sham'a,West Bank,31.985981,35.299947
5046,West Bank -> Hebron -> Al Burj,West Bank,31.985981,35.299947
5047,West Bank -> Bethlehem -> Hindaza,West Bank,31.985981,35.299947
5048,West Bank -> Hebron -> Khirbet Salama,West Bank,31.985981,35.299947
5049,West Bank -> Hebron -> Beit 'Awwa,West Bank,31.985981,35.299947
5050,West Bank -> Hebron -> As Samu',West Bank,31.985981,35.299947
5051,West Bank -> Hebron -> Sa'ir,West Bank,31.985981,35.299947
5052,West Bank -> Ramallah -> Kharbatha Bani Harith,West Bank,31.985981,35.299947
5053,West Bank -> Ramallah -> Beit Liqya,West Bank,31.985981,35.299947
5054,West Bank -> Hebron -> Fuqeiqis,West Bank,31.985981,35.299947
5055,West Bank -> Hebron -> Al Hijra,West Bank,31.985981,35.299947
5056,West Bank -> Ramallah -> Beitin,West Bank,31.985981,35.299947
5057,West Bank -> Ramallah -> Bil'in,West Bank,31.985981,35.299947
5058,West Bank -> Bethlehem -> Ad Doha,West Bank,31.985981,35.299947
5059,West Bank -> Ramallah -> Deir Jarir,West Bank,31.985981,35.299947
5060,West Bank -> Bethlehem -> Al Khadr,West Bank,31.985981,35.299947
5061,West Bank -> Ramallah -> Turmus'ayya,West Bank,31.985981,35.299947
5062,West Bank -> Ramallah -> Ein Qiniya,West Bank,31.985981,35.299947
5063,West Bank -> Hebron -> Kharas,West Bank,31.985981,35.299947
5064,West Bank -> Bethlehem -> Beit Jala,West Bank,31.985981,35.299947
5065,West Bank -> Ramallah -> Deir Ibzi',West Bank,31.985981,35.299947
5066,West Bank -> Bethlehem -> Al Jab'a,West Bank,31.985981,35.299947
5067,West Bank -> Hebron -> Dura,West Bank,31.985981,35.299947
5068,West Bank -> Bethlehem -> Wadi Fukin,West Bank,31.985981,35.299947
5069,West Bank -> Hebron -> Yatta,West Bank,31.985981,35.299947
5070,West Bank -> Bethlehem -> Nahhalin,West Bank,31.985981,35.299947
5071,West Bank -> Ramallah -> Ras Karkar,West Bank,31.985981,35.299947
5072,West Bank -> Hebron -> Halhul,West Bank,31.985981,35.299947
5073,West Bank -> Ramallah -> Al Mughayyir,West Bank,31.985981,35.299947
5074,West Bank -> Ramallah -> Deir Nidham,West Bank,31.985981,35.299947
5075,West Bank -> Hebron -> Tarqumiya,West Bank,31.985981,35.299947
5076,West Bank -> Hebron -> Beit Ula,West Bank,31.985981,35.299947
5077,Gaza Strip -> Deir Al-Balah -> Al Maghazi Camp,Gaza Strip,31.356442,34.327047
5078,Gaza Strip -> Gaza North -> 'Izbat Beit Hanoun,Gaza Strip,31.356442,34.327047
5079,Gaza Strip -> Gaza North -> Jabalya,Gaza Strip,31.356442,34.327047
5080,Gaza Strip -> Khan Yunis -> As Sureij,Gaza Strip,31.356442,34.327047
5081,Gaza Strip -> Gaza North -> Jabalya Camp,Gaza Strip,31.356442,34.327047
5082,West Bank -> Jerusalem -> Bir al Maskoob B,West Bank,31.985981,35.299947
5083,West Bank -> Jerusalem -> Mikhmas Bedouins,West Bank,31.985981,35.299947
5084,West Bank -> Jerusalem -> Bir al Maskoob A,West Bank,31.985981,35.299947
5085,West Bank -> Jericho -> An Nabi Musa,West Bank,31.985981,35.299947
5086,West Bank -> Jerusalem -> Abu Shusheh Bedouins,West Bank,31.985981,35.299947
5087,West Bank -> Jericho -> Ein ad Duyuk al Fauqa,West Bank,31.985981,35.299947
5088,West Bank -> Jericho -> Deir al Qilt,West Bank,31.985981,35.299947
5089,West Bank -> Jericho -> Al Mashru' Bedouins,West Bank,31.985981,35.299947
5090,West Bank -> Jerusalem -> Khan Al Ahmar - Makab as Samen,West Bank,31.985981,35.299947
5091,West Bank -> Jerusalem -> Wadi al A'awaj,West Bank,31.985981,35.299947
5092,West Bank -> Jerusalem -> North 'Anata Bedouins,West Bank,31.985981,35.299947
5093,West Bank -> Jericho -> Sateh al Bahr,West Bank,31.985981,35.299947
5094,West Bank -> Jerusalem -> Khan Al Ahmar - Wadi As Sider,West Bank,31.985981,35.299947
5095,West Bank -> Jerusalem -> Az Za'ayyem Za'atreh Herders,West Bank,31.985981,35.299947
5096,West Bank -> Jerusalem -> Tublas,West Bank,31.985981,35.299947
5097,West Bank -> Jerusalem -> Az Za'ayyem Bedouins,West Bank,31.985981,35.299947
5098,West Bank -> Jericho -> Al Hathroura,West Bank,31.985981,35.299947
5099,West Bank -> Ramallah -> Ein ar Rashash,West Bank,31.985981,35.299947
5100,West Bank -> Jericho -> Ein el Qilt,West Bank,31.985981,35.299947
5101,West Bank -> Jerusalem -> Dahiyat al Aqbat Bedouins,West Bank,31.985981,35.299947
5102,West Bank -> Jerusalem -> Wadi al Jimel ,West Bank,31.985981,35.299947
5103,West Bank -> Jerusalem -> South 'Anata Bedouins (Wa'ar al Beik),West Bank,31.985981,35.299947
5104,West Bank -> Jerusalem -> Wadi Sneysel,West Bank,31.985981,35.299947
5105,West Bank -> Jerusalem -> Ma'azi Jaba',West Bank,31.985981,35.299947
5106,West Bank -> Ramallah -> Ras al Tin,West Bank,31.985981,35.299947
5107,West Bank -> Jerusalem -> Khan al Ahmar - Abu Falah,West Bank,31.985981,35.299947
5108,West Bank -> Jericho -> Fasayil al Wusta,West Bank,31.985981,35.299947
5109,West Bank -> Ramallah -> East Tayba Bedouins,West Bank,31.985981,35.299947
5110,West Bank -> Jerusalem -> Wadi Abu Hindi,West Bank,31.985981,35.299947
5111,West Bank -> Jerusalem -> Abu George Road Bedouins - Kassara,West Bank,31.985981,35.299947
5112,West Bank -> Jerusalem -> Al Baqa'a,West Bank,31.985981,35.299947
5113,West Bank -> Jericho -> An Nuwei'ma Al-Fauqa Bedouins,West Bank,31.985981,35.299947
5114,West Bank -> Jerusalem -> Abu Nuwar,West Bank,31.985981,35.299947
5115,West Bank -> Jerusalem -> Abu George Road Bedouins - Nkheila,West Bank,31.985981,35.299947
5116,West Bank -> Jerusalem -> Khan al Ahmar - Mihtawish,West Bank,31.985981,35.299947
5117,West Bank -> Jerusalem -> Khan Al Ahmar - Abu al Helu,West Bank,31.985981,35.299947
5118,West Bank -> Jerusalem -> Jaba' (Tajammu' Badawi),West Bank,31.985981,35.299947
5119,West Bank -> Jerusalem -> Al Muntar,West Bank,31.985981,35.299947
5120,West Bank -> Ramallah -> Dar Faza'a,West Bank,31.985981,35.299947
5121,West Bank -> Ramallah -> Al Mu'arrajat Centre,West Bank,31.985981,35.299947
5122,West Bank -> Ramallah -> Ein Samiya,West Bank,31.985981,35.299947
5123,West Bank -> Ramallah -> Al Mu'arrajat East,West Bank,31.985981,35.299947
5124,West Bank -> Ramallah -> Maghayer ad Deir,West Bank,31.985981,35.299947
5125,West Bank -> Jerusalem -> Jabal al Baba,West Bank,31.985981,35.299947
5126,West Bank -> Ramallah -> Wadi as Seeq,West Bank,31.985981,35.299947
5127,West Bank -> Jericho -> Ras 'Ein al 'Auja,West Bank,31.985981,35.299947
5128,West Bank -> Bethlehem -> Khallet an Nu'man,West Bank,31.985981,35.299947
5129,West Bank -> Hebron -> Ad Deirat,West Bank,31.985981,35.299947
5130,West Bank -> Hebron -> Birin,West Bank,31.985981,35.299947
5131,West Bank -> Bethlehem -> Wadi an Nis,West Bank,31.985981,35.299947
5132,West Bank -> Jenin -> Dhaher al Malih,West Bank,31.985981,35.299947
5133,West Bank -> Hebron -> Imneizil,West Bank,31.985981,35.299947
5134,West Bank -> Hebron -> Al Buweib,West Bank,31.985981,35.299947
5135,West Bank -> Hebron -> Wadi al Ghrous,West Bank,31.985981,35.299947
5136,West Bank -> Jenin -> Khirbet 'Abdallah al Yunis,West Bank,31.985981,35.299947
5137,West Bank -> Hebron -> Khirbet al Fakheit,West Bank,31.985981,35.299947
5138,West Bank -> Hebron -> Arab al Fureijat,West Bank,31.985981,35.299947
5139,West Bank -> Nablus -> Furush Beit Dajan,West Bank,31.985981,35.299947
5140,West Bank -> Hebron -> Khirbet Zanuta,West Bank,31.985981,35.299947
5141,West Bank -> Jenin -> Umm ar Rihan,West Bank,31.985981,35.299947
5142,West Bank -> Jenin -> Barta'a ash Sharqiya,West Bank,31.985981,35.299947
5143,West Bank -> Tubas -> Khirbet Yarza,West Bank,31.985981,35.299947
5144,West Bank -> Jenin -> Khirbet al Muntar al Gharbiya,West Bank,31.985981,35.299947
5145,West Bank -> Hebron -> Masafer Bani Na'im,West Bank,31.985981,35.299947
5146,West Bank -> Hebron -> Khirbet Ghuwein al Fauqa,West Bank,31.985981,35.299947
5147,West Bank -> Hebron -> Rabud,West Bank,31.985981,35.299947
5148,West Bank -> Hebron -> Wadi ar Rim,West Bank,31.985981,35.299947
5149,West Bank -> Jenin -> Khirbet ash Sheikh Sa'eed,West Bank,31.985981,35.299947
5150,West Bank -> Tubas -> Ibziq,West Bank,31.985981,35.299947
5151,West Bank -> Bethlehem -> Khallet Sakariya,West Bank,31.985981,35.299947
5152,West Bank -> Tubas -> Kardala,West Bank,31.985981,35.299947
5153,West Bank -> Tubas -> Khirbet ar Ras al Ahmar,West Bank,31.985981,35.299947
5154,West Bank -> Hebron -> Wadi al Amayer Herders,West Bank,31.985981,35.299947
5155,West Bank -> Tubas -> Hammamat al Maleh,West Bank,31.985981,35.299947
5156,West Bank -> Jenin -> Imreiha,West Bank,31.985981,35.299947
5157,West Bank -> Nablus -> Ein Shibli,West Bank,31.985981,35.299947
5158,West Bank -> Hebron -> Al Baqa'a,West Bank,31.985981,35.299947
5159,West Bank -> Bethlehem -> Battir,West Bank,31.985981,35.299947
5160,West Bank -> Qalqiliya -> Kafr Thulth,West Bank,31.985981,35.299947
5161,West Bank -> Bethlehem -> Arab ar Rashayida,West Bank,31.985981,35.299947
5162,West Bank -> Qalqiliya -> Arab Abu Farda,West Bank,31.985981,35.299947
5163,West Bank -> Qalqiliya -> Al Funduq,West Bank,31.985981,35.299947
5164,West Bank -> Qalqiliya -> An Nabi Elyas,West Bank,31.985981,35.299947
5165,West Bank -> Bethlehem -> Wadi al 'Arayis,West Bank,31.985981,35.299947
5166,West Bank -> Bethlehem -> Husan,West Bank,31.985981,35.299947
5167,West Bank -> Bethlehem -> Al Maniya,West Bank,31.985981,35.299947
5168,West Bank -> Tulkarm -> Izbat Shufa,West Bank,31.985981,35.299947
5169,West Bank -> Qalqiliya -> Arab ar Ramadin ash Shamali,West Bank,31.985981,35.299947
5170,West Bank -> Bethlehem -> Za'tara,West Bank,31.985981,35.299947
5171,West Bank -> Hebron,West Bank,31.985981,35.299947
5172,West Bank -> Qalqiliya -> Isla,West Bank,31.985981,35.299947
5173,West Bank -> Bethlehem -> Jannatah (Beit Falouh),West Bank,31.985981,35.299947
5174,West Bank -> Tulkarm -> Kafr Jammal,West Bank,31.985981,35.299947
5175,West Bank -> Tulkarm,West Bank,31.985981,35.299947
5176,West Bank -> Qalqiliya,West Bank,31.985981,35.299947
5177,West Bank -> Qalqiliya -> Immatin,West Bank,31.985981,35.299947
5178,West Bank -> Bethlehem -> Kisan,West Bank,31.985981,35.299947
5179,West Bank -> Qalqiliya -> Arab ar Ramadin al Janubi,West Bank,31.985981,35.299947
5180,West Bank -> Tulkarm -> Shufa,West Bank,31.985981,35.299947
5181,West Bank -> Qalqiliya -> Izbat at Tabib,West Bank,31.985981,35.299947
5182,West Bank -> Qalqiliya -> Kafr Laqif,West Bank,31.985981,35.299947
5183,West Bank -> Hebron -> Karma,West Bank,31.985981,35.299947
5184,West Bank -> Hebron -> Ar Ramadin,West Bank,31.985981,35.299947
5185,West Bank -> Qalqiliya -> Azzun,West Bank,31.985981,35.299947
5186,West Bank -> Hebron -> Umm al Kheir,West Bank,31.985981,35.299947
5187,West Bank -> Qalqiliya -> Azzun 'Atma,West Bank,31.985981,35.299947
5188,West Bank -> Tulkarm -> Kur,West Bank,31.985981,35.299947
5189,West Bank -> Hebron -> Beit 'Amra,West Bank,31.985981,35.299947
5190,West Bank -> Tulkarm -> Qaffin,West Bank,31.985981,35.299947
5191,West Bank -> Bethlehem -> Umm Salamuna,West Bank,31.985981,35.299947
5192,West Bank -> Tulkarm -> Far'un,West Bank,31.985981,35.299947
5193,West Bank -> Tulkarm -> Attil,West Bank,31.985981,35.299947
5194,West Bank,West Bank,31.985981,35.299947
5195,West Bank -> Hebron -> Beit Ummar,West Bank,31.985981,35.299947
5196,Gaza Strip -> Deir Al-Balah -> Deir al Balah Camp,Gaza Strip,31.356442,34.327047
5197,Gaza Strip -> Khan Yunis -> Khan Yunis Camp,Gaza Strip,31.356442,34.327047
5198,Gaza Strip -> Rafah -> Rafah Camp,Gaza Strip,31.356442,34.327047
5199,Gaza Strip -> Gaza -> Ash Shati' Camp,Gaza Strip,31.356442,34.327047
5200,Gaza Strip -> Deir Al-Balah -> An Nuseirat Camp,Gaza Strip,31.356442,34.327047
5201,Gaza Strip -> Rafah -> Tal as Sultan,Gaza Strip,31.356442,34.327047
5202,West Bank -> Ramallah -> Deir Abu Mash'al,West Bank,31.985981,35.299947
5203,West Bank -> Jerusalem -> East Jerusalem,West Bank,31.985981,35.299947
5204,West Bank -> Jerusalem -> Shu'fat,West Bank,31.985981,35.299947
5205,West Bank -> Tubas -> Tayasir,West Bank,31.985981,35.299947
5206,West Bank -> Jerusalem -> Jabal al Mukabbir,West Bank,31.985981,35.299947
5207,West Bank -> Ramallah -> Kobar,West Bank,31.985981,35.299947
5208,West Bank -> Tubas -> Bardala,West Bank,31.985981,35.299947
5209,West Bank -> Tubas -> Ein el Beida,West Bank,31.985981,35.299947
5210,West Bank -> Jerusalem -> Sheikh Jarrah,West Bank,31.985981,35.299947
5211,West Bank -> Tubas -> Tubas,West Bank,31.985981,35.299947
5212,West Bank -> Ramallah -> Silwad,West Bank,31.985981,35.299947
5213,West Bank -> Jerusalem -> Al 'Eizariya,West Bank,31.985981,35.299947
5214,West Bank -> Jerusalem -> Beit Duqqu,West Bank,31.985981,35.299947
5215,West Bank -> Jerusalem -> Silwan,West Bank,31.985981,35.299947
5216,West Bank -> Bethlehem -> Ad Duheisha Camp,West Bank,31.985981,35.299947
5217,West Bank -> Bethlehem -> Ayda Camp,West Bank,31.985981,35.299947
5218,West Bank -> Hebron -> Mantiqat Shi'b al Butum,West Bank,31.985981,35.299947
5219,Gaza Strip -> Deir Al-Balah -> Al Zahra,Gaza Strip,31.356442,34.327047
5220,Gaza Strip -> Khan Yunis -> Al Mawasi (Khan Yunis),Gaza Strip,31.356442,34.327047
5221,Gaza Strip -> Khan Yunis -> Bani Suheila,Gaza Strip,31.356442,34.327047
5222,West Bank -> Hebron -> Khallet Hajar Tahta,West Bank,31.985981,35.299947
5223,West Bank -> Bethlehem -> Al 'Ubeidiya,West Bank,31.985981,35.299947
5224,West Bank -> Hebron -> Maghayir al Abeed,West Bank,31.985981,35.299947
5225,West Bank -> Bethlehem -> Ar Rawa'in,West Bank,31.985981,35.299947
5226,West Bank -> Hebron -> Qawawis,West Bank,31.985981,35.299947
5227,West Bank -> Hebron -> Qinan an Najma,West Bank,31.985981,35.299947
5228,West Bank -> Hebron -> Deir Sa'eeda,West Bank,31.985981,35.299947
5229,West Bank -> Hebron -> Haribat an Nabi,West Bank,31.985981,35.299947
5230,West Bank -> Hebron -> Jinba,West Bank,31.985981,35.299947
5231,West Bank -> Hebron -> Tuba,West Bank,31.985981,35.299947
5232,West Bank -> Hebron -> Umm Sidra,West Bank,31.985981,35.299947
5233,West Bank -> Hebron -> Khallet 'Arabi,West Bank,31.985981,35.299947
5234,West Bank -> Tubas -> Ein al Hilwa,West Bank,31.985981,35.299947
5235,West Bank -> Hebron -> Al Bowereh (Aqabat Injeleh),West Bank,31.985981,35.299947
5236,West Bank -> Hebron -> Isfey al Tihta,West Bank,31.985981,35.299947
5237,West Bank -> Hebron -> Tatrit,West Bank,31.985981,35.299947
5238,West Bank -> Ramallah -> Ein Siniya,West Bank,31.985981,35.299947
5239,West Bank -> Tubas -> Hammamat al Maleh - Al Meiteh,West Bank,31.985981,35.299947
5240,West Bank -> Hebron -> Ar Rifa'iyya,West Bank,31.985981,35.299947
5241,West Bank -> Hebron -> Khallet Hajar Fauqa,West Bank,31.985981,35.299947
5242,West Bank -> Hebron -> Wadi as Sada,West Bank,31.985981,35.299947
5243,West Bank -> Hebron -> Khirbet ar Rahwa,West Bank,31.985981,35.299947
5244,West Bank -> Tubas -> Khirbet Samra,West Bank,31.985981,35.299947
5245,West Bank -> Hebron -> Khirbet al Majaz,West Bank,31.985981,35.299947
5246,West Bank -> Hebron -> Khallet al Maiyya,West Bank,31.985981,35.299947
5247,West Bank -> Hebron -> Umm Lasafa,West Bank,31.985981,35.299947
5248,West Bank -> Hebron -> Mirkez,West Bank,31.985981,35.299947
5249,West Bank -> Tubas -> Umm al 'Obor,West Bank,31.985981,35.299947
5250,West Bank -> Hebron -> Jourat al Jamal,West Bank,31.985981,35.299947
5251,West Bank -> Nablus -> Humsa - Al Farsheh,West Bank,31.985981,35.299947
5252,West Bank -> Hebron -> Somara,West Bank,31.985981,35.299947
5253,West Bank -> Hebron -> Saadet Tha'lah,West Bank,31.985981,35.299947
5254,West Bank -> Bethlehem -> Al Haddadiya,West Bank,31.985981,35.299947
5255,West Bank -> Tubas -> Al Hadidiya,West Bank,31.985981,35.299947
5256,West Bank -> Hebron -> Umm Fagarah,West Bank,31.985981,35.299947
5257,West Bank -> Hebron -> Khallet Salih,West Bank,31.985981,35.299947
5258,West Bank -> Tubas -> Mak-hul,West Bank,31.985981,35.299947
5259,West Bank -> Tubas -> Hammamat al Maleh - Al Burj,West Bank,31.985981,35.299947
5260,West Bank -> Tubas -> Humsa - Al Bqai'a,West Bank,31.985981,35.299947
5261,West Bank -> Salfit,West Bank,31.985981,35.299947
5262,West Bank -> Jericho,West Bank,31.985981,35.299947
5263,West Bank -> Bethlehem,West Bank,31.985981,35.299947
5264,West Bank -> Nablus,West Bank,31.985981,35.299947
5265,West Bank -> Ramallah,West Bank,31.985981,35.299947
5266,West Bank -> Jenin,West Bank,31.985981,35.299947
5267,West Bank -> Jerusalem,West Bank,31.985981,35.299947
5268,West Bank -> Jerusalem -> Anata,West Bank,31.985981,35.299947
5269,West Bank -> Jerusalem -> khirbet Khamis,West Bank,31.985981,35.299947
5270,Gaza Strip -> Gaza -> Gaza City,Gaza Strip,31.356442,34.327047
5271,Gaza Strip -> Gaza -> Madinat al 'Awda,Gaza Strip,31.356442,34.327047
5272,Gaza Strip -> Khan Yunis -> Qa' al Kharaba,Gaza Strip,31.356442,34.327047
5273,Gaza Strip -> Khan Yunis -> 'Abasan al Jadida (as Saghira),Gaza Strip,31.356442,34.327047
5274,Gaza Strip -> Khan Yunis -> Khan Yunis,Gaza Strip,31.356442,34.327047
5275,Gaza Strip -> Khan Yunis -> Umm Kameil,Gaza Strip,31.356442,34.327047
5276,Gaza Strip -> Gaza North -> Arab Maslakh Beit Lahya,Gaza Strip,31.356442,34.327047
5277,West Bank -> Ramallah -> Ein Ayoub Bedouins,West Bank,31.985981,35.299947
5278,West Bank -> Hebron -> Hebron,West Bank,31.985981,35.299947
5279,West Bank -> Hebron -> Al Ganoub,West Bank,31.985981,35.299947
5280,West Bank -> Hebron -> Halaweh,West Bank,31.985981,35.299947
5281,West Bank -> Hebron -> Khashem ad Daraj,West Bank,31.985981,35.299947
5282,West Bank -> Hebron -> Ar Rakeez,West Bank,31.985981,35.299947
5283,West Bank -> Hebron -> Khallet Athaba',West Bank,31.985981,35.299947
5284,West Bank -> Bethlehem -> Al Orentelleh,West Bank,31.985981,35.299947
5285,West Bank -> Hebron -> Isfey al Fauqa,West Bank,31.985981,35.299947
5286,West Bank -> Hebron -> Khallet Edar,West Bank,31.985981,35.299947
5287,West Bank -> Hebron -> Khirbet at Tabban,West Bank,31.985981,35.299947
5288,West Bank -> Hebron -> Deir al Hawa,West Bank,31.985981,35.299947
5289,West Bank -> Bethlehem -> Arab ar Rashayida al Barriya,West Bank,31.985981,35.299947
5290,West Bank -> Hebron -> Deir al 'Asal at Tahta,West Bank,31.985981,35.299947
5291,West Bank -> Hebron -> Beit ar Rush al Fauqa,West Bank,31.985981,35.299947
5292,West Bank -> Nablus -> Urif,West Bank,31.985981,35.299947
5293,West Bank -> Nablus -> Yanun,West Bank,31.985981,35.299947
5294,West Bank -> Nablus -> Khirbet Tana,West Bank,31.985981,35.299947
5295,West Bank -> Nablus -> Burin,West Bank,31.985981,35.299947
5296,West Bank -> Hebron -> Hadab al Fawwar,West Bank,31.985981,35.299947
5297,West Bank -> Nablus -> Awarta,West Bank,31.985981,35.299947
5298,West Bank -> Hebron -> Al Bira,West Bank,31.985981,35.299947
5299,West Bank -> Nablus -> Qusra,West Bank,31.985981,35.299947
5300,West Bank -> Hebron -> Abu al 'Urqan,West Bank,31.985981,35.299947
5301,West Bank -> Hebron -> Abu al Ghuzlan,West Bank,31.985981,35.299947
5302,West Bank -> Nablus -> As Sawiya,West Bank,31.985981,35.299947
5303,West Bank -> Nablus -> Deir al Hatab,West Bank,31.985981,35.299947
5304,West Bank -> Nablus -> Madama,West Bank,31.985981,35.299947
5305,West Bank -> Nablus -> Nablus,West Bank,31.985981,35.299947
5306,West Bank -> Salfit -> Deir Ballut,West Bank,31.985981,35.299947
5307,West Bank -> Salfit -> Bruqin,West Bank,31.985981,35.299947
5308,West Bank -> Salfit -> Kafr ad Dik,West Bank,31.985981,35.299947
5309,West Bank -> Salfit -> Sarta,West Bank,31.985981,35.299947
5310,West Bank -> Nablus -> Aqraba,West Bank,31.985981,35.299947
5311,West Bank -> Nablus -> Kafr Qalil,West Bank,31.985981,35.299947
5312,West Bank -> Nablus -> Tell,West Bank,31.985981,35.299947
5313,West Bank -> Nablus -> Beita,West Bank,31.985981,35.299947
5314,West Bank -> Salfit -> Yasuf,West Bank,31.985981,35.299947
5315,West Bank -> Nablus -> Beit Dajan,West Bank,31.985981,35.299947
5316,West Bank -> Salfit -> Salfit,West Bank,31.985981,35.299947
5317,West Bank -> Ramallah -> Beitillu,West Bank,31.985981,35.299947
5318,West Bank -> Salfit -> Deir Istiya,West Bank,31.985981,35.299947
5319,West Bank -> Bethlehem -> Artas,West Bank,31.985981,35.299947
5320,West Bank -> Nablus -> Burqa,West Bank,31.985981,35.299947
5321,West Bank -> Bethlehem -> Beit Ta'mir,West Bank,31.985981,35.299947
5322,West Bank -> Nablus -> Einabus,West Bank,31.985981,35.299947
5323,West Bank -> Nablus -> Qaryut,West Bank,31.985981,35.299947
5324,West Bank -> Nablus -> Salim,West Bank,31.985981,35.299947
5325,West Bank -> Nablus -> Jalud,West Bank,31.985981,35.299947
5326,West Bank -> Salfit -> Biddya,West Bank,31.985981,35.299947
5327,West Bank -> Nablus -> Asira al Qibliya,West Bank,31.985981,35.299947
5328,West Bank -> Nablus -> Zeita Jamma'in,West Bank,31.985981,35.299947
5329,West Bank -> Jerusalem -> Al 'Isawiya,West Bank,31.985981,35.299947
5330,West Bank -> Jerusalem -> Shu'fat Camp,West Bank,31.985981,35.299947
5331, West Bank > Ramallah > Al Mughayyir,West Bank,31.985981,35.299947
5332, West Bank > Jerusalem > Al Qubeiba,West Bank,31.985981,35.299947
5333, West Bank > Jerusalem > Qatanna,West Bank,31.985981,35.299947
5334, West Bank > Jerusalem > Bir Nabala,West Bank,31.985981,35.299947
5335, West Bank > Jerusalem > Beit 'Anan,West Bank,31.985981,35.299947
5336, West Bank > Jerusalem > Biddu,West Bank,31.985981,35.299947
5337, West Bank > Jerusalem > Beit Ijza,West Bank,31.985981,35.299947
5338, West Bank > Jerusalem > Beit Surik,West Bank,31.985981,35.299947
5339, West Bank > Jerusalem > Beit Duqqu,West Bank,31.985981,35.299947
5340, West Bank > Hebron,West Bank,31.985981,35.299947
5341, West Bank > Jericho,West Bank,31.985981,35.299947
5342, West Bank > Salfit,West Bank,31.985981,35.299947
5343, West Bank > Jerusalem,West Bank,31.985981,35.299947
5344, West Bank > Nablus,West Bank,31.985981,35.299947
5345, West Bank > Bethlehem,West Bank,31.985981,35.299947
5346, Gaza Strip > Gaza North,Gaza Strip,31.356442,34.327047
5347, Gaza Strip > Gaza,Gaza Strip,31.356442,34.327047
5348, Gaza Strip > Deir Al-Balah,Gaza Strip,31.356442,34.327047
5349, Gaza Strip > Rafah,Gaza Strip,31.356442,34.327047
5350, Gaza Strip > Khan Yunis,Gaza Strip,31.356442,34.327047
5351, West Bank > Tubas,West Bank,31.985981,35.299947
5352, West Bank > Qalqiliya,West Bank,31.985981,35.299947
5353, West Bank > Jenin,West Bank,31.985981,35.299947
5354, West Bank > Ramallah,West Bank,31.985981,35.299947
5355, West Bank > Tulkarm,West Bank,31.985981,35.299947
5356, Gaza Strip > Deir Al-Balah > An Nuseirat Camp,Gaza Strip,31.356442,34.327047
5357, Gaza Strip > Khan Yunis > Khuza'a,Gaza Strip,31.356442,34.327047
5358, Gaza Strip > Gaza > Gaza City,Gaza Strip,31.356442,34.327047
5359, Gaza Strip > Rafah > Al Bayuk,Gaza Strip,31.356442,34.327047
5360, Gaza Strip > Gaza North > Beit Lahiya,Gaza Strip,31.356442,34.327047
5361, Gaza Strip > Gaza > Ash Shati' Camp,Gaza Strip,31.356442,34.327047
5362, Gaza Strip > Khan Yunis > Al Fukhkhari,Gaza Strip,31.356442,34.327047
5363, Gaza Strip > Deir Al-Balah > Al Bureij Camp,Gaza Strip,31.356442,34.327047
5364, Gaza Strip > Khan Yunis > Bani Suheila,Gaza Strip,31.356442,34.327047
5365, Gaza Strip > Gaza North > Jabalya,Gaza Strip,31.356442,34.327047
5366, Gaza Strip > Rafah > Al Mawasi (Rafah),Gaza Strip,31.356442,34.327047
5367, Gaza Strip > Rafah > Rafah Camp,Gaza Strip,31.356442,34.327047
5368, Gaza Strip > Khan Yunis > Al Qarara,Gaza Strip,31.356442,34.327047
5369, Gaza Strip > Rafah > Rafah,Gaza Strip,31.356442,34.327047
5370, Gaza Strip > Deir Al-Balah > Al Musaddar,Gaza Strip,31.356442,34.327047
5371, Gaza Strip > Gaza North > Arab Maslakh Beit Lahya,Gaza Strip,31.356442,34.327047
5372, Gaza Strip > Gaza > Juhor ad Dik,Gaza Strip,31.356442,34.327047
5373, Gaza Strip > Deir Al-Balah > Deir al Balah,Gaza Strip,31.356442,34.327047
5374, Gaza Strip > Rafah > Shokat as Sufi,Gaza Strip,31.356442,34.327047
5375, Gaza Strip > Gaza North > Beit Hanun,Gaza Strip,31.356442,34.327047
5376, Gaza Strip > Gaza North > 'Izbat Beit Hanoun,Gaza Strip,31.356442,34.327047
5377, Gaza Strip > Gaza North > Siafa,Gaza Strip,31.356442,34.327047
5378, Gaza Strip > Khan Yunis > 'Abasan al Kabira,Gaza Strip,31.356442,34.327047
5379, Gaza Strip > Khan Yunis > 'Abasan al Jadida (as Saghira),Gaza Strip,31.356442,34.327047
5380, West Bank > Tubas > Khirbet 'Atuf,West Bank,31.985981,35.299947
5381, West Bank > Bethlehem > Khallet Sakariya,West Bank,31.985981,35.299947
5382, West Bank > Bethlehem > Al Jab'a,West Bank,31.985981,35.299947
5383, West Bank > Bethlehem > Jubbet adh Dhib,West Bank,31.985981,35.299947
5384, West Bank > Hebron > Hebron,West Bank,31.985981,35.299947
5385, West Bank > Jericho > Al Jiftlik-ash-Shuneh,West Bank,31.985981,35.299947
5386, West Bank > Jericho > An Nuwei'ma Al-Fauqa Bedouins,West Bank,31.985981,35.299947
5387, West Bank > Jericho > Al 'Auja,West Bank,31.985981,35.299947
5388, West Bank > Jericho > Al Jiftlik-abu al 'Ajaj,West Bank,31.985981,35.299947
5389, West Bank > Hebron > Farsh Alhawa,West Bank,31.985981,35.299947
5390, West Bank > Hebron > Mantiqat Shi'b al Butum,West Bank,31.985981,35.299947
5391, West Bank > Hebron > Khallet Athaba',West Bank,31.985981,35.299947
5392, West Bank > Hebron > Maghayir al Abeed,West Bank,31.985981,35.299947
5393, West Bank > Hebron > As Samu',West Bank,31.985981,35.299947
5394, West Bank > Hebron > As Simiya,West Bank,31.985981,35.299947
5395, West Bank > Bethlehem > Khallet an Nu'man,West Bank,31.985981,35.299947
5396, West Bank > Hebron > Susiya,West Bank,31.985981,35.299947
5397, West Bank > Hebron > Tuba,West Bank,31.985981,35.299947
5398, West Bank > Hebron > Wadi al Ghrous,West Bank,31.985981,35.299947
5399, West Bank > Hebron > Masafer Bani Na'im,West Bank,31.985981,35.299947
5400, West Bank > Bethlehem > Khallet al Qaranin,West Bank,31.985981,35.299947
5401, West Bank > Bethlehem > Khirbet an Nahla,West Bank,31.985981,35.299947
5402, West Bank > Hebron > Tarusa,West Bank,31.985981,35.299947
5403, West Bank > Hebron > Khirbet ar Ratheem,West Bank,31.985981,35.299947
5404, West Bank > Bethlehem > Abu Nujeim,West Bank,31.985981,35.299947
5405, West Bank > Bethlehem > Artas,West Bank,31.985981,35.299947
5406, West Bank > Bethlehem > Al Khadr,West Bank,31.985981,35.299947
5407, West Bank > Hebron > Yatta,West Bank,31.985981,35.299947
5408, West Bank > Hebron > Dura,West Bank,31.985981,35.299947
5409, West Bank > Bethlehem > Ar Rawa'in,West Bank,31.985981,35.299947
5410, Gaza Strip > Khan Yunis > Khan Yunis,Gaza Strip,31.356442,34.327047
5411, Gaza Strip > Gaza North > Jabalya Camp,Gaza Strip,31.356442,34.327047
5412, Gaza Strip > Deir Al-Balah > Deir al Balah Camp,Gaza Strip,31.356442,34.327047
5413, Gaza Strip > Rafah > Tal as Sultan,Gaza Strip,31.356442,34.327047
5414, Gaza Strip > Rafah > Al Qarya as Suwydiya,Gaza Strip,31.356442,34.327047
5415, Gaza Strip > Khan Yunis > Qa' al Qurein,Gaza Strip,31.356442,34.327047
5416, Gaza Strip > Deir Al-Balah > Wadi as Salqa,Gaza Strip,31.356442,34.327047
5417, Gaza Strip > Gaza > Madinat al 'Awda,Gaza Strip,31.356442,34.327047
5418, Gaza Strip > Khan Yunis > Al Mawasi (Khan Yunis),Gaza Strip,31.356442,34.327047
5419, Gaza Strip > Gaza > Al Mughraqa (Abu Middein),Gaza Strip,31.356442,34.327047
5420, Gaza Strip > Khan Yunis > Khan Yunis Camp,Gaza Strip,31.356442,34.327047
5421, Gaza Strip > Deir Al-Balah > Al Maghazi Camp,Gaza Strip,31.356442,34.327047
5422, Gaza Strip > Khan Yunis > Qizan an Najjar,Gaza Strip,31.356442,34.327047
5423, Gaza Strip > Deir Al-Balah > Az Zawayda,Gaza Strip,31.356442,34.327047
5424, West Bank > Bethlehem > Al Walayda,West Bank,31.985981,35.299947
5425, West Bank > Bethlehem > Arab ar Rashayida al Barriya,West Bank,31.985981,35.299947
5426, West Bank > Bethlehem > Kisan,West Bank,31.985981,35.299947
5427, West Bank > Bethlehem > Arab ar Rashayida,West Bank,31.985981,35.299947
5428, West Bank > Hebron > Karma,West Bank,31.985981,35.299947
5429, West Bank > Salfit > Kifl Haris,West Bank,31.985981,35.299947
5430, West Bank > Qalqiliya > Isla,West Bank,31.985981,35.299947
5431, West Bank > Qalqiliya > Kafr Qaddum,West Bank,31.985981,35.299947
5432, West Bank > Qalqiliya > Jinsafut,West Bank,31.985981,35.299947
5433, West Bank > Salfit > Yasuf,West Bank,31.985981,35.299947
5434, West Bank > Salfit > Deir Istiya,West Bank,31.985981,35.299947
5435, West Bank > Tubas > Ein el Beida,West Bank,31.985981,35.299947
5436, West Bank > Qalqiliya > Kafr Laqif,West Bank,31.985981,35.299947
5437, West Bank > Qalqiliya > Immatin,West Bank,31.985981,35.299947
5438, West Bank > Nablus > Jalud,West Bank,31.985981,35.299947
5439, West Bank > Qalqiliya > Far'ata,West Bank,31.985981,35.299947
5440, West Bank > Nablus > Qaryut,West Bank,31.985981,35.299947
5441, Gaza Strip > Gaza North > Al Qaraya al Badawiya al Maslakh,Gaza Strip,31.356442,34.327047
5442, Gaza Strip > Deir Al-Balah > Al Zahra,Gaza Strip,31.356442,34.327047
5443, West Bank > Jericho > Al Jiftlik - al Musaffah,West Bank,31.985981,35.299947
5444, West Bank > Jericho > Ras 'Ein al 'Auja,West Bank,31.985981,35.299947
5445, West Bank > Tubas > Al 'Aqaba,West Bank,31.985981,35.299947
5446, West Bank > Tubas > Hammamat al Maleh - Al Meiteh,West Bank,31.985981,35.299947
5447, West Bank > Tubas > Khirbet Tell el Himma,West Bank,31.985981,35.299947
5448, West Bank > Jericho > Fasayil al Wusta,West Bank,31.985981,35.299947
5449, West Bank > Jericho > Ein ad Duyuk al Fauqa Bedouins,West Bank,31.985981,35.299947
5450, West Bank > Jericho > Al Jiftlik-Garb al Muthallath,West Bank,31.985981,35.299947
5451, West Bank > Jericho > Marj Na'ja,West Bank,31.985981,35.299947
5452, West Bank > Jericho > Az Zubeidat,West Bank,31.985981,35.299947
5453, West Bank > Jericho > Fasayil al Fauqa,West Bank,31.985981,35.299947
5454, West Bank > Jericho > Fasayil,West Bank,31.985981,35.299947
5455, West Bank > Tubas > Kardala,West Bank,31.985981,35.299947
5456, West Bank > Tubas > Bardala,West Bank,31.985981,35.299947
5457, Gaza Strip > Deir Al-Balah > Al Ma'ani,Gaza Strip,31.356442,34.327047
5458, West Bank > Bethlehem > Tuqu',West Bank,31.985981,35.299947
5459, West Bank > Jerusalem > Jabal al Mukabbir,West Bank,31.985981,35.299947
5460, West Bank > Jerusalem > Shu'fat Camp,West Bank,31.985981,35.299947
5461, West Bank > Jerusalem > Al 'Isawiya,West Bank,31.985981,35.299947
5462, West Bank > Hebron > Ar Rakeez,West Bank,31.985981,35.299947
5463, West Bank > Hebron > Khirbet al Kharaba,West Bank,31.985981,35.299947
5464, West Bank > Jericho > Al Hathroura,West Bank,31.985981,35.299947
5465, West Bank > Jerusalem > Bir al Maskoob B,West Bank,31.985981,35.299947
5466, West Bank > Bethlehem > Zatara al Kurshan,West Bank,31.985981,35.299947
5467, West Bank > Jerusalem > Abu Nuwar,West Bank,31.985981,35.299947
5468, West Bank > Jerusalem > Ma'azi Jaba',West Bank,31.985981,35.299947
5469, West Bank > Jerusalem > Bir al Maskoob A,West Bank,31.985981,35.299947
5470, West Bank > Hebron > Om Al Amad (Sahel Wadi Elma),West Bank,31.985981,35.299947
5471, West Bank > Hebron > Umm Fagarah,West Bank,31.985981,35.299947
5472, West Bank > Nablus > Al Ja'waneh,West Bank,31.985981,35.299947
5473, West Bank > Salfit > Iraq al Sakhra,West Bank,31.985981,35.299947
5474, West Bank > Nablus > Yanun,West Bank,31.985981,35.299947
5475, West Bank > Salfit > Umm al Hamam,West Bank,31.985981,35.299947
5476, West Bank > Salfit > Muhaajir,West Bank,31.985981,35.299947
5477, West Bank > Salfit > Arab Al Khouli/Wadi Kana,West Bank,31.985981,35.299947
5478, West Bank > Nablus > Khirbet al Marajim,West Bank,31.985981,35.299947
5479, West Bank > Nablus > Ein Shibli,West Bank,31.985981,35.299947
5480, West Bank > Nablus > Tell al Khashaba,West Bank,31.985981,35.299947
5481, West Bank > Nablus > Arab al Ka'abneh,West Bank,31.985981,35.299947
5482, West Bank > Nablus > Khirbet Tana,West Bank,31.985981,35.299947
5483, West Bank > Salfit > Jbour and 'Anani,West Bank,31.985981,35.299947
5484, West Bank > Jerusalem > Beit Hanina,West Bank,31.985981,35.299947
5485, West Bank > Ramallah > Ramallah,West Bank,31.985981,35.299947
5486, West Bank > Jenin > Ya'bad,West Bank,31.985981,35.299947
5487, West Bank > Hebron > Dkaika,West Bank,31.985981,35.299947
5488, West Bank > Jericho > Jericho,West Bank,31.985981,35.299947
5489, West Bank > Tulkarm > Tulkarm Camp,West Bank,31.985981,35.299947
5490, West Bank > Tubas > Al Hadidiya,West Bank,31.985981,35.299947
5491, West Bank > Tubas > Tubas,West Bank,31.985981,35.299947
5492, West Bank > Nablus > Nablus,West Bank,31.985981,35.299947
5493, West Bank > Ramallah > Wadi Salman,West Bank,31.985981,35.299947
5494, West Bank > Ramallah > Ein ar Rashash,West Bank,31.985981,35.299947
5495, West Bank > Ramallah > Ein Ayoub Bedouins,West Bank,31.985981,35.299947
5496, West Bank > Jenin > Jenin,West Bank,31.985981,35.299947
5497, West Bank > Jenin > Imreiha,West Bank,31.985981,35.299947
5498, West Bank > Jerusalem > Al Muntar,West Bank,31.985981,35.299947
5499, West Bank > Tubas > Hammamat al Maleh - Al Burj,West Bank,31.985981,35.299947
5500, West Bank > Jerusalem > Abu George Road Bedouins - Kassara,West Bank,31.985981,35.299947
5501, West Bank > Tubas > Hammamat al Maleh,West Bank,31.985981,35.299947
5502, West Bank > Jerusalem > South 'Anata Bedouins (Wa'ar al Beik),West Bank,31.985981,35.299947
5503, West Bank > Hebron > Shuyukh al 'Arrub,West Bank,31.985981,35.299947
5504, West Bank > Tubas > Khirbet Yarza,West Bank,31.985981,35.299947
5505, West Bank > Bethlehem > Al 'Iqab,West Bank,31.985981,35.299947
5506, West Bank > Bethlehem > Nahhalin,West Bank,31.985981,35.299947
5507, West Bank > Bethlehem > Ash Shawawra,West Bank,31.985981,35.299947
5508, West Bank > Jerusalem > North 'Anata Bedouins,West Bank,31.985981,35.299947
5509, West Bank > Jerusalem > Wadi al A'awaj,West Bank,31.985981,35.299947
5510, West Bank > Tubas > Ein al Hilwa - Um al Jmal,West Bank,31.985981,35.299947
5511, West Bank > Hebron > Al Karmil,West Bank,31.985981,35.299947
5512, West Bank > Jenin > Faqqu'a,West Bank,31.985981,35.299947
5513, West Bank > Hebron > Jourat al Jamal,West Bank,31.985981,35.299947
5514, West Bank > Hebron > Beit 'Amra,West Bank,31.985981,35.299947
5515, West Bank > Jenin > Khirbet 'Abdallah al Yunis,West Bank,31.985981,35.299947
5516, West Bank > Jenin > Barta'a ash Sharqiya,West Bank,31.985981,35.299947
5517, West Bank > Qalqiliya > Qalqiliya,West Bank,31.985981,35.299947
5518, West Bank > Tulkarm > Tulkarm,West Bank,31.985981,35.299947
5519, West Bank > Bethlehem > Bethlehem,West Bank,31.985981,35.299947
5520, West Bank > Jerusalem > East Jerusalem,West Bank,31.985981,35.299947
5521, West Bank > Salfit > Salfit,West Bank,31.985981,35.299947
5522, Gaza Strip > Khan Yunis > As Sureij,Gaza Strip,31.356442,34.327047
5523, Gaza Strip > Khan Yunis > Umm al Kilab,Gaza Strip,31.356442,34.327047
5524, Gaza Strip > Khan Yunis > Umm Kameil,Gaza Strip,31.356442,34.327047
5525, Gaza Strip > Khan Yunis > Qa' al Kharaba,Gaza Strip,31.356442,34.327047
5526, West Bank,West Bank,31.985981,35.299947
5527, Gaza Strip,Gaza Strip,31.356442,34.327047
5528, West Bank > Tubas > Ad Deir,West Bank,31.985981,35.299947
5529, West Bank > Tubas > Khirbet ar Ras al Ahmar,West Bank,31.985981,35.299947
5530, West Bank > Jerusalem > Dahiyat al Aqbat Bedouins,West Bank,31.985981,35.299947
5531, West Bank > Tubas > Khirbet Samra,West Bank,31.985981,35.299947
5532, West Bank > Tubas > Ein al Hilwa,West Bank,31.985981,35.299947
5533, West Bank > Tubas > Humsa - Al Bqai'a,West Bank,31.985981,35.299947
5534, West Bank > Tubas > Ibziq,West Bank,31.985981,35.299947
5535, West Bank > Ramallah > Al Mu'arrajat East,West Bank,31.985981,35.299947
5536, West Bank > Tubas > Umm al 'Obor,West Bank,31.985981,35.299947
5537, West Bank > Tubas > Al Farisiya- al Jubiya,West Bank,31.985981,35.299947
5538, West Bank > Ramallah > Al Mu'arrajat Centre,West Bank,31.985981,35.299947
5539, West Bank > Tubas > Al Farisiya-al Zu'bi,West Bank,31.985981,35.299947
5540, West Bank > Tubas > Al Farisiya-Khallet Khader,West Bank,31.985981,35.299947
5541, West Bank > Jerusalem > Qalandiya,West Bank,31.985981,35.299947
5542, West Bank > Jerusalem > Silwan,West Bank,31.985981,35.299947
5543, West Bank > Jerusalem > At Tur Bedouins,West Bank,31.985981,35.299947
5544, West Bank > Jerusalem > South Bir Nabala Bedouins,West Bank,31.985981,35.299947
5545, West Bank > Jerusalem > Abu George Road Bedouins - Nkheila,West Bank,31.985981,35.299947
5546, West Bank > Jericho > Deir al Qilt,West Bank,31.985981,35.299947
5547, West Bank > Salfit > Wadi Qana,West Bank,31.985981,35.299947
5548, West Bank > Jerusalem > An Nabi Samwil Bedouins,West Bank,31.985981,35.299947
5549, West Bank > Ramallah > Deir Abu Masha'al Herders,West Bank,31.985981,35.299947
5550, West Bank > Jenin > Fraseen,West Bank,31.985981,35.299947
5551, West Bank > Jerusalem > Mikhmas Bedouins,West Bank,31.985981,35.299947
5552, West Bank > Jericho > An Nabi Musa,West Bank,31.985981,35.299947
5553, West Bank > Jerusalem > Al Baqa'a,West Bank,31.985981,35.299947
5554, West Bank > Jericho > Al Mashru' Bedouins,West Bank,31.985981,35.299947
5555, West Bank > Nablus > Humsa - Basaliya,West Bank,31.985981,35.299947
5556, West Bank > Ramallah > Ein Samiya,West Bank,31.985981,35.299947
5557, West Bank > Ramallah > Wadi as Seeq,West Bank,31.985981,35.299947
5558, West Bank > Jerusalem > South Al Jib Bedouins,West Bank,31.985981,35.299947
5559, West Bank > Jerusalem > Abu Shusheh Bedouins,West Bank,31.985981,35.299947
5560, West Bank > Jerusalem > Tublas,West Bank,31.985981,35.299947
5561, West Bank > Hebron > Jurat al Khiel,West Bank,31.985981,35.299947
5562, West Bank > Nablus > Humsa - Al Farsheh,West Bank,31.985981,35.299947
5563, West Bank > Hebron > Al Ganoub,West Bank,31.985981,35.299947
5564, West Bank > Jerusalem > North Beit Hanina Al Balad Bedouins,West Bank,31.985981,35.299947
5565, West Bank > Ramallah > Khallet al Maghara,West Bank,31.985981,35.299947
5566, West Bank > Jericho > Ein el Qilt,West Bank,31.985981,35.299947
5567, West Bank > Jericho > Isteih,West Bank,31.985981,35.299947
5568, West Bank > Qalqiliya > Arab Abu Farda,West Bank,31.985981,35.299947
5569, West Bank > Tubas > Ein al Hilwa - Wadi al Faw,West Bank,31.985981,35.299947
5570, West Bank > Ramallah > Ein Qiniya Bedouins - Wadi ad Dulum,West Bank,31.985981,35.299947
5571, West Bank > Nablus > Humsa - Al Jufeh,West Bank,31.985981,35.299947
5572, West Bank > Tubas > Al Farisiya-Nab'a al Ghazal,West Bank,31.985981,35.299947
5573, West Bank > Ramallah > Kobar Bedouins,West Bank,31.985981,35.299947
5574, West Bank > Ramallah > Maghayer ad Deir,West Bank,31.985981,35.299947
5575, West Bank > Ramallah > Ras al Tin,West Bank,31.985981,35.299947
5576, West Bank > Hebron > Wadi ash Shajina,West Bank,31.985981,35.299947
5577, West Bank > Hebron > Beit Ummar,West Bank,31.985981,35.299947
5578, West Bank > Tulkarm > Kafr Jammal,West Bank,31.985981,35.299947
5579, West Bank > Tulkarm > Zeita,West Bank,31.985981,35.299947
5580, West Bank > Tulkarm > Qaffin,West Bank,31.985981,35.299947
5581, West Bank > Nablus > Ad Dawa,West Bank,31.985981,35.299947
5582, West Bank > Nablus > Khirbet Sarra,West Bank,31.985981,35.299947
5583, West Bank > Nablus > Lifjim,West Bank,31.985981,35.299947
5584, West Bank > Ramallah > Deir Jarir,West Bank,31.985981,35.299947
5585, West Bank > Nablus > Jurish,West Bank,31.985981,35.299947
5586, West Bank > Ramallah > Beitin,West Bank,31.985981,35.299947
5587, West Bank > Nablus > Beit Furik,West Bank,31.985981,35.299947
5588, West Bank > Nablus > Duma,West Bank,31.985981,35.299947
5589, West Bank > Ramallah > Deir Dibwan,West Bank,31.985981,35.299947
5590, West Bank > Nablus > Qusra,West Bank,31.985981,35.299947
5591, West Bank > Ramallah > Burqa,West Bank,31.985981,35.299947
5592, West Bank > Ramallah > East Tayba Bedouins,West Bank,31.985981,35.299947
5593, West Bank > Nablus > Aqraba,West Bank,31.985981,35.299947
5594, West Bank > Tulkarm > Khirbet Jubara,West Bank,31.985981,35.299947
5595, West Bank > Tulkarm > Ar Ras,West Bank,31.985981,35.299947
5596, West Bank > Tulkarm > Izbat Shufa,West Bank,31.985981,35.299947
5597, West Bank > Tulkarm > Kafr al Labad,West Bank,31.985981,35.299947
5598, West Bank > Tulkarm > Shufa,West Bank,31.985981,35.299947
5599, West Bank > Nablus > Furush Beit Dajan,West Bank,31.985981,35.299947
5600, West Bank > Nablus > Beita,West Bank,31.985981,35.299947
5601, West Bank > Nablus > Asira ash Shamaliya,West Bank,31.985981,35.299947
5602, West Bank > Hebron > Imneizil,West Bank,31.985981,35.299947
5603, West Bank > Bethlehem > Rakhme,West Bank,31.985981,35.299947
5604, West Bank > Tubas > Salhab,West Bank,31.985981,35.299947
5605, West Bank > Jericho > Deir Hajla,West Bank,31.985981,35.299947
5606, West Bank > Bethlehem > Al Manshiya,West Bank,31.985981,35.299947
5607, West Bank > Bethlehem > Al 'Ubeidiya,West Bank,31.985981,35.299947
5608, West Bank > Hebron > Khirbet al Fakheit,West Bank,31.985981,35.299947
5609, West Bank > Bethlehem > Wadi al 'Arayis,West Bank,31.985981,35.299947
5610, West Bank > Jericho > Marj al Ghazal,West Bank,31.985981,35.299947
5611, West Bank > Bethlehem > Wadi Rahhal,West Bank,31.985981,35.299947
5612, West Bank > Jerusalem > Wadi Abu Hindi,West Bank,31.985981,35.299947
5613, West Bank > Hebron > Al Baqa'a,West Bank,31.985981,35.299947
5614, West Bank > Jerusalem > Arab al Jahilin - al Jabal,West Bank,31.985981,35.299947
5615, West Bank > Jerusalem > Jabal al Baba,West Bank,31.985981,35.299947
5616, West Bank > Hebron > Jinba,West Bank,31.985981,35.299947
5617, West Bank > Hebron > At Tuwani,West Bank,31.985981,35.299947
5618, West Bank > Hebron > Taffuh,West Bank,31.985981,35.299947
5619, West Bank > Ramallah > Deir 'Ammar Camp,West Bank,31.985981,35.299947
5620, West Bank > Jenin > Arraba,West Bank,31.985981,35.299947
5621, West Bank > Hebron > Beit Kahil,West Bank,31.985981,35.299947
5622, West Bank > Ramallah > Al Mazra'a al Qibliya,West Bank,31.985981,35.299947
5623, West Bank > Hebron > Kharas,West Bank,31.985981,35.299947
5624, West Bank > Hebron > Al Fawwar Camp,West Bank,31.985981,35.299947
5625, West Bank > Jenin > Jenin Camp,West Bank,31.985981,35.299947
5626, West Bank > Jenin > Zabda,West Bank,31.985981,35.299947
5627, West Bank > Ramallah > Bir Zeit,West Bank,31.985981,35.299947
5628, West Bank > Salfit > Az Zawiya,West Bank,31.985981,35.299947
5629, West Bank > Nablus > Jamma'in,West Bank,31.985981,35.299947
5630, West Bank > Hebron > Nuba,West Bank,31.985981,35.299947
5631, West Bank > Hebron > Sa'ir,West Bank,31.985981,35.299947
5632, West Bank > Ramallah > Al Am'ari Camp,West Bank,31.985981,35.299947
5633, West Bank > Nablus > Ein Beit el Mai Camp,West Bank,31.985981,35.299947
5634, West Bank > Nablus > Talluza,West Bank,31.985981,35.299947
5635, West Bank > Ramallah > Shuqba,West Bank,31.985981,35.299947
5636, West Bank > Tulkarm > Deir al Ghusun,West Bank,31.985981,35.299947
5637, West Bank > Salfit > Kafr ad Dik,West Bank,31.985981,35.299947
5638, West Bank > Ramallah > Al Jalazun Camp,West Bank,31.985981,35.299947
5639, West Bank > Salfit > Sarta,West Bank,31.985981,35.299947
5640, West Bank > Nablus > Askar Camp,West Bank,31.985981,35.299947
5641, West Bank > Hebron > Al 'Arrub Camp,West Bank,31.985981,35.299947
5642, West Bank > Salfit > Biddya,West Bank,31.985981,35.299947
5643, West Bank > Hebron > Bani Na'im,West Bank,31.985981,35.299947
5644, West Bank > Hebron > Deir Samit,West Bank,31.985981,35.299947
5645, West Bank > Nablus > Zeita Jamma'in,West Bank,31.985981,35.299947
5646, West Bank > Jerusalem > Qalandiya Camp,West Bank,31.985981,35.299947
5647, West Bank > Salfit > Iskaka,West Bank,31.985981,35.299947
5648, West Bank > Bethlehem > Beit Fajjar,West Bank,31.985981,35.299947
5649, West Bank > Hebron > Surif,West Bank,31.985981,35.299947
5650, West Bank > Hebron > Ash Shuyukh,West Bank,31.985981,35.299947
5651, West Bank > Nablus > Huwwara,West Bank,31.985981,35.299947
5652, West Bank > Bethlehem > Beit Jala,West Bank,31.985981,35.299947
5653, West Bank > Hebron > Adh Dhahiriya,West Bank,31.985981,35.299947
5654, West Bank > Hebron > Halhul,West Bank,31.985981,35.299947
5655, West Bank > Hebron > Beit 'Awwa,West Bank,31.985981,35.299947
5656, West Bank > Hebron > Idhna,West Bank,31.985981,35.299947
5657, West Bank > Hebron > Tarqumiya,West Bank,31.985981,35.299947
5658, West Bank > Qalqiliya > Arab ar Ramadin ash Shamali,West Bank,31.985981,35.299947
5659, West Bank > Qalqiliya > Izbat at Tabib,West Bank,31.985981,35.299947
5660, West Bank > Qalqiliya > Izbat al Ashqar,West Bank,31.985981,35.299947
5661, West Bank > Qalqiliya > Wadi ar Rasha,West Bank,31.985981,35.299947
5662, West Bank > Tulkarm > Akkaba,West Bank,31.985981,35.299947
5663, West Bank > Tulkarm > Al Masqufa,West Bank,31.985981,35.299947
5664, West Bank > Qalqiliya > Al Mudawwar,West Bank,31.985981,35.299947
5665, West Bank > Qalqiliya > Ras at Tira,West Bank,31.985981,35.299947
5666, West Bank > Salfit > Deir Ballut,West Bank,31.985981,35.299947
5667, West Bank > Qalqiliya > Falamya,West Bank,31.985981,35.299947
5668, West Bank > Nablus > Ammuriya,West Bank,31.985981,35.299947
5669, West Bank > Nablus > Madama,West Bank,31.985981,35.299947
5670, West Bank > Nablus > Odala,West Bank,31.985981,35.299947
5671, West Bank > Qalqiliya > Arab ar Ramadin al Janubi,West Bank,31.985981,35.299947
5672, West Bank > Nablus > Iraq Burin,West Bank,31.985981,35.299947
5673, West Bank > Jerusalem > Al 'Eizariya,West Bank,31.985981,35.299947
5674, West Bank > Hebron > Umm al Kheir,West Bank,31.985981,35.299947
5675, West Bank > Jerusalem > An Nabi Samwil,West Bank,31.985981,35.299947
5676, West Bank > Nablus > Al Mas'udiya,West Bank,31.985981,35.299947
5677, West Bank > Nablus > Majdal Bani Fadil,West Bank,31.985981,35.299947
5678, West Bank > Nablus > Qabalan,West Bank,31.985981,35.299947
5679, West Bank > Nablus > Deir al Hatab,West Bank,31.985981,35.299947
5680, West Bank > Nablus > Beit Imrin,West Bank,31.985981,35.299947
5681, West Bank > Nablus > Rujeib,West Bank,31.985981,35.299947
5682, West Bank > Qalqiliya > An Nabi Elyas,West Bank,31.985981,35.299947
5683, West Bank > Nablus > Deir Sharaf,West Bank,31.985981,35.299947
5684, West Bank > Nablus > Beit Dajan,West Bank,31.985981,35.299947
5685, West Bank > Nablus > Zawata,West Bank,31.985981,35.299947
5686, West Bank > Salfit > Marda,West Bank,31.985981,35.299947
5687, West Bank > Nablus > Burqa,West Bank,31.985981,35.299947
5688, West Bank > Nablus > Sarra,West Bank,31.985981,35.299947
5689, West Bank > Tubas > Tayasir,West Bank,31.985981,35.299947
5690, West Bank > Qalqiliya > Jayyus,West Bank,31.985981,35.299947
5691, West Bank > Qalqiliya > Azzun 'Atma,West Bank,31.985981,35.299947
5692, West Bank > Nablus > Al Lubban ash Sharqiya,West Bank,31.985981,35.299947
5693, West Bank > Nablus > Salim,West Bank,31.985981,35.299947
5694, West Bank > Salfit > Qira,West Bank,31.985981,35.299947
5695, West Bank > Salfit > Mas-ha,West Bank,31.985981,35.299947
5696, West Bank > Qalqiliya > Jit,West Bank,31.985981,35.299947
5697, West Bank > Nablus > Awarta,West Bank,31.985981,35.299947
5698, West Bank > Ramallah > Turmus'ayya,West Bank,31.985981,35.299947
5699, West Bank > Salfit > Za'tara,West Bank,31.985981,35.299947
5700, West Bank > Nablus > Sabastiya,West Bank,31.985981,35.299947
5701, West Bank > Tubas > Mak-hul,West Bank,31.985981,35.299947
5702, West Bank > Nablus > Kafr Qalil,West Bank,31.985981,35.299947
5703, West Bank > Nablus > Tell,West Bank,31.985981,35.299947
5704, West Bank > Salfit > Bruqin,West Bank,31.985981,35.299947
5705, West Bank > Nablus > As Sawiya,West Bank,31.985981,35.299947
5706, West Bank > Nablus > Urif,West Bank,31.985981,35.299947
5707, West Bank > Nablus > Einabus,West Bank,31.985981,35.299947
5708, West Bank > Nablus > Yatma,West Bank,31.985981,35.299947
5709, West Bank > Nablus > Abu Kbash,West Bank,31.985981,35.299947
5710, West Bank > Nablus > Burin,West Bank,31.985981,35.299947
5711, West Bank > Salfit > Haris,West Bank,31.985981,35.299947
5712, West Bank > Qalqiliya > Azzun,West Bank,31.985981,35.299947
5713, West Bank > Salfit > Qarawat Bani Hassan,West Bank,31.985981,35.299947
5714, West Bank > Nablus > Asira al Qibliya,West Bank,31.985981,35.299947
5715, West Bank > Hebron > Umm ad Daraj,West Bank,31.985981,35.299947
5716, West Bank > Hebron > Khashem ad Daraj,West Bank,31.985981,35.299947
5717, West Bank > Hebron > Khirbet al Majaz,West Bank,31.985981,35.299947
5718, West Bank > Jericho > Marj Na'ja Herders,West Bank,31.985981,35.299947
5719, West Bank > Hebron > Mirkez,West Bank,31.985981,35.299947
5720, West Bank > Hebron > An Najada,West Bank,31.985981,35.299947
5721, West Bank > Bethlehem > Al Walaja,West Bank,31.985981,35.299947
5722, West Bank > Bethlehem > Al Ma'sara,West Bank,31.985981,35.299947
5723, West Bank > Hebron > Abda,West Bank,31.985981,35.299947
5724, West Bank > Qalqiliya > Habla,West Bank,31.985981,35.299947
5725, West Bank > Jerusalem > Sharafat,West Bank,31.985981,35.299947
5726, West Bank > Jerusalem > Anata,West Bank,31.985981,35.299947
5727, West Bank > Hebron > Al Jwaya,West Bank,31.985981,35.299947
5728, West Bank > Ramallah > Deir Nidham,West Bank,31.985981,35.299947
5729, West Bank > Ramallah > Beit 'Ur al Fauqa,West Bank,31.985981,35.299947
5730, West Bank > Ramallah > Budrus,West Bank,31.985981,35.299947
5731, West Bank > Ramallah > Rantis,West Bank,31.985981,35.299947
5732, West Bank > Ramallah > Ni'lin,West Bank,31.985981,35.299947
5733, West Bank > Ramallah > Qibya,West Bank,31.985981,35.299947
5734, West Bank > Nablus > Beit Hasan,West Bank,31.985981,35.299947
5735, West Bank > Jerusalem > Sheikh Jarrah,West Bank,31.985981,35.299947
5736, West Bank > Tubas > Tammun,West Bank,31.985981,35.299947
5737, West Bank > Ramallah > Saffa,West Bank,31.985981,35.299947
5738, West Bank > Ramallah > Deir Abu Mash'al,West Bank,31.985981,35.299947
5739, West Bank > Ramallah > Kafr Ni'ma,West Bank,31.985981,35.299947
5740, West Bank > Jenin > Jaba',West Bank,31.985981,35.299947
5741, West Bank > Qalqiliya > Hajja,West Bank,31.985981,35.299947
5742, West Bank > Jerusalem > Beit Safafa,West Bank,31.985981,35.299947
5743, West Bank > Jerusalem > Sur Bahir,West Bank,31.985981,35.299947
5744, West Bank > Jerusalem > At Tur,West Bank,31.985981,35.299947
5745, West Bank > Jerusalem > Ras al 'Amud,West Bank,31.985981,35.299947
5746, West Bank > Jerusalem > Wadi al Joz,West Bank,31.985981,35.299947
5747, West Bank > Jerusalem > Ath Thuri,West Bank,31.985981,35.299947
5748, West Bank > Hebron > Umm Sidra,West Bank,31.985981,35.299947
5749, oPt > West Bank > Hebron > Qila,West Bank,31.985981,35.299947
5750, West Bank > Hebron > Rabud,West Bank,31.985981,35.299947
5751, West Bank > Qalqiliya > Ras 'Atiya,West Bank,31.985981,35.299947
5752, West Bank > Hebron > Arab al Fureijat,West Bank,31.985981,35.299947
5753, West Bank > Hebron > Beit Ula,West Bank,31.985981,35.299947
5754, West Bank > Tulkarm > Kafa,West Bank,31.985981,35.299947
5755, West Bank > Tulkarm > Baqa ash Sharqiya,West Bank,31.985981,35.299947
5756, West Bank > Qalqiliya > Kafr Thulth,West Bank,31.985981,35.299947
5757, West Bank > Hebron > Anab al Kabir,West Bank,31.985981,35.299947
5758, West Bank > Qalqiliya > Ad Dab'a,West Bank,31.985981,35.299947
5759, West Bank > Hebron > Qawawis,West Bank,31.985981,35.299947
5760, West Bank > Jenin > Aba,West Bank,31.985981,35.299947
5761, West Bank > Hebron > Khirbet Bir al 'Idd,West Bank,31.985981,35.299947
5762, West Bank > Hebron > Saadet Tha'lah,West Bank,31.985981,35.299947
5763, West Bank > Jenin > Al Mutilla,West Bank,31.985981,35.299947
5764, West Bank > Jenin > Nazlat ash Sheikh Zeid,West Bank,31.985981,35.299947
5765, West Bank > Jenin > Arabbuna,West Bank,31.985981,35.299947
5766, West Bank > Jenin > Al 'Asa'asa,West Bank,31.985981,35.299947
5767, West Bank > Jenin > Khirbet al-Hamaam,West Bank,31.985981,35.299947
5768, West Bank > Jenin > Sir,West Bank,31.985981,35.299947
5769, West Bank > Hebron > Isfey al Fauqa,West Bank,31.985981,35.299947
5770, West Bank > Jenin > Khirbet al Muntar al Gharbiya,West Bank,31.985981,35.299947
5771, West Bank > Jenin > Khirbet Mas'ud,West Bank,31.985981,35.299947
5772, West Bank > Jenin > As Sa'aida,West Bank,31.985981,35.299947
5773, West Bank > Jenin > Bir al Basha,West Bank,31.985981,35.299947
5774, West Bank > Jenin > Ash Shuhada,West Bank,31.985981,35.299947
5775, West Bank > Jenin > Wad ad Dabi',West Bank,31.985981,35.299947
5776, West Bank > Jenin > Umm ar Rihan,West Bank,31.985981,35.299947
5777, West Bank > Jenin > Fahma al Jadida,West Bank,31.985981,35.299947
5778, West Bank > Jenin > Dhaher al 'Abed,West Bank,31.985981,35.299947
5779, West Bank > Jenin > Dhaher al Malih,West Bank,31.985981,35.299947
5780, West Bank > Jenin > Khirbet ash Sheikh Sa'eed,West Bank,31.985981,35.299947
5781, West Bank > Jenin > Khirbet al Muntar ash Sharqiya,West Bank,31.985981,35.299947
5782, West Bank > Jerusalem > Abu Dis,West Bank,31.985981,35.299947
5783, West Bank > Jerusalem > Kafr 'Aqab,West Bank,31.985981,35.299947
5784, West Bank > Hebron > Isfey al Tihta,West Bank,31.985981,35.299947
5785, West Bank > Jerusalem > Shu'fat,West Bank,31.985981,35.299947
5786, West Bank > Hebron > Halaweh,West Bank,31.985981,35.299947
5787, West Bank > Hebron > Khirbet at Tabban,West Bank,31.985981,35.299947
5788, West Bank > Ramallah > Abu Qash,West Bank,31.985981,35.299947
5789, West Bank > Jenin > Khallet Anjas,West Bank,31.985981,35.299947
5790, West Bank > Salfit > Abu Sultan,West Bank,31.985981,35.299947
5791, West Bank > Hebron > Tatrit,West Bank,31.985981,35.299947
5792, West Bank > Hebron > Abo El-Henna,West Bank,31.985981,35.299947
5793, West Bank > Hebron > Wedadie,West Bank,31.985981,35.299947
5794, West Bank > Hebron > Safa,West Bank,31.985981,35.299947
5795, West Bank > Nablus > An Nassariya,West Bank,31.985981,35.299947
5796, West Bank > Nablus > Qusin,West Bank,31.985981,35.299947
5797, West Bank > Salfit > Rafat,West Bank,31.985981,35.299947
5798, West Bank > Nablus > Al 'Aqrabaniya,West Bank,31.985981,35.299947
5799, West Bank > Tulkarm > Kur,West Bank,31.985981,35.299947
5800, West Bank > Tulkarm > Kafr 'Abbush,West Bank,31.985981,35.299947
5801, West Bank > Tulkarm > Kafr Zibad,West Bank,31.985981,35.299947
5802, oPt > West Bank > Qalqiliya > Al Mudawwar,West Bank,31.985981,35.299947
5803, oPt > West Bank > Qalqiliya > Ras 'Atiya,West Bank,31.985981,35.299947
5804, West Bank > Jenin > Tura ash Sharqiya,West Bank,31.985981,35.299947
5805, West Bank > Hebron > Khirbet Jamrura,West Bank,31.985981,35.299947
5806, West Bank > Tulkarm > Al Haffasi,West Bank,31.985981,35.299947
5807, West Bank > Hebron > Al Buweib,West Bank,31.985981,35.299947
5808, West Bank > Hebron > Beit Mirsim,West Bank,31.985981,35.299947
5809, West Bank > Hebron > Ad Deirat,West Bank,31.985981,35.299947
5810, West Bank > Hebron > Ar Rifa'iyya,West Bank,31.985981,35.299947
5811, West Bank > Hebron > Ar Ramadin,West Bank,31.985981,35.299947
5812, West Bank > Hebron > Khirbet Ghuwein al Fauqa,West Bank,31.985981,35.299947
5813, West Bank > Hebron > Khirbet Bism,West Bank,31.985981,35.299947
5814, West Bank > Hebron > Birin,West Bank,31.985981,35.299947
5815, West Bank > Hebron > Khirbet Zanuta,West Bank,31.985981,35.299947
5816, West Bank > Hebron > Wadi ar Rim,West Bank,31.985981,35.299947
5817, West Bank > Jenin > Al Mansura,West Bank,31.985981,35.299947
5818, West Bank > Jenin > Al Hafira,West Bank,31.985981,35.299947
5819, West Bank > Jenin > Ad Damayra,West Bank,31.985981,35.299947
5820, West Bank > Jenin > Wadi al Khazrak,West Bank,31.985981,35.299947
5821, West Bank > Jenin > Khirbet Suruj,West Bank,31.985981,35.299947
5822, West Bank > Hebron > Umm al Butm,West Bank,31.985981,35.299947
5823, West Bank > Hebron > Umm Qussa,West Bank,31.985981,35.299947
5824, West Bank > Hebron > Wadi al Amayer,West Bank,31.985981,35.299947
5825, West Bank > Ramallah > Beit Rima (Bani Zeid),West Bank,31.985981,35.299947
5826, West Bank > Hebron > Al 'Ein,West Bank,31.985981,35.299947
5827, West Bank > Nablus > Balata Camp,West Bank,31.985981,35.299947
5828, West Bank > Ramallah > Dar Faza'a,West Bank,31.985981,35.299947
5829, West Bank > Ramallah > Kafr Malik,West Bank,31.985981,35.299947
5830, West Bank > Ramallah > At Tayba,West Bank,31.985981,35.299947
5831, West Bank > Jenin > Rummana,West Bank,31.985981,35.299947
5832, West Bank > Jenin > Kafr Dan,West Bank,31.985981,35.299947
5833, West Bank > Jenin > Al 'Araqa,West Bank,31.985981,35.299947
5834, West Bank > Jenin > Jalbun,West Bank,31.985981,35.299947
5835, West Bank > Jenin > Silat al Harithiya,West Bank,31.985981,35.299947
5836, West Bank > Jenin > Al Jalama,West Bank,31.985981,35.299947
5837, West Bank > Bethlehem > Umm Salamuna,West Bank,31.985981,35.299947
5838, West Bank > Bethlehem > Beit Ta'mir,West Bank,31.985981,35.299947
5839, West Bank > Hebron > Khallet al Maiyya,West Bank,31.985981,35.299947
5840, West Bank > Hebron > Al 'Uddeisa,West Bank,31.985981,35.299947
5841, Pakistan > Khyber Pakhtunkhwa > Shangla,Khyber Pakhtunkhwa,34.481,72.0902
5842, Pakistan > Khyber Pakhtunkhwa,Khyber Pakhtunkhwa,34.481,72.0902
5843, Pakistan > Punjab > Sialkot > Sialkot,Punjab,30.8111,72.1405
5844, Pakistan > Punjab > Sialkot > Pasrur,Punjab,30.8111,72.1405
5845, Pakistan > Punjab > Sialkot > Sambrial,Punjab,30.8111,72.1405
5846, Pakistan > Punjab > Multan > Jalalpur Pirwala,Punjab,30.8111,72.1405
5847, Pakistan > Punjab > Muzaffargarh > Alipur,Punjab,30.8111,72.1405
5848, Pakistan > Punjab > Jhang > Jhang,Punjab,30.8111,72.1405
5849, Pakistan > Punjab > Khanewal > Khanewal,Punjab,30.8111,72.1405
5850, Pakistan > Punjab > Bahawalpur > Bahawalpur,Punjab,30.8111,72.1405
5851, Pakistan > Punjab > Khanewal > Kabirwala,Punjab,30.8111,72.1405
5852, Pakistan > Punjab > Multan > Shuabad,Punjab,30.8111,72.1405
5853,Fata -> North Waziristan Agency -> Miran Shah,Fata,33.1832,70.4198
5854,Fata -> North Waziristan Agency -> Mir Ali,Fata,33.1832,70.4198
5855,Fata -> North Waziristan Agency -> Razmak,Fata,33.1832,70.4198
5856,Fata -> North Waziristan Agency -> Dossali,Fata,33.1832,70.4198
5857,Fata -> North Waziristan Agency -> Data Khel,Fata,33.1832,70.4198
5858,Fata -> North Waziristan Agency -> Spinwam,Fata,33.1832,70.4198
5859,Fata -> Orakzai Agency,Fata,33.1832,70.4198
5860,Fata -> Orakzai Agency -> Upper Orakzai,Fata,33.1832,70.4198
5861,Fata -> North Waziristan Agency,Fata,33.1832,70.4198
5862,Fata -> North Waziristan Agency -> Ghulam Khan,Fata,33.1832,70.4198
5863,Fata -> South Waziristan Agency -> Makin,Fata,33.1832,70.4198
5864,Fata -> South Waziristan Agency -> Ladha,Fata,33.1832,70.4198
5865,Fata -> South Waziristan Agency -> Serwekai,Fata,33.1832,70.4198
5866,Fata -> Kurram Agency -> Central Kurram,Fata,33.1832,70.4198
5867,Fata -> South Waziristan Agency -> Tiarza,Fata,33.1832,70.4198
5868,Fata -> FR Bannu -> Fr Bannu,Fata,33.1832,70.4198
5869, Balochistan > Killa Abdullah > Gulistan,Balochistan,28.3272,65.8931
5870, Sindh > Umerkot > Umerkot,Sindh,26.0097,68.7736
5871, Balochistan > Chagai > Dalbandin,Balochistan,28.3272,65.8931
5872, Balochistan > Chagai > Nukandi,Balochistan,28.3272,65.8931
5873, Balochistan > Chagai > Chagai,Balochistan,28.3272,65.8931
5874, Khyber Pakhtunkhwa > Bannu > Bannu,Khyber Pakhtunkhwa,34.481,72.0902
5875, Sindh > Tharparkar > Chachro,Sindh,26.0097,68.7736
5876, Balochistan > Chagai > Taftan,Balochistan,28.3272,65.8931
5877, Sindh,Sindh,26.0097,68.7736
5878, Balochistan > Killa Abdullah > Killa Abdullah,Balochistan,28.3272,65.8931
5879, Balochistan > Chagai,Balochistan,28.3272,65.8931
5880, Fata > South Waziristan Agency > Ladha,Fata,33.1832,70.4198
5881, Fata > South Waziristan Agency > Serwekai,Fata,33.1832,70.4198
5882, Fata > South Waziristan Agency > Sararogha,Fata,33.1832,70.4198
5883, Sindh > Tharparkar > Dahli,Sindh,26.0097,68.7736
5884, Balochistan > Killa Abdullah > Chaman,Balochistan,28.3272,65.8931
5885, Fata > Kurram Agency > Upper Kurram,Fata,33.1832,70.4198
5886, Fata > Kurram Agency > Central Kurram,Fata,33.1832,70.4198
5887, Fata > Kurram Agency > Lower Kurram,Fata,33.1832,70.4198
5888, Balochistan > Washuk,Balochistan,28.3272,65.8931
5889, Balochistan > Pishin,Balochistan,28.3272,65.8931
5890, Sindh > Mirpur Khas,Sindh,26.0097,68.7736
5891, Sindh > Umerkot,Sindh,26.0097,68.7736
5892, Balochistan > Washuk > Besima,Balochistan,28.3272,65.8931
5893, Balochistan > Washuk > Nag,Balochistan,28.3272,65.8931
5894, Balochistan,Balochistan,28.3272,65.8931
5895, Balochistan > Jhal Magsi,Balochistan,28.3272,65.8931
5896, Sindh > Sanghar,Sindh,26.0097,68.7736
5897, Sindh > Badin,Sindh,26.0097,68.7736
5898, Khyber Pakhtunkhwa > Charsadda,Khyber Pakhtunkhwa,34.481,72.0902
5899, Khyber Pakhtunkhwa > Mardan,Khyber Pakhtunkhwa,34.481,72.0902
5900, Khyber Pakhtunkhwa > Buner,Khyber Pakhtunkhwa,34.481,72.0902
5901, Khyber Pakhtunkhwa > Peshawar,Khyber Pakhtunkhwa,34.481,72.0902
5902, Balochistan > Killa Abdullah,Balochistan,28.3272,65.8931
5903, Balochistan > Quetta,Balochistan,28.3272,65.8931
5904, Khyber Pakhtunkhwa > Swat,Khyber Pakhtunkhwa,34.481,72.0902
5905, Punjab,Punjab,30.8111,72.1405
5906, Federal Capital Territory,Federal Capital Territory,33.6712,73.1235
5907, Khyber Pakhtunkhwa,Khyber Pakhtunkhwa,34.481,72.0902
5908, Sindh > Sanghar > Khipro,Sindh,26.0097,68.7736
5909, Khyber Pakhtunkhwa > Kohat > Kohat,Khyber Pakhtunkhwa,34.481,72.0902
5910, Balochistan > Killa Abdullah > DOBANDI,Balochistan,28.3272,65.8931
5911, Somalia > Sool > Laas Caanood > Tuulo Samakaab,Sool,8.724,47.529
5912, Somalia > Sool > Laas Caanood > Dan,Sool,8.724,47.529
5913, Somalia > Sool > Laas Caanood > Fardhidin,Sool,8.724,47.529
5914, Somalia > Sool > Laas Caanood > Boocame,Sool,8.724,47.529
5915, Somalia > Gedo > Belet Xaawo > Belet Xaawo,Gedo,2.802,41.688
5916, Somalia > Gedo > Doolow,Gedo,2.802,41.688
5917, Somalia > Gedo > Luuq,Gedo,2.802,41.688
5918, Somalia > Gedo > Belet Xaawo,Gedo,2.802,41.688
5919, Somalia > Bari,Bari,10.648,50.232
5920, Somalia > Sanaag,Sanaag,10.259,47.483
5921, Somalia > Lower Juba,Lower Juba,0.051,41.596
5922, Somalia > Middle Juba,Middle Juba,1.451,42.638
5923, Somalia > Gedo,Gedo,2.802,41.688
5924, Somalia > Togdheer,Togdheer,9.4,45.433
5925, Somalia > Bay,Bay,2.676,43.738
5926, Somalia > Awdal,Awdal,10.602,43.349
5927, Somalia > Galgaduud,Galgaduud,5.265,46.647
5928, Somalia > Nugaal,Nugaal,8.209,48.846
5929, Somalia > Middle Shabelle,Middle Shabelle,2.825,45.937
5930, Somalia > Bakool,Bakool,4.28,43.807
5931, Somalia > Woqooyi Galbeed,Woqooyi Galbeed,9.755,43.91
5932, Somalia > Hiraan,Hiraan,4.223,45.376
5933, Somalia > Mudug,Mudug,6.491,48.01
5934, Somalia > Lower Shabelle,Lower Shabelle,1.749,44.391
5935, Somalia > Sool,Sool,8.724,47.529
5936, Somalia > Banadir,Banadir,2.115,45.467
5937, Somalia > Middle Shabelle > Balcad > Garas-Bintow,Middle Shabelle,2.825,45.937
5938, Somalia > Middle Shabelle > Balcad > Gargaar,Middle Shabelle,2.825,45.937
5939, Somalia > Middle Shabelle > Balcad > Balcad,Middle Shabelle,2.825,45.937
5940, Somalia > Hiraan > Belet Weyne > Belet Weyne,Hiraan,4.223,45.376
5941, Somalia > Middle Shabelle > Jowhar > Guumbe,Middle Shabelle,2.825,45.937
5942, Somalia > Middle Shabelle > Jowhar > Dabeyley,Middle Shabelle,2.825,45.937
5943, Somalia > Middle Shabelle > Jowhar > Jowhar,Middle Shabelle,2.825,45.937
5944, Somalia > Middle Shabelle > Jowhar > Magadley,Middle Shabelle,2.825,45.937
5945, Somalia > Middle Shabelle > Jowhar > Blook,Middle Shabelle,2.825,45.937
5946, Somalia > Middle Shabelle > Jowhar > Mayoongaale,Middle Shabelle,2.825,45.937
5947, Somalia > Middle Shabelle > Jowhar > Buulo-Waray,Middle Shabelle,2.825,45.937
5948, Somalia > Middle Shabelle > Jowhar > Bayaxaaw,Middle Shabelle,2.825,45.937
5949, Somalia > Middle Shabelle > Jowhar > Mahadaay,Middle Shabelle,2.825,45.937
5950," Somalia > Middle Shabelle > Jowhar > Daa, Ifo",Middle Shabelle,2.825,45.937
5951, Somalia > Middle Shabelle > Jowhar > Shamiindo,Middle Shabelle,2.825,45.937
5952, Somalia > Hiraan > Belet Weyne,Hiraan,4.223,45.376
5953, Somalia > Gedo > Baardheere,Gedo,2.802,41.688
5954, Somalia > Bay > Baidoa > Mursal,Bay,2.676,43.738
5955, Somalia > Bay > Baidoa > War Xussen,Bay,2.676,43.738
5956, Somalia > Bay > Baidoa > Baidoa/Horseed/Laanta 6Aa,Bay,2.676,43.738
5957, Somalia > Bay > Baidoa > Banbusul,Bay,2.676,43.738
5958, Somalia > Bay > Baidoa > Baidoa/Hawl Wadaag/Laanta,Bay,2.676,43.738
5959, Somalia > Bay > Baidoa > Berdale/Waberi,Bay,2.676,43.738
5960, Somalia > Bay > Baidoa > Baidoa/Bardaale/Laanta 3A,Bay,2.676,43.738
5961, Somalia > Mudug > Gaalkacyo > Gaalkacyo,Mudug,6.491,48.01
5962, Somalia > Mudug > Gaalkacyo > Laaso Cadale,Mudug,6.491,48.01
5963, Somalia > Mudug > Gaalkacyo > Sarjimaale,Mudug,6.491,48.01
5964, Somalia > Mudug > Gaalkacyo > Carfuuda,Mudug,6.491,48.01
5965, Somalia > Mudug > Gaalkacyo > Dagaari,Mudug,6.491,48.01
5966, Somalia > Sool > Xudun > Xudun,Sool,8.724,47.529
5967, Somalia > Sool > Xudun > Gorofley,Sool,8.724,47.529
5968, Somalia > Sool > Xudun > Faraguul,Sool,8.724,47.529
5969, Somalia > Sool > Xudun > Hol-Hol,Sool,8.724,47.529
5970, Somalia > Gedo > Doolow > Doolow,Gedo,2.802,41.688
5971, Somalia > Gedo > Baardheere > Baardheere/Hilaac,Gedo,2.802,41.688
5972, Somalia > Gedo > Luuq > Ban Munduli,Gedo,2.802,41.688
5973, Somalia > Gedo > Luuq > Abdi Kheyr,Gedo,2.802,41.688
5974, Somalia > Gedo > Luuq > Haanoy,Gedo,2.802,41.688
5975, Somalia > Gedo > Luuq > Kulmis,Gedo,2.802,41.688
5976, Somalia > Gedo > Luuq > Xero Koowaad,Gedo,2.802,41.688
5977, Somalia > Gedo > Luuq > Caracas,Gedo,2.802,41.688
5978, Somalia > Gedo > Luuq > Madhoweey,Gedo,2.802,41.688
5979, Somalia > Gedo > Luuq > Hoodey/Hoobishow,Gedo,2.802,41.688
5980, Somalia > Gedo > Luuq > Mira Dhuubow,Gedo,2.802,41.688
5981, Somalia > Gedo > Luuq > Dogob,Gedo,2.802,41.688
5982, Somalia > Middle Shabelle > Balcad,Middle Shabelle,2.825,45.937
5983, Somalia > Hiraan > Belet Weyne > Bacaad Buko,Hiraan,4.223,45.376
5984, Somalia > Hiraan > Belet Weyne > Dharkeynley,Hiraan,4.223,45.376
5985, Somalia > Hiraan > Belet Weyne > Macruuf,Hiraan,4.223,45.376
5986, Somalia > Hiraan > Belet Weyne > Ceel Cali,Hiraan,4.223,45.376
5987, Somalia > Hiraan > Belet Weyne > Buulo Kahin,Hiraan,4.223,45.376
5988, Somalia > Hiraan > Belet Weyne > Beled Amiin,Hiraan,4.223,45.376
5989, Somalia > Hiraan > Belet Weyne > Qoydo,Hiraan,4.223,45.376
5990, Somalia > Middle Shabelle > Jowhar,Middle Shabelle,2.825,45.937
5991, Somalia > Gedo > Luuq > Buyle,Gedo,2.802,41.688
5992, Somalia > Gedo > Luuq > Aw Maadow,Gedo,2.802,41.688
5993, Somalia > Gedo > Luuq > Heli-Shiid,Gedo,2.802,41.688
5994, Somalia > Hiraan > Belet Weyne > Siigaalow,Hiraan,4.223,45.376
5995, Somalia > Middle Shabelle > Jowhar > Jilyaale,Middle Shabelle,2.825,45.937
5996, Somalia > Middle Shabelle > Jowhar > Buulo-Bishaaro,Middle Shabelle,2.825,45.937
5997, Somalia > Middle Shabelle > Jowhar > Mareerey,Middle Shabelle,2.825,45.937
5998, Somalia > Middle Shabelle > Jowhar > Barrey,Middle Shabelle,2.825,45.937
5999, Somalia > Bay > Baidoa > Baidoa,Bay,2.676,43.738
6000, Somalia > Bay > Baidoa,Bay,2.676,43.738
6001, Somalia > Bay > Baidoa > Berdale/October,Bay,2.676,43.738
6002, Somalia > Bay > Baidoa > Berdale/Horseed,Bay,2.676,43.738
6003, Somalia > Bay > Baidoa > Berdale/Axmed Gurey,Bay,2.676,43.738
6004, Somalia > Bay > Baidoa > Berdale,Bay,2.676,43.738
6005," Somalia > Mudug > Gaalkacyo > Gaalkacyo/Garsoor, Horumar",Mudug,6.491,48.01
6006, Somalia > Mudug > Gaalkacyo > Xaaran,Mudug,6.491,48.01
6007, Somalia > Banadir > Mogadishu,Banadir,2.115,45.467
6008, Somalia > Banadir > Mogadishu-Daynile,Banadir,2.115,45.467
6009, Somalia > Banadir > Mogadishu-Daynile > Mogadishu/Daynile,Banadir,2.115,45.467
6010, Somalia > Banadir > Mogadishu-Dharkenley > Mogadishu/Dharkenley,Banadir,2.115,45.467
6011, Somalia > Bay > Buur Hakaba > Abaawle (1),Bay,2.676,43.738
6012, Somalia > Bay > Buur Hakaba > Abaawle (2),Bay,2.676,43.738
6013, Somalia > Bay > Buur Hakaba > Aw-Ooyoow,Bay,2.676,43.738
6014, Somalia > Bay > Buur Hakaba > Isneeb,Bay,2.676,43.738
6015, Somalia > Bay > Buur Hakaba > Balow,Bay,2.676,43.738
6016, Somalia > Bay > Buur Hakaba > Buurey-Deerow,Bay,2.676,43.738
6017, Somalia > Bay > Buur Hakaba > Buulo Massib,Bay,2.676,43.738
6018, Somalia > Bay > Buur Hakaba > Buur Hakaba/Wadajir,Bay,2.676,43.738
6019, Somalia > Bay > Buur Hakaba > Qardale,Bay,2.676,43.738
6020, Somalia > Bay > Buur Hakaba > Sool,Bay,2.676,43.738
6021, Somalia > Middle Shabelle > Jowhar > Ceel Benka,Middle Shabelle,2.825,45.937
6022, Somalia > Bay > Baidoa > Midow,Bay,2.676,43.738
6023, Somalia > Bay > Baidoa > Mooshe,Bay,2.676,43.738
6024, Somalia > Bay > Baidoa > Bulaas,Bay,2.676,43.738
6025, Somalia > Bay > Baidoa > Kashiidoow,Bay,2.676,43.738
6026, Somalia > Bay > Baidoa > Goof-Galool,Bay,2.676,43.738
6027, Somalia > Bay > Baidoa > Darrow,Bay,2.676,43.738
6028, Somalia > Bay > Baidoa > Abuurow,Bay,2.676,43.738
6029, Somalia > Bay > Baidoa > Qahira Wiin,Bay,2.676,43.738
6030, Somalia > Bay > Baidoa > Masuubiye,Bay,2.676,43.738
6031, Somalia > Bay > Baidoa > Busley,Bay,2.676,43.738
6032, Somalia > Bay > Baidoa > Carra Gaduud,Bay,2.676,43.738
6033, Somalia > Bay > Baidoa > Bagdaad,Bay,2.676,43.738
6034, Somalia > Bay > Baidoa > Berahnooy,Bay,2.676,43.738
6035, Somalia > Bay > Baidoa > Baidoa/Isha/Laanta 5Aad,Bay,2.676,43.738
6036, Somalia > Bay > Baidoa > Buulo Jinaay,Bay,2.676,43.738
6037, Somalia > Bay > Baidoa > Reebey,Bay,2.676,43.738
6038, Somalia > Bay > Baidoa > Geldheere,Bay,2.676,43.738
6039, Somalia > Bay > Baidoa > Aawdiinle,Bay,2.676,43.738
6040, Somalia > Lower Shabelle > Afgooye,Lower Shabelle,1.749,44.391
6041, Somalia > Bay > Qansax Dheere > Qansax Dheere/Wadijir,Bay,2.676,43.738
6042, Somalia > Bay > Qansax Dheere > Qansax Dheere/Busley,Bay,2.676,43.738
6043, Somalia > Bay > Qansax Dheere > Qansaxdheere,Bay,2.676,43.738
6044, Somalia > Bay > Qansax Dheere > Qansax Dheere/Garsoor,Bay,2.676,43.738
6045, Somalia > Bay > Baidoa > Kobonle,Bay,2.676,43.738
6046, Somalia > Bay > Baidoa > Aw-Shiine,Bay,2.676,43.738
6047, Somalia > Bay > Baidoa > Salbuuy,Bay,2.676,43.738
6048, Somalia > Bay > Baidoa > Goof Guduud,Bay,2.676,43.738
6049, Somalia > Bay > Baidoa > Misgaale,Bay,2.676,43.738
6050, Somalia > Bay > Qansax Dheere > Shanta Mundule,Bay,2.676,43.738
6051, Somalia > Bay > Qansax Dheere > Duuray,Bay,2.676,43.738
6052, Somalia > Bay > Qansax Dheere > Qansax Dheere,Bay,2.676,43.738
6053, Somalia > Bay > Qansax Dheere > Bulo Ghedudo,Bay,2.676,43.738
6054, Somalia > Lower Shabelle > Afgooye > Afgooye,Lower Shabelle,1.749,44.391
6055, Somalia > Bay > Buur Hakaba,Bay,2.676,43.738
6056, Somalia > Bay > Qansax Dheere,Bay,2.676,43.738
6057, Somalia > Bay > Buur Hakaba > Ibooto,Bay,2.676,43.738
6058, Somalia > Bay > Buur Hakaba > Aw-Basoow,Bay,2.676,43.738
6059, Somalia > Bay > Buur Hakaba > Dacarta,Bay,2.676,43.738
6060, Somalia > Bay > Buur Hakaba > Buur Hakaba,Bay,2.676,43.738
6061, Somalia > Bay > Buur Hakaba > Masusoow,Bay,2.676,43.738
6062, Somalia > Bay > Buur Hakaba > Uurweyne,Bay,2.676,43.738
6063, Somalia > Bay > Baidoa > Gololka,Bay,2.676,43.738
6064, Somalia > Bay > Qansax Dheere > Hareeri Jiroon,Bay,2.676,43.738
6065, Somalia > Bay > Qansax Dheere > Beled Amin,Bay,2.676,43.738
6066, Somalia > Bay > Qansax Dheere > Ismaaciil,Bay,2.676,43.738
6067, Somalia > Bay > Qansax Dheere > Buulo Abag/Beledow,Bay,2.676,43.738
6068, Somalia > Banadir > Mogadishu > Mogadishu,Banadir,2.115,45.467
6069, Somalia > Banadir > Mogadishu-Dharkenley,Banadir,2.115,45.467
6070, Somalia > Middle Shabelle > Jowhar > Buurfuule,Middle Shabelle,2.825,45.937
6071, Somalia > Middle Shabelle > Jowhar > Lebiga,Middle Shabelle,2.825,45.937
6072, Somalia > Lower Shabelle > Afgooye > Afgooye/Hawo Tako,Lower Shabelle,1.749,44.391
6073, Somalia > Lower Shabelle > Afgooye > Afgooye/Dhagahtur,Lower Shabelle,1.749,44.391
6074, Somalia > Gedo > Luuq > Luuq,Gedo,2.802,41.688
6075, Somalia > Gedo > Luuq > Luuq/Gudey,Gedo,2.802,41.688
6076, Somalia > Gedo > Luuq > Luuuq/Hillaac,Gedo,2.802,41.688
6077, Somalia > Lower Juba > Jamaame > Bar,Lower Juba,0.051,41.596
6078, Somalia > Lower Juba > Jamaame > Sinjibaar,Lower Juba,0.051,41.596
6079, Somalia > Lower Juba > Jamaame > Buur Koy,Lower Juba,0.051,41.596
6080, Somalia > Lower Juba > Kismayo,Lower Juba,0.051,41.596
6081, Somalia > Lower Juba > Jamaame > Towfuq,Lower Juba,0.051,41.596
6082, Somalia > Gedo > Luuq > Qooney,Gedo,2.802,41.688
6083, Somalia > Lower Juba > Jamaame,Lower Juba,0.051,41.596
6084, Somalia > Lower Shabelle > Wanla Weyn,Lower Shabelle,1.749,44.391
6085, Somalia > Bay > Diinsoor,Bay,2.676,43.738
6086, Somalia > Lower Shabelle > Wanla Weyn > Wanla Weyn/Maynuun,Lower Shabelle,1.749,44.391
6087, Somalia > Lower Shabelle > Wanla Weyn > Wanla Weyn/Bakaal,Lower Shabelle,1.749,44.391
6088, Somalia > Lower Shabelle > Wanla Weyn > Haakow,Lower Shabelle,1.749,44.391
6089, Somalia > Lower Shabelle > Wanla Weyn > Wanla Weyn/Malable,Lower Shabelle,1.749,44.391
6090, Somalia > Lower Shabelle > Wanla Weyn > Doonka,Lower Shabelle,1.749,44.391
6091, Somalia > Lower Shabelle > Wanla Weyn > Wanla Weyn/Waberi,Lower Shabelle,1.749,44.391
6092, Somalia > Lower Juba > Afmadow > Dhobley,Lower Juba,0.051,41.596
6093, Somalia > Lower Juba > Afmadow > Afmadow,Lower Juba,0.051,41.596
6094, Somalia > Bay > Diinsoor > Bilile,Bay,2.676,43.738
6095, Somalia > Bay > Diinsoor > Diinsoor/H/Wadaag/Hillaac,Bay,2.676,43.738
6096, Somalia > Bay > Diinsoor > Dinsor/Waberi/Axmed Gurey,Bay,2.676,43.738
6097, Somalia > Lower Juba > Afmadow,Lower Juba,0.051,41.596
6098, Somalia > Bay > Baidoa > Haween,Bay,2.676,43.738
6099, Somalia > Bay > Baidoa > Lafaale,Bay,2.676,43.738
6100, Somalia > Bay > Baidoa > Baadi-Eddi,Bay,2.676,43.738
6101, Somalia > Mudug > Gaalkacyo,Mudug,6.491,48.01
6102, Somalia > Mudug > Gaalkacyo > Gaalkacyo/Wadajir,Mudug,6.491,48.01
6103, Somalia > Mudug > Gaalkacyo > Bulaley,Mudug,6.491,48.01
6104, Somalia > Mudug > Gaalkacyo > Lamadhucdh,Mudug,6.491,48.01
6105, Somalia > Mudug > Galdogob > Bacaadweyn,Mudug,6.491,48.01
6106, Somalia > Mudug > Galdogob > Darasalam,Mudug,6.491,48.01
6107, Somalia > Mudug > Gaalkacyo > Beer-Dhagaxtur,Mudug,6.491,48.01
6108, Somalia > Mudug > Galdogob > Bayra,Mudug,6.491,48.01
6109, Somalia > Mudug > Gaalkacyo > Heema,Mudug,6.491,48.01
6110, Somalia > Mudug > Gaalkacyo > Qarsoni,Mudug,6.491,48.01
6111, Somalia > Lower Juba > Kismayo > Kismayo,Lower Juba,0.051,41.596
6112, Somalia > Bakool > Waajid > Waajid,Bakool,4.28,43.807
6113, Somalia > Bakool > Waajid > Wajid,Bakool,4.28,43.807
6114, Somalia > Bakool > Waajid,Bakool,4.28,43.807
6115, Somalia > Lower Juba > Kismayo > Yoontoy,Lower Juba,0.051,41.596
6116, Somalia > Lower Juba > Kismayo > Saamogia,Lower Juba,0.051,41.596
6117, Somalia > Lower Juba > Kismayo > Qalaangalley,Lower Juba,0.051,41.596
6118, Somalia > Bakool > Waajid > Garas Maamow,Bakool,4.28,43.807
6119, Somalia > Bakool > Waajid > Waajid/Horseed,Bakool,4.28,43.807
6120, Somalia > Bakool > Waajid > Waajid/Howl-Wadaag,Bakool,4.28,43.807
6121, Somalia > Bay > Baidoa > Lawiilay,Bay,2.676,43.738
6122, Somalia > Bay > Baidoa > Lowiley,Bay,2.676,43.738
6123, Somalia > Bay > Baidoa > Maykoo Guuraaw,Bay,2.676,43.738
6124, Somalia > Bay > Baidoa > Reydabaaley,Bay,2.676,43.738
6125, Somalia > Lower Juba > Kismayo > Fuuma,Lower Juba,0.051,41.596
6126, Somalia > Lower Juba > Kismayo > Istanboul,Lower Juba,0.051,41.596
6127, Somalia > Middle Juba > Bu'aale,Middle Juba,1.451,42.638
6128,Lower Shabelle -> Afgooye,Lower Shabelle,1.749,44.391
6129,Togdheer -> Burco,Togdheer,9.4,45.433
6130,Togdheer -> Buuhoodle,Togdheer,9.4,45.433
6131,Mudug -> Gaalkacyo -> Duqaaqo,Mudug,6.491,48.01
6132,Mudug -> Gaalkacyo -> Dhardhar,Mudug,6.491,48.01
6133,Mudug -> Gaalkacyo -> Laanwaaley,Mudug,6.491,48.01
6134,Mudug -> Gaalkacyo -> Sadax-Higlo,Mudug,6.491,48.01
6135,Mudug -> Gaalkacyo -> Gaalkacyo,Mudug,6.491,48.01
6136,Mudug -> Gaalkacyo -> Laaso Cadale,Mudug,6.491,48.01
6137,Mudug -> Hobyo -> Ceelguula,Mudug,6.491,48.01
6138,Galgaduud -> Ceel Buur -> Ris,Galgaduud,5.265,46.647
6139,Galgaduud -> Ceel Dheer -> Galwasuge,Galgaduud,5.265,46.647
6140,Galgaduud -> Ceel Dheer -> Oswein,Galgaduud,5.265,46.647
6141,Galgaduud -> Ceel Dheer -> Ceel Dheer,Galgaduud,5.265,46.647
6142,Galgaduud -> Ceel Dheer -> Wahweyn,Galgaduud,5.265,46.647
6143,Galgaduud -> Ceel Buur -> Jacar,Galgaduud,5.265,46.647
6144,Galgaduud -> Ceel Buur -> Cali Buubaal,Galgaduud,5.265,46.647
6145,Galgaduud -> Ceel Dheer -> Hul Caduur,Galgaduud,5.265,46.647
6146,Galgaduud -> Cabudwaaq -> Abutwaq,Galgaduud,5.265,46.647
6147,Galgaduud -> Cadaado -> Cadaado,Galgaduud,5.265,46.647
6148,Galgaduud -> Dhuusamarreeb -> Dhuusamarreeb,Galgaduud,5.265,46.647
6149,Lower Shabelle -> Marka -> Marka/Ayuub,Lower Shabelle,1.749,44.391
6150,Lower Shabelle -> Marka -> Raaxoole,Lower Shabelle,1.749,44.391
6151,"Mudug -> Gaalkacyo -> Gaalkacyo/Garsoor, Horumar",Mudug,6.491,48.01
6152,Mudug -> Hobyo -> Ceel-Dibir,Mudug,6.491,48.01
6153,Togdheer -> Owdweyne -> Odweyne,Togdheer,9.4,45.433
6154,Lower Shabelle -> Qoryooley,Lower Shabelle,1.749,44.391
6155,Lower Shabelle -> Baraawe,Lower Shabelle,1.749,44.391
6156,Banadir -> Mogadishu,Banadir,2.115,45.467
6157,Awdal -> Borama,Awdal,10.602,43.349
6158,Woqooyi Galbeed -> Berbera,Woqooyi Galbeed,9.755,43.91
6159,Bakool -> Waajid,Bakool,4.28,43.807
6160,Sanaag -> Ceel Afweyn,Sanaag,10.259,47.483
6161,Bay -> Baidoa,Bay,2.676,43.738
6162,Gedo -> Baardheere,Gedo,2.802,41.688
6163,Bari -> Bossaso,Bari,10.648,50.232
6164,Middle Shabelle -> Jowhar,Middle Shabelle,2.825,45.937
6165,Hiraan -> Belet Weyne,Hiraan,4.223,45.376
6166,Sool -> Laas Caanood,Sool,8.724,47.529
6167,Galgaduud -> Cabudwaaq,Galgaduud,5.265,46.647
6168,Lower Juba -> Kismayo,Lower Juba,0.051,41.596
6169,Middle Juba -> Jilib,Middle Juba,1.451,42.638
6170,Mudug -> Gaalkacyo,Mudug,6.491,48.01
6171,Nugaal -> Garowe,Nugaal,8.209,48.846
6172,Hiraan,Hiraan,4.223,45.376
6173,Bakool,Bakool,4.28,43.807
6174,Bari,Bari,10.648,50.232
6175,Lower Juba,Lower Juba,0.051,41.596
6176,Gedo,Gedo,2.802,41.688
6177,Galgaduud,Galgaduud,5.265,46.647
6178,Bay,Bay,2.676,43.738
6179,Awdal,Awdal,10.602,43.349
6180,Mudug,Mudug,6.491,48.01
6181,Sool,Sool,8.724,47.529
6182,Lower Shabelle,Lower Shabelle,1.749,44.391
6183,Middle Shabelle,Middle Shabelle,2.825,45.937
6184,Middle Juba,Middle Juba,1.451,42.638
6185,Banadir,Banadir,2.115,45.467
6186,Nugaal,Nugaal,8.209,48.846
6187,Sanaag,Sanaag,10.259,47.483
6188,Togdheer,Togdheer,9.4,45.433
6189,Woqooyi Galbeed,Woqooyi Galbeed,9.755,43.91
6190,Awdal -> Baki -> Abokor-Caddaawe,Awdal,10.602,43.349
6191,Bari -> Bossaso -> Bossaso,Bari,10.648,50.232
6192,Lower Juba -> Kismayo -> Kismayo,Lower Juba,0.051,41.596
6193,Lower Shabelle -> Afgooye -> Afgooye,Lower Shabelle,1.749,44.391
6194,Togdheer -> Burco -> Burco,Togdheer,9.4,45.433
6195,Hiraan -> Belet Weyne -> Belet Weyne,Hiraan,4.223,45.376
6196,Bay -> Baidoa -> Baidoa,Bay,2.676,43.738
6197,Middle Shabelle -> Jowhar -> Jowhar,Middle Shabelle,2.825,45.937
6198,Nugaal -> Garowe -> Garowe,Nugaal,8.209,48.846
6199,Sanaag -> Ceerigaabo -> Ceerigaabo,Sanaag,10.259,47.483
6200,Woqooyi Galbeed -> Hargeysa -> Hargeysa,Woqooyi Galbeed,9.755,43.91
6201,Banadir -> Mogadishu -> Mogadishu,Banadir,2.115,45.467
6202,Gedo -> Luuq,Gedo,2.802,41.688
6203,Woqooyi Galbeed -> Hargeysa,Woqooyi Galbeed,9.755,43.91
6204,Lower Shabelle -> Marka -> Km 60,Lower Shabelle,1.749,44.391
6205,Lower Shabelle -> Wanla Weyn -> Yaaq Biri Weyne,Lower Shabelle,1.749,44.391
6206,Lower Shabelle -> Afgooye -> Kaysaney,Lower Shabelle,1.749,44.391
6207,Lower Shabelle -> Afgooye -> Arrinmoog,Lower Shabelle,1.749,44.391
6208,Lower Shabelle -> Afgooye -> Lafoole,Lower Shabelle,1.749,44.391
6209,Togdheer -> Burco -> Coodanle,Togdheer,9.4,45.433
6210,Togdheer -> Burco -> Ceel-Dhere,Togdheer,9.4,45.433
6211,Togdheer -> Burco -> Xood,Togdheer,9.4,45.433
6212,Togdheer -> Burco -> Geba Gebo,Togdheer,9.4,45.433
6213,Togdheer -> Burco -> Ballicalanle,Togdheer,9.4,45.433
6214,Togdheer -> Burco -> Afineyn,Togdheer,9.4,45.433
6215,Togdheer -> Owdweyne -> Caasha Cado,Togdheer,9.4,45.433
6216,Togdheer -> Owdweyne -> Gudubi,Togdheer,9.4,45.433
6217,Togdheer -> Owdweyne -> Beerato,Togdheer,9.4,45.433
6218,Togdheer -> Burco -> Beer One,Togdheer,9.4,45.433
6219,Togdheer -> Burco -> Kalqudhun,Togdheer,9.4,45.433
6220,Togdheer -> Owdweyne -> Qolqolka Madoobe Satellite,Togdheer,9.4,45.433
6221,Togdheer -> Burco -> Boodhlay,Togdheer,9.4,45.433
6222,Togdheer -> Burco -> Bali-Jiilaal,Togdheer,9.4,45.433
6223,Togdheer -> Burco -> Beer Two,Togdheer,9.4,45.433
6224,Togdheer -> Burco -> Booraamo,Togdheer,9.4,45.433
6225,Togdheer -> Owdweyne -> Xaaxi,Togdheer,9.4,45.433
6226,Bari -> Iskushuban,Bari,10.648,50.232
6227,Awdal -> Zeylac,Awdal,10.602,43.349
6228,Bari -> Bandarbayla,Bari,10.648,50.232
6229,Awdal -> Lughaye,Awdal,10.602,43.349
6230,Woqooyi Galbeed -> Gebiley,Woqooyi Galbeed,9.755,43.91
6231,Sool -> Taleex,Sool,8.724,47.529
6232,Sool -> Xudun,Sool,8.724,47.529
6233,Bay -> Baidoa -> Goof-Gaduud-Shabelow 2,Bay,2.676,43.738
6234,Bay -> Baidoa -> Aawdiinle,Bay,2.676,43.738
6235,Banadir -> Mogadishu-Dharkenley -> Mogadishu/Dharkenley,Banadir,2.115,45.467
6236,Banadir -> Mogadishu-Daynile -> Mogadishu/Daynile,Banadir,2.115,45.467
6237,Bay -> Baidoa -> Laan Buule,Bay,2.676,43.738
6238,Bay -> Baidoa -> Baidoa/Horseed/Laanta 5Aa,Bay,2.676,43.738
6239,Bay -> Baidoa -> Berahnooy,Bay,2.676,43.738
6240,Bay -> Baidoa -> Baidoa/Horseed/Laanta 6Aa,Bay,2.676,43.738
6241,Bay -> Baidoa -> Lowiley,Bay,2.676,43.738
6242,Bay -> Baidoa -> Oore,Bay,2.676,43.738
6243,Bay -> Baidoa -> Baidoa/Hawl Wadaag/Laanta,Bay,2.676,43.738
6244,Bay -> Baidoa -> Geldheere,Bay,2.676,43.738
6245,Sool -> Taleex -> Hah Suga,Sool,8.724,47.529
6246,Sool -> Taleex -> Ceel Dareer,Sool,8.724,47.529
6247,Sool -> Taleex -> Arooley,Sool,8.724,47.529
6248,Sool -> Taleex -> Carmo,Sool,8.724,47.529
6249,Sool -> Taleex -> Daran Taleex,Sool,8.724,47.529
6250,Sool -> Taleex -> Halin,Sool,8.724,47.529
6251,Sool -> Taleex -> Kheyra Xerta,Sool,8.724,47.529
6252,Togdheer -> Buuhoodle -> Booc,Togdheer,9.4,45.433
6253,Sool -> Taleex -> Higlo Ceelcowsle,Sool,8.724,47.529
6254,Sool -> Taleex -> Kal-Cad,Sool,8.724,47.529
6255,Sool -> Taleex -> Baar Madoobeye,Sool,8.724,47.529
6256,Togdheer -> Buuhoodle -> Gocondhaale,Togdheer,9.4,45.433
6257,Sool -> Taleex -> Shaxda,Sool,8.724,47.529
6258,Sool -> Taleex -> Weylo,Sool,8.724,47.529
6259,Sool -> Taleex -> X Halin,Sool,8.724,47.529
6260,Togdheer -> Buuhoodle -> Dhallaamo Cune,Togdheer,9.4,45.433
6261,Sool -> Taleex -> Maysamo,Sool,8.724,47.529
6262,Sool -> Taleex -> Timir,Sool,8.724,47.529
6263,Sool -> Taleex -> Buq-Dheer,Sool,8.724,47.529
6264,Togdheer -> Buuhoodle -> Muusa Qudaar,Togdheer,9.4,45.433
6265,Togdheer -> Buuhoodle -> Geed Dheer,Togdheer,9.4,45.433
6266,Togdheer -> Buuhoodle -> Beras,Togdheer,9.4,45.433
6267,Togdheer -> Buuhoodle -> Ceegaag,Togdheer,9.4,45.433
6268,Togdheer -> Buuhoodle -> Hadh Wanaag,Togdheer,9.4,45.433
6269,Sool -> Taleex -> Qawlo,Sool,8.724,47.529
6270,Togdheer -> Buuhoodle -> Bali-Hadhac,Togdheer,9.4,45.433
6271,Sool -> Taleex -> Kalnool,Sool,8.724,47.529
6272,Togdheer -> Buuhoodle -> Sarmanyo,Togdheer,9.4,45.433
6273,Togdheer -> Buuhoodle -> Dullo Carcaraaf,Togdheer,9.4,45.433
6274,Togdheer -> Buuhoodle -> Dharkeyn-Genyo,Togdheer,9.4,45.433
6275,Togdheer -> Buuhoodle -> Sarmaan Tuke,Togdheer,9.4,45.433
6276,Sool -> Taleex -> Yibaal,Sool,8.724,47.529
6277,Togdheer -> Buuhoodle -> Gebi Cas,Togdheer,9.4,45.433
6278,Togdheer -> Buuhoodle -> Dhoobo Gadud,Togdheer,9.4,45.433
6279,Togdheer -> Buuhoodle -> Xamar Lagu Xidh,Togdheer,9.4,45.433
6280,Togdheer -> Buuhoodle -> Xaare,Togdheer,9.4,45.433
6281,Togdheer -> Buuhoodle -> Gabdho Haways,Togdheer,9.4,45.433
6282,Togdheer -> Buuhoodle -> Qorilugud,Togdheer,9.4,45.433
6283,Togdheer -> Buuhoodle -> Xidh Xidh,Togdheer,9.4,45.433
6284,Togdheer -> Buuhoodle -> Bali Cad,Togdheer,9.4,45.433
6285,Togdheer -> Buuhoodle -> Horufadhi,Togdheer,9.4,45.433
6286,Togdheer -> Buuhoodle -> Qararo,Togdheer,9.4,45.433
6287,Togdheer -> Buuhoodle -> Qabri Huluul,Togdheer,9.4,45.433
6288,Togdheer -> Buuhoodle -> Yagoori,Togdheer,9.4,45.433
6289,Togdheer -> Buuhoodle -> Shululux,Togdheer,9.4,45.433
6290,Banadir -> Mogadishu-Hodan -> Mogadishu/Hodan,Banadir,2.115,45.467
6291,Lower Shabelle -> Afgooye -> Xaawo-Cabdi,Lower Shabelle,1.749,44.391
6292,Lower Shabelle -> Afgooye -> Afgoi,Lower Shabelle,1.749,44.391
6293,Togdheer -> Buuhoodle -> Buuhoodle,Togdheer,9.4,45.433
6294,Togdheer -> Burco -> Aadan Saleebaan,Togdheer,9.4,45.433
6295,Lower Shabelle -> Afgooye -> No. 50(Airstrip),Lower Shabelle,1.749,44.391
6296,Galgaduud -> Dhuusamarreeb,Galgaduud,5.265,46.647
6297,Galgaduud -> Cadaado,Galgaduud,5.265,46.647
6298,Bay -> Diinsoor,Bay,2.676,43.738
6299,Lower Juba -> Kismayo -> Qalaangalley,Lower Juba,0.051,41.596
6300,Lower Juba -> Kismayo -> Dalxiiska,Lower Juba,0.051,41.596
6301,Gedo -> Luuq -> Luuq,Gedo,2.802,41.688
6302,Galgaduud -> Cabudwaaq -> Mirjicle,Galgaduud,5.265,46.647
6303,Galgaduud -> Cabudwaaq -> Huurshe,Galgaduud,5.265,46.647
6304,Mudug -> Gaalkacyo -> Docol,Mudug,6.491,48.01
6305,Galgaduud -> Cadaado -> Docolay,Galgaduud,5.265,46.647
6306,Galgaduud -> Cadaado -> Baxdo,Galgaduud,5.265,46.647
6307,Galgaduud -> Cadaado -> Gidhays,Galgaduud,5.265,46.647
6308,Mudug -> Gaalkacyo -> Qarqoora,Mudug,6.491,48.01
6309,Mudug -> Hobyo -> Bitaale,Mudug,6.491,48.01
6310,Galgaduud -> Cadaado -> Wargalo,Galgaduud,5.265,46.647
6311,Mudug -> Hobyo -> Gawaan,Mudug,6.491,48.01
6312,Mudug -> Hobyo -> Hobyo,Mudug,6.491,48.01
6313,Mudug -> Hobyo -> Budbud,Mudug,6.491,48.01
6314,Galgaduud -> Dhuusamarreeb -> Godin Labe,Galgaduud,5.265,46.647
6315,Galgaduud -> Cabudwaaq -> Bangeele,Galgaduud,5.265,46.647
6316,Galgaduud -> Dhuusamarreeb -> Gadoon,Galgaduud,5.265,46.647
6317,Galgaduud -> Cabudwaaq -> Cabudwaaq,Galgaduud,5.265,46.647
6318,Mudug -> Hobyo -> Wisil,Mudug,6.491,48.01
6319,Mudug -> Gaalkacyo -> Bandiidley,Mudug,6.491,48.01
6320,Mudug -> Hobyo -> Xingod,Mudug,6.491,48.01
6321,Mudug -> Hobyo -> Bajeelo,Mudug,6.491,48.01
6322,Mudug -> Gaalkacyo -> Gaalkacyo/Wadajir,Mudug,6.491,48.01
6323,Galgaduud -> Cadaado -> Galinsoor,Galgaduud,5.265,46.647
6324,Mudug -> Gaalkacyo -> Dagaari,Mudug,6.491,48.01
6325,Bari -> Iskushuban -> Gargoore,Bari,10.648,50.232
6326,Bari -> Bossaso -> Ufeyn,Bari,10.648,50.232
6327,Bari -> Bossaso -> Tasjiic,Bari,10.648,50.232
6328,Bari -> Iskushuban -> Xiriiro,Bari,10.648,50.232
6329,Bari -> Qandala -> Ceel-Gaal,Bari,10.648,50.232
6330,Bari -> Bossaso -> Xammure,Bari,10.648,50.232
6331,Bari -> Qandala -> Shebaab,Bari,10.648,50.232
6332,Bari -> Iskushuban -> Dawacaaley,Bari,10.648,50.232
6333,Bari -> Iskushuban -> Meeladeen,Bari,10.648,50.232
6334,Bari -> Qandala -> Balidhidin,Bari,10.648,50.232
6335,Bari -> Bossaso -> Balli Doog,Bari,10.648,50.232
6336,Bari -> Iskushuban -> Xuubabays,Bari,10.648,50.232
6337,Bari -> Qandala -> Xarago,Bari,10.648,50.232
6338,Bari -> Qandala -> Biitaalei,Bari,10.648,50.232
6339,Bari -> Qandala -> Qandala,Bari,10.648,50.232
6340,Bari -> Qandala -> Hagia Ceel,Bari,10.648,50.232
6341,Bari -> Qandala -> Dhasaan,Bari,10.648,50.232
6342,Bari -> Bossaso -> Geeso-Qabad,Bari,10.648,50.232
6343,Bari -> Qandala -> Tuur Masale,Bari,10.648,50.232
6344,Bari -> Qandala -> Canjeel,Bari,10.648,50.232
6345,Middle Shabelle -> Jowhar -> Barey,Middle Shabelle,2.825,45.937
6346,Middle Shabelle -> Jowhar -> Kalundi,Middle Shabelle,2.825,45.937
6347,Middle Shabelle -> Jowhar -> Cabdi-Galadi,Middle Shabelle,2.825,45.937
6348,Middle Shabelle -> Jowhar -> Baaroweyne,Middle Shabelle,2.825,45.937
6349,Middle Shabelle -> Jowhar -> Xudur-Ciise,Middle Shabelle,2.825,45.937
6350,Middle Shabelle -> Jowhar -> Banaaney,Middle Shabelle,2.825,45.937
6351,Bay -> Buur Hakaba,Bay,2.676,43.738
6352,Bay -> Qansax Dheere,Bay,2.676,43.738
6353,Lower Shabelle -> Qoryooley -> Qoriole,Lower Shabelle,1.749,44.391
6354,Bay -> Baidoa -> Busley,Bay,2.676,43.738
6355,Mudug -> Jariiban -> Semade,Mudug,6.491,48.01
6356,Mudug -> Hobyo -> Jicdhere,Mudug,6.491,48.01
6357,Sanaag -> Laasqoray -> Duriduri,Sanaag,10.259,47.483
6358,Mudug -> Jariiban -> Lebi-Lamaane,Mudug,6.491,48.01
6359,Mudug -> Hobyo -> Dejimaale,Mudug,6.491,48.01
6360,Sanaag -> Laasqoray -> Mush-Xaleed,Sanaag,10.259,47.483
6361,Mudug -> Jariiban -> Cel-Xagar,Mudug,6.491,48.01
6362,Sanaag -> Laasqoray -> Dhahar,Sanaag,10.259,47.483
6363,Hiraan -> Bulo Burto -> Bulo Burto,Hiraan,4.223,45.376
6364,Mudug -> Jariiban,Mudug,6.491,48.01
6365,Nugaal -> Eyl,Nugaal,8.209,48.846
6366,Sanaag -> Ceerigaabo -> Shimbiraale,Sanaag,10.259,47.483
6367,Sanaag -> Laasqoray -> Ceelaayo,Sanaag,10.259,47.483
6368,Sanaag -> Ceerigaabo -> Xarshaw,Sanaag,10.259,47.483
6369,Sanaag -> Ceel Afweyn -> Sincaro,Sanaag,10.259,47.483
6370,Sanaag -> Laasqoray -> Buraan,Sanaag,10.259,47.483
6371,Sanaag -> Ceel Afweyn -> Ceelal,Sanaag,10.259,47.483
6372,Sanaag -> Ceel Afweyn -> Masle,Sanaag,10.259,47.483
6373,Sanaag -> Ceel Afweyn -> Jidbaale,Sanaag,10.259,47.483
6374,Sanaag -> Laasqoray -> Kaladhac,Sanaag,10.259,47.483
6375,Sanaag -> Laasqoray -> Midigale,Sanaag,10.259,47.483
6376,Sanaag -> Ceerigaabo -> Biyo Guduud,Sanaag,10.259,47.483
6377,Sool -> Taleex -> Taleex,Sool,8.724,47.529
6378,Sanaag -> Ceerigaabo -> Ceel-Buh,Sanaag,10.259,47.483
6379,Sool -> Taleex -> Dhummay,Sool,8.724,47.529
6380,Sanaag -> Ceerigaabo -> Carmale,Sanaag,10.259,47.483
6381,Sanaag -> Ceerigaabo -> Qaloocato,Sanaag,10.259,47.483
6382,Sanaag -> Ceel Afweyn -> Kalmac,Sanaag,10.259,47.483
6383,Sanaag -> Ceerigaabo -> Karin,Sanaag,10.259,47.483
6384,Sanaag -> Ceel Afweyn -> Fadhi Gaab,Sanaag,10.259,47.483
6385,Sanaag -> Laasqoray -> Badhan,Sanaag,10.259,47.483
6386,Sool -> Taleex -> Qol,Sool,8.724,47.529
6387,Sanaag -> Laasqoray -> Laasqoray,Sanaag,10.259,47.483
6388,Sanaag -> Ceel Afweyn -> Ceel Afweyn,Sanaag,10.259,47.483
6389,Sool -> Xudun -> Ceel-La-Helay,Sool,8.724,47.529
6390,Middle Shabelle -> Balcad -> Muriale,Middle Shabelle,2.825,45.937
6391,Middle Shabelle -> Balcad -> Bardheere,Middle Shabelle,2.825,45.937
6392,Middle Shabelle -> Jowhar -> Kulmis-Weyne,Middle Shabelle,2.825,45.937
6393,Middle Shabelle -> Balcad -> Deymosame,Middle Shabelle,2.825,45.937
6394,Middle Shabelle -> Balcad -> Buulo Kuunto,Middle Shabelle,2.825,45.937
6395,Middle Shabelle -> Jowhar -> Buurfuule,Middle Shabelle,2.825,45.937
6396,Middle Shabelle -> Jowhar -> Jifyaale,Middle Shabelle,2.825,45.937
6397,Middle Shabelle -> Balcad -> Degaanley,Middle Shabelle,2.825,45.937
6398,Middle Shabelle -> Balcad -> Kurshaale,Middle Shabelle,2.825,45.937
6399,Middle Shabelle -> Balcad -> Maagey,Middle Shabelle,2.825,45.937
6400,Middle Shabelle -> Balcad -> Mareerey,Middle Shabelle,2.825,45.937
6401,Middle Shabelle -> Balcad,Middle Shabelle,2.825,45.937
6402,Middle Shabelle -> Balcad -> Gololey,Middle Shabelle,2.825,45.937
6403,Middle Shabelle -> Jowhar -> Shiidle-Bari,Middle Shabelle,2.825,45.937
6404,Mudug -> Hobyo -> Xinlabi,Mudug,6.491,48.01
6405,Mudug -> Xarardheere -> Dhalwo,Mudug,6.491,48.01
6406,Mudug -> Hobyo -> Qararow,Mudug,6.491,48.01
6407,Mudug -> Hobyo -> Lamaxarar,Mudug,6.491,48.01
6408,Mudug -> Xarardheere -> Ceel Cabdi,Mudug,6.491,48.01
6409,Mudug -> Hobyo -> Bacadwayn,Mudug,6.491,48.01
6410,Mudug -> Xarardheere -> Camaara,Mudug,6.491,48.01
6411,Mudug -> Hobyo -> Saqira,Mudug,6.491,48.01
6412,Mudug -> Hobyo -> Shabelow,Mudug,6.491,48.01
6413,Mudug -> Xarardheere -> Ceel-Huur,Mudug,6.491,48.01
6414,Mudug -> Hobyo -> Xin Barwaqo,Mudug,6.491,48.01
6415,Mudug -> Hobyo -> Cascas,Mudug,6.491,48.01
6416,Mudug -> Hobyo -> Subagle,Mudug,6.491,48.01
6417,Sanaag -> Ceerigaabo -> Marawade,Sanaag,10.259,47.483
6418,Sanaag -> Ceel Afweyn -> Ceel Midgaan,Sanaag,10.259,47.483
6419,Sanaag -> Ceerigaabo -> Dibqarax,Sanaag,10.259,47.483
6420,Woqooyi Galbeed -> Berbera -> Biyo-Guure,Woqooyi Galbeed,9.755,43.91
6421,Sanaag -> Ceel Afweyn -> Kalsheekh,Sanaag,10.259,47.483
6422,Woqooyi Galbeed -> Berbera -> Bulloxaar,Woqooyi Galbeed,9.755,43.91
6423,Sanaag -> Ceel Afweyn -> Shoodhe,Sanaag,10.259,47.483
6424,Sanaag -> Ceel Afweyn -> Daan Weyne Satellite,Sanaag,10.259,47.483
6425,Sanaag -> Ceel Afweyn -> Kal Booca Satellite,Sanaag,10.259,47.483
6426,Sanaag -> Ceerigaabo -> Jiidali,Sanaag,10.259,47.483
6427,Woqooyi Galbeed -> Berbera -> Xabaalo Tumaalood,Woqooyi Galbeed,9.755,43.91
6428,Sanaag -> Ceerigaabo -> Ardaa,Sanaag,10.259,47.483
6429,Sanaag -> Ceerigaabo -> Darar Weyne,Sanaag,10.259,47.483
6430,Woqooyi Galbeed -> Berbera -> Xagal,Woqooyi Galbeed,9.755,43.91
6431,Lower Shabelle -> Wanla Weyn,Lower Shabelle,1.749,44.391
6432,Hiraan -> Bulo Burto,Hiraan,4.223,45.376
6433,Lower Juba -> Kismayo -> Goob Weyn,Lower Juba,0.051,41.596
6434,Lower Juba -> Badhaadhe -> Hoosingo,Lower Juba,0.051,41.596
6435,Lower Juba -> Kismayo -> Yoontoy,Lower Juba,0.051,41.596
6436,Lower Juba -> Badhaadhe -> Kolbiyow,Lower Juba,0.051,41.596
6437,Lower Juba -> Badhaadhe,Lower Juba,0.051,41.596
6438,Gedo -> Baardheere -> Baardheere,Gedo,2.802,41.688
6439,Gedo -> Baardheere -> Sarinleey,Gedo,2.802,41.688
6440,Gedo -> Baardheere -> Kormari,Gedo,2.802,41.688
6441,Gedo -> Baardheere -> Aaminaay,Gedo,2.802,41.688
6442,Gedo -> Baardheere -> Buulo Caddey,Gedo,2.802,41.688
6443,Bay -> Baidoa -> Baidoa/Isha/Laanta 4Aad,Bay,2.676,43.738
6444,Middle Shabelle -> Balcad -> Balcad,Middle Shabelle,2.825,45.937
6445,Mudug -> Xarardheere -> Dabagalo,Mudug,6.491,48.01
6446,Galgaduud -> Ceel Dheer -> Elder,Galgaduud,5.265,46.647
6447,Mudug -> Xarardheere -> Xarardheere,Mudug,6.491,48.01
6448,Sool -> Xudun -> Xudun,Sool,8.724,47.529
6449,Hiraan -> Jalalaqsi,Hiraan,4.223,45.376
6450,Lower Juba -> Kismayo -> Abdale Birole,Lower Juba,0.051,41.596
6451,Bakool -> Xudur -> Xudur,Bakool,4.28,43.807
6452,Bakool -> Ceel Barde -> Qurac Joome,Bakool,4.28,43.807
6453,Gedo -> Garbahaarey -> Garbahaarey,Gedo,2.802,41.688
6454,Middle Juba -> Jilib -> Yoontoy,Middle Juba,1.451,42.638
6455,Middle Juba -> Jilib -> Cusmaan Mooto,Middle Juba,1.451,42.638
6456,Middle Juba -> Jilib -> Jilib,Middle Juba,1.451,42.638
6457,Banadir -> Mogadishu-Wadajir -> Mogadishu/Wadajir,Banadir,2.115,45.467
6458,Galgaduud -> Dhuusamarreeb -> Guri-Ceel,Galgaduud,5.265,46.647
6459,Bari -> Qardho -> Qardho,Bari,10.648,50.232
6460,Bakool -> Ceel Barde -> Ato,Bakool,4.28,43.807
6461,Bakool -> Ceel Barde -> Ceel Barde,Bakool,4.28,43.807
6462,Bari -> Bandarbayla -> Bandarbayla,Bari,10.648,50.232
6463,Bari -> Iskushuban -> Iskushuban,Bari,10.648,50.232
6464,Lower Juba -> Afmadow -> Dhobley,Lower Juba,0.051,41.596
6465,Middle Shabelle -> Balcad -> Hawaay,Middle Shabelle,2.825,45.937
6466,Middle Shabelle -> Balcad -> Qalimow,Middle Shabelle,2.825,45.937
6467,Middle Shabelle -> Balcad -> Ceel Geelow,Middle Shabelle,2.825,45.937
6468,Middle Shabelle -> Balcad -> Balad,Middle Shabelle,2.825,45.937
6469,Middle Shabelle -> Balcad -> Faarax-Gololey,Middle Shabelle,2.825,45.937
6470,Middle Shabelle -> Balcad -> Halgan,Middle Shabelle,2.825,45.937
6471,Mudug -> Xarardheere -> Qosol Tire,Mudug,6.491,48.01
6472,Mudug -> Xarardheere -> Caad,Mudug,6.491,48.01
6473,Bakool -> Rab Dhuure -> Gubato,Bakool,4.28,43.807
6474,Bakool -> Rab Dhuure -> Balli Adde,Bakool,4.28,43.807
6475,Bakool -> Rab Dhuure -> Buulo Meegag,Bakool,4.28,43.807
6476,Bakool -> Rab Dhuure -> Yeed,Bakool,4.28,43.807
6477,Bakool -> Rab Dhuure -> Habow Yar,Bakool,4.28,43.807
6478,Lower Juba -> Kismayo -> Buulo Xaaji,Lower Juba,0.051,41.596
6479,Lower Juba -> Badhaadhe -> Badhaadhe,Lower Juba,0.051,41.596
6480,Hiraan -> Jalalaqsi -> Baqdaad Bari,Hiraan,4.223,45.376
6481,Hiraan -> Jalalaqsi -> Dirgoys,Hiraan,4.223,45.376
6482,Hiraan -> Jalalaqsi -> Jalalaqsi,Hiraan,4.223,45.376
6483,Hiraan -> Jalalaqsi -> Waasame,Hiraan,4.223,45.376
6484,Hiraan -> Jalalaqsi -> Cariishley,Hiraan,4.223,45.376
6485,Hiraan -> Jalalaqsi -> Afgooye,Hiraan,4.223,45.376
6486,Mudug -> Hobyo -> Dol,Mudug,6.491,48.01
6487,Mudug -> Hobyo -> Gal Gorum,Mudug,6.491,48.01
6488,Mudug -> Gaalkacyo -> Galcadale,Mudug,6.491,48.01
6489,Middle Shabelle -> Jowhar -> Mahadaay,Middle Shabelle,2.825,45.937
6490,Middle Shabelle -> Jowhar -> Jameco,Middle Shabelle,2.825,45.937
6491,Bakool -> Tayeeglow -> Tubineey,Bakool,4.28,43.807
6492,Bakool -> Tayeeglow -> Misir,Bakool,4.28,43.807
6493,Bakool -> Tayeeglow -> War Kulunle,Bakool,4.28,43.807
6494,Bakool -> Tayeeglow -> Haaruun,Bakool,4.28,43.807
6495,Bakool -> Tayeeglow -> Eeli Duug,Bakool,4.28,43.807
6496,Bay -> Baidoa -> Munaawir,Bay,2.676,43.738
6497,Bay -> Baidoa -> Jeelow,Bay,2.676,43.738
6498,Bay -> Baidoa -> Saydheelow,Bay,2.676,43.738
6499,Bay -> Baidoa -> Neebsoy,Bay,2.676,43.738
6500,Bakool -> Waajid -> Waajid/Horseed,Bakool,4.28,43.807
6501,Woqooyi Galbeed -> Hargeysa -> Gacan Libaax/Mahamud Harbi,Woqooyi Galbeed,9.755,43.91
6502,Bay -> Diinsoor -> Diinsoor/Waberi/Xawo Tako,Bay,2.676,43.738
6503,Mudug -> Hobyo,Mudug,6.491,48.01
6504,Sool -> Laas Caanood -> Laas Caanood,Sool,8.724,47.529
6505,Gedo -> Doolow,Gedo,2.802,41.688
6506,Banadir -> Mogadishu-Xamar Jabjab -> Mogadishu/Xamar Jaabjab,Banadir,2.115,45.467
6507,Lower Shabelle -> Wanla Weyn -> Wanla Weyn,Lower Shabelle,1.749,44.391
6508,Gedo -> Ceel Waaq -> Ceel Waaq,Gedo,2.802,41.688
6509,Hiraan -> Belet Weyne -> Matabaan,Hiraan,4.223,45.376
6510,Bari -> Qardho -> Uurjire,Bari,10.648,50.232
6511,Togdheer -> Owdweyne -> Haro Sheikh,Togdheer,9.4,45.433
6512,Sanaag -> Laasqoray -> Habar Shiro,Sanaag,10.259,47.483
6513,Togdheer -> Owdweyne,Togdheer,9.4,45.433
6514,Togdheer -> Owdweyne -> Qaloocato,Togdheer,9.4,45.433
6515,Sanaag -> Laasqoray,Sanaag,10.259,47.483
6516,Gedo -> Luuq -> Shadiiley,Gedo,2.802,41.688
6517,Gedo -> Luuq -> Dooryaanley,Gedo,2.802,41.688
6518,Gedo -> Luuq -> Haanoy,Gedo,2.802,41.688
6519,Lower Juba -> Afmadow,Lower Juba,0.051,41.596
6520,Bakool -> Ceel Barde,Bakool,4.28,43.807
6521,Bari -> Qardho -> Dariiqada Xerta,Bari,10.648,50.232
6522,Bari -> Qardho -> Kelyexeed,Bari,10.648,50.232
6523,Nugaal -> Eyl -> Gaala-Ood,Nugaal,8.209,48.846
6524,Sool -> Xudun -> Hol-Hol,Sool,8.724,47.529
6525,Sool -> Xudun -> Laf Weyne,Sool,8.724,47.529
6526,Bari -> Qardho -> Xaaji Khayr,Bari,10.648,50.232
6527,Bari -> Qardho -> Dangoroyo,Bari,10.648,50.232
6528,Sool -> Xudun -> God-Dheer,Sool,8.724,47.529
6529,Nugaal -> Eyl -> Gubato,Nugaal,8.209,48.846
6530,Bari -> Qardho -> Ceelbuux,Bari,10.648,50.232
6531,Sool -> Xudun -> Fiqishini,Sool,8.724,47.529
6532,Nugaal -> Eyl -> Dhiganle,Nugaal,8.209,48.846
6533,Nugaal -> Eyl -> Aftugweyne,Nugaal,8.209,48.846
6534,Sool -> Xudun -> Gorofley,Sool,8.724,47.529
6535,Nugaal -> Eyl -> Sinujiif,Nugaal,8.209,48.846
6536,Hiraan -> Bulo Burto -> Maxaas,Hiraan,4.223,45.376
6537,Middle Shabelle -> Balcad -> Boodaal,Middle Shabelle,2.825,45.937
6538,Middle Shabelle -> Balcad -> Farbaraako,Middle Shabelle,2.825,45.937
6539,Middle Shabelle -> Balcad -> Kulmisyerow,Middle Shabelle,2.825,45.937
6540,Middle Shabelle -> Balcad -> Damaley,Middle Shabelle,2.825,45.937
6541,Middle Shabelle -> Jowhar -> Lebiga,Middle Shabelle,2.825,45.937
6542,Middle Shabelle -> Balcad -> Koongo,Middle Shabelle,2.825,45.937
6543,Middle Shabelle -> Balcad -> Shanlow,Middle Shabelle,2.825,45.937
6544,Middle Shabelle -> Jowhar -> Xaanoolay,Middle Shabelle,2.825,45.937
6545,Middle Shabelle -> Jowhar -> Buullo Makiino,Middle Shabelle,2.825,45.937
6546,Middle Shabelle -> Balcad -> Garaash,Middle Shabelle,2.825,45.937
6547,Middle Shabelle -> Jowhar -> Buulo-Axmed,Middle Shabelle,2.825,45.937
6548,Middle Shabelle -> Balcad -> Baqdaad,Middle Shabelle,2.825,45.937
6549,Middle Shabelle -> Balcad -> Raqayle,Middle Shabelle,2.825,45.937
6550,"Middle Shabelle -> Jowhar -> Daa, Ifo",Middle Shabelle,2.825,45.937
6551,Middle Shabelle -> Balcad -> Tuugaarey,Middle Shabelle,2.825,45.937
6552,Middle Shabelle -> Balcad -> Kooreeba,Middle Shabelle,2.825,45.937
6553,Middle Shabelle -> Balcad -> Muki-Dheere,Middle Shabelle,2.825,45.937
6554,Middle Shabelle -> Balcad -> Bacadley,Middle Shabelle,2.825,45.937
6555,Mudug -> Xarardheere,Mudug,6.491,48.01
6556,Lower Shabelle -> Wanla Weyn -> Bulo Ajuso,Lower Shabelle,1.749,44.391
6557,Hiraan -> Belet Weyne -> Coomaad,Hiraan,4.223,45.376
6558,Lower Shabelle -> Wanla Weyn -> Tabarigle,Lower Shabelle,1.749,44.391
6559,Lower Shabelle -> Wanla Weyn -> Qaandole,Lower Shabelle,1.749,44.391
6560,Lower Shabelle -> Wanla Weyn -> Guudale,Lower Shabelle,1.749,44.391
6561,Lower Shabelle -> Wanla Weyn -> Labagaras,Lower Shabelle,1.749,44.391
6562,Lower Shabelle -> Wanla Weyn -> Masiirey,Lower Shabelle,1.749,44.391
6563,Lower Shabelle -> Wanla Weyn -> Awkoore,Lower Shabelle,1.749,44.391
6564,Lower Shabelle -> Wanla Weyn -> Aw Mursaley,Lower Shabelle,1.749,44.391
6565,Hiraan -> Belet Weyne -> Waniiqle,Hiraan,4.223,45.376
6566,Lower Shabelle -> Wanla Weyn -> Waroosmaal,Lower Shabelle,1.749,44.391
6567,Hiraan -> Belet Weyne -> Laalaadshe,Hiraan,4.223,45.376
6568,Lower Shabelle -> Wanla Weyn -> Alio Mama,Lower Shabelle,1.749,44.391
6569,Hiraan -> Belet Weyne -> Bilcile,Hiraan,4.223,45.376
6570,Hiraan -> Belet Weyne -> Jeexdin,Hiraan,4.223,45.376
6571,Nugaal -> Eyl -> Qarxis,Nugaal,8.209,48.846
6572,Nugaal -> Eyl -> Bandunbuto,Nugaal,8.209,48.846
6573,Nugaal -> Garowe -> Xasbahale,Nugaal,8.209,48.846
6574,Bakool -> Ceel Barde -> El-Magad,Bakool,4.28,43.807
6575,Bakool -> Ceel Barde -> Figta,Bakool,4.28,43.807
6576,Bakool -> Ceel Barde -> Baadikeen,Bakool,4.28,43.807
6577,Bakool -> Ceel Barde -> Abeesale,Bakool,4.28,43.807
6578,Gedo -> Ceel Waaq -> Garsaal,Gedo,2.802,41.688
6579,Gedo -> Ceel Waaq -> Samaroole,Gedo,2.802,41.688
6580,Galgaduud -> Dhuusamarreeb -> Mareer Guur,Galgaduud,5.265,46.647
6581,Galgaduud -> Cadaado -> Cada Kibir,Galgaduud,5.265,46.647
6582,Awdal -> Lughaye -> Geerisa,Awdal,10.602,43.349
6583,Awdal -> Lughaye -> Garaaca,Awdal,10.602,43.349
6584,Awdal -> Lughaye -> Hadhwanaag,Awdal,10.602,43.349
6585,Awdal -> Lughaye -> Lughaye,Awdal,10.602,43.349
6586,Galgaduud -> Dhuusamarreeb -> Cabdi-Gorod,Galgaduud,5.265,46.647
6587,Galgaduud -> Dhuusamarreeb -> Bali Cad,Galgaduud,5.265,46.647
6588,Galgaduud -> Dhuusamarreeb -> Beero Bisle,Galgaduud,5.265,46.647
6589,Galgaduud -> Dhuusamarreeb -> Bulacle,Galgaduud,5.265,46.647
6590,Galgaduud -> Dhuusamarreeb -> Cadad,Galgaduud,5.265,46.647
6591,Galgaduud -> Dhuusamarreeb -> Dhuusamarreeb/Waberi,Galgaduud,5.265,46.647
6592,Gedo -> Doolow -> Doolow,Gedo,2.802,41.688
6593,Lower Shabelle -> Qoryooley -> Degaybere,Lower Shabelle,1.749,44.391
6594,Lower Shabelle -> Qoryooley -> Wadajir,Lower Shabelle,1.749,44.391
6595,Lower Juba -> Afmadow -> Afmadow,Lower Juba,0.051,41.596
6596,Banadir -> Mogadishu-Daynile,Banadir,2.115,45.467
6597,Woqooyi Galbeed -> Hargeysa -> Salaxley,Woqooyi Galbeed,9.755,43.91
6598,Awdal -> Baki,Awdal,10.602,43.349
6599,Awdal -> Baki -> Baki,Awdal,10.602,43.349
6600,Awdal -> Baki -> Caracad,Awdal,10.602,43.349
6601,Awdal -> Baki -> Xoorrey,Awdal,10.602,43.349
6602,Awdal -> Baki -> Cabdi Geeddi,Awdal,10.602,43.349
6603,Awdal -> Baki -> Hadayta,Awdal,10.602,43.349
6604,Awdal -> Baki -> Gargaara,Awdal,10.602,43.349
6605,Bari -> Caluula -> Murcanyo,Bari,10.648,50.232
6606,Bari -> Caluula -> Xabo,Bari,10.648,50.232
6607,Bari -> Iskushuban -> Xaafuun,Bari,10.648,50.232
6608,Sool -> Laas Caanood -> Boocame,Sool,8.724,47.529
6609,Bari -> Caluula -> Caluula,Bari,10.648,50.232
6610,Bari -> Iskushuban -> Baargaal,Bari,10.648,50.232
6611,Bari -> Caluula -> Bareeda,Bari,10.648,50.232
6612,Sanaag -> Ceerigaabo -> Dhabar Dalool,Sanaag,10.259,47.483
6613,Sanaag -> Ceerigaabo -> Badhan,Sanaag,10.259,47.483
6614,Bari -> Qandala,Bari,10.648,50.232
6615,Nugaal -> Garowe -> Ceel Buh,Nugaal,8.209,48.846
6616,Nugaal -> Garowe -> 22 Village,Nugaal,8.209,48.846
6617,Sool -> Laas Caanood -> Faleeryale,Sool,8.724,47.529
6618,Sool -> Laas Caanood -> Buulal,Sool,8.724,47.529
6619,Sool -> Laas Caanood -> Dan,Sool,8.724,47.529
6620,Sool -> Laas Caanood -> Adhicadeeye,Sool,8.724,47.529
6621,Sool -> Laas Caanood -> Daba-Taag,Sool,8.724,47.529
6622,Sool -> Laas Caanood -> Kalax,Sool,8.724,47.529
6623,Sool -> Laas Caanood -> Biriqodey,Sool,8.724,47.529
6624,Sool -> Laas Caanood -> Bixin,Sool,8.724,47.529
6625,Sool -> Laas Caanood -> Karin Dabayl,Sool,8.724,47.529
6626,Sool -> Laas Caanood -> Karin Gorfood,Sool,8.724,47.529
6627,Sool -> Laas Caanood -> Higlo-Fiqi,Sool,8.724,47.529
6628,Sool -> Laas Caanood -> God Qaboobe,Sool,8.724,47.529
6629,Sool -> Laas Caanood -> Fardhidin,Sool,8.724,47.529
6630,Sool -> Laas Caanood -> Burowadal,Sool,8.724,47.529
6631,Sool -> Laas Caanood -> Qoriiley,Sool,8.724,47.529
6632,Sool -> Laas Caanood -> Tuulo Samakaab,Sool,8.724,47.529
6633,Sool -> Laas Caanood -> Kala Baydh,Sool,8.724,47.529
6634,Sool -> Laas Caanood -> Sahdheer,Sool,8.724,47.529
6635,Sool -> Laas Caanood -> Dal Yar,Sool,8.724,47.529
6636,Sool -> Laas Caanood -> Tuko Raq,Sool,8.724,47.529
6637,Sool -> Laas Caanood -> Saha-Gebogebo,Sool,8.724,47.529
6638,Sool -> Laas Caanood -> Gambare,Sool,8.724,47.529
6639,Sanaag -> Ceerigaabo -> Biyo-Guduud,Sanaag,10.259,47.483
6640,Sanaag -> Ceerigaabo -> Yufle,Sanaag,10.259,47.483
6641,Middle Shabelle -> Jowhar -> Jowhar Soomaali,Middle Shabelle,2.825,45.937
6642,Bakool -> Waajid -> Wajid,Bakool,4.28,43.807
6643,Bari -> Bossaso -> Kobdhexaad,Bari,10.648,50.232
6644,Bari -> Caluula -> Ceel-Laas,Bari,10.648,50.232
6645,Bari -> Caluula -> Tooxin,Bari,10.648,50.232
6646,Bari -> Caluula -> Kalaale,Bari,10.648,50.232
6647,Bari -> Caluula -> Xaabbo,Bari,10.648,50.232
6648,Bari -> Caluula -> Buqcatooti,Bari,10.648,50.232
6649,Nugaal -> Burtinle,Nugaal,8.209,48.846
6650,Nugaal -> Burtinle -> Faratoogo,Nugaal,8.209,48.846
6651,Bakool -> Xudur -> Xudur/Sheikh Aweys,Bakool,4.28,43.807
6652,Bakool -> Xudur -> Xudur/Buulo,Bakool,4.28,43.807
6653,Togdheer -> Owdweyne -> Mureec,Togdheer,9.4,45.433
6654,Togdheer -> Owdweyne -> Duudweeyn,Togdheer,9.4,45.433
6655,Togdheer -> Owdweyne -> Gosol,Togdheer,9.4,45.433
6656,Togdheer -> Owdweyne -> Xaaji Saalax,Togdheer,9.4,45.433
6657,Togdheer -> Owdweyne -> Caraale Ismaciil,Togdheer,9.4,45.433
6658,Togdheer -> Owdweyne -> Xayndaanle,Togdheer,9.4,45.433
6659,Togdheer -> Owdweyne -> Carraale Bidaar,Togdheer,9.4,45.433
6660,Galgaduud -> Ceel Buur,Galgaduud,5.265,46.647
6661,Mudug -> Hobyo -> Baragcise,Mudug,6.491,48.01
6662,Mudug -> Hobyo -> Xero Dhagaxleey,Mudug,6.491,48.01
6663,Mudug -> Xarardheere -> Faax,Mudug,6.491,48.01
6664,Mudug -> Hobyo -> Af-Barwaaqo,Mudug,6.491,48.01
6665,Mudug -> Jariiban -> Garcad,Mudug,6.491,48.01
6666,Mudug -> Jariiban -> Cara-Caso,Mudug,6.491,48.01
6667,Mudug -> Jariiban -> Booc,Mudug,6.491,48.01
6668,Mudug -> Jariiban -> Jariiban,Mudug,6.491,48.01
6669,Togdheer -> Sheikh -> Cagaaray,Togdheer,9.4,45.433
6670,Togdheer -> Sheikh -> Gidil,Togdheer,9.4,45.433
6671,Togdheer -> Sheikh -> Suuqsade,Togdheer,9.4,45.433
6672,Togdheer -> Sheikh -> Calaacule,Togdheer,9.4,45.433
6673,Togdheer -> Sheikh -> Gugux,Togdheer,9.4,45.433
6674,Galgaduud -> Cadaado -> Biyo Gaduud,Galgaduud,5.265,46.647
6675,Galgaduud -> Cadaado -> Docole Lgr,Galgaduud,5.265,46.647
6676,Galgaduud -> Cadaado -> Iidoole,Galgaduud,5.265,46.647
6677,Galgaduud -> Cadaado -> Marsamage,Galgaduud,5.265,46.647
6678,Galgaduud -> Cadaado -> Dayaano,Galgaduud,5.265,46.647
6679,Galgaduud -> Cadaado -> Dongaab,Galgaduud,5.265,46.647
6680,Lower Shabelle -> Wanla Weyn -> Bakool,Lower Shabelle,1.749,44.391
6681,Lower Shabelle -> Kurtunwaarey -> Bulo Messer,Lower Shabelle,1.749,44.391
6682,Lower Shabelle -> Marka -> Marka/Horseet Lanti 1,Lower Shabelle,1.749,44.391
6683,Bakool -> Xudur,Bakool,4.28,43.807
6684,Lower Juba -> Afmadow -> Bilis Qooqaani,Lower Juba,0.051,41.596
6685,Middle Shabelle -> Aden Yabaal -> Miiro,Middle Shabelle,2.825,45.937
6686,Middle Shabelle -> Aden Yabaal -> Ceel-Muluq,Middle Shabelle,2.825,45.937
6687,Middle Shabelle -> Aden Yabaal -> Adan Yabaal,Middle Shabelle,2.825,45.937
6688,Lower Shabelle -> Marka,Lower Shabelle,1.749,44.391
6689,Lower Shabelle -> Kurtunwaarey,Lower Shabelle,1.749,44.391
6690,Bakool -> Waajid -> Waajid,Bakool,4.28,43.807
6691,Lower Shabelle -> Kurtunwaarey -> Kurtunwaarey,Lower Shabelle,1.749,44.391
6692,Lower Shabelle -> Qoryooley -> Qoryooley,Lower Shabelle,1.749,44.391
6693,Lower Shabelle -> Wanla Weyn -> W.Weyn,Lower Shabelle,1.749,44.391
6694,Lower Shabelle -> Marka -> Marka,Lower Shabelle,1.749,44.391
6695,Woqooyi Galbeed -> Gebiley -> Caadda,Woqooyi Galbeed,9.755,43.91
6696,Woqooyi Galbeed -> Gebiley -> Gogaysa,Woqooyi Galbeed,9.755,43.91
6697,Woqooyi Galbeed -> Gebiley -> Bus,Woqooyi Galbeed,9.755,43.91
6698,Woqooyi Galbeed -> Gebiley -> Idhanka,Woqooyi Galbeed,9.755,43.91
6699,Woqooyi Galbeed -> Gebiley -> Idhanka Deeryahan,Woqooyi Galbeed,9.755,43.91
6700,Woqooyi Galbeed -> Gebiley -> Ceel-Bardaale,Woqooyi Galbeed,9.755,43.91
6701,Woqooyi Galbeed -> Gebiley -> Taysa,Woqooyi Galbeed,9.755,43.91
6702,Woqooyi Galbeed -> Gebiley -> Korjin,Woqooyi Galbeed,9.755,43.91
6703,Woqooyi Galbeed -> Gebiley -> Galoolay,Woqooyi Galbeed,9.755,43.91
6704,Woqooyi Galbeed -> Gebiley -> Ijaara,Woqooyi Galbeed,9.755,43.91
6705,Woqooyi Galbeed -> Gebiley -> Duburaha,Woqooyi Galbeed,9.755,43.91
6706,Woqooyi Galbeed -> Gebiley -> Mashruuca Tog-Wajaale,Woqooyi Galbeed,9.755,43.91
6707,Woqooyi Galbeed -> Gebiley -> Godka Carada,Woqooyi Galbeed,9.755,43.91
6708,Woqooyi Galbeed -> Gebiley -> Huluuq,Woqooyi Galbeed,9.755,43.91
6709,Woqooyi Galbeed -> Gebiley -> Kadiga Dhanaan,Woqooyi Galbeed,9.755,43.91
6710,Woqooyi Galbeed -> Gebiley -> Laayo,Woqooyi Galbeed,9.755,43.91
6711,Woqooyi Galbeed -> Gebiley -> Gebiley,Woqooyi Galbeed,9.755,43.91
6712,Woqooyi Galbeed -> Gebiley -> Botor,Woqooyi Galbeed,9.755,43.91
6713,Woqooyi Galbeed -> Gebiley -> Boocda-Kabaab,Woqooyi Galbeed,9.755,43.91
6714,Woqooyi Galbeed -> Hargeysa -> Xumba Weyne,Woqooyi Galbeed,9.755,43.91
6715,Lower Juba -> Afmadow -> Dibi,Lower Juba,0.051,41.596
6716,Lower Juba -> Afmadow -> Dabader,Lower Juba,0.051,41.596
6717,Lower Juba -> Afmadow -> Barquuqe,Lower Juba,0.051,41.596
6718,Middle Shabelle -> Balcad -> Buulo-Shiikh,Middle Shabelle,2.825,45.937
6719,Middle Shabelle -> Balcad -> Bananey,Middle Shabelle,2.825,45.937
6720,Middle Shabelle -> Balcad -> Buulo-Doonka,Middle Shabelle,2.825,45.937
6721,Middle Shabelle -> Aden Yabaal -> Boos-Caduur,Middle Shabelle,2.825,45.937
6722,Middle Shabelle -> Balcad -> Istanbuul,Middle Shabelle,2.825,45.937
6723,Middle Shabelle -> Balcad -> Cadayga Moobleen,Middle Shabelle,2.825,45.937
6724,Banadir -> Mogadishu-Dharkenley,Banadir,2.115,45.467
6725,Bay -> Baidoa -> Roobay,Bay,2.676,43.738
6726,Bay -> Baidoa -> Tagaal,Bay,2.676,43.738
6727,Lower Shabelle -> Marka -> Marka/Horsed,Lower Shabelle,1.749,44.391
6728,Lower Shabelle -> Afgooye -> Siinka Dheer,Lower Shabelle,1.749,44.391
6729,Hiraan -> Belet Weyne -> Bacaad Buko,Hiraan,4.223,45.376
6730,Hiraan -> Belet Weyne -> Buulo Kahin,Hiraan,4.223,45.376
6731,Hiraan -> Belet Weyne -> Doonka,Hiraan,4.223,45.376
6732,Hiraan -> Belet Weyne -> Bacad,Hiraan,4.223,45.376
6733,Hiraan -> Belet Weyne -> Xuubow,Hiraan,4.223,45.376
6734,Hiraan -> Belet Weyne -> Tuulo Hiiraan,Hiraan,4.223,45.376
6735,Hiraan -> Belet Weyne -> Qarsooni,Hiraan,4.223,45.376
6736,Hiraan -> Belet Weyne -> Horjoog,Hiraan,4.223,45.376
6737,Hiraan -> Belet Weyne -> Haar Caddey,Hiraan,4.223,45.376
6738,Hiraan -> Belet Weyne -> Tawakal,Hiraan,4.223,45.376
6739,Bay -> Baidoa -> Baidoa/Isha/Laanta 5Aad,Bay,2.676,43.738
6740,Bay -> Baidoa -> Baidoa/Horseed/Laanta 3Aa,Bay,2.676,43.738
6741,Bay -> Baidoa -> Baidoa/Bardaale/Laanta 6A,Bay,2.676,43.738
6742,Sanaag -> Ceerigaabo,Sanaag,10.259,47.483
6743,Awdal -> Baki -> Dhabi Cad,Awdal,10.602,43.349
6744,Awdal -> Zeylac -> Ceel Gaal,Awdal,10.602,43.349
6745,Awdal -> Zeylac -> Jidhi,Awdal,10.602,43.349
6746,Gedo -> Ceel Waaq -> Dec Curbes,Gedo,2.802,41.688
6747,Gedo -> Ceel Waaq -> Daduma Addi,Gedo,2.802,41.688
6748,Galgaduud -> Dhuusamarreeb -> Bole,Galgaduud,5.265,46.647
6749,Galgaduud -> Dhuusamarreeb -> Buulo Shiiq,Galgaduud,5.265,46.647
6750,Galgaduud -> Dhuusamarreeb -> Dadale,Galgaduud,5.265,46.647
6751,Galgaduud -> Dhuusamarreeb -> Dabare,Galgaduud,5.265,46.647
6752,Galgaduud -> Dhuusamarreeb -> Ceel Dheere,Galgaduud,5.265,46.647
6753,Galgaduud -> Dhuusamarreeb -> Dadle,Galgaduud,5.265,46.647
6754,Lower Shabelle -> Marka -> Gol-Weyn,Lower Shabelle,1.749,44.391
6755,Lower Shabelle -> Marka -> Ceel Haji,Lower Shabelle,1.749,44.391
6756,Lower Shabelle -> Marka -> Abiikarow,Lower Shabelle,1.749,44.391
6757,Lower Shabelle -> Marka -> Cusman Qule,Lower Shabelle,1.749,44.391
6758,Lower Shabelle -> Marka -> Buufow Bacaad,Lower Shabelle,1.749,44.391
6759,Lower Shabelle -> Marka -> Bufuow-Cosbooley,Lower Shabelle,1.749,44.391
6760,Lower Shabelle -> Marka -> Shalaambood,Lower Shabelle,1.749,44.391
6761,Lower Shabelle -> Marka -> Ceel-Jaale,Lower Shabelle,1.749,44.391
6762,Lower Shabelle -> Marka -> H/Wadaq Sec,Lower Shabelle,1.749,44.391
6763,Lower Shabelle -> Marka -> Horseed,Lower Shabelle,1.749,44.391
6764,Lower Shabelle -> Marka -> Marka/Wadajir,Lower Shabelle,1.749,44.391
6765,Middle Shabelle -> Cadale,Middle Shabelle,2.825,45.937
6766,Middle Shabelle -> Balcad -> Warshiikh,Middle Shabelle,2.825,45.937
6767,Bay -> Buur Hakaba -> Beledul-Aamin,Bay,2.676,43.738
6768,Middle Shabelle -> Jowhar -> Buulo-Waray,Middle Shabelle,2.825,45.937
6769,Middle Shabelle -> Jowhar -> Geedo-Barkaan,Middle Shabelle,2.825,45.937
6770,Middle Shabelle -> Balcad -> Jiilaale,Middle Shabelle,2.825,45.937
6771,Middle Shabelle -> Jowhar -> Bayaxaaw,Middle Shabelle,2.825,45.937
6772,Middle Shabelle -> Jowhar -> Maan Gale,Middle Shabelle,2.825,45.937
6773,Middle Shabelle -> Jowhar -> Dharkenley,Middle Shabelle,2.825,45.937
6774,Hiraan -> Jalalaqsi -> Tugaarta,Hiraan,4.223,45.376
6775,Hiraan -> Jalalaqsi -> Qoryaale,Hiraan,4.223,45.376
6776,Hiraan -> Jalalaqsi -> Aw Mahad,Hiraan,4.223,45.376
6777, Hiraan > Belet Weyne,Hiraan,4.223,45.376
6778, Middle Shabelle > Jowhar,Middle Shabelle,2.825,45.937
6779, Hiraan > Jalalaqsi,Hiraan,4.223,45.376
6780, Bay > Baidoa,Bay,2.676,43.738
6781, Middle Shabelle > Jowhar > Buurfuule,Middle Shabelle,2.825,45.937
6782, Middle Shabelle > Jowhar > Jowhar,Middle Shabelle,2.825,45.937
6783, Middle Shabelle > Balcad,Middle Shabelle,2.825,45.937
6784, Middle Shabelle > Jowhar > Magadley,Middle Shabelle,2.825,45.937
6785, Middle Shabelle > Jowhar > Muryaale,Middle Shabelle,2.825,45.937
6786, Middle Shabelle > Jowhar > Buulo-Bishaaro,Middle Shabelle,2.825,45.937
6787, Middle Shabelle > Jowhar > Guumbe,Middle Shabelle,2.825,45.937
6788, Middle Shabelle > Jowhar > Gafay,Middle Shabelle,2.825,45.937
6789, Middle Shabelle > Jowhar > Sabuun,Middle Shabelle,2.825,45.937
6790, Middle Shabelle > Jowhar > Lama-Waab,Middle Shabelle,2.825,45.937
6791, Bay > Baidoa > Baidoa,Bay,2.676,43.738
6792, Middle Shabelle > Jowhar > Mahadaay,Middle Shabelle,2.825,45.937
6793, Hiraan > Bulo Burto,Hiraan,4.223,45.376
6794, Banadir,Banadir,2.115,45.467
6795, Bakool,Bakool,4.28,43.807
6796, Lower Shabelle,Lower Shabelle,1.749,44.391
6797, Awdal,Awdal,10.602,43.349
6798, Bay,Bay,2.676,43.738
6799, Hiraan,Hiraan,4.223,45.376
6800, Middle Juba,Middle Juba,1.451,42.638
6801, Bari,Bari,10.648,50.232
6802, Nugaal,Nugaal,8.209,48.846
6803, Lower Juba,Lower Juba,0.051,41.596
6804, Sanaag,Sanaag,10.259,47.483
6805, Sool,Sool,8.724,47.529
6806, Galgaduud,Galgaduud,5.265,46.647
6807, Middle Shabelle,Middle Shabelle,2.825,45.937
6808, Mudug,Mudug,6.491,48.01
6809, Gedo,Gedo,2.802,41.688
6810, Togdheer,Togdheer,9.4,45.433
6811, Woqooyi Galbeed,Woqooyi Galbeed,9.755,43.91
6812, Gedo > Baardheere,Gedo,2.802,41.688
6813, Gedo > Luuq > Jadiid,Gedo,2.802,41.688
6814, Gedo > Luuq > Buyle,Gedo,2.802,41.688
6815, Gedo > Luuq > Luuuq/Hillaac,Gedo,2.802,41.688
6816, Gedo > Luuq > Ban Munduli,Gedo,2.802,41.688
6817, Gedo > Luuq > Luuq/Waaberi,Gedo,2.802,41.688
6818, Gedo > Belet Xaawo > Belet Xaawo,Gedo,2.802,41.688
6819, Gedo > Baardheere > Baardheere,Gedo,2.802,41.688
6820, Gedo > Garbahaarey > Garbahaarey,Gedo,2.802,41.688
6821, Gedo > Luuq > Luuq,Gedo,2.802,41.688
6822, Bakool > Waajid > Wajid,Bakool,4.28,43.807
6823, Bay > Diinsoor > Diinsoor,Bay,2.676,43.738
6824, Bakool > Xudur > Xudur,Bakool,4.28,43.807
6825, Lower Shabelle > Marka > Marka/Cadeey,Lower Shabelle,1.749,44.391
6826, Lower Shabelle > Qoryooley > Qoryooley,Lower Shabelle,1.749,44.391
6827, Bakool > Xudur > Aboore,Bakool,4.28,43.807
6828, Bakool > Xudur > Faarax,Bakool,4.28,43.807
6829, Bakool > Xudur > Weerow,Bakool,4.28,43.807
6830, Bakool > Ceel Barde > El-Magad,Bakool,4.28,43.807
6831, Bakool > Xudur > Waney,Bakool,4.28,43.807
6832, Bakool > Xudur > Mada Waraaba/Buulo Libaan,Bakool,4.28,43.807
6833, Bakool > Xudur > Fajer Boore,Bakool,4.28,43.807
6834, Bakool > Xudur > Xudur/Buulo,Bakool,4.28,43.807
6835, Bakool > Xudur > Banjanaay,Bakool,4.28,43.807
6836, Bakool > Ceel Barde > Ato,Bakool,4.28,43.807
6837, Bakool > Ceel Barde > Hiirey,Bakool,4.28,43.807
6838, Bakool > Xudur > Xudur/Sheikh Aweys,Bakool,4.28,43.807
6839, Bakool > Ceel Barde > Ceel Barde/Sayidka/Laanta,Bakool,4.28,43.807
6840, Bakool > Xudur > Xudur/Moora Gaabey,Bakool,4.28,43.807
6841, Bakool > Ceel Barde > Ceel Caboq,Bakool,4.28,43.807
6842, Bakool > Ceel Barde > Ceel Barde/Xalane/Laanta,Bakool,4.28,43.807
6843, Bakool > Ceel Barde > Lawareeg/Qeyre Haboon,Bakool,4.28,43.807
6844, Bakool > Ceel Barde > Ceel Ballei,Bakool,4.28,43.807
6845, Bakool > Ceel Barde > Sal-Kudhooble,Bakool,4.28,43.807
6846, Bakool > Ceel Barde > Ceel Barde,Bakool,4.28,43.807
6847, Bay > Diinsoor > Deg-Gomor,Bay,2.676,43.738
6848, Bay > Diinsoor > Bilile,Bay,2.676,43.738
6849, Bay > Diinsoor > Waab-Doore,Bay,2.676,43.738
6850, Bay > Diinsoor > Buulo Hadamo (Bakaley),Bay,2.676,43.738
6851, Bay > Diinsoor > Aawjika,Bay,2.676,43.738
6852, Bay > Diinsoor > Lamo Warood,Bay,2.676,43.738
6853, Bay > Diinsoor > Galmadege,Bay,2.676,43.738
6854, Bay > Diinsoor > Raxoole,Bay,2.676,43.738
6855, Bay > Diinsoor > Buulo Caday,Bay,2.676,43.738
6856, Bay > Diinsoor > Jamaaca,Bay,2.676,43.738
6857, Bay > Diinsoor > War-Yeroy/Buulo-Fuur,Bay,2.676,43.738
6858, Bay > Diinsoor > Deeb-Wiine,Bay,2.676,43.738
6859, Bay > Diinsoor > Hawal,Bay,2.676,43.738
6860, Bay > Diinsoor > Gaduuday,Bay,2.676,43.738
6861, Bay > Diinsoor > Bandub,Bay,2.676,43.738
6862, Lower Shabelle > Wanla Weyn > Wanla Weyn,Lower Shabelle,1.749,44.391
6863, Lower Shabelle > Marka > Aadan-Cadde/Deegaanta,Lower Shabelle,1.749,44.391
6864, Middle Shabelle > Balcad > Damaley,Middle Shabelle,2.825,45.937
6865, Middle Shabelle > Balcad > Dhagaxow,Middle Shabelle,2.825,45.937
6866, Middle Shabelle > Balcad > Kulmis,Middle Shabelle,2.825,45.937
6867, Middle Shabelle > Balcad > Mareerey,Middle Shabelle,2.825,45.937
6868, Middle Shabelle > Balcad > Shanlow,Middle Shabelle,2.825,45.937
6869, Middle Shabelle > Balcad > Muki-Dheere,Middle Shabelle,2.825,45.937
6870, Middle Shabelle > Balcad > Bananey,Middle Shabelle,2.825,45.937
6871, Middle Shabelle > Balcad > Jameeco-Mubaarak,Middle Shabelle,2.825,45.937
6872, Middle Shabelle > Balcad > Yaaqle,Middle Shabelle,2.825,45.937
6873, Middle Shabelle > Balcad > Raqeylow,Middle Shabelle,2.825,45.937
6874, Middle Shabelle > Balcad > Xawaadley,Middle Shabelle,2.825,45.937
6875, Bay > Baidoa > Qahira Wiin,Bay,2.676,43.738
6876, Bay > Baidoa > Lawiilay,Bay,2.676,43.738
6877, Bay > Baidoa > Aawdiinle,Bay,2.676,43.738
6878, Bay > Baidoa > Busley,Bay,2.676,43.738
6879, Bay > Baidoa > Geldheere,Bay,2.676,43.738
6880, Bay > Baidoa > Oagaduud,Bay,2.676,43.738
6881, Bay > Baidoa > Munaawir,Bay,2.676,43.738
6882, Bay > Baidoa > Lanbuule,Bay,2.676,43.738
6883, Bay > Baidoa > Deynunay(Main Village),Bay,2.676,43.738
6884, Middle Shabelle > Cadale > Guulane,Middle Shabelle,2.825,45.937
6885, Middle Shabelle > Cadale > Gal-Xawaal Dhegale,Middle Shabelle,2.825,45.937
6886, Middle Shabelle > Balcad > Muryaale,Middle Shabelle,2.825,45.937
6887, Middle Shabelle > Cadale > Geelgub,Middle Shabelle,2.825,45.937
6888, Middle Shabelle > Cadale > Jamal,Middle Shabelle,2.825,45.937
6889, Middle Shabelle > Cadale > Bursha-Shiikh,Middle Shabelle,2.825,45.937
6890, Middle Shabelle > Cadale > Ceel Dheere,Middle Shabelle,2.825,45.937
6891, Middle Shabelle > Cadale > Bos Muluk,Middle Shabelle,2.825,45.937
6892, Middle Shabelle > Balcad > Farbaraako,Middle Shabelle,2.825,45.937
6893, Middle Shabelle > Cadale > Cadale,Middle Shabelle,2.825,45.937
6894, Middle Shabelle > Balcad > Faarax-Gololey,Middle Shabelle,2.825,45.937
6895, Middle Shabelle > Cadale > Ceel Carraale,Middle Shabelle,2.825,45.937
6896, Middle Shabelle > Balcad > Balcad,Middle Shabelle,2.825,45.937
6897, Galgaduud > Dhuusamarreeb > Dhuusamarreeb,Galgaduud,5.265,46.647
6898, Galgaduud > Cadaado > Cadaado,Galgaduud,5.265,46.647
6899, Lower Shabelle > Afgooye > No. 50(Airstrip),Lower Shabelle,1.749,44.391
6900, Lower Shabelle > Marka > Marka,Lower Shabelle,1.749,44.391
6901, Banadir > Mogadishu-Dharkenley,Banadir,2.115,45.467
6902, Banadir > Mogadishu-Daynile,Banadir,2.115,45.467
6903, Banadir > Mogadishu-Daynile > Mogadishu/Daynile,Banadir,2.115,45.467
6904, Bay > Baidoa > Baidoa/Horseed/Laanta 5Aa,Bay,2.676,43.738
6905, Bay > Baidoa > Baidoa/Bardaale/Laanta 5A,Bay,2.676,43.738
6906, Bay > Baidoa > Baidoa/Hawl Wadaag/Laanta,Bay,2.676,43.738
6907, Bay > Baidoa > Baidoa/Isha/Laanta 4Aad,Bay,2.676,43.738
6908, Togdheer > Burco > Waraabeeye,Togdheer,9.4,45.433
6909, Togdheer > Burco > Cagararan,Togdheer,9.4,45.433
6910, Togdheer > Burco > Dhoqoshay,Togdheer,9.4,45.433
6911, Togdheer > Burco > Bilcilweyso,Togdheer,9.4,45.433
6912, Togdheer > Burco > Nasiye,Togdheer,9.4,45.433
6913, Togdheer > Burco > Ina Afmadoobe,Togdheer,9.4,45.433
6914, Togdheer > Burco > Balanbaal,Togdheer,9.4,45.433
6915, Togdheer > Burco > Libaaxle,Togdheer,9.4,45.433
6916, Togdheer > Burco > Xuseen Xamar,Togdheer,9.4,45.433
6917, Togdheer > Burco > Xaydh Ducato,Togdheer,9.4,45.433
6918, Nugaal > Eyl,Nugaal,8.209,48.846
6919, Awdal > Zeylac,Awdal,10.602,43.349
6920, Galgaduud > Cadaado > Dayaano,Galgaduud,5.265,46.647
6921, Galgaduud > Cadaado > Gidhays,Galgaduud,5.265,46.647
6922, Galgaduud > Cadaado > Wad-Galinsoor,Galgaduud,5.265,46.647
6923, Galgaduud > Cadaado > Biyo Gaduud,Galgaduud,5.265,46.647
6924, Bari > Caluula,Bari,10.648,50.232
6925, Galgaduud > Dhuusamarreeb > Guri-Ceel,Galgaduud,5.265,46.647
6926, Galgaduud > Cabudwaaq > Mirjicle,Galgaduud,5.265,46.647
6927, Galgaduud > Cabudwaaq > Bangeele,Galgaduud,5.265,46.647
6928, Galgaduud > Cabudwaaq > Laanle,Galgaduud,5.265,46.647
6929, Galgaduud > Cabudwaaq > L.Seexay,Galgaduud,5.265,46.647
6930, Galgaduud > Cabudwaaq > Abutwaq,Galgaduud,5.265,46.647
6931, Galgaduud > Cabudwaaq > Galmaygaag,Galgaduud,5.265,46.647
6932, Galgaduud > Cabudwaaq > Huurshe,Galgaduud,5.265,46.647
6933, Bari > Qardho > Qardho,Bari,10.648,50.232
6934, Bari > Qardho > Qardho/Xiingood,Bari,10.648,50.232
6935, Bari > Qardho > Qardho/Qoryacad,Bari,10.648,50.232
6936, Bari > Qardho > Yakayake,Bari,10.648,50.232
6937, Bari > Qardho > Qardho/Kaambo,Bari,10.648,50.232
6938, Woqooyi Galbeed > Hargeysa,Woqooyi Galbeed,9.755,43.91
6939, Woqooyi Galbeed > Gebiley,Woqooyi Galbeed,9.755,43.91
6940, Mudug > Hobyo > Tawfiiq,Mudug,6.491,48.01
6941, Mudug > Hobyo > Xaaro,Mudug,6.491,48.01
6942, Mudug > Hobyo > Gillab Rugis,Mudug,6.491,48.01
6943, Mudug > Hobyo > Dol,Mudug,6.491,48.01
6944, Mudug > Hobyo > Bitaale,Mudug,6.491,48.01
6945, Mudug > Hobyo > Ceel Dhahanaan,Mudug,6.491,48.01
6946, Mudug > Hobyo > Higlaale,Mudug,6.491,48.01
6947, Mudug > Hobyo > Xingod,Mudug,6.491,48.01
6948, Mudug > Hobyo > Budbud,Mudug,6.491,48.01
6949, Mudug > Hobyo > Bandiiraaley,Mudug,6.491,48.01
6950, Mudug > Hobyo > Af-Barwaaqo,Mudug,6.491,48.01
6951, Galgaduud > Ceel Buur,Galgaduud,5.265,46.647
6952, Galgaduud > Cadaado,Galgaduud,5.265,46.647
6953, Bari > Qardho > Qardho/Kubo,Bari,10.648,50.232
6954, Bari > Qardho > Sanjilbo,Bari,10.648,50.232
6955, Mudug > Hobyo > Endo Iero,Mudug,6.491,48.01
6956, Mudug > Hobyo > Hangut,Mudug,6.491,48.01
6957, Mudug > Hobyo > Caday Bubal,Mudug,6.491,48.01
6958, Mudug > Hobyo > Galhagoog,Mudug,6.491,48.01
6959, Mudug > Hobyo > Cel Garas,Mudug,6.491,48.01
6960, Mudug > Hobyo > Hobyo,Mudug,6.491,48.01
6961, Mudug > Hobyo > Xin Barwaqo,Mudug,6.491,48.01
6962, Mudug > Hobyo > Xinlabi,Mudug,6.491,48.01
6963, Gedo > Ceel Waaq,Gedo,2.802,41.688
6964, Bari > Bossaso,Bari,10.648,50.232
6965, Mudug > Gaalkacyo,Mudug,6.491,48.01
6966, Sool > Caynabo,Sool,8.724,47.529
6967, Bari > Qardho,Bari,10.648,50.232
6968, Sool > Laas Caanood,Sool,8.724,47.529
6969, Bakool > Ceel Barde,Bakool,4.28,43.807
6970, Bakool > Xudur,Bakool,4.28,43.807
6971, Lower Shabelle > Wanla Weyn,Lower Shabelle,1.749,44.391
6972, Lower Shabelle > Kurtunwaarey,Lower Shabelle,1.749,44.391
6973," Mudug > Gaalkacyo > Gaalkacyo/Garsoor, Horumar",Mudug,6.491,48.01
6974, Sanaag > Ceel Afweyn,Sanaag,10.259,47.483
6975, Awdal > Zeylac > Laan Shinbirood,Awdal,10.602,43.349
6976, Awdal > Lughaye > Xajiinle,Awdal,10.602,43.349
6977, Awdal > Zeylac > Zeylac,Awdal,10.602,43.349
6978, Awdal > Lughaye > Maame,Awdal,10.602,43.349
6979, Awdal > Lughaye > Karuure,Awdal,10.602,43.349
6980, Awdal > Zeylac > Iskudarka,Awdal,10.602,43.349
6981, Awdal > Zeylac > Lawya Caddo,Awdal,10.602,43.349
6982, Awdal > Zeylac > Ceel Gaal,Awdal,10.602,43.349
6983, Bay > Qansax Dheere,Bay,2.676,43.738
6984, Mudug > Hobyo,Mudug,6.491,48.01
6985, Lower Shabelle > Afgooye > Afgooye,Lower Shabelle,1.749,44.391
6986, Lower Juba > Kismayo > Dalxiiska,Lower Juba,0.051,41.596
6987, Banadir > Mogadishu,Banadir,2.115,45.467
6988, Bari > Bossaso > Bossaso,Bari,10.648,50.232
6989, Lower Shabelle > Wanla Weyn > W.Weyn,Lower Shabelle,1.749,44.391
6990, Middle Shabelle > Balcad > Goley,Middle Shabelle,2.825,45.937
6991, Middle Shabelle > Balcad > Gargaar,Middle Shabelle,2.825,45.937
6992, Middle Shabelle > Balcad > Tuulada Isgos,Middle Shabelle,2.825,45.937
6993, Lower Shabelle > Wanla Weyn > Siigoole,Lower Shabelle,1.749,44.391
6994, Lower Shabelle > Wanla Weyn > Agal Gubay Yarey,Lower Shabelle,1.749,44.391
6995, Lower Shabelle > Wanla Weyn > Xabaal Fiiley,Lower Shabelle,1.749,44.391
6996, Lower Shabelle > Wanla Weyn > Dhumugya,Lower Shabelle,1.749,44.391
6997, Lower Shabelle > Wanla Weyn > Wanla Weyn/Bakaal,Lower Shabelle,1.749,44.391
6998, Lower Shabelle > Wanla Weyn > Wanla Weyn/Muuri,Lower Shabelle,1.749,44.391
6999, Sool > Taleex,Sool,8.724,47.529
7000, Lower Juba > Kismayo,Lower Juba,0.051,41.596
7001, Gedo > Garbahaarey,Gedo,2.802,41.688
7002, Nugaal > Garowe,Nugaal,8.209,48.846
7003, Gedo > Doolow,Gedo,2.802,41.688
7004, Hiraan > Belet Weyne > Bacaad Buko,Hiraan,4.223,45.376
7005, Lower Shabelle > Afgooye > Afgooye/Hawo Tako,Lower Shabelle,1.749,44.391
7006, Middle Shabelle > Jowhar > Abdule Kudaad,Middle Shabelle,2.825,45.937
7007, Middle Shabelle > Balcad > Aqal Saar,Middle Shabelle,2.825,45.937
7008, Hiraan > Belet Weyne > Belet Weyne,Hiraan,4.223,45.376
7009, Lower Juba > Kismayo > Kismayo,Lower Juba,0.051,41.596
7010, Hiraan > Belet Weyne > Alanweyn,Hiraan,4.223,45.376
7011, Lower Shabelle > Wanla Weyn > Bakool,Lower Shabelle,1.749,44.391
7012, Lower Shabelle > Marka > Horseed,Lower Shabelle,1.749,44.391
7013, Banadir > Mogadishu-Hodan,Banadir,2.115,45.467
7014, Lower Shabelle > Wanla Weyn > Aariyooda,Lower Shabelle,1.749,44.391
7015, Middle Shabelle > Balcad > Kulan-Weyne,Middle Shabelle,2.825,45.937
7016, Middle Shabelle > Balcad > Muku Dheere,Middle Shabelle,2.825,45.937
7017, Middle Shabelle > Balcad > Buulo Reer Shiikh Cabdulle,Middle Shabelle,2.825,45.937
7018, Middle Shabelle > Balcad > Buulo-Banaan,Middle Shabelle,2.825,45.937
7019, Middle Shabelle > Balcad > Buulo-Barako,Middle Shabelle,2.825,45.937
7020, Middle Shabelle > Balcad > Buulo-Raaxo,Middle Shabelle,2.825,45.937
7021, Lower Shabelle > Marka > Ceel Haji,Lower Shabelle,1.749,44.391
7022, Lower Shabelle > Marka > Shalaambood,Lower Shabelle,1.749,44.391
7023, Lower Shabelle > Marka > Ceel-Jaale,Lower Shabelle,1.749,44.391
7024, Lower Shabelle > Marka > Ceel Ahmed,Lower Shabelle,1.749,44.391
7025, Lower Shabelle > Marka > Marka/Horsed,Lower Shabelle,1.749,44.391
7026, Togdheer > Burco,Togdheer,9.4,45.433
7027, Togdheer > Buuhoodle,Togdheer,9.4,45.433
7028, Bay > Baidoa > Baidoa/Bardaale/Laanta 1A,Bay,2.676,43.738
7029, Galgaduud > Dhuusamarreeb,Galgaduud,5.265,46.647
7030, Galgaduud > Cabudwaaq,Galgaduud,5.265,46.647
7031, Bay > Baidoa > Baidoa/Bardaale/Laanta 6A,Bay,2.676,43.738
7032, Lower Shabelle > Marka,Lower Shabelle,1.749,44.391
7033, Awdal > Zeylac > Sheikh Awaare,Awdal,10.602,43.349
7034, Awdal > Zeylac > Toqoshi,Awdal,10.602,43.349
7035, Awdal > Zeylac > Caasha Caddo,Awdal,10.602,43.349
7036, Galgaduud > Cabudwaaq > Ceelaay,Galgaduud,5.265,46.647
7037, Galgaduud > Cabudwaaq > Ariadays,Galgaduud,5.265,46.647
7038, Galgaduud > Cabudwaaq > Goragiahor,Galgaduud,5.265,46.647
7039, Galgaduud > Cabudwaaq > Xerale,Galgaduud,5.265,46.647
7040, Galgaduud > Cabudwaaq > Dibara,Galgaduud,5.265,46.647
7041, Galgaduud > Cabudwaaq > Balli Howd,Galgaduud,5.265,46.647
7042, Awdal > Lughaye,Awdal,10.602,43.349
7043, Nugaal > Burtinle,Nugaal,8.209,48.846
7044, Lower Juba > Badhaadhe,Lower Juba,0.051,41.596
7045, Bay > Baidoa > Berdale,Bay,2.676,43.738
7046, Gedo > Garbahaarey > Buurdhuubo,Gedo,2.802,41.688
7047, Sool > Xudun,Sool,8.724,47.529
7048, Gedo > Luuq,Gedo,2.802,41.688
7049, Lower Shabelle > Afgooye,Lower Shabelle,1.749,44.391
7050, Lower Juba > Afmadow,Lower Juba,0.051,41.596
7051, Mudug > Jariiban > Jariiban,Mudug,6.491,48.01
7052, Gedo > Garbahaarey > Garbahaarey/Busul,Gedo,2.802,41.688
7053, Gedo > Garbahaarey > Garbahaarey/Shabeel,Gedo,2.802,41.688
7054, Gedo > Garbahaarey > Garbahaarey/Wasma Xume/Dh,Gedo,2.802,41.688
7055, Gedo > Garbahaarey > Garbahaarey/Kaabooy,Gedo,2.802,41.688
7056, Gedo > Garbahaarey > Doofaareey,Gedo,2.802,41.688
7057, Hiraan > Belet Weyne > Haar Caddey,Hiraan,4.223,45.376
7058, Hiraan > Belet Weyne > Macruuf,Hiraan,4.223,45.376
7059, Hiraan > Belet Weyne > Luuq Dheere,Hiraan,4.223,45.376
7060, Hiraan > Belet Weyne > Qooqane,Hiraan,4.223,45.376
7061, Hiraan > Belet Weyne > Baaslaawe,Hiraan,4.223,45.376
7062, Hiraan > Belet Weyne > Dhaayow,Hiraan,4.223,45.376
7063, Hiraan > Belet Weyne > Qoydo,Hiraan,4.223,45.376
7064, Hiraan > Belet Weyne > Bacad,Hiraan,4.223,45.376
7065, Hiraan > Belet Weyne > Lafoole,Hiraan,4.223,45.376
7066, Hiraan > Belet Weyne > Doon Kudle,Hiraan,4.223,45.376
7067, Gedo > Baardheere > Sarinleey,Gedo,2.802,41.688
7068, Gedo > Baardheere > Buulo Caddey,Gedo,2.802,41.688
7069, Gedo > Baardheere > Yaxaasow,Gedo,2.802,41.688
7070, Hiraan > Belet Weyne > Gambarlawe,Hiraan,4.223,45.376
7071, Hiraan > Belet Weyne > Beled Salaama,Hiraan,4.223,45.376
7072, Hiraan > Belet Weyne > Jiiqlay,Hiraan,4.223,45.376
7073, Hiraan > Belet Weyne > Dharkeynley,Hiraan,4.223,45.376
7074, Hiraan > Belet Weyne > Jeerey,Hiraan,4.223,45.376
7075, Hiraan > Belet Weyne > Shabellow,Hiraan,4.223,45.376
7076, Hiraan > Belet Weyne > Quracley,Hiraan,4.223,45.376
7077, Hiraan > Belet Weyne > Leebow,Hiraan,4.223,45.376
7078, Gedo > Garbahaarey > Hawlaha Guud,Gedo,2.802,41.688
7079, Gedo > Baardheere > Buulo Asharaaf,Gedo,2.802,41.688
7080, Gedo > Baardheere > Buulo Goof,Gedo,2.802,41.688
7081, Gedo > Baardheere > Af Yar,Gedo,2.802,41.688
7082, Gedo > Baardheere > Buloamin,Gedo,2.802,41.688
7083, Gedo > Baardheere > Shimbiroole,Gedo,2.802,41.688
7084, Gedo > Baardheere > Buulo Kurmaan,Gedo,2.802,41.688
7085, Gedo > Baardheere > Mardha,Gedo,2.802,41.688
7086, Gedo > Baardheere > Buulo Garas,Gedo,2.802,41.688
7087, Middle Shabelle > Jowhar > Khalafow,Middle Shabelle,2.825,45.937
7088, Middle Shabelle > Jowhar > Cabdi-Galadi,Middle Shabelle,2.825,45.937
7089, Middle Shabelle > Jowhar > Banaaney,Middle Shabelle,2.825,45.937
7090, Middle Shabelle > Jowhar > Barrey,Middle Shabelle,2.825,45.937
7091, Middle Shabelle > Jowhar > Maryam Keynaan,Middle Shabelle,2.825,45.937
7092, Middle Shabelle > Jowhar > Cali Waraabey,Middle Shabelle,2.825,45.937
7093, Middle Shabelle > Jowhar > Kalundi,Middle Shabelle,2.825,45.937
7094, Middle Shabelle > Jowhar > Geedo-Barkaan,Middle Shabelle,2.825,45.937
7095, Middle Shabelle > Jowhar > Moiko,Middle Shabelle,2.825,45.937
7096, Lower Juba > Badhaadhe > Kolbiyow,Lower Juba,0.051,41.596
7097, Lower Juba > Badhaadhe > Hoosingo,Lower Juba,0.051,41.596
7098, Lower Juba > Badhaadhe > Kaambooni,Lower Juba,0.051,41.596
7099, Lower Juba > Badhaadhe > Koday,Lower Juba,0.051,41.596
7100, Lower Juba > Badhaadhe > Buur Gaabo,Lower Juba,0.051,41.596
7101, Middle Shabelle > Jowhar > Xudur-Ciise,Middle Shabelle,2.825,45.937
7102, Middle Shabelle > Jowhar > Baaroweyne,Middle Shabelle,2.825,45.937
7103, Middle Shabelle > Jowhar > Dhay-Gawaan,Middle Shabelle,2.825,45.937
7104, Middle Shabelle > Jowhar > Nuukaay,Middle Shabelle,2.825,45.937
7105, Middle Shabelle > Jowhar > Barey,Middle Shabelle,2.825,45.937
7106, Banadir > Mogadishu > Mogadishu,Banadir,2.115,45.467
7107, Galgaduud > Dhuusamarreeb > Gadoon,Galgaduud,5.265,46.647
7108, Galgaduud > Dhuusamarreeb > Day,Galgaduud,5.265,46.647
7109, Galgaduud > Dhuusamarreeb > Ceel Dheere,Galgaduud,5.265,46.647
7110, Bay > Baidoa > Oore,Bay,2.676,43.738
7111, Bay > Baidoa > Laan Buule,Bay,2.676,43.738
7112, Bay > Baidoa > Baidoa/Horseed/Laanta 6Aa,Bay,2.676,43.738
7113, Bay > Baidoa > Boonka,Bay,2.676,43.738
7114, Gedo > Garbahaarey > Muuriya,Gedo,2.802,41.688
7115, Lower Juba > Badhaadhe > Badhaadhe,Lower Juba,0.051,41.596
7116, Bay > Baidoa > Reebey,Bay,2.676,43.738
7117, Bay > Baidoa > Carra Gaduud,Bay,2.676,43.738
7118, Galgaduud > Cadaado > Ardo,Galgaduud,5.265,46.647
7119, Galgaduud > Cadaado > Afwaax,Galgaduud,5.265,46.647
7120, Galgaduud > Cadaado > Laan Weyn,Galgaduud,5.265,46.647
7121, Galgaduud > Cadaado > Docolay,Galgaduud,5.265,46.647
7122, Lower Juba > Badhaadhe > Mado,Lower Juba,0.051,41.596
7123, Lower Juba > Badhaadhe > Manaaraani,Lower Juba,0.051,41.596
7124, Middle Shabelle > Jowhar > Kulmis,Middle Shabelle,2.825,45.937
7125, Middle Shabelle > Jowhar > Baraki,Middle Shabelle,2.825,45.937
7126, Banadir > Mogadishu-Dharkenley > Mogadishu/Dharkenley,Banadir,2.115,45.467
7127, Bay > Baidoa > Baidoa/Bardaale/Laanta 4A,Bay,2.676,43.738
7128, Gedo > Baardheere > Baardheere/Kaskey,Gedo,2.802,41.688
7129, Gedo > Baardheere > Bender,Gedo,2.802,41.688
7130, Lower Juba > Badhaadhe > Wadajir,Lower Juba,0.051,41.596
7131, Galgaduud > Cadaado > Baxdo,Galgaduud,5.265,46.647
7132, Mudug > Gaalkacyo > Gaalkacyo,Mudug,6.491,48.01
7133, Mudug > Hobyo > Seego,Mudug,6.491,48.01
7134, Mudug > Gaalkacyo > Godod,Mudug,6.491,48.01
7135, Mudug > Gaalkacyo > Heema,Mudug,6.491,48.01
7136, Mudug > Gaalkacyo > Gaalkacyo/Wadajir,Mudug,6.491,48.01
7137, Galgaduud > Dhuusamarreeb > Salaxdhadhaab,Galgaduud,5.265,46.647
7138, Nugaal > Eyl > Wargaduud,Nugaal,8.209,48.846
7139, Nugaal > Eyl > Gubato,Nugaal,8.209,48.846
7140, Nugaal > Eyl > Dhalinraqas,Nugaal,8.209,48.846
7141, Nugaal > Eyl > Dhiganle,Nugaal,8.209,48.846
7142, Nugaal > Eyl > Aftugweyne,Nugaal,8.209,48.846
7143, Nugaal > Eyl > Gabac,Nugaal,8.209,48.846
7144, Nugaal > Eyl > Dhooba-Canutug,Nugaal,8.209,48.846
7145, Nugaal > Eyl > Ladega,Nugaal,8.209,48.846
7146, Nugaal > Eyl > Maraya,Nugaal,8.209,48.846
7147, Nugaal > Eyl > Dhagaxlaha,Nugaal,8.209,48.846
7148, Nugaal > Eyl > Dhanaane,Nugaal,8.209,48.846
7149, Nugaal > Eyl > Dilin Mahato,Nugaal,8.209,48.846
7150, Mudug > Gaalkacyo > Sadax-Higlo,Mudug,6.491,48.01
7151, Mudug > Gaalkacyo > Sarjimaale,Mudug,6.491,48.01
7152, Mudug > Gaalkacyo > Carfuuda,Mudug,6.491,48.01
7153, Mudug > Gaalkacyo > Docol,Mudug,6.491,48.01
7154, Mudug > Gaalkacyo > Duqaaqo,Mudug,6.491,48.01
7155, Mudug > Gaalkacyo > Docolle Farale,Mudug,6.491,48.01
7156, Mudug > Gaalkacyo > Dagaari,Mudug,6.491,48.01
7157, Mudug > Gaalkacyo > Gowlalo,Mudug,6.491,48.01
7158, Mudug > Gaalkacyo > Qarsoni,Mudug,6.491,48.01
7159, Mudug > Gaalkacyo > Bulaley,Mudug,6.491,48.01
7160, Mudug > Gaalkacyo > Karin,Mudug,6.491,48.01
7161, Mudug > Gaalkacyo > Sh Ali,Mudug,6.491,48.01
7162, Mudug > Gaalkacyo > Dhardhar,Mudug,6.491,48.01
7163, Galgaduud > Cabudwaaq > Balanbal,Galgaduud,5.265,46.647
7164, Galgaduud > Cabudwaaq > Cabudwaaq,Galgaduud,5.265,46.647
7165, Gedo > Doolow > Doolow,Gedo,2.802,41.688
7166, Gedo > Doolow > Malkaariyey,Gedo,2.802,41.688
7167, Gedo > Belet Xaawo > Carro Case,Gedo,2.802,41.688
7168, Bari > Iskushuban > Xaafuun,Bari,10.648,50.232
7169, Awdal > Borama > Borama,Awdal,10.602,43.349
7170, Togdheer > Burco > Burco,Togdheer,9.4,45.433
7171, Woqooyi Galbeed > Hargeysa > Hargeysa,Woqooyi Galbeed,9.755,43.91
7172, Middle Juba > Bu'aale > Bu'Aale,Middle Juba,1.451,42.638
7173, Nugaal > Garowe > Garowe,Nugaal,8.209,48.846
7174, Sool > Laas Caanood > Laas Caanood,Sool,8.724,47.529
7175, Sanaag > Ceerigaabo > Ceerigaabo,Sanaag,10.259,47.483
7176, Gedo > Belet Xaawo > Iacle,Gedo,2.802,41.688
7177, Gedo > Belet Xaawo > Daqarrey,Gedo,2.802,41.688
7178, Gedo > Belet Xaawo > War Cadoy,Gedo,2.802,41.688
7179, Gedo > Belet Xaawo > Tuulo Qallooc,Gedo,2.802,41.688
7180, Sool > Taleex > Arooley,Sool,8.724,47.529
7181, Galgaduud > Cabudwaaq > Mareere,Galgaduud,5.265,46.647
7182, Sanaag > Ceerigaabo > Marawade,Sanaag,10.259,47.483
7183, Sanaag > Ceel Afweyn > Masle,Sanaag,10.259,47.483
7184, Sanaag > Ceerigaabo > Rag Cadeeye,Sanaag,10.259,47.483
7185, Sanaag > Ceel Afweyn > Badhi Galis Satellite,Sanaag,10.259,47.483
7186, Sanaag > Ceel Afweyn > Bixin,Sanaag,10.259,47.483
7187, Nugaal > Garowe > Ooman,Nugaal,8.209,48.846
7188, Nugaal > Garowe > Cuun,Nugaal,8.209,48.846
7189, Nugaal > Garowe > 22 Village,Nugaal,8.209,48.846
7190, Mudug > Hobyo > Ceelguula,Mudug,6.491,48.01
7191, Mudug > Hobyo > Afgaduudle,Mudug,6.491,48.01
7192, Mudug > Hobyo > Biriqoday,Mudug,6.491,48.01
7193, Mudug > Hobyo > Qalqalocan,Mudug,6.491,48.01
7194, Mudug > Hobyo > Xero Dhagaxleey,Mudug,6.491,48.01
7195, Bakool > Waajid > Waajid,Bakool,4.28,43.807
7196, Mudug > Gaalkacyo > Qoqoorayn,Mudug,6.491,48.01
7197, Mudug > Gaalkacyo > Faarax Geedi,Mudug,6.491,48.01
7198, Mudug > Gaalkacyo > Rasan,Mudug,6.491,48.01
7199, Mudug > Gaalkacyo > Laaso Cadale,Mudug,6.491,48.01
7200, Togdheer > Buuhoodle > Horufadhi,Togdheer,9.4,45.433
7201, Togdheer > Buuhoodle > Buuhoodle,Togdheer,9.4,45.433
7202, Togdheer > Buuhoodle > Ceegaag,Togdheer,9.4,45.433
7203, Banadir > Mogadishu-Yaaqshiid > Mogadishu/Yaaqshiid,Banadir,2.115,45.467
7204, Banadir > Mogadishu-Karaan > Mogadishu/Karaan,Banadir,2.115,45.467
7205, Banadir > Mogadishu-Heliwa > Mogadishu/Heliwa,Banadir,2.115,45.467
7206, Lower Juba > Afmadow > Dhobley,Lower Juba,0.051,41.596
7207, Gedo > Ceel Waaq > Ceel Waaq,Gedo,2.802,41.688
7208, Gedo > Luuq > Luuq/Gudey,Gedo,2.802,41.688
7209, Gedo > Luuq > Aggherar,Gedo,2.802,41.688
7210, Gedo > Luuq > Xero Koowaad,Gedo,2.802,41.688
7211, Bay > Buur Hakaba > Danaaley,Bay,2.676,43.738
7212, Bay > Buur Hakaba > Buur Hakaba,Bay,2.676,43.738
7213, Hiraan > Jalalaqsi > Jalalaqsi,Hiraan,4.223,45.376
7214, Hiraan > Jalalaqsi > Cariishley,Hiraan,4.223,45.376
7215, Bay > Baidoa > Baidoa/Horseed/Laanta 1Aa,Bay,2.676,43.738
7216, Bay > Baidoa > Baidoa/Isha/Laanta 1Aad,Bay,2.676,43.738
7217, Sool > Laas Caanood > Canjiid,Sool,8.724,47.529
7218, Sool > Laas Caanood > Laas Caanood/Far-Xaskule,Sool,8.724,47.529
7219, Sool > Laas Caanood > Tuulo Samakaab,Sool,8.724,47.529
7220, Sool > Laas Caanood > Laas Caanood/Wadajir,Sool,8.724,47.529
7221, Sool > Laas Caanood > Adhicadeeye,Sool,8.724,47.529
7222, Bay > Baidoa > Baidoa/Bardaale/Laanta 2A,Bay,2.676,43.738
7223, Bay > Baidoa > Reydabale,Bay,2.676,43.738
7224, Bay > Baidoa > Jafeey,Bay,2.676,43.738
7225, Bay > Baidoa > Bakala,Bay,2.676,43.738
7226, Bay > Baidoa > Nasib,Bay,2.676,43.738
7227, Bay > Baidoa > Kayow,Bay,2.676,43.738
7228, Bay > Baidoa > Faajar,Bay,2.676,43.738
7229, Bay > Baidoa > Qaahira-Yarey,Bay,2.676,43.738
7230, Togdheer > Buuhoodle > Carro Weyn,Togdheer,9.4,45.433
7231, Togdheer > Buuhoodle > Qorilugud,Togdheer,9.4,45.433
7232, Togdheer > Owdweyne > Gawama,Togdheer,9.4,45.433
7233, Togdheer > Owdweyne > Haro Sheikh,Togdheer,9.4,45.433
7234, Togdheer > Owdweyne > Daba-Goroyaale,Togdheer,9.4,45.433
7235, Togdheer > Owdweyne > Xayndaanle,Togdheer,9.4,45.433
7236, Togdheer > Owdweyne > Gediitaley,Togdheer,9.4,45.433
7237, Togdheer > Owdweyne > Odweyne,Togdheer,9.4,45.433
7238, Togdheer > Owdweyne > Xaaji Saalax,Togdheer,9.4,45.433
7239, Lower Shabelle > Afgooye > Afgooye/Baalguri,Lower Shabelle,1.749,44.391
7240, Lower Shabelle > Afgooye > Mareerey,Lower Shabelle,1.749,44.391
7241, Bakool > Rab Dhuure > Rab Dhuure,Bakool,4.28,43.807
7242, Galgaduud > Ceel Buur > Wabxo,Galgaduud,5.265,46.647
7243, Galgaduud > Ceel Buur > Elbur,Galgaduud,5.265,46.647
7244, Galgaduud > Ceel Buur > Galqoryaale,Galgaduud,5.265,46.647
7245, Galgaduud > Ceel Buur > Dac,Galgaduud,5.265,46.647
7246, Togdheer > Owdweyne > Balli-Dalab,Togdheer,9.4,45.433
7247, Sool > Laas Caanood > Karin Gorfood,Sool,8.724,47.529
7248, Sool > Laas Caanood > Daba-Taag,Sool,8.724,47.529
7249, Togdheer > Owdweyne > Galooley,Togdheer,9.4,45.433
7250, Togdheer > Owdweyne > Beerato,Togdheer,9.4,45.433
7251, Togdheer > Owdweyne > Godwaraabe,Togdheer,9.4,45.433
7252, Sool > Laas Caanood > Dal Yar,Sool,8.724,47.529
7253, Sool > Laas Caanood > Burowadal,Sool,8.724,47.529
7254, Togdheer > Owdweyne > Caasha Cado,Togdheer,9.4,45.433
7255, Sool > Laas Caanood > Saha-Gebogebo,Sool,8.724,47.529
7256, Togdheer > Owdweyne > Baarcad,Togdheer,9.4,45.433
7257, Togdheer > Owdweyne > Obsiiye,Togdheer,9.4,45.433
7258, Togdheer > Owdweyne > Cabdi Faarax,Togdheer,9.4,45.433
7259, Sool > Laas Caanood > Boocame,Sool,8.724,47.529
7260, Sool > Laas Caanood > Fardhidin,Sool,8.724,47.529
7261, Togdheer > Owdweyne > Ceel Xumo,Togdheer,9.4,45.433
7262, Togdheer > Owdweyne > Bali Obsiiye Satellite,Togdheer,9.4,45.433
7263, Togdheer > Owdweyne > Balli Sheikh,Togdheer,9.4,45.433
7264, Togdheer > Owdweyne > Qaloocato,Togdheer,9.4,45.433
7265, Togdheer > Owdweyne > Qudhac-Kudle,Togdheer,9.4,45.433
7266, Togdheer > Owdweyne > Baraagta Rooble,Togdheer,9.4,45.433
7267, Sool > Laas Caanood > Faleeryale,Sool,8.724,47.529
7268, Togdheer > Owdweyne > Qolqolka Madoobe Satellite,Togdheer,9.4,45.433
7269, Togdheer > Owdweyne > Habas-Wayn,Togdheer,9.4,45.433
7270, Sool > Laas Caanood > Gambare,Sool,8.724,47.529
7271, Togdheer > Owdweyne > Gudubi,Togdheer,9.4,45.433
7272, Sool > Laas Caanood > Gambade,Sool,8.724,47.529
7273, Sool > Laas Caanood > God Qaboobe,Sool,8.724,47.529
7274, Togdheer > Owdweyne > Mulaaxo,Togdheer,9.4,45.433
7275, Sool > Laas Caanood > Higlo-Fiqi,Sool,8.724,47.529
7276, Togdheer > Owdweyne > Owdweyne/Hawl Wadaag,Togdheer,9.4,45.433
7277, Togdheer > Owdweyne > Owdweyne/Shacabka,Togdheer,9.4,45.433
7278, Sool > Laas Caanood > Sahdheer,Sool,8.724,47.529
7279, Togdheer > Owdweyne > Xaaxi,Togdheer,9.4,45.433
7280, Togdheer > Owdweyne > Owdweyne/Barwaaqo,Togdheer,9.4,45.433
7281, Sool > Laas Caanood > Tuko Raq,Sool,8.724,47.529
7282, Togdheer > Buuhoodle > Xamar Lagu Xidh,Togdheer,9.4,45.433
7283, Togdheer > Buuhoodle > Shangale,Togdheer,9.4,45.433
7284, Togdheer > Buuhoodle > Banyaal,Togdheer,9.4,45.433
7285, Bay > Diinsoor > Diinsoor/H/Wadaag/Hillaac,Bay,2.676,43.738
7286, Bay > Diinsoor > Diinsoor/Hawl-Wadaag/Oktobe,Bay,2.676,43.738
7287, Togdheer > Buuhoodle > Gocondhaale,Togdheer,9.4,45.433
7288, Togdheer > Buuhoodle > Cudanlay,Togdheer,9.4,45.433
7289, Sool > Laas Caanood > Laas Caanood/Howl-Wadaag,Sool,8.724,47.529
7290, Sool > Laas Caanood > Buulal,Sool,8.724,47.529
7291, Sool > Laas Caanood > Qoriiley,Sool,8.724,47.529
7292, Sool > Laas Caanood > Kalax,Sool,8.724,47.529
7293, Sool > Laas Caanood > Kala Baydh,Sool,8.724,47.529
7294, Galgaduud > Cadaado > Balli Angie Berdo,Galgaduud,5.265,46.647
7295, Galgaduud > Cadaado > Dhagax Dheer,Galgaduud,5.265,46.647
7296, Galgaduud > Cadaado > Docole Lgr,Galgaduud,5.265,46.647
7297, Galgaduud > Dhuusamarreeb > Mareer Guur,Galgaduud,5.265,46.647
7298, Togdheer > Owdweyne > Raydab Khaatumo,Togdheer,9.4,45.433
7299, Togdheer > Owdweyne > Gocandhaley,Togdheer,9.4,45.433
7300, Togdheer > Owdweyne > Duudweeyn,Togdheer,9.4,45.433
7301, Galgaduud > Cabudwaaq > Balli Cad,Galgaduud,5.265,46.647
7302, Togdheer > Buuhoodle > Qabri Huluul,Togdheer,9.4,45.433
7303, Togdheer > Buuhoodle > Balli Dandan,Togdheer,9.4,45.433
7304, Togdheer > Buuhoodle > Sool Joogto,Togdheer,9.4,45.433
7305, Togdheer > Buuhoodle > Dhilaalo,Togdheer,9.4,45.433
7306, Sanaag > Ceerigaabo > Dhaxamo,Sanaag,10.259,47.483
7307, Sanaag > Ceerigaabo > Dhuur Madare,Sanaag,10.259,47.483
7308, Sanaag > Ceerigaabo > Darasalam,Sanaag,10.259,47.483
7309, Sanaag > Ceerigaabo > Jiidali,Sanaag,10.259,47.483
7310, Sanaag > Ceerigaabo > Caduur,Sanaag,10.259,47.483
7311, Sanaag > Ceerigaabo > Dacawo,Sanaag,10.259,47.483
7312, Sanaag > Ceerigaabo > Damala Xagarre,Sanaag,10.259,47.483
7313, Sanaag > Ceerigaabo > Daray,Sanaag,10.259,47.483
7314, Sanaag > Ceerigaabo > Shimbiraale,Sanaag,10.259,47.483
7315, Sanaag > Ceerigaabo > Qoof,Sanaag,10.259,47.483
7316, Sanaag > Ceerigaabo > Yufle,Sanaag,10.259,47.483
7317, Sanaag > Ceerigaabo > Rugay,Sanaag,10.259,47.483
7318, Sanaag > Ceerigaabo > Dibqarax,Sanaag,10.259,47.483
7319, Sanaag > Ceerigaabo > Maax Satellite,Sanaag,10.259,47.483
7320, Sanaag > Ceerigaabo > Buq,Sanaag,10.259,47.483
7321, Sanaag > Ceerigaabo > Yubbe,Sanaag,10.259,47.483
7322, Galgaduud > Cadaado > Kaxandho,Galgaduud,5.265,46.647
7323, Hiraan > Bulo Burto > Bulo Burto,Hiraan,4.223,45.376
7324, Bay > Qansax Dheere > Qansaxdheere,Bay,2.676,43.738
7325, Bay > Qansax Dheere > Abuurow/Daarti,Bay,2.676,43.738
7326, Bay > Buur Hakaba > Aabaan Weyn,Bay,2.676,43.738
7327, Bay > Baidoa > Gololka,Bay,2.676,43.738
7328, Bay > Baidoa > Eddayin/Mowlli,Bay,2.676,43.738
7329, Bay > Baidoa > Kashiidoow,Bay,2.676,43.738
7330, Bay > Baidoa > Kobonle,Bay,2.676,43.738
7331, Bay > Baidoa > Masgaale,Bay,2.676,43.738
7332, Bay > Buur Hakaba > Hubsaay,Bay,2.676,43.738
7333, Bay > Buur Hakaba > Masusoow,Bay,2.676,43.738
7334, Bay > Buur Hakaba > Bansoole,Bay,2.676,43.738
7335, Bay > Buur Hakaba > Dacarta,Bay,2.676,43.738
7336, Bay > Buur Hakaba > Aw Yaay,Bay,2.676,43.738
7337, Bay > Buur Hakaba > Araay,Bay,2.676,43.738
7338, Bay > Buur Hakaba > Aw-Basoow,Bay,2.676,43.738
7339, Bay > Buur Hakaba > Balow,Bay,2.676,43.738
7340, Bay > Buur Hakaba > Shiidlow,Bay,2.676,43.738
7341, Bay > Buur Hakaba > Ibooto,Bay,2.676,43.738
7342, Bay > Buur Hakaba > Sool,Bay,2.676,43.738
7343, Bay > Buur Hakaba > Aw-Mayow,Bay,2.676,43.738
7344, Bay > Buur Hakaba > Buur Hakaba/H/Wadag (Town,Bay,2.676,43.738
7345, Bay > Buur Hakaba > Buur Hakaba/Waaberi,Bay,2.676,43.738
7346, Bay > Baidoa > Aduble-Guure,Bay,2.676,43.738
7347, Bay > Baidoa > Maykoo Guuraaw,Bay,2.676,43.738
7348, Bay > Baidoa > Berdale/October,Bay,2.676,43.738
7349, Bay > Baidoa > Berdale/Axmed Gurey,Bay,2.676,43.738
7350, Bay > Baidoa > Ray-Dabale,Bay,2.676,43.738
7351, Bay > Baidoa > Berdale/Waberi,Bay,2.676,43.738
7352, Bay > Qansax Dheere > Mowkubow,Bay,2.676,43.738
7353, Bay > Qansax Dheere > Qansax Dheere/Busley,Bay,2.676,43.738
7354, Bay > Qansax Dheere > Qansax Dheere/Wadijir,Bay,2.676,43.738
7355, Bay > Baidoa > Baidoa/Isha/Laanta 5Aad,Bay,2.676,43.738
7356, Bay > Baidoa > Baidoa/Isha/Laanta 2Aad,Bay,2.676,43.738
7357, Bay > Baidoa > Baidoa/Horseed/Laanta 4Aa,Bay,2.676,43.738
7358, Bakool > Xudur > Tubooy,Bakool,4.28,43.807
7359, Bakool > Xudur > Gomorey,Bakool,4.28,43.807
7360, Bakool > Xudur > Madax Waraabe,Bakool,4.28,43.807
7361, Bay > Buur Hakaba > Buur Hakaba/Wadajir,Bay,2.676,43.738
7362, Bay > Buur Hakaba > Buur Hakaba/Dubai,Bay,2.676,43.738
7363, Mudug > Gaalkacyo > Cel Akhwan,Mudug,6.491,48.01
7364, Bay > Baidoa > Goofka,Bay,2.676,43.738
7365, Bay > Baidoa > Isbiil,Bay,2.676,43.738
7366, Bay > Baidoa > Haluul,Bay,2.676,43.738
7367, Bay > Qansax Dheere > Ismaaciil,Bay,2.676,43.738
7368, Bay > Baidoa > Bakali,Bay,2.676,43.738
7369, Bay > Baidoa > Kormari,Bay,2.676,43.738
7370, Bay > Baidoa > Balan Baale,Bay,2.676,43.738
7371, Bay > Buur Hakaba > Abaawle (1),Bay,2.676,43.738
7372, Bay > Qansax Dheere > Qansax Dheere,Bay,2.676,43.738
7373, Somalia > Mudug > Gaalkacyo > Godod,Mudug,6.491,48.01
7374, Bay > Qansax Dheere > Beled Amin,Bay,2.676,43.738
7375, Mudug > Gaalkacyo > Qarqoora,Mudug,6.491,48.01
7376, Mudug > Gaalkacyo > Galcadale,Mudug,6.491,48.01
7377, Mudug > Hobyo > Degagou,Mudug,6.491,48.01
7378, Bay > Buur Hakaba > Abaawle (2),Bay,2.676,43.738
7379, Bay > Buur Hakaba > Buulo Massib,Bay,2.676,43.738
7380, Bay > Buur Hakaba > Isneeb,Bay,2.676,43.738
7381, Bay > Buur Hakaba > Buurey-Deerow,Bay,2.676,43.738
7382, Bay > Buur Hakaba > Aw-Ooyoow,Bay,2.676,43.738
7383, Bay > Buur Hakaba > Qardale,Bay,2.676,43.738
7384, Mudug > Jariiban > Dhinawda Dhigdhigley,Mudug,6.491,48.01
7385, Bay > Baidoa > Aw-Shiine,Bay,2.676,43.738
7386, Bay > Baidoa > Misgaale,Bay,2.676,43.738
7387, Bakool > Tayeeglow > Tayeeglow,Bakool,4.28,43.807
7388, Somalia > Mudug > Gaalkacyo > Gosol,Mudug,6.491,48.01
7389, Bay > Baidoa > Yaqle,Bay,2.676,43.738
7390, Bay > Baidoa > Nibkisaar,Bay,2.676,43.738
7391, Bay > Baidoa > Edow,Bay,2.676,43.738
7392, Bay > Baidoa > Sagaara-Gali,Bay,2.676,43.738
7393, Bay > Baidoa > Berahnooy,Bay,2.676,43.738
7394, Bay > Baidoa > Aabaraka,Bay,2.676,43.738
7395, Somalia > Mudug > Gaalkacyo > Laanwaaley,Mudug,6.491,48.01
7396, Mudug > Hobyo > Wisil,Mudug,6.491,48.01
7397, Mudug > Hobyo > Ceel-Dibir,Mudug,6.491,48.01
7398, Bari > Qandala > Qandala,Bari,10.648,50.232
7399, Nugaal > Burtinle > Burtinle,Nugaal,8.209,48.846
7400, Bari > Iskushuban > Iskushuban,Bari,10.648,50.232
7401, Nugaal > Garowe > Kalabayr,Nugaal,8.209,48.846
7402, Nugaal > Garowe > Birta Dheer,Nugaal,8.209,48.846
7403, Gedo > Doolow > Qansax Oomane,Gedo,2.802,41.688
7404, Gedo > Baardheere > Jafey,Gedo,2.802,41.688
7405, Gedo > Baardheere > Bakal,Gedo,2.802,41.688
7406, Gedo > Baardheere > Buulo Jadiid,Gedo,2.802,41.688
7407, Gedo > Baardheere > Tawakal,Gedo,2.802,41.688
7408, Gedo > Baardheere > Hureyna,Gedo,2.802,41.688
7409, Gedo > Baardheere > Buulo Baanyo,Gedo,2.802,41.688
7410, Mudug > Jariiban > Raxan-Reeb,Mudug,6.491,48.01
7411, Mudug > Jariiban > Booc,Mudug,6.491,48.01
7412, Mudug > Jariiban > Semade,Mudug,6.491,48.01
7413, Mudug > Jariiban > Cara-Caso,Mudug,6.491,48.01
7414, Nugaal > Eyl > Qarxis,Nugaal,8.209,48.846
7415, Nugaal > Eyl > Bedey,Nugaal,8.209,48.846
7416, Bari > Bandarbayla > Dhuudo,Bari,10.648,50.232
7417, Bari > Bandarbayla > Kulule,Bari,10.648,50.232
7418, Bari > Bandarbayla > Biyo Gaduud,Bari,10.648,50.232
7419, Gedo > Ceel Waaq > Ceel Waaq/Madino,Gedo,2.802,41.688
7420, Gedo > Ceel Waaq > Ceel Waaq/October,Gedo,2.802,41.688
7421, Gedo > Ceel Waaq > El Banda,Gedo,2.802,41.688
7422, Lower Juba > Afmadow > Afmadow,Lower Juba,0.051,41.596
7423, Gedo > Ceel Waaq > Ceel Waaq/Hawl Wadaag,Gedo,2.802,41.688
7424, Mudug > Jariiban > Cel-Xagar,Mudug,6.491,48.01
7425, Mudug > Galdogob > Galdogob,Mudug,6.491,48.01
7426, Mudug > Jariiban > Kulub,Mudug,6.491,48.01
7427, Mudug > Jariiban > Lebi-Lamaane,Mudug,6.491,48.01
7428, Mudug > Jariiban > Mareer,Mudug,6.491,48.01
7429, Mudug > Galdogob > Bursaalax,Mudug,6.491,48.01
7430, Lower Juba > Kismayo > Istanboul,Lower Juba,0.051,41.596
7431, Lower Juba > Kismayo > Goob Weyn,Lower Juba,0.051,41.596
7432, Lower Juba > Kismayo > Fuuma,Lower Juba,0.051,41.596
7433, Lower Juba > Kismayo > Abdi Dhore,Lower Juba,0.051,41.596
7434, Lower Juba > Kismayo > Luglaaw,Lower Juba,0.051,41.596
7435, Lower Juba > Kismayo > Osboda,Lower Juba,0.051,41.596
7436, Lower Juba > Kismayo > Yoontoy,Lower Juba,0.051,41.596
7437, Bari > Qandala > Haraaryo,Bari,10.648,50.232
7438, Bari > Qandala > Qaanlaaye,Bari,10.648,50.232
7439, Bari > Qandala > Xarago,Bari,10.648,50.232
7440, Bari > Qandala > Af-Bashaashin,Bari,10.648,50.232
7441, Bari > Qandala > Buruc,Bari,10.648,50.232
7442, Bari > Qandala > Canjeel,Bari,10.648,50.232
7443, Bari > Qandala > Balidhidin,Bari,10.648,50.232
7444, Bari > Qandala > Xankookib,Bari,10.648,50.232
7445, Bari > Qandala > Karin,Bari,10.648,50.232
7446, Bari > Qandala > Tuulo-Ciise,Bari,10.648,50.232
7447, Bari > Qandala > Dawaar,Bari,10.648,50.232
7448, Bari > Qandala > Gurur,Bari,10.648,50.232
7449, Bari > Qandala > Garaar,Bari,10.648,50.232
7450, Bari > Qandala > Xijijle,Bari,10.648,50.232
7451, Bari > Qandala > Dhaankadus,Bari,10.648,50.232
7452, Bari > Qandala > Tuur Masale,Bari,10.648,50.232
7453, Bari > Qandala > Gaatir-Oodan,Bari,10.648,50.232
7454, Bari > Qandala > Buuxaale,Bari,10.648,50.232
7455, Lower Juba > Afmadow > Dif,Lower Juba,0.051,41.596
7456, Bari > Iskushuban > Dharjaale,Bari,10.648,50.232
7457, Bari > Iskushuban > Gargoore,Bari,10.648,50.232
7458, Bari > Iskushuban > Biike,Bari,10.648,50.232
7459, Bari > Iskushuban > Xuubabays,Bari,10.648,50.232
7460, Bari > Iskushuban > Cammaan,Bari,10.648,50.232
7461, Nugaal > Garowe > Xamur,Nugaal,8.209,48.846
7462, Nugaal > Garowe > Timirka,Nugaal,8.209,48.846
7463, Gedo > Garbahaarey > Ceel Waran,Gedo,2.802,41.688
7464, Gedo > Luuq > Bashiiro,Gedo,2.802,41.688
7465, Gedo > Luuq > Karaban,Gedo,2.802,41.688
7466, Gedo > Luuq > Garsoow,Gedo,2.802,41.688
7467, Nugaal > Burtinle > Jalam,Nugaal,8.209,48.846
7468, Gedo > Baardheere > Daarasalaam,Gedo,2.802,41.688
7469, Gedo > Baardheere > Cows Qurun,Gedo,2.802,41.688
7470, Gedo > Baardheere > Guurey,Gedo,2.802,41.688
7471, Gedo > Baardheere > Wadajir,Gedo,2.802,41.688
7472, South Sudan > Unity > Rubkona,Unity,8.9277211,29.7889248
7473, South Sudan > Unity > Rubkona > Bentiu,Unity,8.9277211,29.7889248
7474, South Sudan > Upper Nile > Malakal,Upper Nile,9.8894202,32.7181375
7475, South Sudan > Jonglei > Akobo > Bilkey,Jonglei,7.1819619,32.3560952
7476, South Sudan > Jonglei > Akobo > Nyandit,Jonglei,7.1819619,32.3560952
7477, South Sudan > Jonglei > Akobo > Alali,Jonglei,7.1819619,32.3560952
7478, South Sudan > Jonglei > Akobo > Dengjok,Jonglei,7.1819619,32.3560952
7479, South Sudan > Jonglei > Canal/Pigi > Kadak,Jonglei,7.1819619,32.3560952
7480, South Sudan > Jonglei > Canal/Pigi > Alam,Jonglei,7.1819619,32.3560952
7481, South Sudan > Jonglei > Canal/Pigi > Wunlem,Jonglei,7.1819619,32.3560952
7482, South Sudan > Jonglei > Canal/Pigi > Mareng,Jonglei,7.1819619,32.3560952
7483, South Sudan > Jonglei > Canal/Pigi > Nyinthok,Jonglei,7.1819619,32.3560952
7484, South Sudan > Unity > Mayendit > Tutnyang,Unity,8.9277211,29.7889248
7485, South Sudan > Unity > Mayendit > Tharjiath_Bor,Unity,8.9277211,29.7889248
7486, South Sudan > Unity > Mayendit > Luom,Unity,8.9277211,29.7889248
7487, South Sudan > Unity > Mayendit > Rubkuay,Unity,8.9277211,29.7889248
7488, South Sudan > Unity > Mayendit > Dablual,Unity,8.9277211,29.7889248
7489, South Sudan > Unity > Mayendit > Thaker,Unity,8.9277211,29.7889248
7490, South Sudan > Unity > Leer,Unity,8.9277211,29.7889248
7491, South Sudan > Jonglei > Akobo,Jonglei,7.1819619,32.3560952
7492, South Sudan > Jonglei > Fangak > Old_Fangak,Jonglei,7.1819619,32.3560952
7493, South Sudan > Jonglei > Fangak > Paguri,Jonglei,7.1819619,32.3560952
7494, South Sudan > Jonglei > Fangak,Jonglei,7.1819619,32.3560952
7495, South Sudan > Jonglei > Canal/Pigi,Jonglei,7.1819619,32.3560952
7496, South Sudan > Upper Nile > Renk,Upper Nile,9.8894202,32.7181375
7497, South Sudan > Upper Nile > Melut,Upper Nile,9.8894202,32.7181375
7498, South Sudan > Unity > Guit,Unity,8.9277211,29.7889248
7499, South Sudan > Upper Nile > Malakal > Malakal_Centre,Upper Nile,9.8894202,32.7181375
7500, South Sudan > Upper Nile > Malakal > Malakal_South,Upper Nile,9.8894202,32.7181375
7501, South Sudan > Jonglei > Fangak > Mareang,Jonglei,7.1819619,32.3560952
7502, South Sudan > Jonglei > Canal/Pigi > Atar,Jonglei,7.1819619,32.3560952
7503, South Sudan > Jonglei > Fangak > Manajang,Jonglei,7.1819619,32.3560952
7504, South Sudan > Jonglei > Canal/Pigi > Korwai,Jonglei,7.1819619,32.3560952
7505, South Sudan > Jonglei > Fangak > Phom,Jonglei,7.1819619,32.3560952
7506, South Sudan > Unity > Leer > Leer,Unity,8.9277211,29.7889248
7507, South Sudan > Unity > Leer > Pilieny,Unity,8.9277211,29.7889248
7508, South Sudan > Unity > Mayendit > Mal,Unity,8.9277211,29.7889248
7509, South Sudan > Unity > Guit > Kadet,Unity,8.9277211,29.7889248
7510, South Sudan > Unity > Rubkona > Budang,Unity,8.9277211,29.7889248
7511, South Sudan > Unity > Guit > Wathnyona,Unity,8.9277211,29.7889248
7512, South Sudan > Lakes > Rumbek Centre,Lakes,6.6030799,29.9740534
7513, South Sudan > Jonglei > Bor South,Jonglei,7.1819619,32.3560952
7514, South Sudan > Central Equatoria > Juba,Central Equatoria,4.6144063,31.2626366
7515, South Sudan > Western Bahr el Ghazal > Wau,Western Bahr el Ghazal,8.6452399,25.2837585
7516, South Sudan > Unity > Panyijiar,Unity,8.9277211,29.7889248
7517, South Sudan > Unity > Mayendit,Unity,8.9277211,29.7889248
7518, South Sudan > Abyei Administrative Area > Abyei Administration Area > Abyei Administrative Area,Abyei Administrative Area,9.7869074,28.41357814
7519, South Sudan > Eastern Equatoria > Kapoeta East,Eastern Equatoria,5.0692995,33.438353
7520, South Sudan > Warrap > Gogrial West,Warrap,8.2209308,28.8596804
7521, South Sudan > Northern Bahr el Ghazal > Aweil Centre,Northern Bahr el Ghazal,8.5360449,26.7967849
7522, South Sudan > Northern Bahr el Ghazal > Aweil North,Northern Bahr el Ghazal,8.5360449,26.7967849
7523, South Sudan > Unity > Pariang,Unity,8.9277211,29.7889248
7524, South Sudan > Abyei Administrative Area > Abyei Administration Area,Abyei Administrative Area,9.7869074,28.41357814
7525, South Sudan > Northern Bahr el Ghazal > Aweil East > Madhol,Northern Bahr el Ghazal,8.5360449,26.7967849
7526, South Sudan > Northern Bahr el Ghazal > Aweil East > Baac,Northern Bahr el Ghazal,8.5360449,26.7967849
7527, South Sudan > Northern Bahr el Ghazal > Aweil East > Malual_Bai,Northern Bahr el Ghazal,8.5360449,26.7967849
7528, South Sudan > Northern Bahr el Ghazal > Aweil East > Mangar_Tong_1,Northern Bahr el Ghazal,8.5360449,26.7967849
7529, South Sudan > Northern Bahr el Ghazal > Aweil East > Yargot,Northern Bahr el Ghazal,8.5360449,26.7967849
7530, South Sudan > Unity > Guit > Guit_05,Unity,8.9277211,29.7889248
7531, South Sudan > Unity > Guit > Kuerguina,Unity,8.9277211,29.7889248
7532, South Sudan > Unity > Rubkona > Rubkona,Unity,8.9277211,29.7889248
7533, South Sudan > Upper Nile > Maban,Upper Nile,9.8894202,32.7181375
7534, South Sudan > Unity > Rubkona > Kaljak,Unity,8.9277211,29.7889248
7535, South Sudan > Unity > Rubkona > Dhor_Bor,Unity,8.9277211,29.7889248
7536, South Sudan > Upper Nile > Luakpiny/Nasir > Kuerenge,Upper Nile,9.8894202,32.7181375
7537, South Sudan > Upper Nile > Luakpiny/Nasir > Maker,Upper Nile,9.8894202,32.7181375
7538, South Sudan > Upper Nile > Luakpiny/Nasir > Nasir,Upper Nile,9.8894202,32.7181375
7539, South Sudan > Upper Nile > Luakpiny/Nasir > Koat,Upper Nile,9.8894202,32.7181375
7540, South Sudan > Northern Bahr el Ghazal > Aweil East > Mangok,Northern Bahr el Ghazal,8.5360449,26.7967849
7541, South Sudan > Upper Nile > Malakal > Malakal_East,Upper Nile,9.8894202,32.7181375
7542, South Sudan > Upper Nile > Malakal > Malakal_North,Upper Nile,9.8894202,32.7181375
7543, South Sudan > Upper Nile > Renk > Geiger,Upper Nile,9.8894202,32.7181375
7544, South Sudan > Upper Nile > Renk > South_Renk,Upper Nile,9.8894202,32.7181375
7545, South Sudan > Upper Nile > Renk > North_Renk,Upper Nile,9.8894202,32.7181375
7546, South Sudan > Unity > Mayendit > Bor,Unity,8.9277211,29.7889248
7547, South Sudan > Unity > Mayendit > Babuong,Unity,8.9277211,29.7889248
7548, South Sudan > Northern Bahr el Ghazal > Aweil East,Northern Bahr el Ghazal,8.5360449,26.7967849
7549, South Sudan > Jonglei > Pibor > Gumruk,Jonglei,7.1819619,32.3560952
7550, South Sudan > Jonglei > Pibor > Verteth,Jonglei,7.1819619,32.3560952
7551, South Sudan > Jonglei > Pibor > Lekuangole,Jonglei,7.1819619,32.3560952
7552, South Sudan > Jonglei > Pibor > Pibor,Jonglei,7.1819619,32.3560952
7553, South Sudan > Northern Bahr el Ghazal > Aweil East > Wunlang,Northern Bahr el Ghazal,8.5360449,26.7967849
7554, South Sudan > Upper Nile > Luakpiny/Nasir,Upper Nile,9.8894202,32.7181375
7555, South Sudan > Unity > Rubkona > Panhiany,Unity,8.9277211,29.7889248
7556, South Sudan > Jonglei > Pibor,Jonglei,7.1819619,32.3560952
7557, South Sudan > Upper Nile > Renk > Shumadi,Upper Nile,9.8894202,32.7181375
7558, South Sudan > Western Equatoria > Tambura > Tambura,Western Equatoria,5.3471799,28.299435
7559, South Sudan > Western Equatoria > Ibba > Ibba_Centre,Western Equatoria,5.3471799,28.299435
7560, South Sudan > Upper Nile > Baliet > Wunthow,Upper Nile,9.8894202,32.7181375
7561, South Sudan > Northern Bahr el Ghazal > Aweil North > Malual_Centre,Northern Bahr el Ghazal,8.5360449,26.7967849
7562, South Sudan > Northern Bahr el Ghazal > Aweil North > Ariath,Northern Bahr el Ghazal,8.5360449,26.7967849
7563, South Sudan > Northern Bahr el Ghazal > Aweil North > Malual_North,Northern Bahr el Ghazal,8.5360449,26.7967849
7564, South Sudan > Northern Bahr el Ghazal > Aweil North > Malual_East,Northern Bahr el Ghazal,8.5360449,26.7967849
7565, South Sudan > Jonglei > Pibor > Boma,Jonglei,7.1819619,32.3560952
7566, South Sudan > Jonglei > Pibor > Miwono,Jonglei,7.1819619,32.3560952
7567, South Sudan > Jonglei > Pibor > Marow,Jonglei,7.1819619,32.3560952
7568, South Sudan > Jonglei > Pibor > Kizingora,Jonglei,7.1819619,32.3560952
7569, South Sudan > Upper Nile > Luakpiny/Nasir > Jingmir,Upper Nile,9.8894202,32.7181375
7570, South Sudan > Unity > Panyijiar > Panyijar,Unity,8.9277211,29.7889248
7571, Central Equatoria > Juba,Central Equatoria,4.6144063,31.2626366
7572, Jonglei > Pibor,Jonglei,7.1819619,32.3560952
7573, Jonglei > Ayod,Jonglei,7.1819619,32.3560952
7574, Lakes > Rumbek East,Lakes,6.6030799,29.9740534
7575, Lakes > Yirol West,Lakes,6.6030799,29.9740534
7576, Lakes > Cueibet,Lakes,6.6030799,29.9740534
7577, Lakes > Yirol East,Lakes,6.6030799,29.9740534
7578, Unity > Panyijiar,Unity,8.9277211,29.7889248
7579, Lakes > Awerial,Lakes,6.6030799,29.9740534
7580, Lakes > Rumbek Centre,Lakes,6.6030799,29.9740534
7581, Jonglei > Twic East,Jonglei,7.1819619,32.3560952
7582, Jonglei > Duk,Jonglei,7.1819619,32.3560952
7583, Jonglei > Bor South,Jonglei,7.1819619,32.3560952
7584, Unity > Pariang,Unity,8.9277211,29.7889248
7585, Upper Nile > Fashoda,Upper Nile,9.8894202,32.7181375
7586, Upper Nile > Manyo,Upper Nile,9.8894202,32.7181375
7587, Lakes > Wulu,Lakes,6.6030799,29.9740534
7588, Unity > Mayendit,Unity,8.9277211,29.7889248
7589, Jonglei > Akobo,Jonglei,7.1819619,32.3560952
7590, Northern Bahr el Ghazal > Aweil South,Northern Bahr el Ghazal,8.5360449,26.7967849
7591, Warrap > Tonj South,Warrap,8.2209308,28.8596804
7592, Warrap > Tonj East,Warrap,8.2209308,28.8596804
7593, Warrap > Tonj North,Warrap,8.2209308,28.8596804
7594, Jonglei > Nyirol,Jonglei,7.1819619,32.3560952
7595, Jonglei > Fangak,Jonglei,7.1819619,32.3560952
7596, Western Bahr el Ghazal > Jur River,Western Bahr el Ghazal,8.6452399,25.2837585
7597, Central Equatoria > Lainya,Central Equatoria,4.6144063,31.2626366
7598, Upper Nile > Renk,Upper Nile,9.8894202,32.7181375
7599, Upper Nile > Malakal,Upper Nile,9.8894202,32.7181375
7600, Upper Nile > Panyikang,Upper Nile,9.8894202,32.7181375
7601, Eastern Equatoria > Magwi,Eastern Equatoria,5.0692995,33.438353
7602, Western Bahr el Ghazal > Wau,Western Bahr el Ghazal,8.6452399,25.2837585
7603, Upper Nile > Luakpiny/Nasir,Upper Nile,9.8894202,32.7181375
7604, Unity > Rubkona,Unity,8.9277211,29.7889248
7605, Upper Nile > Maiwut,Upper Nile,9.8894202,32.7181375
7606, Eastern Equatoria > Kapoeta East,Eastern Equatoria,5.0692995,33.438353
7607, Jonglei > Canal,Jonglei,7.1819619,32.3560952
7608, Upper Nile > Ulang,Upper Nile,9.8894202,32.7181375
7609, Upper Nile > Longochuk,Upper Nile,9.8894202,32.7181375
7610, Eastern Equatoria > Kapoeta North,Eastern Equatoria,5.0692995,33.438353
7611, Northern Bahr el Ghazal > Aweil East,Northern Bahr el Ghazal,8.5360449,26.7967849
7612, Lakes > Rumbek North,Lakes,6.6030799,29.9740534
7613, Western Equatoria > Mundri East,Western Equatoria,5.3471799,28.299435
7614, Jonglei > Uror,Jonglei,7.1819619,32.3560952
7615, Upper Nile > Baliet,Upper Nile,9.8894202,32.7181375
7616, Northern Bahr el Ghazal > Aweil West,Northern Bahr el Ghazal,8.5360449,26.7967849
7617, Central Equatoria > Kajo-Keji,Central Equatoria,4.6144063,31.2626366
7618, Western Bahr el Ghazal > Raga,Western Bahr el Ghazal,8.6452399,25.2837585
7619, Western Equatoria > Yambio,Western Equatoria,5.3471799,28.299435
7620, Western Equatoria > Nagero,Western Equatoria,5.3471799,28.299435
7621, Western Equatoria > Tambura,Western Equatoria,5.3471799,28.299435
7622, Western Equatoria > Ezo,Western Equatoria,5.3471799,28.299435
7623, Unity > Leer,Unity,8.9277211,29.7889248
7624, Warrap > Gogrial West,Warrap,8.2209308,28.8596804
7625, Western Equatoria > Nzara,Western Equatoria,5.3471799,28.299435
7626, Unity > Guit,Unity,8.9277211,29.7889248
7627, Unity > Mayom,Unity,8.9277211,29.7889248
7628, Warrap > Twic,Warrap,8.2209308,28.8596804
7629, Unity > Abiemnhom,Unity,8.9277211,29.7889248
7630, Central Equatoria > Yei,Central Equatoria,4.6144063,31.2626366
7631, Jonglei > Pochalla,Jonglei,7.1819619,32.3560952
7632, Central Equatoria > Terekeka,Central Equatoria,4.6144063,31.2626366
7633, Upper Nile > Melut,Upper Nile,9.8894202,32.7181375
7634, Unity > Koch,Unity,8.9277211,29.7889248
7635, Unity > Rubkona > Rubkona,Unity,8.9277211,29.7889248
7636, Unity > Rubkona > Bentiu,Unity,8.9277211,29.7889248
7637, Central Equatoria > Juba > Juba,Central Equatoria,4.6144063,31.2626366
7638, Upper Nile > Malakal > Malakal_North,Upper Nile,9.8894202,32.7181375
7639, Upper Nile > Malakal > Malakal_Centre,Upper Nile,9.8894202,32.7181375
7640, Jonglei > Fangak > Mareang,Jonglei,7.1819619,32.3560952
7641, Jonglei > Canal/Pigi > Alam,Jonglei,7.1819619,32.3560952
7642, Jonglei > Canal/Pigi > Korwai,Jonglei,7.1819619,32.3560952
7643, Jonglei > Canal/Pigi > Atar,Jonglei,7.1819619,32.3560952
7644, Jonglei > Canal/Pigi > Belewach,Jonglei,7.1819619,32.3560952
7645, Jonglei > Canal/Pigi > Kadak,Jonglei,7.1819619,32.3560952
7646, Jonglei > Fangak > Phom,Jonglei,7.1819619,32.3560952
7647, Upper Nile > Malakal > Ogod,Upper Nile,9.8894202,32.7181375
7648, Jonglei > Fangak > Paguri,Jonglei,7.1819619,32.3560952
7649, Jonglei > Canal/Pigi > Nyinthok,Jonglei,7.1819619,32.3560952
7650, Jonglei > Fangak > Old_Fangak,Jonglei,7.1819619,32.3560952
7651, Jonglei > Canal/Pigi > Mareng,Jonglei,7.1819619,32.3560952
7652, Jonglei > Fangak > Manajang,Jonglei,7.1819619,32.3560952
7653, Upper Nile > Malakal > Lelo,Upper Nile,9.8894202,32.7181375
7654, Upper Nile > Malakal > Malakal_South,Upper Nile,9.8894202,32.7181375
7655, Upper Nile > Malakal > Malakal_East,Upper Nile,9.8894202,32.7181375
7656, Upper Nile > Fashoda > Kodok,Upper Nile,9.8894202,32.7181375
7657, Upper Nile > Fashoda > Lul,Upper Nile,9.8894202,32.7181375
7658, South Sudan > Upper Nile > Melut > Melut,Upper Nile,9.8894202,32.7181375
7659, Western Equatoria > Tambura > South_Yubu,Western Equatoria,5.3471799,28.299435
7660, Western Equatoria > Ezo > Ezo_Centre,Western Equatoria,5.3471799,28.299435
7661, Western Equatoria > Tambura > Tambura,Western Equatoria,5.3471799,28.299435
7662, Western Equatoria > Nagero > Nagero,Western Equatoria,5.3471799,28.299435
7663, Unity > Leer > Adok,Unity,8.9277211,29.7889248
7664, Unity > Mayendit > Dablual,Unity,8.9277211,29.7889248
7665, Unity > Leer > Leer,Unity,8.9277211,29.7889248
7666, Unity > Leer > Bow,Unity,8.9277211,29.7889248
7667, Unity > Mayendit > Rubkuay,Unity,8.9277211,29.7889248
7668, Unity > Panyijiar > Nyal,Unity,8.9277211,29.7889248
7669, Unity > Panyijiar > Mayom,Unity,8.9277211,29.7889248
7670, Unity > Mayendit > Thaker,Unity,8.9277211,29.7889248
7671, Unity > Panyijiar > Ganyliel,Unity,8.9277211,29.7889248
7672, Warrap > Twic > Turalei,Warrap,8.2209308,28.8596804
7673, Warrap > Twic > Akoc,Warrap,8.2209308,28.8596804
7674, Warrap > Twic > Panyok,Warrap,8.2209308,28.8596804
7675, Unity > Leer > Pilieny,Unity,8.9277211,29.7889248
7676, Warrap > Twic > Wunrok,Warrap,8.2209308,28.8596804
7677, Unity > Panyijiar > Kol,Unity,8.9277211,29.7889248
7678, Unity > Panyijiar > Tiap,Unity,8.9277211,29.7889248
7679, Unity > Panyijiar > Pachak,Unity,8.9277211,29.7889248
7680, Western Equatoria > Ezo > Bariguna,Western Equatoria,5.3471799,28.299435
7681, Unity > Leer > Adok_03,Unity,8.9277211,29.7889248
7682, Western Equatoria > Tambura > Mupoi,Western Equatoria,5.3471799,28.299435
7683, Unity > Leer > Guat,Unity,8.9277211,29.7889248
7684, Western Equatoria > Ezo > Naandi,Western Equatoria,5.3471799,28.299435
7685, Unity > Leer > Yang,Unity,8.9277211,29.7889248
7686, Unity > Leer > Juong,Unity,8.9277211,29.7889248
7687, Jonglei > Canal/Pigi > Wunlem,Jonglei,7.1819619,32.3560952
7688, Warrap > Twic > Aweng,Warrap,8.2209308,28.8596804
7689, Warrap > Twic > Ajak_Kuac,Warrap,8.2209308,28.8596804
7690, Jonglei > Pibor > Lekuangole,Jonglei,7.1819619,32.3560952
7691, Jonglei > Pibor > Kizingora,Jonglei,7.1819619,32.3560952
7692, Jonglei > Pibor > Pibor,Jonglei,7.1819619,32.3560952
7693, Jonglei > Pibor > Gumruk,Jonglei,7.1819619,32.3560952
7694, Jonglei > Pibor > Marow,Jonglei,7.1819619,32.3560952
7695, Western Equatoria > Ezo > Bagidi,Western Equatoria,5.3471799,28.299435
7696, Unity > Mayendit > Luom,Unity,8.9277211,29.7889248
7697, Unity > Panyijiar > Panyijar,Unity,8.9277211,29.7889248
7698, South Sudan > Jonglei > Ayod > Ayod,Jonglei,7.1819619,32.3560952
7699, South Sudan > Jonglei > Ayod > Wau,Jonglei,7.1819619,32.3560952
7700, South Sudan > Jonglei > Ayod > Mogok,Jonglei,7.1819619,32.3560952
7701, Jonglei > Pibor > Boma,Jonglei,7.1819619,32.3560952
7702, Jonglei > Pibor > Verteth,Jonglei,7.1819619,32.3560952
7703, South Sudan > Jonglei > Ayod > Pajiek,Jonglei,7.1819619,32.3560952
7704, Unity > Mayendit > Tutnyang,Unity,8.9277211,29.7889248
7705, Unity > Panyijiar > Pachar,Unity,8.9277211,29.7889248
7706, Unity > Panyijiar > Pachinjok,Unity,8.9277211,29.7889248
7707, Unity > Mayendit > Babuong,Unity,8.9277211,29.7889248
7708, Unity > Mayendit > Mal,Unity,8.9277211,29.7889248
7709, Unity > Mayendit > Bor,Unity,8.9277211,29.7889248
7710, Unity > Mayendit > Tharjiath_Bor,Unity,8.9277211,29.7889248
7711, Unity > Panyijiar > Tharnhom,Unity,8.9277211,29.7889248
7712, Jonglei > Uror > Karam,Jonglei,7.1819619,32.3560952
7713, Jonglei > Uror > Pulchuol,Jonglei,7.1819619,32.3560952
7714, Jonglei > Uror > Wuror,Jonglei,7.1819619,32.3560952
7715, Jonglei > Uror > Tiam,Jonglei,7.1819619,32.3560952
7716, Jonglei > Uror > Pathai,Jonglei,7.1819619,32.3560952
7717, Jonglei > Uror > Pieri,Jonglei,7.1819619,32.3560952
7718, Jonglei > Uror > Motot,Jonglei,7.1819619,32.3560952
7719, Jonglei > Uror > Payai,Jonglei,7.1819619,32.3560952
7720,Eastern Equatoria,Eastern Equatoria,5.0692995,33.438353
7721,Jonglei,Jonglei,7.1819619,32.3560952
7722,Northern Bahr el Ghazal,Northern Bahr el Ghazal,8.5360449,26.7967849
7723,Warrap,Warrap,8.2209308,28.8596804
7724,Lakes,Lakes,6.6030799,29.9740534
7725,Upper Nile,Upper Nile,9.8894202,32.7181375
7726,Western Bahr el Ghazal,Western Bahr el Ghazal,8.6452399,25.2837585
7727,Western Equatoria,Western Equatoria,5.3471799,28.299435
7728,Unity,Unity,8.9277211,29.7889248
7729,Central Equatoria,Central Equatoria,4.6144063,31.2626366
7730,Eastern Equatoria -> Magwi,Eastern Equatoria,5.0692995,33.438353
7731,Eastern Equatoria -> Torit,Eastern Equatoria,5.0692995,33.438353
7732,Western Equatoria -> Mundri East,Western Equatoria,5.3471799,28.299435
7733,Western Equatoria -> Mundri West,Western Equatoria,5.3471799,28.299435
7734,Western Equatoria -> Maridi,Western Equatoria,5.3471799,28.299435
7735,Eastern Equatoria -> Ikotos,Eastern Equatoria,5.0692995,33.438353
7736,Eastern Equatoria -> Kapoeta South,Eastern Equatoria,5.0692995,33.438353
7737,Jonglei -> Bor South,Jonglei,7.1819619,32.3560952
7738,Northern Bahr el Ghazal -> Aweil West,Northern Bahr el Ghazal,8.5360449,26.7967849
7739,Jonglei -> Canal,Jonglei,7.1819619,32.3560952
7740,Lakes -> Rumbek East,Lakes,6.6030799,29.9740534
7741,Central Equatoria -> Lainya,Central Equatoria,4.6144063,31.2626366
7742,Western Bahr el Ghazal -> Wau,Western Bahr el Ghazal,8.6452399,25.2837585
7743,Warrap -> Gogrial West,Warrap,8.2209308,28.8596804
7744,Upper Nile -> Malakal,Upper Nile,9.8894202,32.7181375
7745,Central Equatoria -> Kajo-Keji,Central Equatoria,4.6144063,31.2626366
7746,Unity -> Rubkona,Unity,8.9277211,29.7889248
7747,Upper Nile -> Melut,Upper Nile,9.8894202,32.7181375
7748,Central Equatoria -> Juba,Central Equatoria,4.6144063,31.2626366
7749,Upper Nile -> Fashoda,Upper Nile,9.8894202,32.7181375
7750,Warrap -> Twic,Warrap,8.2209308,28.8596804
7751,Northern Bahr el Ghazal -> Aweil Centre,Northern Bahr el Ghazal,8.5360449,26.7967849
7752,Northern Bahr el Ghazal -> Aweil East,Northern Bahr el Ghazal,8.5360449,26.7967849
7753,Northern Bahr el Ghazal -> Aweil North,Northern Bahr el Ghazal,8.5360449,26.7967849
7754,Lakes -> Rumbek Centre,Lakes,6.6030799,29.9740534
7755,Jonglei -> Akobo,Jonglei,7.1819619,32.3560952
7756,Western Equatoria -> Ezo,Western Equatoria,5.3471799,28.299435
7757,Unity -> Koch,Unity,8.9277211,29.7889248
7758,Unity -> Panyijiar,Unity,8.9277211,29.7889248
7759,Jonglei -> Uror,Jonglei,7.1819619,32.3560952
7760,Unity -> Leer,Unity,8.9277211,29.7889248
7761,Unity -> Mayendit,Unity,8.9277211,29.7889248
7762,Western Equatoria -> Mvolo,Western Equatoria,5.3471799,28.299435
7763,Jonglei -> Pibor,Jonglei,7.1819619,32.3560952
7764,Central Equatoria -> Yei,Central Equatoria,4.6144063,31.2626366
7765,Western Equatoria -> Nzara,Western Equatoria,5.3471799,28.299435
7766,Jonglei -> Twic East,Jonglei,7.1819619,32.3560952
7767,Jonglei -> Duk,Jonglei,7.1819619,32.3560952
7768,Jonglei -> Fangak,Jonglei,7.1819619,32.3560952
7769,Unity -> Guit,Unity,8.9277211,29.7889248
7770,Upper Nile -> Ulang,Upper Nile,9.8894202,32.7181375
7771,Jonglei -> Nyirol,Jonglei,7.1819619,32.3560952
7772,Central Equatoria -> Morobo,Central Equatoria,4.6144063,31.2626366
7773,Unity -> Mayom,Unity,8.9277211,29.7889248
7774,Upper Nile -> Maban,Upper Nile,9.8894202,32.7181375
7775,Upper Nile -> Longochuk,Upper Nile,9.8894202,32.7181375
7776,Northern Bahr el Ghazal -> Aweil South,Northern Bahr el Ghazal,8.5360449,26.7967849
7777,Western Equatoria -> Ibba,Western Equatoria,5.3471799,28.299435
7778,Unity -> Abiemnhom,Unity,8.9277211,29.7889248
7779,Jonglei -> Ayod,Jonglei,7.1819619,32.3560952
7780,Eastern Equatoria -> Lopa,Eastern Equatoria,5.0692995,33.438353
7781,Eastern Equatoria -> Kapoeta North,Eastern Equatoria,5.0692995,33.438353
7782,Eastern Equatoria -> Kapoeta East,Eastern Equatoria,5.0692995,33.438353
7783,Lakes -> Yirol East,Lakes,6.6030799,29.9740534
7784,Lakes -> Yirol West,Lakes,6.6030799,29.9740534
7785,Upper Nile -> Luakpiny/Nasir,Upper Nile,9.8894202,32.7181375
7786,Warrap -> Tonj North,Warrap,8.2209308,28.8596804
7787,Warrap -> Tonj South,Warrap,8.2209308,28.8596804
7788,Warrap -> Tonj East,Warrap,8.2209308,28.8596804
7789,Central Equatoria -> Terekeka,Central Equatoria,4.6144063,31.2626366
7790,Upper Nile -> Maiwut,Upper Nile,9.8894202,32.7181375
7791,Jonglei -> Pochalla,Jonglei,7.1819619,32.3560952
7792,Western Equatoria -> Yambio,Western Equatoria,5.3471799,28.299435
7793,Upper Nile -> Manyo,Upper Nile,9.8894202,32.7181375
7794,Western Bahr el Ghazal -> Raga,Western Bahr el Ghazal,8.6452399,25.2837585
7795,Warrap -> Gogrial East,Warrap,8.2209308,28.8596804
7796,Western Bahr el Ghazal -> Jur River,Western Bahr el Ghazal,8.6452399,25.2837585
7797,Lakes -> Cueibet,Lakes,6.6030799,29.9740534
7798,Upper Nile -> Panyikang,Upper Nile,9.8894202,32.7181375
7799,Eastern Equatoria -> Budi,Eastern Equatoria,5.0692995,33.438353
7800,Unity -> Pariang,Unity,8.9277211,29.7889248
7801,Lakes -> Awerial,Lakes,6.6030799,29.9740534
7802,Upper Nile -> Renk,Upper Nile,9.8894202,32.7181375
7803,Western Equatoria -> Tambura,Western Equatoria,5.3471799,28.299435
7804,Western Equatoria -> Nagero,Western Equatoria,5.3471799,28.299435
7805, Upper Nile > Maban,Upper Nile,9.8894202,32.7181375
7806, Eastern Equatoria > Torit,Eastern Equatoria,5.0692995,33.438353
7807, Eastern Equatoria > Lopa,Eastern Equatoria,5.0692995,33.438353
7808, Northern Bahr el Ghazal > Aweil North,Northern Bahr el Ghazal,8.5360449,26.7967849
7809, Northern Bahr el Ghazal > Aweil Centre,Northern Bahr el Ghazal,8.5360449,26.7967849
7810, Central Equatoria > Morobo,Central Equatoria,4.6144063,31.2626366
7811, Sudan > White Nile > El Jabaleen,White Nile,13.2403881,32.5372741
7812, Sudan > West Darfur > El Geneina,West Darfur,12.8463561,23.0011989
7813, Sudan > South Kordofan > Dellami,South Kordofan,11.1990192,29.4179324
7814, Sudan > South Kordofan > Kadugli,South Kordofan,11.1990192,29.4179324
7815, Sudan > Blue Nile > El Kurmuk,Blue Nile,11.5860078,34.1531947
7816, Sudan > South Kordofan > Delling,South Kordofan,11.1990192,29.4179324
7817, Sudan > South Kordofan > Al Buram,South Kordofan,11.1990192,29.4179324
7818, Sudan > South Kordofan > Habila,South Kordofan,11.1990192,29.4179324
7819, Sudan > South Kordofan > AL Sunut,South Kordofan,11.1990192,29.4179324
7820, Sudan > South Kordofan > Reif Asharqi,South Kordofan,11.1990192,29.4179324
7821, Sudan > South Kordofan > Rashad,South Kordofan,11.1990192,29.4179324
7822, Sudan > South Kordofan > El Abassiya,South Kordofan,11.1990192,29.4179324
7823, Sudan > South Kordofan > Lagawa,South Kordofan,11.1990192,29.4179324
7824, Sudan > South Kordofan > Heiban,South Kordofan,11.1990192,29.4179324
7825, Sudan > South Kordofan > Um Durein,South Kordofan,11.1990192,29.4179324
7826, Sudan > South Kordofan > Abu Gubeiha,South Kordofan,11.1990192,29.4179324
7827, Sudan > South Kordofan > Talodi,South Kordofan,11.1990192,29.4179324
7828, Sudan > Gedaref > El Faw,Gedaref,14.033333,35.383333
7829, Sudan > Kassala > Khashm Ghirba,Kassala,15.45,36.4
7830, Sudan > Gedaref > E. El Qalabat,Gedaref,14.033333,35.383333
7831, Sudan > Central Darfur > Golo (Central Jebel Marra),Central Darfur,12.3333,23.4167
7832, Sudan > White Nile > Rabak,White Nile,13.2403881,32.5372741
7833, Sudan > Gedaref > S. EL Qalabat,Gedaref,14.033333,35.383333
7834, Sudan > Gedaref > Middle Gedaref,Gedaref,14.033333,35.383333
7835, Sudan > Central Darfur > Rokoro (North Jebel Marra),Central Darfur,12.3333,23.4167
7836, Sudan > East Darfur > El Ferdous,East Darfur,14.3782747,24.9042208
7837, Sudan > East Darfur > Abu Jabra,East Darfur,14.3782747,24.9042208
7838, Sudan > Kassala > Kassala,Kassala,15.45,36.4
7839, Sudan > Gedaref > W. EL Qalabat,Gedaref,14.033333,35.383333
7840, Sudan > White Nile > Kosti,White Nile,13.2403881,32.5372741
7841, Sudan > East Darfur > Bahr El Arab,East Darfur,14.3782747,24.9042208
7842, Sudan > East Darfur > Ed Daein,East Darfur,14.3782747,24.9042208
7843, Sudan > Central Darfur > Zalingei,Central Darfur,12.3333,23.4167
7844, Sudan > Al Gezira > Gre. Wad Madani,Al Gezira,14.0202857,33.0865844
7845, Sudan > Kassala > Reefi Kassala,Kassala,15.45,36.4
7846, Sudan > North Darfur > El Fasher,North Darfur,15.7661969,24.9042208
7847, Sudan > East Darfur > Yassin,East Darfur,14.3782747,24.9042208
7848, Sudan > Kassala > Halfa Eedeeda,Kassala,15.45,36.4
7849, Sudan > Gedaref > Gedaref,Gedaref,14.033333,35.383333
7850, Sudan > South Darfur > Bielel (without Kalma camp),South Darfur,11.6488639,24.9042208
7851, Sudan > South Darfur,South Darfur,11.6488639,24.9042208
7852, Sudan > Kassala,Kassala,15.45,36.4
7853, Sudan > Al Gezira,Al Gezira,14.0202857,33.0865844
7854, Sudan > Red Sea,Red Sea,19.4556063,35.2148469
7855, Sudan > South Kordofan,South Kordofan,11.1990192,29.4179324
7856, Sudan > North Kordofan,North Kordofan,13.8306441,29.4179324
7857, Sudan > Gedaref,Gedaref,14.033333,35.383333
7858, Sudan > West Darfur,West Darfur,12.8463561,23.0011989
7859, Sudan > Central Darfur,Central Darfur,12.3333,23.4167
7860, Sudan > Khartoum > Khartoum,Khartoum,15.566667,32.516667
7861, Sudan > White Nile,White Nile,13.2403881,32.5372741
7862, Sudan > North Darfur,North Darfur,15.7661969,24.9042208
7863, Sudan > South Darfur > Nyala,South Darfur,11.6488639,24.9042208
7864, Sudan > Red Sea > Port Sudan,Red Sea,19.4556063,35.2148469
7865, Sudan > Northern > Halfa,Northern,18.4448963,30.1589303
7866, Sudan > White Nile > El Salam,White Nile,13.2403881,32.5372741
7867, Sudan > White Nile > El Dwaeem,White Nile,13.2403881,32.5372741
7868, Sudan > Nile > El matama,Nile,18.7325598,32.1381686
7869, Sudan > Nile > Shendi,Nile,18.7325598,32.1381686
7870, Sudan > Nile > Atbra,Nile,18.7325598,32.1381686
7871, Sudan > Al Gezira > El Kamleen,Al Gezira,14.0202857,33.0865844
7872, Sudan > Al Gezira > El Hasaheesa,Al Gezira,14.0202857,33.0865844
7873, Sudan > Sennar,Sennar,13.567469,33.5672045
7874, Sudan > Sennar > Sinnar,Sennar,13.567469,33.5672045
7875, Sudan > Sennar > Sinjja,Sennar,13.567469,33.5672045
7876, Sudan > Gedaref > EL Rahad,Gedaref,14.033333,35.383333
7877, Sudan > Sennar > El Souki,Sennar,13.567469,33.5672045
7878, Sudan > West Darfur > Jebel Moon,West Darfur,12.8463561,23.0011989
7879, Sudan > West Darfur > Kulbus,West Darfur,12.8463561,23.0011989
7880, Sudan > Khartoum > Jebal Aulya,Khartoum,15.566667,32.516667
7881, Sudan > Blue Nile > Geissan,Blue Nile,11.5860078,34.1531947
7882, Sudan > Blue Nile > EL Roseires,Blue Nile,11.5860078,34.1531947
7883, Sudan > Blue Nile > El Damazine,Blue Nile,11.5860078,34.1531947
7884, Sudan > Red Sea > Sawken,Red Sea,19.4556063,35.2148469
7885, Sudan > South Darfur > Kalma camp,South Darfur,11.6488639,24.9042208
7886, Sudan > East Darfur > Abu Karinka,East Darfur,14.3782747,24.9042208
7887, Sudan > South Darfur > Gereida camp,South Darfur,11.6488639,24.9042208
7888, Sudan > Kassala > Reefi Aroma,Kassala,15.45,36.4
7889, Sudan > Gedaref > Basonda,Gedaref,14.033333,35.383333
7890, Sudan > Gedaref > El Butana,Gedaref,14.033333,35.383333
7891, Sudan > Gedaref > El Fashaga,Gedaref,14.033333,35.383333
7892, Sudan > West Darfur > Kreinik(without Mornie camp),West Darfur,12.8463561,23.0011989
7893, Sudan > Central Darfur > Azum,Central Darfur,12.3333,23.4167
7894, Sudan > Central Darfur > Nertiti (West Jebel Marra),Central Darfur,12.3333,23.4167
7895, Sudan > West Darfur > Sirba,West Darfur,12.8463561,23.0011989
7896, Sudan > South Darfur > Kass,South Darfur,11.6488639,24.9042208
7897, Sudan > West Kordofan > Keilak,West Kordofan,11.898719,28.122556
7898, Sudan > North Kordofan > Shiekan,North Kordofan,13.8306441,29.4179324
7899, Sudan > South Darfur > Buram,South Darfur,11.6488639,24.9042208
7900, Sudan > East Darfur > Sheiria,East Darfur,14.3782747,24.9042208
7901, Sudan > East Darfur > Adila,East Darfur,14.3782747,24.9042208
7902, Sudan > South Darfur > El Salam,South Darfur,11.6488639,24.9042208
7903, Sudan > South Darfur > Gereida (without Gereida camp),South Darfur,11.6488639,24.9042208
7904, Sudan > West Kordofan > El Salam,West Kordofan,11.898719,28.122556
7905, Sudan > West Kordofan > El Nehoud,West Kordofan,11.898719,28.122556
7906, Sudan > South Darfur > East Jebel Marra,South Darfur,11.6488639,24.9042208
7907, Sudan > Northern > Aldaba,Northern,18.4448963,30.1589303
7908, Sudan > White Nile > EL Qeteena,White Nile,13.2403881,32.5372741
7909, Sudan > White Nile > Guli,White Nile,13.2403881,32.5372741
7910, Sudan > White Nile > Tendalti,White Nile,13.2403881,32.5372741
7911, Sudan > Blue Nile,Blue Nile,11.5860078,34.1531947
7912, Sudan > Northern,Northern,18.4448963,30.1589303
7913, Sudan > West Kordofan,West Kordofan,11.898719,28.122556
7914, Sudan > East Darfur,East Darfur,14.3782747,24.9042208
7915, Sudan > Nile > Eldamar,Nile,18.7325598,32.1381686
7916, Sudan > Kassala > Wad EL Helew,Kassala,15.45,36.4
7917, Sudan > Gedaref > Al Mafaza,Gedaref,14.033333,35.383333
7918, Sudan > Al Gezira > Um El Qura,Al Gezira,14.0202857,33.0865844
7919, Sudan > Al Gezira > Al Qurashi,Al Gezira,14.0202857,33.0865844
7920, Sudan > Al Gezira > S. El Jazeera,Al Gezira,14.0202857,33.0865844
7921, Sudan > Kassala > W. Kassala,Kassala,15.45,36.4
7922, Sudan > Khartoum > Karari,Khartoum,15.566667,32.516667
7923, Sudan > Khartoum > Bahri,Khartoum,15.566667,32.516667
7924, Sudan > Al Gezira > E. El Jazeera,Al Gezira,14.0202857,33.0865844
7925, Sudan > Al Gezira > El Manageel,Al Gezira,14.0202857,33.0865844
7926, Sudan > Khartoum > Sharq El Nile,Khartoum,15.566667,32.516667
7927, Sudan > West Darfur > Kreinik,West Darfur,12.8463561,23.0011989
7928, Sudan > Khartoum > Um Badah,Khartoum,15.566667,32.516667
7929, Sudan > North Darfur > Ailliet,North Darfur,15.7661969,24.9042208
7930, Sudan > West Kordofan > Al Idia,West Kordofan,11.898719,28.122556
7931, Sudan > North Darfur > Tawilla,North Darfur,15.7661969,24.9042208
7932, Sudan > North Darfur > Mellit,North Darfur,15.7661969,24.9042208
7933, Sudan > North Darfur > Kutum,North Darfur,15.7661969,24.9042208
7934, Sudan > Central Darfur > Umm Dukhun,Central Darfur,12.3333,23.4167
7935, Sudan > Central Darfur > Mukjar,Central Darfur,12.3333,23.4167
7936, Sudan > Central Darfur > Bindisi,Central Darfur,12.3333,23.4167
7937, Sudan > North Kordofan > Ar Rahad,North Kordofan,13.8306441,29.4179324
7938, Sudan > West Kordofan > Abyei - Muglad,West Kordofan,11.898719,28.122556
7939, Sudan > White Nile > Um Ramtta,White Nile,13.2403881,32.5372741
7940, Sudan > Sennar > E. Sinnar,Sennar,13.567469,33.5672045
7941, Sudan > Sennar > El Dindir,Sennar,13.567469,33.5672045
7942, Sudan > South Darfur > Marshang,South Darfur,11.6488639,24.9042208
7943, Sudan > South Darfur > Ed El Fursan,South Darfur,11.6488639,24.9042208
7944, Sudan > North Kordofan > Um Dam,North Kordofan,13.8306441,29.4179324
7945, Sudan > Khartoum > Um Durman,Khartoum,15.566667,32.516667
7946, Sudan > South Darfur > Nyala (Otash and Dereige),South Darfur,11.6488639,24.9042208
7947, Sudan > North Darfur > Zamzam camp,North Darfur,15.7661969,24.9042208
7948, Sudan > West Darfur > Habila,West Darfur,12.8463561,23.0011989
7949, Sudan > South Darfur > Sunta,South Darfur,11.6488639,24.9042208
7950, Sudan > South Darfur > Nyala South (El Serif),South Darfur,11.6488639,24.9042208
7951, Sudan > Red Sea > Toker,Red Sea,19.4556063,35.2148469
7952, Sudan > Red Sea > El Qaneb,Red Sea,19.4556063,35.2148469
7953, Sudan > Nile > Berber,Nile,18.7325598,32.1381686
7954, Sudan > Central Darfur > Wadi Salih,Central Darfur,12.3333,23.4167
7955, Sudan > Northern > Dongola,Northern,18.4448963,30.1589303
7956, Sudan > Sennar > Abu Houjar,Sennar,13.567469,33.5672045
7957, Sudan > Sennar > EL Dali,Sennar,13.567469,33.5672045
7958, Sudan > North Darfur > El Malha,North Darfur,15.7661969,24.9042208
7959, Sudan > West Kordofan > Lagawa,West Kordofan,11.898719,28.122556
7960, Sudan > West Kordofan > Babanusa,West Kordofan,11.898719,28.122556
7961, Sudan > Kassala > Atbara River,Kassala,15.45,36.4
7962, Sudan > Nile > Abu Hamed,Nile,18.7325598,32.1381686
7963, Sudan > South Darfur > Shattai,South Darfur,11.6488639,24.9042208
7964, Sudan > North Darfur > Saraf Omra,North Darfur,15.7661969,24.9042208
7965, Sudan > Nile,Nile,18.7325598,32.1381686
7966, Sudan > Khartoum,Khartoum,15.566667,32.516667
7967, Sudan > West Kordofan > Al Dibab,West Kordofan,11.898719,28.122556
7968, Sudan > West Kordofan > Al Khowey,West Kordofan,11.898719,28.122556
7969, Sudan > West Kordofan > Al Meiram,West Kordofan,11.898719,28.122556
7970, Sudan > North Kordofan > Jebrt El Sheekh,North Kordofan,13.8306441,29.4179324
7971, Sudan > West Kordofan > Qebaesh,West Kordofan,11.898719,28.122556
7972, Sudan > North Kordofan > Sodari,North Kordofan,13.8306441,29.4179324
7973, Sudan > North Kordofan > Bara,North Kordofan,13.8306441,29.4179324
7974, Sudan > North Kordofan > Um Rwaba,North Kordofan,13.8306441,29.4179324
7975, Sudan > South Kordofan > Gedir,South Kordofan,11.1990192,29.4179324
7976, Sudan > South Kordofan > Abu karshola,South Kordofan,11.1990192,29.4179324
7977, Sudan > South Kordofan > Tadamon,South Kordofan,11.1990192,29.4179324
7978, Sudan > Blue Nile > Al Tadamon,Blue Nile,11.5860078,34.1531947
7979, Sudan > West Kordofan > Abu Zabad,West Kordofan,11.898719,28.122556
7980, Sudan > South Darfur > Kubum,South Darfur,11.6488639,24.9042208
7981, Gedaref > S. EL Qalabat,Gedaref,14.033333,35.383333
7982, Gedaref > E. El Qalabat,Gedaref,14.033333,35.383333
7983, Gedaref > Al Mafaza,Gedaref,14.033333,35.383333
7984, Kassala > Wad EL Helew,Kassala,15.45,36.4
7985, Gedaref > El Fashaga,Gedaref,14.033333,35.383333
7986, South Kordofan > Heiban,South Kordofan,11.1990192,29.4179324
7987, Central Darfur > Nertiti (West Jebel Marra),Central Darfur,12.3333,23.4167
7988, Central Darfur > Golo (Central Jebel Marra),Central Darfur,12.3333,23.4167
7989, South Darfur > Kass (without Kass camp),South Darfur,11.6488639,24.9042208
7990, North Kordofan,North Kordofan,13.8306441,29.4179324
7991, Gedaref,Gedaref,14.033333,35.383333
7992, West Darfur,West Darfur,12.8463561,23.0011989
7993, Abyei,Abyei,9.595,28.436
7994, Northern,Northern,18.4448963,30.1589303
7995, Nile,Nile,18.7325598,32.1381686
7996, North Darfur,North Darfur,15.7661969,24.9042208
7997, Blue Nile,Blue Nile,11.5860078,34.1531947
7998, East Darfur,East Darfur,14.3782747,24.9042208
7999, White Nile,White Nile,13.2403881,32.5372741
8000, Al Gezira,Al Gezira,14.0202857,33.0865844
8001, Sennar,Sennar,13.567469,33.5672045
8002, Kassala,Kassala,15.45,36.4
8003, West Kordofan,West Kordofan,11.898719,28.122556
8004, South Darfur,South Darfur,11.6488639,24.9042208
8005, Red Sea,Red Sea,19.4556063,35.2148469
8006, South Kordofan,South Kordofan,11.1990192,29.4179324
8007, Central Darfur,Central Darfur,12.3333,23.4167
8008, Khartoum,Khartoum,15.566667,32.516667
8009, West Darfur > Foro Baranga(Foro Baranga & Mangarasa camps),West Darfur,12.8463561,23.0011989
8010, Sennar > El Souki,Sennar,13.567469,33.5672045
8011, North Darfur > Kebkabiya,North Darfur,15.7661969,24.9042208
8012, Khartoum > Bahri,Khartoum,15.566667,32.516667
8013, North Darfur > El Fasher,North Darfur,15.7661969,24.9042208
8014, Sennar > Sinjja,Sennar,13.567469,33.5672045
8015, West Darfur > Kreinik,West Darfur,12.8463561,23.0011989
8016, Khartoum > Jebal Aulya,Khartoum,15.566667,32.516667
8017, Red Sea > Toker,Red Sea,19.4556063,35.2148469
8018, Red Sea > Haya,Red Sea,19.4556063,35.2148469
8019, North Darfur > El Sireaf,North Darfur,15.7661969,24.9042208
8020, Khartoum > Karari,Khartoum,15.566667,32.516667
8021, Khartoum > Um Durman,Khartoum,15.566667,32.516667
8022, Khartoum > Khartoum,Khartoum,15.566667,32.516667
8023, Blue Nile > Al Tadamon,Blue Nile,11.5860078,34.1531947
8024, White Nile > El Salam,White Nile,13.2403881,32.5372741
8025, Khartoum > Um Badah,Khartoum,15.566667,32.516667
8026, Blue Nile > EL Roseires,Blue Nile,11.5860078,34.1531947
8027, White Nile > Tendalti,White Nile,13.2403881,32.5372741
8028, Khartoum > Sharq El Nile,Khartoum,15.566667,32.516667
8029, Blue Nile > El Damazine,Blue Nile,11.5860078,34.1531947
8030, Gedaref > Basonda,Gedaref,14.033333,35.383333
8031, Kassala > North Delta,Kassala,15.45,36.4
8032, Central Darfur > Wadi Salih,Central Darfur,12.3333,23.4167
8033, North Darfur > Kutum,North Darfur,15.7661969,24.9042208
8034, North Darfur > Mellit,North Darfur,15.7661969,24.9042208
8035, Sennar > El Dindir,Sennar,13.567469,33.5672045
8036, Kassala > Reefi Aroma,Kassala,15.45,36.4
8037, Central Darfur > Umm Dukhun,Central Darfur,12.3333,23.4167
8038, Gedaref > EL Rahad,Gedaref,14.033333,35.383333
8039, Sennar > E. Sinnar,Sennar,13.567469,33.5672045
8040, Al Gezira > Gre. Wad Madani,Al Gezira,14.0202857,33.0865844
8041, Gedaref > Gedaref,Gedaref,14.033333,35.383333
8042, West Kordofan > El Salam,West Kordofan,11.898719,28.122556
8043, Kassala > W. Kassala,Kassala,15.45,36.4
8044, Red Sea > Senkat,Red Sea,19.4556063,35.2148469
8045, Sennar > Abu Houjar,Sennar,13.567469,33.5672045
8046, West Darfur > El Geneina,West Darfur,12.8463561,23.0011989
8047, White Nile > Um Ramtta,White Nile,13.2403881,32.5372741
8048, South Darfur > Nyala (Otash and Dereige),South Darfur,11.6488639,24.9042208
8049, Kassala > Reefi Kassala,Kassala,15.45,36.4
8050, Kassala > Halfa Eedeeda,Kassala,15.45,36.4
8051, Kassala > Khashm Ghirba,Kassala,15.45,36.4
8052, South Darfur > Buram,South Darfur,11.6488639,24.9042208
8053, South Darfur > Gereida camp,South Darfur,11.6488639,24.9042208
8054, West Darfur > Sirba,West Darfur,12.8463561,23.0011989
8055, White Nile > El Jabaleen,White Nile,13.2403881,32.5372741
8056, West Darfur > Beida,West Darfur,12.8463561,23.0011989
8057, West Darfur > Habila,West Darfur,12.8463561,23.0011989
8058, South Darfur > Sunta,South Darfur,11.6488639,24.9042208
8059, South Darfur > Kass,South Darfur,11.6488639,24.9042208
8060, South Darfur > Um Dafug,South Darfur,11.6488639,24.9042208
8061, South Darfur > Bielel (without Kalma camp),South Darfur,11.6488639,24.9042208
8062, South Darfur > El Radoom,South Darfur,11.6488639,24.9042208
8063, South Darfur > Nyala,South Darfur,11.6488639,24.9042208
8064, South Darfur > Gereida (without Gereida camp),South Darfur,11.6488639,24.9042208
8065, Northern > Dongola,Northern,18.4448963,30.1589303
8066, Kassala > Kassala,Kassala,15.45,36.4
8067, Nile > Eldamar,Nile,18.7325598,32.1381686
8068, Red Sea > Sawken,Red Sea,19.4556063,35.2148469
8069, South Kordofan > Kadugli,South Kordofan,11.1990192,29.4179324
8070, North Kordofan > Jebrt El Sheekh,North Kordofan,13.8306441,29.4179324
8071, East Darfur > Ed Daein,East Darfur,14.3782747,24.9042208
8072, White Nile > Kosti,White Nile,13.2403881,32.5372741
8073, West Kordofan > Abyei - Muglad,West Kordofan,11.898719,28.122556
8074, Red Sea > Port Sudan,Red Sea,19.4556063,35.2148469
8075, Kassala > Hamashkoreeb,Kassala,15.45,36.4
8076, Kassala > Telkok,Kassala,15.45,36.4
8077, Kassala > Atbara River,Kassala,15.45,36.4
8078, Kassala > Seteet,Kassala,15.45,36.4
8079, White Nile > Rabak,White Nile,13.2403881,32.5372741
8080, White Nile > El Dwaeem,White Nile,13.2403881,32.5372741
8081, White Nile > EL Qeteena,White Nile,13.2403881,32.5372741
8082, Abyei > Abyei PCA Area,Abyei,9.595,28.436
8083, West Kordofan > El Nehoud,West Kordofan,11.898719,28.122556
8084, Al Gezira > E. El Jazeera,Al Gezira,14.0202857,33.0865844
8085, Northern > Halfa,Northern,18.4448963,30.1589303
8086, Nile > Atbra,Nile,18.7325598,32.1381686
8087, Sennar > Sinnar,Sennar,13.567469,33.5672045
8088, North Kordofan > Bara,North Kordofan,13.8306441,29.4179324
8089, Blue Nile > El Kurmuk,Blue Nile,11.5860078,34.1531947
8090, South Kordofan > Tadamon,South Kordofan,11.1990192,29.4179324
8091, Central Darfur > Bindisi,Central Darfur,12.3333,23.4167
8092, Central Darfur > Mukjar,Central Darfur,12.3333,23.4167
8093, Central Darfur > Rokoro (North Jebel Marra),Central Darfur,12.3333,23.4167
8094, Central Darfur > Azum,Central Darfur,12.3333,23.4167
8095, Central Darfur > Zalingei,Central Darfur,12.3333,23.4167
8096, Blue Nile > Geissan,Blue Nile,11.5860078,34.1531947
8097, Blue Nile > Bau,Blue Nile,11.5860078,34.1531947
8098, West Darfur > Jebel Moon,West Darfur,12.8463561,23.0011989
8099, West Darfur > Kulbus,West Darfur,12.8463561,23.0011989
8100, North Darfur > El Malha,North Darfur,15.7661969,24.9042208
8101, North Darfur > Zamzam camp,North Darfur,15.7661969,24.9042208
8102, North Darfur > El Tina,North Darfur,15.7661969,24.9042208
8103, North Darfur > Umm Keddada,North Darfur,15.7661969,24.9042208
8104, North Darfur > Saraf Omra,North Darfur,15.7661969,24.9042208
8105, Red Sea > El Qaneb,Red Sea,19.4556063,35.2148469
8106, South Kordofan > Abu Gubeiha,South Kordofan,11.1990192,29.4179324
8107, South Kordofan > Rashad,South Kordofan,11.1990192,29.4179324
8108, South Kordofan > Gedir,South Kordofan,11.1990192,29.4179324
8109, South Kordofan > Talodi,South Kordofan,11.1990192,29.4179324
8110, South Kordofan > Alleri,South Kordofan,11.1990192,29.4179324
8111, East Darfur > Abu Karinka,East Darfur,14.3782747,24.9042208
8112, East Darfur > Asalaya,East Darfur,14.3782747,24.9042208
8113, East Darfur > Bahr El Arab,East Darfur,14.3782747,24.9042208
8114, East Darfur > Sheiria,East Darfur,14.3782747,24.9042208
8115, East Darfur > Yassin,East Darfur,14.3782747,24.9042208
8116, South Darfur > East Jebel Marra,South Darfur,11.6488639,24.9042208
8117, South Kordofan > Habila,South Kordofan,11.1990192,29.4179324
8118, Red Sea > Halayb,Red Sea,19.4556063,35.2148469
8119, South Darfur > Ed El Fursan,South Darfur,11.6488639,24.9042208
8120, South Darfur > El Salam,South Darfur,11.6488639,24.9042208
8121, South Darfur > Katayla,South Darfur,11.6488639,24.9042208
8122, South Kordofan > Um Durein,South Kordofan,11.1990192,29.4179324
8123, North Kordofan > Um Dam,North Kordofan,13.8306441,29.4179324
8124, Abyei > Abyei locality(outside the Abyei PCA Area),Abyei,9.595,28.436
8125, North Darfur > Um Baru,North Darfur,15.7661969,24.9042208
8126, South Kordofan > Reif Asharqi,South Kordofan,11.1990192,29.4179324
8127, South Darfur > Nyala South (Mosey),South Darfur,11.6488639,24.9042208
8128, North Kordofan > Sodari,North Kordofan,13.8306441,29.4179324
8129, North Darfur > El Kuma,North Darfur,15.7661969,24.9042208
8130, Nile > Shendi,Nile,18.7325598,32.1381686
8131, Nile > El matama,Nile,18.7325598,32.1381686
8132, Nile > Berber,Nile,18.7325598,32.1381686
8133, Al Gezira > Um El Qura,Al Gezira,14.0202857,33.0865844
8134, Al Gezira > El Hasaheesa,Al Gezira,14.0202857,33.0865844
8135, South Kordofan > Lagawa,South Kordofan,11.1990192,29.4179324
8136, South Kordofan > El Abassiya,South Kordofan,11.1990192,29.4179324
8137, South Kordofan > Dellami,South Kordofan,11.1990192,29.4179324
8138, South Kordofan > Delling,South Kordofan,11.1990192,29.4179324
8139, South Kordofan > AL Sunut,South Kordofan,11.1990192,29.4179324
8140, South Kordofan > Al Buram,South Kordofan,11.1990192,29.4179324
8141, South Darfur > Dimsu,South Darfur,11.6488639,24.9042208
8142, South Darfur > Tullus,South Darfur,11.6488639,24.9042208
8143, South Darfur > Kalma camp,South Darfur,11.6488639,24.9042208
8144, West Kordofan > Lagawa,West Kordofan,11.898719,28.122556
8145, East Darfur > El Ferdous,East Darfur,14.3782747,24.9042208
8146, East Darfur > Abu Jabra,East Darfur,14.3782747,24.9042208
8147, North Darfur > Ailliet,North Darfur,15.7661969,24.9042208
8148, North Darfur > Tawilla,North Darfur,15.7661969,24.9042208
8149, South Darfur > Shattai,South Darfur,11.6488639,24.9042208
8150, West Kordofan > AL Sunut,West Kordofan,11.898719,28.122556
8151, Gedaref > W. EL Qalabat,Gedaref,14.033333,35.383333
8152, Gedaref > El Butana,Gedaref,14.033333,35.383333
8153, South Darfur > Niteaga,South Darfur,11.6488639,24.9042208
8154, Gedaref > El Faw,Gedaref,14.033333,35.383333
8155, Gedaref > Qala' El Nahal,Gedaref,14.033333,35.383333
8156, Gedaref > El Quresha,Gedaref,14.033333,35.383333
8157, Blue Nile > Wad Al Mahi,Blue Nile,11.5860078,34.1531947
8158, West Kordofan > Wa Banda,West Kordofan,11.898719,28.122556
8159, West Kordofan > Babanusa,West Kordofan,11.898719,28.122556
8160, North Darfur > Dar El Salam,North Darfur,15.7661969,24.9042208
8161,South Kordofan -> Abu karshola,South Kordofan,11.1990192,29.4179324
8162,South Darfur -> Gereida (without Gereida camp),South Darfur,11.6488639,24.9042208
8163,East Darfur -> Ed Daein,East Darfur,14.3782747,24.9042208
8164,Central Darfur -> Zalingei,Central Darfur,12.3333,23.4167
8165,East Darfur -> Abu Jabra,East Darfur,14.3782747,24.9042208
8166,East Darfur -> Yassin,East Darfur,14.3782747,24.9042208
8167,East Darfur -> Sheiria,East Darfur,14.3782747,24.9042208
8168,North Darfur -> Dar El Salam,North Darfur,15.7661969,24.9042208
8169,Central Darfur -> Bindisi,Central Darfur,12.3333,23.4167
8170,South Kordofan -> Keilak,South Kordofan,11.1990192,29.4179324
8171,East Darfur -> El Ferdous,East Darfur,14.3782747,24.9042208
8172,South Kordofan -> Delling,South Kordofan,11.1990192,29.4179324
8173,East Darfur -> Abu Karinka,East Darfur,14.3782747,24.9042208
8174,South Darfur -> Marshang,South Darfur,11.6488639,24.9042208
8175,Central Darfur -> Azum,Central Darfur,12.3333,23.4167
8176,North Darfur -> Zamzam camp,North Darfur,15.7661969,24.9042208
8177,North Darfur -> Ailliet,North Darfur,15.7661969,24.9042208
8178,South Darfur -> Shattai,South Darfur,11.6488639,24.9042208
8179,West Darfur -> Jebel Moon,West Darfur,12.8463561,23.0011989
8180,South Kordofan -> Habila,South Kordofan,11.1990192,29.4179324
8181,North Darfur -> El Tina,North Darfur,15.7661969,24.9042208
8182,South Kordofan -> Talodi,South Kordofan,11.1990192,29.4179324
8183,North Darfur -> Kebkabiya,North Darfur,15.7661969,24.9042208
8184,South Kordofan -> Rashad,South Kordofan,11.1990192,29.4179324
8185,North Darfur -> Tawilla,North Darfur,15.7661969,24.9042208
8186,West Darfur -> Beida,West Darfur,12.8463561,23.0011989
8187,North Darfur -> Kutum,North Darfur,15.7661969,24.9042208
8188,Central Darfur -> Umm Dukhun,Central Darfur,12.3333,23.4167
8189,North Darfur -> Mellit,North Darfur,15.7661969,24.9042208
8190,North Darfur -> El Fasher,North Darfur,15.7661969,24.9042208
8191,South Kordofan -> El Abassiya,South Kordofan,11.1990192,29.4179324
8192,South Kordofan -> Reif Asharqi,South Kordofan,11.1990192,29.4179324
8193,South Darfur -> Kass (without Kass camp),South Darfur,11.6488639,24.9042208
8194,North Darfur -> El Sireaf,North Darfur,15.7661969,24.9042208
8195,South Darfur -> Ed El Fursan,South Darfur,11.6488639,24.9042208
8196,West Darfur -> Kreinik(without Mornie camp),West Darfur,12.8463561,23.0011989
8197,North Darfur -> Saraf Omra,North Darfur,15.7661969,24.9042208
8198,South Kordofan -> Tadamon,South Kordofan,11.1990192,29.4179324
8199,West Darfur -> El Geneina,West Darfur,12.8463561,23.0011989
8200,West Kordofan -> Abu Zabad,West Kordofan,11.898719,28.122556
8201,South Kordofan -> Kadugli,South Kordofan,11.1990192,29.4179324
8202,South Kordofan -> Alleri,South Kordofan,11.1990192,29.4179324
8203,South Darfur -> Bielel (without Kalma camp),South Darfur,11.6488639,24.9042208
8204,West Darfur -> Foro Baranga(Foro Baranga & Mangarasa camps),West Darfur,12.8463561,23.0011989
8205,South Darfur -> Um Dafug,South Darfur,11.6488639,24.9042208
8206,South Kordofan -> Lagawa,South Kordofan,11.1990192,29.4179324
8207,South Kordofan -> El Salam,South Kordofan,11.1990192,29.4179324
8208,West Kordofan -> Babanusa,West Kordofan,11.898719,28.122556
8209,West Darfur -> Habila,West Darfur,12.8463561,23.0011989
8210,South Darfur -> East Jebel Marra,South Darfur,11.6488639,24.9042208
8211,North Darfur -> Um Baru,North Darfur,15.7661969,24.9042208
8212,Khartoum -> Khartoum,Khartoum,15.566667,32.516667
8213,Khartoum,Khartoum,15.566667,32.516667
8214,Blue Nile -> El Kurmuk,Blue Nile,11.5860078,34.1531947
8215,South Darfur -> Nyala,South Darfur,11.6488639,24.9042208
8216,Central Darfur -> Nertiti (West Jebel Marra),Central Darfur,12.3333,23.4167
8217,Red Sea -> Sawken,Red Sea,19.4556063,35.2148469
8218,South Darfur -> Kalma camp,South Darfur,11.6488639,24.9042208
8219,South Darfur -> Otash camp(Nyala North),South Darfur,11.6488639,24.9042208
8220,Central Darfur,Central Darfur,12.3333,23.4167
8221,Blue Nile -> EL Roseires,Blue Nile,11.5860078,34.1531947
8222,Blue Nile,Blue Nile,11.5860078,34.1531947
8223,South Kordofan,South Kordofan,11.1990192,29.4179324
8224,North Darfur,North Darfur,15.7661969,24.9042208
8225,West Darfur,West Darfur,12.8463561,23.0011989
8226,East Darfur,East Darfur,14.3782747,24.9042208
8227,South Darfur,South Darfur,11.6488639,24.9042208
8228,West Darfur -> Kreinik,West Darfur,12.8463561,23.0011989
8229,Abyei -> Abyei PCA Area,Abyei,9.595,28.436
8230,Red Sea,Red Sea,19.4556063,35.2148469
8231,Kassala,Kassala,15.45,36.4
8232,North Kordofan,North Kordofan,13.8306441,29.4179324
8233,South Kordofan -> Dellami,South Kordofan,11.1990192,29.4179324
8234,Blue Nile -> Bau,Blue Nile,11.5860078,34.1531947
8235,Blue Nile -> Geissan,Blue Nile,11.5860078,34.1531947
8236,White Nile -> El Dwaeem,White Nile,13.2403881,32.5372741
8237,White Nile -> El Jabaleen,White Nile,13.2403881,32.5372741
8238,White Nile -> El Salam,White Nile,13.2403881,32.5372741
8239,White Nile -> Um Ramtta,White Nile,13.2403881,32.5372741
8240,White Nile -> Rabak,White Nile,13.2403881,32.5372741
8241,White Nile -> Tendalti,White Nile,13.2403881,32.5372741
8242,White Nile -> EL Qeteena,White Nile,13.2403881,32.5372741
8243,White Nile -> Kosti,White Nile,13.2403881,32.5372741
8244,Central Darfur -> Golo (Central Jebel Marra),Central Darfur,12.3333,23.4167
8245,Central Darfur -> Rokoro (North Jebel Marra),Central Darfur,12.3333,23.4167
8246,South Darfur -> El Radoom,South Darfur,11.6488639,24.9042208
8247,South Darfur -> Buram,South Darfur,11.6488639,24.9042208
8248,Blue Nile -> Al Tadamon,Blue Nile,11.5860078,34.1531947
8249,South Darfur -> Gereida camp,South Darfur,11.6488639,24.9042208
8250,South Darfur -> Kass camp,South Darfur,11.6488639,24.9042208
8251,South Darfur -> Kass,South Darfur,11.6488639,24.9042208
8252,West Kordofan -> Abyei - Muglad,West Kordofan,11.898719,28.122556
8253,West Kordofan -> Keilak,West Kordofan,11.898719,28.122556
8254,East Darfur -> Bahr El Arab,East Darfur,14.3782747,24.9042208
8255,South Kordofan -> Abu Gubeiha,South Kordofan,11.1990192,29.4179324
8256,West Kordofan -> El Salam,West Kordofan,11.898719,28.122556
8257,Red Sea -> Port Sudan,Red Sea,19.4556063,35.2148469
8258,Red Sea -> Senkat,Red Sea,19.4556063,35.2148469
8259,West Kordofan -> El Nehoud,West Kordofan,11.898719,28.122556
8260,South Darfur -> Dimsu,South Darfur,11.6488639,24.9042208
8261,Khartoum -> Jebal Aulya,Khartoum,15.566667,32.516667
8262,Khartoum -> Um Badah,Khartoum,15.566667,32.516667
8263,West Kordofan -> Lagawa,West Kordofan,11.898719,28.122556
8264,Red Sea -> Toker,Red Sea,19.4556063,35.2148469
8265,Kassala -> Telkok,Kassala,15.45,36.4
8266,Kassala -> Hamashkoreeb,Kassala,15.45,36.4
8267,South Darfur -> Nyala (Otash and Dereige),South Darfur,11.6488639,24.9042208
8268,Abyei,Abyei,9.595,28.436
8269,West Kordofan -> Qebaesh,West Kordofan,11.898719,28.122556
8270,East Darfur -> Adila,East Darfur,14.3782747,24.9042208
8271,Central Darfur -> Wadi Salih,Central Darfur,12.3333,23.4167
8272,North Darfur -> El Malha,North Darfur,15.7661969,24.9042208
8273,North Darfur -> Umm Keddada,North Darfur,15.7661969,24.9042208
8274,Blue Nile -> El Damazine,Blue Nile,11.5860078,34.1531947
8275, West Kordofan > Abu Zabad,West Kordofan,11.898719,28.122556
8276, Red Sea > Agig,Red Sea,19.4556063,35.2148469
8277, North Kordofan > Shiekan,North Kordofan,13.8306441,29.4179324
8278, Al Gezira > El Manageel,Al Gezira,14.0202857,33.0865844
8279, Al Gezira > El Kamleen,Al Gezira,14.0202857,33.0865844
8280, East Darfur > Adila,East Darfur,14.3782747,24.9042208
8281, Al Gezira > S. El Jazeera,Al Gezira,14.0202857,33.0865844
8282, Nile > Abu Hamed,Nile,18.7325598,32.1381686
8283, Red Sea > Jabiet Al Maadin,Red Sea,19.4556063,35.2148469
8284, South Kordofan > Al Qoz,South Kordofan,11.1990192,29.4179324
8285, South Darfur > Rahad El Berdi,South Darfur,11.6488639,24.9042208
8286, West Kordofan > Al Khowey,West Kordofan,11.898719,28.122556
8287, South Darfur > Nyala South (El Serif),South Darfur,11.6488639,24.9042208
8288, West Kordofan > Keilak,West Kordofan,11.898719,28.122556
8289, Gedaref > Middle Gedaref,Gedaref,14.033333,35.383333
8290, North Kordofan > El Hehoud,North Kordofan,13.8306441,29.4179324
8291, North Kordofan > Um Rwaba,North Kordofan,13.8306441,29.4179324
8292, South Kordofan > Abu karshola,South Kordofan,11.1990192,29.4179324
8293, West Kordofan > Qebaesh,West Kordofan,11.898719,28.122556
8294, Syria > Aleppo > Jebel Saman > Jebel Saman > Aleppo,Aleppo,36.206013,37.15242
8295, Syria > Aleppo > Jebel Saman > Jebel Saman > Aleppo > Al-Ansari,Aleppo,36.206013,37.15242
8296, Syria > Aleppo > Jebel Saman > Jebel Saman > Aleppo > Bustan Al-Qaser,Aleppo,36.206013,37.15242
8297, Syria > Aleppo > Jebel Saman > Jebel Saman > Aleppo > Tal Az-Zarazir,Aleppo,36.206013,37.15242
8298, Syria > Lattakia > Al-Qardaha > Al-Qardaha,Lattakia,35.539149,35.789569
8299, Syria > Lattakia > Lattakia > Lattakia,Lattakia,35.539149,35.789569
8300, Syria > Aleppo > Jebel Saman > Jebel Saman,Aleppo,36.206013,37.15242
8301, Syria > Hama > As-Suqaylabiyah > As-Suqaylabiyah,Hama,35.133742,36.761291
8302, Syria > Aleppo > A'zaz > Tall Refaat,Aleppo,36.206013,37.15242
8303, Syria > Aleppo > A'zaz > Mare',Aleppo,36.206013,37.15242
8304, Syria > Lattakia > Jablah > Jablah,Lattakia,35.539149,35.789569
8305, Syria > Hama > Hama > Hama,Hama,35.133742,36.761291
8306, Syria > Aleppo > Jebel Saman > Haritan > Hayyan,Aleppo,36.206013,37.15242
8307, Syria > Aleppo > Al Bab > Rasm Haram El-Imam > Njara,Aleppo,36.206013,37.15242
8308, Syria > Hama > Muhradah > Muhradah > Kafr Hud,Hama,35.133742,36.761291
8309, Syria > Hama > Muhradah > Muhradah > Treismeh,Hama,35.133742,36.761291
8310, Syria > Hama > As-Salamiyeh > As-Salamiyeh > Al-Smakh,Hama,35.133742,36.761291
8311, Syria > Lattakia > Al-Haffa > Mzair'a > Mzair'a,Lattakia,35.539149,35.789569
8312, Syria > Lattakia > Al-Haffa > Mzair'a > Beit Jiro,Lattakia,35.539149,35.789569
8313, Syria > Lattakia > Lattakia > Hanadi > Hanadi,Lattakia,35.539149,35.789569
8314, Syria > Lattakia > Lattakia > Hanadi > Snobar,Lattakia,35.539149,35.789569
8315, Syria > Lattakia > Al-Haffa > Al-Haffa,Lattakia,35.539149,35.789569
8316, Syria > Lattakia > Al-Qardaha > Fakhura > Astamo,Lattakia,35.539149,35.789569
8317, Syria > Aleppo > Menbij > Maskana,Aleppo,36.206013,37.15242
8318, Syria > Aleppo > Jebel Saman > Jebel Saman > Aleppo > Karm Myassar,Aleppo,36.206013,37.15242
8319, Syria > Aleppo > Jebel Saman > Jebel Saman > Aleppo > As-Sukkari,Aleppo,36.206013,37.15242
8320, Syria > Idleb > Idleb > Saraqab > Saraqab,Idleb,35.929008,36.635276
8321, Syria > Aleppo > Jebel Saman > Jebel Saman > Aleppo > Helwaniyeh,Aleppo,36.206013,37.15242
8322, Syria > Aleppo > Jebel Saman > Jebel Saman > Aleppo > Masharqa,Aleppo,36.206013,37.15242
8323, Syria > Aleppo > Jebel Saman > Jebel Saman > Aleppo > Bab Al-Maqam,Aleppo,36.206013,37.15242
8324, Syria > Lattakia > Lattakia > Bahlawaniyeh,Lattakia,35.539149,35.789569
8325, Syria > Aleppo > Jebel Saman > Haritan,Aleppo,36.206013,37.15242
8326, Syria > Lattakia > Al-Qardaha > Harf Elmseitra,Lattakia,35.539149,35.789569
8327, Syria > Aleppo > Jebel Saman > Zarbah,Aleppo,36.206013,37.15242
8328, Syria > Lattakia > Jablah > Ein Elshaqiyeh,Lattakia,35.539149,35.789569
8329, Syria > Lattakia > Al-Qardaha > Fakhura,Lattakia,35.539149,35.789569
8330, Syria > Aleppo > A'zaz > Nabul,Aleppo,36.206013,37.15242
8331, Syria > Lattakia > Jablah > Beit Yashout,Lattakia,35.539149,35.789569
8332, Syria > Lattakia > Jablah > Qteilbiyyeh > Qteilbiyyeh,Lattakia,35.539149,35.789569
8333, Syria > Lattakia > Lattakia > Bahlawaniyeh > Jabiyun,Lattakia,35.539149,35.789569
8334, Syria > Hama > As-Suqaylabiyah > Tell Salhib,Hama,35.133742,36.761291
8335, Syria > Idleb > Al Ma'ra > Tamanaah,Idleb,35.929008,36.635276
8336, Syria > Lattakia > Lattakia > Hanadi,Lattakia,35.539149,35.789569
8337, Syria > Lattakia > Al-Haffa > Al-Haffa > Al-Haffa,Lattakia,35.539149,35.789569
8338, Syria > Hama > Hama > Hama > Hama,Hama,35.133742,36.761291
8339, Syria > Lattakia > Lattakia > Lattakia > Lattakia,Lattakia,35.539149,35.789569
8340, Syria > Lattakia > Jablah > Jablah > Jablah,Lattakia,35.539149,35.789569
8341, Syria > Lattakia > Lattakia > Lattakia > Shamiyeh / Lattakia,Lattakia,35.539149,35.789569
8342, Syria > Hama > Hama > Suran > Murak,Hama,35.133742,36.761291
8343, Syria > Hama > Hama > Suran > Suran,Hama,35.133742,36.761291
8344, Syria > Hama > As-Salamiyeh > As-Salamiyeh > Zaghrin - Elhawiyeh,Hama,35.133742,36.761291
8345, Syria > Idleb > Al Ma'ra > Khan Shaykun > Khan Shaykun,Idleb,35.929008,36.635276
8346, Syria > Hama > As-Suqaylabiyah > As-Suqaylabiyah > As-Suqaylabiyah,Hama,35.133742,36.761291
8347, Syria > Hama > Muhradah > Muhradah > Muhradah,Hama,35.133742,36.761291
8348, Syria > Hama > Hama > Hama > Hama > Al Fayhaa,Hama,35.133742,36.761291
8349, Syria > Aleppo > Al Bab > Rasm Haram El-Imam,Aleppo,36.206013,37.15242
8350, Syria > Aleppo > As-Safira > Banan > Qteirat,Aleppo,36.206013,37.15242
8351, Syria > Aleppo > As-Safira > As-Safira > Turaydim,Aleppo,36.206013,37.15242
8352, Syria > Aleppo > Al Bab > Eastern Kwaires > Jeb Al-Kalab,Aleppo,36.206013,37.15242
8353, Syria > Aleppo > Al Bab > Rasm Haram El-Imam > Bijan Elbab,Aleppo,36.206013,37.15242
8354, Syria > Aleppo > Al Bab > Rasm Haram El-Imam > Nasr Allah,Aleppo,36.206013,37.15242
8355, Syria > Aleppo > As-Safira > Banan > Ziraa,Aleppo,36.206013,37.15242
8356, Syria > Aleppo > A'zaz > Tall Refaat > Kafr Naseh Tal Refaat,Aleppo,36.206013,37.15242
8357, Syria > Lattakia > Al-Qardaha > Al-Qardaha > Al-Qardaha,Lattakia,35.539149,35.789569
8358, Syria > Idleb > Idleb > Abul Thohur > Jdidhe Abu Elthohur,Idleb,35.929008,36.635276
8359, Syria > Aleppo > Jebel Saman > Jebel Saman > Aleppo > Ash-Sheikh Maqsoud,Aleppo,36.206013,37.15242
8360, Syria > Hama > As-Suqaylabiyah > Tell Salhib > Tal Salhab,Hama,35.133742,36.761291
8361, Syria > Idleb > Al Ma'ra > Ma'arrat An Nu'man > Ma'arrat An Nu'man,Idleb,35.929008,36.635276
8362, Syria > Lattakia > Jablah > Jablah > Bustan Elbasha,Lattakia,35.539149,35.789569
8363, Syria > Lattakia > Jablah > Jablah > Hmeimim,Lattakia,35.539149,35.789569
8364, Syria > Hama > Muhradah > Karnaz > Karnaz,Hama,35.133742,36.761291
8365, Syria > Hama > As-Salamiyeh > As-Salamiyeh,Hama,35.133742,36.761291
8366, Syria > Idleb > Al Ma'ra > Khan Shaykun,Idleb,35.929008,36.635276
8367, Syria > Aleppo > Jebel Saman > Jebel Saman > Aleppo > Hanano,Aleppo,36.206013,37.15242
8368, Syria > Aleppo > Jebel Saman > Jebel Saman > Aleppo > Bostan Bash,Aleppo,36.206013,37.15242
8369, Syria > Lattakia > Al-Haffa > Ein Et-teeneh,Lattakia,35.539149,35.789569
8370, Syria > Lattakia > Al-Haffa > Mzair'a,Lattakia,35.539149,35.789569
8371, Syria > Aleppo > Jebel Saman > Jebel Saman > Aleppo > Al-Ansari Mashhad,Aleppo,36.206013,37.15242
8372, Syria > Aleppo > Jebel Saman > Jebel Saman > Aleppo > Sayf Ad-Dauleh,Aleppo,36.206013,37.15242
8373, Syria > Aleppo > Jebel Saman > Jebel Saman > Aleppo > Aghyol,Aleppo,36.206013,37.15242
8374, Syria > Aleppo > Jebel Saman > Jebel Saman > Aleppo > Karm Al-Jazmati,Aleppo,36.206013,37.15242
8375, Syria > Aleppo > Jebel Saman > Jebel Saman > Aleppo > Jouret Awwad,Aleppo,36.206013,37.15242
8376, Syria > Aleppo > Jebel Saman > Jebel Saman > Aleppo > Al-Aqabeh,Aleppo,36.206013,37.15242
8377, Syria > Aleppo > Jebel Saman > Jebel Saman > Aleppo > Karm Al-Jabal,Aleppo,36.206013,37.15242
8378, Syria > Aleppo > Jebel Saman > Jebel Saman > Aleppo > Kallaseh,Aleppo,36.206013,37.15242
8379, Syria > Aleppo > Jebel Saman > Jebel Saman > Aleppo > Fardos,Aleppo,36.206013,37.15242
8380, Syria > Aleppo > Jebel Saman > Jebel Saman > Aleppo > Qadi Askar,Aleppo,36.206013,37.15242
8381, Syria > Aleppo > Jebel Saman > Jebel Saman > Aleppo > Salah Ad-Deen,Aleppo,36.206013,37.15242
8382, Syria > Aleppo > Jebel Saman > Jebel Saman > Aleppo > Salheen,Aleppo,36.206013,37.15242
8383, Syria > Tartous > Tartous > Tartous,Tartous,34.886614,35.893349
8384, Syria > Lattakia > Al-Haffa > Al-Haffa > Mokhtariyeh,Lattakia,35.539149,35.789569
8385, Syria > Lattakia > Al-Haffa > Al-Haffa > Samandil,Lattakia,35.539149,35.789569
8386, Syria > Lattakia > Lattakia > Ein El-Bayda > Mashqita,Lattakia,35.539149,35.789569
8387, Syria > Lattakia > Lattakia > Lattakia > Karsana,Lattakia,35.539149,35.789569
8388, Syria > Lattakia > Lattakia > Lattakia > Burj Elqasab,Lattakia,35.539149,35.789569
8389, Syria > Lattakia > Lattakia > Lattakia > Al-Maqate',Lattakia,35.539149,35.789569
8390, Syria > Lattakia > Al-Haffa > Al-Haffa > Manjila,Lattakia,35.539149,35.789569
8391, Syria > Aleppo > Jebel Saman > Jebel Saman > Handarat,Aleppo,36.206013,37.15242
8392, Syria > Aleppo > Al Bab > Eastern Kwaires,Aleppo,36.206013,37.15242
8393, Syria > Aleppo > Jebel Saman > Hadher,Aleppo,36.206013,37.15242
8394, Syria > Aleppo > Menbij > Al-Khafsa,Aleppo,36.206013,37.15242
8395, Syria > Aleppo > As-Safira > Banan,Aleppo,36.206013,37.15242
8396, Syria > Aleppo > Jebel Saman > Tall Ed-daman,Aleppo,36.206013,37.15242
8397, Syria > Aleppo > As-Safira > Hajeb,Aleppo,36.206013,37.15242
8398, Syria > Hama > Hama > Hamra,Hama,35.133742,36.761291
8399, Syria > Aleppo > As-Safira > Khanaser,Aleppo,36.206013,37.15242
8400, Syria > Damascus > Damascus > Damascus,Damascus,33.517175,36.27671
8401, Syria > Aleppo > Al Bab > Tadaf > Tadaf,Aleppo,36.206013,37.15242
8402, Syria > Aleppo > Al Bab > Tadaf > Ein El-Bayda,Aleppo,36.206013,37.15242
8403, Syria > Aleppo > Al Bab > Al Bab > Al Bab,Aleppo,36.206013,37.15242
8404, Syria > Aleppo > Al Bab > Al Bab > Qabasin,Aleppo,36.206013,37.15242
8405, Syria > Aleppo > Al Bab > Al Bab > Saflaniyeh,Aleppo,36.206013,37.15242
8406, Syria > Aleppo > Al Bab > Al Bab > Qdeiran,Aleppo,36.206013,37.15242
8407, Syria > Aleppo > Al Bab > Al Bab > Maqri,Aleppo,36.206013,37.15242
8408, Syria > Aleppo > Al Bab > Al Bab > Bazagha,Aleppo,36.206013,37.15242
8409, Syria > Quneitra > Quneitra > Khan Arnaba,Quneitra,33.086196,35.87256
8410, Syria > Quneitra > Quneitra > Quneitra,Quneitra,33.086196,35.87256
8411, Syria > Aleppo > Jebel Saman > Daret Azza > Hoteh,Aleppo,36.206013,37.15242
8412, Syria > Dar'a > Dar'a > Busra Esh-Sham > Busra Esh-Sham,Dar'a,32.624102,36.104944
8413, Syria > Aleppo > Jebel Saman > Daret Azza > Anjara,Aleppo,36.206013,37.15242
8414, Syria > Dar'a > Dar'a > Busra Esh-Sham > Moraba,Dar'a,32.624102,36.104944
8415, Syria > Dar'a > Izra' > Izra',Dar'a,32.624102,36.104944
8416, Syria > Aleppo > Jebel Saman > Daret Azza,Aleppo,36.206013,37.15242
8417, Syria > Aleppo > Jebel Saman > Atareb,Aleppo,36.206013,37.15242
8418, Syria > Dar'a > Dar'a > Kherbet Ghazala,Dar'a,32.624102,36.104944
8419, Syria > Rural Damascus > Rural Damascus > Maliha,Rural Damascus,33.324514,36.216111
8420, Syria > Rural Damascus > Duma > Haran Al'awameed,Rural Damascus,33.324514,36.216111
8421, Syria > Rural Damascus > Duma > Harasta,Rural Damascus,33.324514,36.216111
8422, Syria > Rural Damascus > Rural Damascus > Maliha > Maliha,Rural Damascus,33.324514,36.216111
8423, Syria > Rural Damascus > Duma > Harasta > Harasta,Rural Damascus,33.324514,36.216111
8424, Syria > Dar'a > Izra' > Izra' > Izra',Dar'a,32.624102,36.104944
8425, Syria > Aleppo > Menbij > Maskana > Maskana - Onaiza,Aleppo,36.206013,37.15242
8426, Syria > Aleppo > Menbij > Al-Khafsa > Al-Khafsa,Aleppo,36.206013,37.15242
8427, Syria > Dar'a > Dar'a > Kherbet Ghazala > Kherbet Ghazala,Dar'a,32.624102,36.104944
8428, Syria > Aleppo > Al Bab > Tadaf > Mushrafet Abu Jabar,Aleppo,36.206013,37.15242
8429, Syria > Ar-Raqqa > Ath-Thawrah > Mansura > Debsi Faraj,Ar-Raqqa,35.953075,39.006062
8430, Syria > Deir-ez-Zor > Deir-ez-Zor > Tabni,Deir-ez-Zor,35.331885,40.146071
8431, Syria > Aleppo > A'zaz > Tall Refaat > Tall Refaat,Aleppo,36.206013,37.15242
8432, Syria > Aleppo > A'zaz > Tall Refaat > Sheikh Issa,Aleppo,36.206013,37.15242
8433, Syria > Aleppo > As-Safira > As-Safira,Aleppo,36.206013,37.15242
8434, Syria > Deir-ez-Zor > Deir-ez-Zor > Khasham,Deir-ez-Zor,35.331885,40.146071
8435, Syria > Rural Damascus > Az-Zabdani > Sarghaya,Rural Damascus,33.324514,36.216111
8436, Syria > Deir-ez-Zor > Deir-ez-Zor > Deir-ez-Zor,Deir-ez-Zor,35.331885,40.146071
8437, Syria > Rural Damascus > Al Qutayfah > Raheiba,Rural Damascus,33.324514,36.216111
8438, Syria > Rural Damascus > At Tall > At Tall,Rural Damascus,33.324514,36.216111
8439, Syria > Rural Damascus > Az-Zabdani > Madaya,Rural Damascus,33.324514,36.216111
8440, Syria > Rural Damascus > Rural Damascus > Maliha > Deir Elasafir,Rural Damascus,33.324514,36.216111
8441, Syria > Homs > Homs > Homs,Homs,34.729961,36.719731
8442, Syria > Al-Hasakeh > Quamishli > Quamishli,Al-Hasakeh,36.505375,40.742899
8443, Syria > Al-Hasakeh > Quamishli > Tal Hmis,Al-Hasakeh,36.505375,40.742899
8444, Syria > As-Sweida > As-Sweida > Mashnaf,As-Sweida,32.706811,36.567991
8445, Syria > Al-Hasakeh > Al-Hasakeh > Tal Tamer,Al-Hasakeh,36.505375,40.742899
8446, Syria > Dar'a > Dar'a > Da'el > Da'el,Dar'a,32.624102,36.104944
8447, Syria > Deir-ez-Zor > Deir-ez-Zor > Khasham > Khasham,Deir-ez-Zor,35.331885,40.146071
8448, Syria > Dar'a > Izra' > Sheikh Miskine > Sheikh Miskine,Dar'a,32.624102,36.104944
8449, Syria > Deir-ez-Zor > Deir-ez-Zor > Tabni > Tabni,Deir-ez-Zor,35.331885,40.146071
8450, Syria > Al-Hasakeh > Quamishli > Amuda,Al-Hasakeh,36.505375,40.742899
8451, Syria > Al-Hasakeh > Al-Hasakeh > Al-Hasakeh,Al-Hasakeh,36.505375,40.742899
8452, Syria > Deir-ez-Zor > Al Mayadin > Al Mayadin,Deir-ez-Zor,35.331885,40.146071
8453, Syria > Ar-Raqqa > Ar-Raqqa > Maadan,Ar-Raqqa,35.953075,39.006062
8454, Syria > Rural Damascus > Rural Damascus > Babella,Rural Damascus,33.324514,36.216111
8455, Syria > Rural Damascus > Rural Damascus > Kafr Batna,Rural Damascus,33.324514,36.216111
8456, Syria > Rural Damascus > Az-Zabdani > Ein Elfijeh,Rural Damascus,33.324514,36.216111
8457, Syria > Dar'a > As-Sanamayn > Masmiyyeh,Dar'a,32.624102,36.104944
8458, Syria > As-Sweida > As-Sweida > As-Sweida,As-Sweida,32.706811,36.567991
8459, Syria > Dar'a > Dar'a > Dar'a,Dar'a,32.624102,36.104944
8460, Syria > Rural Damascus > Az-Zabdani > Az-Zabdani,Rural Damascus,33.324514,36.216111
8461, Syria > Aleppo > Menbij > Menbij,Aleppo,36.206013,37.15242
8462, Syria > Rural Damascus > An Nabk > Deir Attiyeh,Rural Damascus,33.324514,36.216111
8463, Syria > Aleppo > Al Bab > Al Bab,Aleppo,36.206013,37.15242
8464, Syria > Rural Damascus > Duma > Duma,Rural Damascus,33.324514,36.216111
8465, Syria > Deir-ez-Zor > Al Mayadin > Ashara,Deir-ez-Zor,35.331885,40.146071
8466, Syria > Rural Damascus > Yabroud > Yabroud,Rural Damascus,33.324514,36.216111
8467, Syria > Rural Damascus > Al Qutayfah > Jirud,Rural Damascus,33.324514,36.216111
8468, Syria > Dar'a > Dar'a > Da'el,Dar'a,32.624102,36.104944
8469, Syria > Dar'a > Dar'a > Busra Esh-Sham,Dar'a,32.624102,36.104944
8470, Syria > Rural Damascus > At Tall > Rankus,Rural Damascus,33.324514,36.216111
8471, Syria > Rural Damascus > Yabroud > Esal El-Ward,Rural Damascus,33.324514,36.216111
8472, Syria > Dar'a > Dar'a > Mzeireb,Dar'a,32.624102,36.104944
8473, Syria > Quneitra > Al Fiq > Fiq,Quneitra,33.086196,35.87256
8474, Syria > Rural Damascus > Qatana > Sa'sa',Rural Damascus,33.324514,36.216111
8475, Syria > Quneitra > Quneitra > Al-Khashniyyeh,Quneitra,33.086196,35.87256
8476, Syria > Ar-Raqqa > Ar-Raqqa > Ar-Raqqa,Ar-Raqqa,35.953075,39.006062
8477, Syria > Aleppo > As-Safira > As-Safira > As-Safira,Aleppo,36.206013,37.15242
8478, Syria > Rural Damascus > Rural Damascus > Arbin,Rural Damascus,33.324514,36.216111
8479, Syria > Rural Damascus > Rural Damascus > Babella > Yalda,Rural Damascus,33.324514,36.216111
8480, Syria > Dar'a > Izra' > Hrak,Dar'a,32.624102,36.104944
8481, Syria > Aleppo > As-Safira > As-Safira > Nasriyeh (As-Safira),Aleppo,36.206013,37.15242
8482, Syria > Rural Damascus > Duma > Dhameer > Dhameer,Rural Damascus,33.324514,36.216111
8483, Syria > Rural Damascus > Duma > Nashabiyeh,Rural Damascus,33.324514,36.216111
8484, Syria > As-Sweida > As-Sweida > As-Sweida > As-Sweida,As-Sweida,32.706811,36.567991
8485, Syria > As-Sweida > Salkhad > Milh,As-Sweida,32.706811,36.567991
8486, Syria > Aleppo > Jebel Saman > Daret Azza > Qabtan Eljabal,Aleppo,36.206013,37.15242
8487, Syria > Rural Damascus > Duma > Duma > Rihan,Rural Damascus,33.324514,36.216111
8488, Syria > Rural Damascus > Rural Damascus > Maliha > Zabadin,Rural Damascus,33.324514,36.216111
8489, Syria > Dar'a > As-Sanamayn > Ghabagheb,Dar'a,32.624102,36.104944
8490, Syria > Rural Damascus > Duma > Duma > Meidaa,Rural Damascus,33.324514,36.216111
8491, Syria > Rural Damascus > Duma > Duma > Duma,Rural Damascus,33.324514,36.216111
8492, Syria > Rural Damascus > Rural Damascus > Qudsiya,Rural Damascus,33.324514,36.216111
8493, Syria > Lattakia > Al-Haffa > Kansaba > Tala,Lattakia,35.539149,35.789569
8494, Syria > Rural Damascus > Duma > Duma > Shafuniyeh,Rural Damascus,33.324514,36.216111
8495, Syria > Al-Hasakeh > Al-Malikeyyeh > Jawadiyah,Al-Hasakeh,36.505375,40.742899
8496, Syria > Al-Hasakeh > Quamishli > Qahtaniyyeh,Al-Hasakeh,36.505375,40.742899
8497, Syria > Dar'a > Izra' > Nawa,Dar'a,32.624102,36.104944
8498, Syria > Al-Hasakeh > Al-Malikeyyeh > Ya'robiyah,Al-Hasakeh,36.505375,40.742899
8499, Syria > Rural Damascus > Al Qutayfah > Al Qutayfah,Rural Damascus,33.324514,36.216111
8500, Syria > Rural Damascus > Duma > Dhameer,Rural Damascus,33.324514,36.216111
8501, Syria > Idleb > Idleb > Idleb,Idleb,35.929008,36.635276
8502, Syria > Deir-ez-Zor > Deir-ez-Zor > Kisreh,Deir-ez-Zor,35.331885,40.146071
8503, Syria > Ar-Raqqa > Ar-Raqqa > Ar-Raqqa > Ar-Raqqa,Ar-Raqqa,35.953075,39.006062
8504, Syria > Deir-ez-Zor > Deir-ez-Zor > Basira > Basira,Deir-ez-Zor,35.331885,40.146071
8505, Syria > Deir-ez-Zor > Deir-ez-Zor > Basira > Shiheil,Deir-ez-Zor,35.331885,40.146071
8506, Syria > Deir-ez-Zor > Deir-ez-Zor > Basira > Sabha,Deir-ez-Zor,35.331885,40.146071
8507, Syria > Ar-Raqqa > Ar-Raqqa > Sabka > Sabka,Ar-Raqqa,35.953075,39.006062
8508, Syria > Ar-Raqqa > Ar-Raqqa > Sabka > Al-Shridah,Ar-Raqqa,35.953075,39.006062
8509, Syria > Deir-ez-Zor > Deir-ez-Zor > Kisreh > Kasra,Deir-ez-Zor,35.331885,40.146071
8510, Syria > Al-Hasakeh > Al-Hasakeh > Be'r Al-Hulo Al-Wardeyyeh > Tal Brak,Al-Hasakeh,36.505375,40.742899
8511, Syria > Al-Hasakeh > Al-Hasakeh > Al-Hasakeh > Tweineh,Al-Hasakeh,36.505375,40.742899
8512, Syria > Al-Hasakeh > Al-Hasakeh > Areesheh,Al-Hasakeh,36.505375,40.742899
8513, Syria > Deir-ez-Zor > Deir-ez-Zor > Kisreh > Abu Khashab,Deir-ez-Zor,35.331885,40.146071
8514, Syria > Ar-Raqqa > Ar-Raqqa > Ar-Raqqa > Al Rashed,Ar-Raqqa,35.953075,39.006062
8515, Syria > Al-Hasakeh > Al-Malikeyyeh > Jawadiyah > Jawadiyah,Al-Hasakeh,36.505375,40.742899
8516, Syria > Al-Hasakeh > Al-Hasakeh > Tal Tamer > Serhaniye,Al-Hasakeh,36.505375,40.742899
8517, Syria > Al-Hasakeh > Al-Hasakeh > Tal Tamer > Tal Tamer,Al-Hasakeh,36.505375,40.742899
8518, Syria > Al-Hasakeh > Al-Hasakeh > Shadadah,Al-Hasakeh,36.505375,40.742899
8519, Syria > Al-Hasakeh > Al-Hasakeh > Hole > Hole,Al-Hasakeh,36.505375,40.742899
8520, Syria > Ar-Raqqa > Ar-Raqqa > Ar-Raqqa > Tal Elsamen Dahham,Ar-Raqqa,35.953075,39.006062
8521, Syria > Ar-Raqqa > Ar-Raqqa > Ar-Raqqa > Tweilah,Ar-Raqqa,35.953075,39.006062
8522, Syria > Al-Hasakeh > Al-Hasakeh > Areesheh > Areesheh,Al-Hasakeh,36.505375,40.742899
8523, Syria > Al-Hasakeh > Al-Hasakeh > Al-Hasakeh > Al-Hasakeh,Al-Hasakeh,36.505375,40.742899
8524, Syria > Ar-Raqqa > Ath-Thawrah > Al-Thawrah,Ar-Raqqa,35.953075,39.006062
8525, Syria > Al-Hasakeh > Ras Al Ain > Darbasiyah,Al-Hasakeh,36.505375,40.742899
8526, Syria > Al-Hasakeh > Al-Hasakeh > Areesheh > Qana,Al-Hasakeh,36.505375,40.742899
8527, Syria > Deir-ez-Zor > Deir-ez-Zor > Kisreh > Mhemideh,Deir-ez-Zor,35.331885,40.146071
8528, Syria > Deir-ez-Zor > Deir-ez-Zor > Khasham > Tabiyet Jazira,Deir-ez-Zor,35.331885,40.146071
8529, Syria > Deir-ez-Zor > Deir-ez-Zor > Kisreh > Jazaret Elbuhmeid,Deir-ez-Zor,35.331885,40.146071
8530, Syria > Deir-ez-Zor > Deir-ez-Zor > Deir-ez-Zor > Husseinieh (Archived),Deir-ez-Zor,35.331885,40.146071
8531, Syria > Deir-ez-Zor > Deir-ez-Zor > Kisreh > Ali,Deir-ez-Zor,35.331885,40.146071
8532, Syria > Ar-Raqqa > Ar-Raqqa > Sabka > Zur Shummar,Ar-Raqqa,35.953075,39.006062
8533, Syria > Ar-Raqqa > Ath-Thawrah > Mansura > Abbad,Ar-Raqqa,35.953075,39.006062
8534, Syria > Deir-ez-Zor > Abu Kamal > Susat > Shafa,Deir-ez-Zor,35.331885,40.146071
8535, Syria > Deir-ez-Zor > Deir-ez-Zor > Kisreh > Hawayej Thyab Jazira,Deir-ez-Zor,35.331885,40.146071
8536, Syria > Deir-ez-Zor > Deir-ez-Zor > Deir-ez-Zor > Elhisan,Deir-ez-Zor,35.331885,40.146071
8537, Syria > Ar-Raqqa > Ar-Raqqa > Ar-Raqqa > Hazimeh,Ar-Raqqa,35.953075,39.006062
8538, Syria > Ar-Raqqa > Ath-Thawrah > Jurneyyeh > Tuayahinah,Ar-Raqqa,35.953075,39.006062
8539, Syria > Ar-Raqqa > Ar-Raqqa > Ar-Raqqa > Wihdeh,Ar-Raqqa,35.953075,39.006062
8540, Syria > Al-Hasakeh > Al-Hasakeh > Hole,Al-Hasakeh,36.505375,40.742899
8541, Syria > Al-Hasakeh > Quamishli > Tal Hmis > Tal Hmis,Al-Hasakeh,36.505375,40.742899
8542, Syria > Al-Hasakeh > Al-Hasakeh > Tal Tamer > Ghorra,Al-Hasakeh,36.505375,40.742899
8543,Aleppo -> Jebel Saman -> Jebel Saman -> Aleppo -> Sha'aar,Aleppo,36.206013,37.15242
8544,Aleppo -> Jebel Saman -> Jebel Saman,Aleppo,36.206013,37.15242
8545,Aleppo -> Jebel Saman -> Jebel Saman -> Aleppo -> Hanano,Aleppo,36.206013,37.15242
8546,Aleppo -> Jebel Saman -> Jebel Saman -> Aleppo -> Al-Sakhour,Aleppo,36.206013,37.15242
8547,Aleppo -> Jebel Saman -> Jebel Saman -> Aleppo -> Bustan Al-Qaser,Aleppo,36.206013,37.15242
8548,Aleppo -> Jebel Saman -> Jebel Saman -> Aleppo -> Ash-Sheikh Maqsoud,Aleppo,36.206013,37.15242
8549,Aleppo -> Jebel Saman -> Jebel Saman -> Aleppo -> Hamadaniyeh,Aleppo,36.206013,37.15242
8550,Aleppo -> Jebel Saman -> Jebel Saman -> Aleppo -> Karm Ad-Da'da'a,Aleppo,36.206013,37.15242
8551,Aleppo -> Jebel Saman -> Jebel Saman -> Aleppo -> Salah Ad-Deen,Aleppo,36.206013,37.15242
8552,Aleppo -> Jebel Saman -> Jebel Saman -> Aleppo -> Syriac Quarter,Aleppo,36.206013,37.15242
8553,Aleppo -> Jebel Saman -> Jebel Saman -> Aleppo -> Al-Jalloum,Aleppo,36.206013,37.15242
8554,Aleppo -> Jebel Saman -> Jebel Saman -> Aleppo,Aleppo,36.206013,37.15242
8555,Aleppo -> Jebel Saman -> Jebel Saman -> Aleppo -> Az-Ziebdiyeh,Aleppo,36.206013,37.15242
8556,Aleppo -> Jebel Saman -> Jebel Saman -> Aleppo -> Ma'asaraniyeh Youth Housing,Aleppo,36.206013,37.15242
8557,Aleppo -> Jebel Saman -> Jebel Saman -> Aleppo -> Marjeh,Aleppo,36.206013,37.15242
8558,Aleppo -> Jebel Saman -> Jebel Saman -> Aleppo -> Sayf Ad-Dauleh,Aleppo,36.206013,37.15242
8559,Aleppo -> Jebel Saman -> Jebel Saman -> Aleppo -> Ash-Shahba'a,Aleppo,36.206013,37.15242
8560,Aleppo -> Jebel Saman -> Jebel Saman -> Aleppo -> Ashrafiyeh,Aleppo,36.206013,37.15242
8561,Aleppo -> Jebel Saman -> Jebel Saman -> Aleppo -> Bostan Bash,Aleppo,36.206013,37.15242
8562,Aleppo -> Jebel Saman -> Jebel Saman -> Aleppo -> Al-Furqan,Aleppo,36.206013,37.15242
8563,Aleppo -> Jebel Saman -> Jebel Saman -> Aleppo -> Industrial Area in Jibreen,Aleppo,36.206013,37.15242
8564,Aleppo -> Jebel Saman -> Jebel Saman -> Aleppo -> Karm Homed,Aleppo,36.206013,37.15242
8565,Aleppo -> Jebel Saman -> Jebel Saman -> Aleppo -> Al-Ansari,Aleppo,36.206013,37.15242
8566,Aleppo -> Jebel Saman -> Jebel Saman -> Aleppo -> As-Sukkari,Aleppo,36.206013,37.15242
8567,Aleppo -> Jebel Saman -> Jebel Saman -> Aleppo -> Midan,Aleppo,36.206013,37.15242
8568,Aleppo -> Jebel Saman -> Jebel Saman -> Aleppo -> Jamiliyeh,Aleppo,36.206013,37.15242
8569,Aleppo -> Jebel Saman -> Jebel Saman -> Aleppo -> Bayada,Aleppo,36.206013,37.15242
8570,Aleppo -> Jebel Saman -> Jebel Saman -> Aleppo -> Fardos,Aleppo,36.206013,37.15242
8571,Aleppo -> Jebel Saman -> Jebel Saman -> Aleppo -> Bustan Az-Zahra,Aleppo,36.206013,37.15242
8572,Aleppo -> Jebel Saman -> Jebel Saman -> Aleppo -> Al-Ansari Mashhad,Aleppo,36.206013,37.15242
8573,Aleppo -> Jebel Saman -> Jebel Saman -> Aleppo -> Al-Madina Old Souq,Aleppo,36.206013,37.15242
8574,Aleppo -> Jebel Saman -> Jebel Saman -> Aleppo -> Kallaseh,Aleppo,36.206013,37.15242
8575,Aleppo -> Jebel Saman -> Jebel Saman -> Aleppo -> Qadi Askar,Aleppo,36.206013,37.15242
8576,Aleppo -> As-Safira -> As-Safira -> Radwaniyeh,Aleppo,36.206013,37.15242
8577,Aleppo -> As-Safira -> As-Safira -> Abu Jrin al-Safira,Aleppo,36.206013,37.15242
8578,Aleppo -> As-Safira -> As-Safira -> Tal Aran,Aleppo,36.206013,37.15242
8579,Aleppo -> Jebel Saman -> Jebel Saman -> Aleppo -> Qarleq,Aleppo,36.206013,37.15242
8580,Aleppo -> As-Safira -> As-Safira -> Tal Hasel,Aleppo,36.206013,37.15242
8581,Aleppo -> Jebel Saman -> Jebel Saman -> Aleppo -> East Al-Ansari,Aleppo,36.206013,37.15242
8582,Aleppo -> As-Safira -> As-Safira -> Terkan,Aleppo,36.206013,37.15242
8583,Aleppo -> As-Safira -> As-Safira -> As-Safira,Aleppo,36.206013,37.15242
8584,Deir-ez-Zor -> Deir-ez-Zor -> Deir-ez-Zor -> Deir-ez-Zor -> Hameidiyyeh,Deir-ez-Zor,35.331885,40.146071
8585,Aleppo -> Jebel Saman -> Jebel Saman -> Aleppo -> Al-Mohafaza,Aleppo,36.206013,37.15242
8586,Aleppo -> Jebel Saman -> Jebel Saman -> Aleppo -> Jibreen,Aleppo,36.206013,37.15242
8587,Aleppo -> Jebel Saman -> Jebel Saman -> Aleppo -> Dahert Awwad,Aleppo,36.206013,37.15242
8588,Aleppo -> Jebel Saman -> Jebel Saman -> Aleppo -> Jabal Badro,Aleppo,36.206013,37.15242
8589,Aleppo -> Jebel Saman -> Jebel Saman -> Sheikh Najjar,Aleppo,36.206013,37.15242
8590,Aleppo -> Afrin -> Afrin,Aleppo,36.206013,37.15242
8591,Aleppo -> A'zaz -> Tall Refaat -> Tall Refaat,Aleppo,36.206013,37.15242
8592,Aleppo -> Jebel Saman -> Jebel Saman -> Aleppo -> Al-Farafra,Aleppo,36.206013,37.15242
8593,Aleppo -> Jebel Saman -> Jebel Saman -> Aleppo -> Haydariyeh,Aleppo,36.206013,37.15242
8594,Aleppo -> Jebel Saman -> Jebel Saman -> Aleppo -> Sheikh Said,Aleppo,36.206013,37.15242
8595,Aleppo -> Jebel Saman -> Jebel Saman -> Aleppo -> Az-Zahraa,Aleppo,36.206013,37.15242
8596,Aleppo -> Menbij,Aleppo,36.206013,37.15242
8597,Aleppo -> Al Bab,Aleppo,36.206013,37.15242
8598,Aleppo -> As-Safira,Aleppo,36.206013,37.15242
8599,Aleppo -> Jebel Saman,Aleppo,36.206013,37.15242
8600,Ar-Raqqa -> Tell Abiad -> Ein Issa -> Ein Issa,Ar-Raqqa,35.953075,39.006062
8601,Al-Hasakeh -> Al-Hasakeh -> Areesheh -> Areesheh,Al-Hasakeh,36.505375,40.742899
8602,Deir-ez-Zor -> Deir-ez-Zor -> Deir-ez-Zor -> Deir-ez-Zor,Deir-ez-Zor,35.331885,40.146071
8603,Al-Hasakeh -> Ras Al Ain -> Ras Al Ain -> Mabruka,Al-Hasakeh,36.505375,40.742899
8604,Al-Hasakeh -> Al-Hasakeh -> Al-Hasakeh -> Al-Hasakeh -> Al Mal'ab Al Baladi,Al-Hasakeh,36.505375,40.742899
8605,Ar-Raqqa -> Ath-Thawrah -> Mansura -> Debsi Faraj,Ar-Raqqa,35.953075,39.006062
8606,Deir-ez-Zor -> Deir-ez-Zor -> Deir-ez-Zor -> Deir-ez-Zor -> Qosour,Deir-ez-Zor,35.331885,40.146071
8607,Al-Hasakeh -> Al-Hasakeh -> Shadadah -> Shaddadah,Al-Hasakeh,36.505375,40.742899
8608,Al-Hasakeh -> Al-Hasakeh -> Areesheh,Al-Hasakeh,36.505375,40.742899
8609,Ar-Raqqa -> Tell Abiad -> Ein Issa,Ar-Raqqa,35.953075,39.006062
8610,Ar-Raqqa -> Tell Abiad -> Tell Abiad -> Tell Abiad,Ar-Raqqa,35.953075,39.006062
8611,Al-Hasakeh -> Al-Hasakeh -> Al-Hasakeh,Al-Hasakeh,36.505375,40.742899
8612,Al-Hasakeh -> Al-Hasakeh -> Hole -> Hole,Al-Hasakeh,36.505375,40.742899
8613,Deir-ez-Zor -> Deir-ez-Zor,Deir-ez-Zor,35.331885,40.146071
8614,Deir-ez-Zor -> Al Mayadin -> Thiban -> Eastern Jarda,Deir-ez-Zor,35.331885,40.146071
8615,Deir-ez-Zor -> Al Mayadin -> Thiban -> Darnaj,Deir-ez-Zor,35.331885,40.146071
8616,Al-Hasakeh -> Al-Hasakeh -> Markada -> Markada,Al-Hasakeh,36.505375,40.742899
8617,Al-Hasakeh -> Al-Hasakeh -> Markada -> Shamasani,Al-Hasakeh,36.505375,40.742899
8618,Ar-Raqqa -> Ar-Raqqa -> Sabka -> Sabka,Ar-Raqqa,35.953075,39.006062
8619,Ar-Raqqa -> Ath-Thawrah -> Jurneyyeh -> Mahmudli,Ar-Raqqa,35.953075,39.006062
8620,Ar-Raqqa -> Ath-Thawrah -> Al-Thawrah -> Al-Thawrah,Ar-Raqqa,35.953075,39.006062
8621,Ar-Raqqa -> Ar-Raqqa -> Maadan -> Maadan,Ar-Raqqa,35.953075,39.006062
8622,Ar-Raqqa -> Ar-Raqqa -> Ar-Raqqa -> Ar-Raqqa,Ar-Raqqa,35.953075,39.006062
8623,Ar-Raqqa -> Ar-Raqqa -> Sabka -> Hweijet Shnan,Ar-Raqqa,35.953075,39.006062
8624,Deir-ez-Zor -> Deir-ez-Zor -> Basira -> Breiha,Deir-ez-Zor,35.331885,40.146071
8625,Al-Hasakeh -> Ras Al Ain -> Ras Al Ain -> Malha,Al-Hasakeh,36.505375,40.742899
8626,Deir-ez-Zor -> Deir-ez-Zor -> Basira -> Daman,Deir-ez-Zor,35.331885,40.146071
8627,Al-Hasakeh -> Al-Hasakeh -> Shadadah -> Eastern Henna,Al-Hasakeh,36.505375,40.742899
8628,Deir-ez-Zor -> Deir-ez-Zor -> Sur -> Sur,Deir-ez-Zor,35.331885,40.146071
8629,Deir-ez-Zor -> Deir-ez-Zor -> Basira -> Basira,Deir-ez-Zor,35.331885,40.146071
8630,Al-Hasakeh -> Al-Hasakeh -> Al-Hasakeh -> Al-Hasakeh,Al-Hasakeh,36.505375,40.742899
8631,Deir-ez-Zor -> Deir-ez-Zor -> Sur -> Rweished,Deir-ez-Zor,35.331885,40.146071
8632,Al-Hasakeh -> Al-Hasakeh -> Shadadah -> Eastern Rashidiyeh,Al-Hasakeh,36.505375,40.742899
8633,Deir-ez-Zor -> Al Mayadin -> Al Mayadin -> Al Mayadin,Deir-ez-Zor,35.331885,40.146071
8634,Deir-ez-Zor -> Deir-ez-Zor -> Deir-ez-Zor -> Deir-ez-Zor -> Al Thawra_ Al Jourah,Deir-ez-Zor,35.331885,40.146071
8635,Deir-ez-Zor -> Deir-ez-Zor -> Deir-ez-Zor -> Jbeileh,Deir-ez-Zor,35.331885,40.146071
8636,Deir-ez-Zor -> Deir-ez-Zor -> Deir-ez-Zor -> Deir-ez-Zor -> Al Jafra,Deir-ez-Zor,35.331885,40.146071
8637,Deir-ez-Zor -> Deir-ez-Zor -> Deir-ez-Zor -> Deir-ez-Zor -> Tashreen_ Harabesh,Deir-ez-Zor,35.331885,40.146071
8638,Al-Hasakeh -> Al-Hasakeh -> Shadadah,Al-Hasakeh,36.505375,40.742899
8639,Aleppo,Aleppo,36.206013,37.15242
8640,Homs,Homs,34.729961,36.719731
8641,Tartous,Tartous,34.886614,35.893349
8642,Damascus,Damascus,33.517175,36.27671
8643,Al-Hasakeh,Al-Hasakeh,36.505375,40.742899
8644,Lattakia -> Lattakia -> Lattakia -> Lattakia -> Squbeen,Lattakia,35.539149,35.789569
8645,Lattakia -> Lattakia -> Lattakia -> Lattakia,Lattakia,35.539149,35.789569
8646,Lattakia -> Jablah -> Jablah -> Jablah,Lattakia,35.539149,35.789569
8647,Idleb,Idleb,35.929008,36.635276
8648,Dar'a,Dar'a,32.624102,36.104944
3422,Quneitra,Quneitra,33.086196,35.87256
8649,As-Sweida,As-Sweida,32.706811,36.567991
8650,Ar-Raqqa,Ar-Raqqa,35.953075,39.006062
8651,Rural Damascus,Rural Damascus,33.324514,36.216111
8652,Lattakia,Lattakia,35.539149,35.789569
8653,Deir-ez-Zor,Deir-ez-Zor,35.331885,40.146071
8654,Hama,Hama,35.133742,36.761291
8655,Aleppo -> Jebel Saman -> Jebel Saman -> Aleppo -> Khaldiyeh,Aleppo,36.206013,37.15242
8656,Rural Damascus -> Duma -> Duma -> Lower Hfeir,Rural Damascus,33.324514,36.216111
8657,Rural Damascus -> Duma -> Nashabiyeh -> Nashabiyeh,Rural Damascus,33.324514,36.216111
8658,Rural Damascus -> Rural Damascus -> Kisweh -> Harjal,Rural Damascus,33.324514,36.216111
8659,Rural Damascus -> Duma -> Duma -> Adra,Rural Damascus,33.324514,36.216111
8660,Rural Damascus -> Duma -> Ghizlaniyyeh -> Ghizlaniyyeh,Rural Damascus,33.324514,36.216111
8661,Aleppo -> Jebel Saman -> Hadher -> Dalama,Aleppo,36.206013,37.15242
8662,Aleppo -> As-Safira -> As-Safira -> Aqrabuz,Aleppo,36.206013,37.15242
8663,Aleppo -> Jebel Saman -> Hadher -> Mreimin Simaan,Aleppo,36.206013,37.15242
8664,Aleppo -> As-Safira -> As-Safira -> Abu Dreikha al Safira,Aleppo,36.206013,37.15242
8665,Aleppo -> Al Bab -> Dayr Hafir -> Tal Ayub,Aleppo,36.206013,37.15242
8666,Aleppo -> As-Safira -> Banan -> Banan,Aleppo,36.206013,37.15242
8667,Aleppo -> As-Safira -> Hajeb -> Hajeb,Aleppo,36.206013,37.15242
8668,Aleppo -> Jebel Saman -> Jebel Saman -> Seifat,Aleppo,36.206013,37.15242
8669,Al-Hasakeh -> Quamishli -> Amuda -> Hettin Amuda,Al-Hasakeh,36.505375,40.742899
8670,Al-Hasakeh -> Al-Hasakeh -> Al-Hasakeh -> Sofya,Al-Hasakeh,36.505375,40.742899
8671,Al-Hasakeh -> Al-Hasakeh -> Al-Hasakeh -> Tal Majdal,Al-Hasakeh,36.505375,40.742899
8672,Deir-ez-Zor -> Al Mayadin -> Ashara -> Quriyeh,Deir-ez-Zor,35.331885,40.146071
8673,Al-Hasakeh -> Al-Hasakeh -> Tal Tamer -> Tal Al-Jazireh,Al-Hasakeh,36.505375,40.742899
8674,Deir-ez-Zor -> Deir-ez-Zor -> Khasham -> Mrat,Deir-ez-Zor,35.331885,40.146071
8675,Al-Hasakeh -> Al-Hasakeh -> Al-Hasakeh -> Tweineh,Al-Hasakeh,36.505375,40.742899
8676,Al-Hasakeh -> Al-Hasakeh -> Tal Tamer -> Tal Hermez,Al-Hasakeh,36.505375,40.742899
8677,Hama -> As-Suqaylabiyah -> Madiq Castle -> Aziziyeh,Hama,35.133742,36.761291
8678,Al-Hasakeh -> Al-Hasakeh -> Tal Tamer -> Um Elkeif,Al-Hasakeh,36.505375,40.742899
8679,Al-Hasakeh -> Al-Hasakeh -> Al-Hasakeh -> Tal Baydar Haskeh,Al-Hasakeh,36.505375,40.742899
8680,Al-Hasakeh -> Ras Al Ain -> Ras Al Ain -> Abu Rasin,Al-Hasakeh,36.505375,40.742899
8681,Al-Hasakeh -> Al-Hasakeh -> Shadadah -> Adla,Al-Hasakeh,36.505375,40.742899
8682,Hama -> Masyaf -> Jeb Ramleh -> Jeb Ramleh,Hama,35.133742,36.761291
8683,Al-Hasakeh -> Al-Hasakeh -> Tal Tamer -> Tal Tamer,Al-Hasakeh,36.505375,40.742899
8684,Al-Hasakeh -> Quamishli -> Qahtaniyyeh -> Qahtaniyyeh,Al-Hasakeh,36.505375,40.742899
8685,Hama -> Muhradah -> Muhradah -> Sifsafiyeh,Hama,35.133742,36.761291
8686,Ar-Raqqa -> Ar-Raqqa -> Maadan -> Little Maghalla,Ar-Raqqa,35.953075,39.006062
8687,Ar-Raqqa -> Ar-Raqqa -> Maadan -> Jaber,Ar-Raqqa,35.953075,39.006062
8688,Ar-Raqqa -> Ar-Raqqa -> Maadan -> Khamisiyeh,Ar-Raqqa,35.953075,39.006062
8689,Ar-Raqqa -> Ar-Raqqa -> Maadan -> Sweida,Ar-Raqqa,35.953075,39.006062
8690,Ar-Raqqa -> Ar-Raqqa -> Maadan -> Atshana,Ar-Raqqa,35.953075,39.006062
8691,Al-Hasakeh -> Quamishli -> Qahtaniyyeh -> Sofiyeh,Al-Hasakeh,36.505375,40.742899
8692,Hama -> As-Suqaylabiyah -> As-Suqaylabiyah -> Hiyalin,Hama,35.133742,36.761291
8693,Ar-Raqqa -> Ar-Raqqa -> Sabka -> Zur Shummar,Ar-Raqqa,35.953075,39.006062
8694,Al-Hasakeh -> Quamishli -> Qahtaniyyeh -> Tanuriyeh,Al-Hasakeh,36.505375,40.742899
8695,Ar-Raqqa -> Ar-Raqqa -> Sabka -> Jabli,Ar-Raqqa,35.953075,39.006062
8696,Ar-Raqqa -> Ar-Raqqa -> Maadan -> Daama,Ar-Raqqa,35.953075,39.006062
8697,Ar-Raqqa -> Ar-Raqqa -> Sabka -> Rahbi,Ar-Raqqa,35.953075,39.006062
8698,Deir-ez-Zor -> Al Mayadin -> Ashara -> Dablan,Deir-ez-Zor,35.331885,40.146071
8699,Ar-Raqqa -> Ar-Raqqa -> Maadan -> Big Maghalla,Ar-Raqqa,35.953075,39.006062
8700,Deir-ez-Zor -> Deir-ez-Zor -> Tabni -> Hawayej Thyab Shamiyeh,Deir-ez-Zor,35.331885,40.146071
8701,Deir-ez-Zor -> Al Mayadin -> Al Mayadin -> Lower Baqras,Deir-ez-Zor,35.331885,40.146071
8702,Deir-ez-Zor -> Deir-ez-Zor -> Deir-ez-Zor -> Baglieh (Deleted),Deir-ez-Zor,35.331885,40.146071
8703,Ar-Raqqa -> Ath-Thawrah -> Mansura -> Debsi Afnan,Ar-Raqqa,35.953075,39.006062
8704,Deir-ez-Zor -> Al Mayadin -> Ashara -> Tishrine,Deir-ez-Zor,35.331885,40.146071
8705,Deir-ez-Zor -> Deir-ez-Zor -> Khasham -> Mathlum,Deir-ez-Zor,35.331885,40.146071
8706,Deir-ez-Zor -> Al Mayadin -> Al Mayadin -> Mahkan,Deir-ez-Zor,35.331885,40.146071
8707,Hama -> As-Suqaylabiyah -> As-Suqaylabiyah -> As-Suqaylabiyah,Hama,35.133742,36.761291
8708,Deir-ez-Zor -> Deir-ez-Zor -> Khasham -> Tabiyet Jazira,Deir-ez-Zor,35.331885,40.146071
8709,Hama -> As-Suqaylabiyah -> Tell Salhib -> Tal Salhab,Hama,35.133742,36.761291
8710,Ar-Raqqa -> Ar-Raqqa -> Maadan -> Namisa,Ar-Raqqa,35.953075,39.006062
8711,Deir-ez-Zor -> Al Mayadin -> Al Mayadin -> Zbara,Deir-ez-Zor,35.331885,40.146071
8712,Hama -> As-Suqaylabiyah -> Madiq Castle -> Rasif,Hama,35.133742,36.761291
8713,Hama -> As-Suqaylabiyah -> Shat-ha -> Lower Shateha,Hama,35.133742,36.761291
8714,Deir-ez-Zor -> Al Mayadin -> Al Mayadin -> Saalu,Deir-ez-Zor,35.331885,40.146071
8715,Deir-ez-Zor -> Al Mayadin -> Ashara -> Sbeikhan,Deir-ez-Zor,35.331885,40.146071
8716,Hama -> Muhradah -> Muhradah -> Muhradah,Hama,35.133742,36.761291
8717,Deir-ez-Zor -> Deir-ez-Zor -> Khasham -> Khasham,Deir-ez-Zor,35.331885,40.146071
8718,Hama -> As-Suqaylabiyah -> As-Suqaylabiyah -> Ein Elkorum,Hama,35.133742,36.761291
8719,Deir-ez-Zor -> Al Mayadin -> Ashara -> Dweir,Deir-ez-Zor,35.331885,40.146071
8720,Hama -> As-Suqaylabiyah -> Tell Salhib -> Abu Faraj,Hama,35.133742,36.761291
8721,Deir-ez-Zor -> Al Mayadin -> Al Mayadin -> Tiba,Deir-ez-Zor,35.331885,40.146071
8722,Hama -> As-Suqaylabiyah -> Tell Salhib -> Asharneh,Hama,35.133742,36.761291
8723,Hama -> Hama -> Suran -> Kawkab,Hama,35.133742,36.761291
8724,Hama -> Hama -> Suran -> Suran,Hama,35.133742,36.761291
8725,Deir-ez-Zor -> Al Mayadin -> Ashara -> Gharibeh,Deir-ez-Zor,35.331885,40.146071
8726,Hama -> Hama -> Suran -> Maan,Hama,35.133742,36.761291
8727,Hama -> Hama -> Hama -> Hama,Hama,35.133742,36.761291
8728,Deir-ez-Zor -> Deir-ez-Zor -> Tabni -> Old Maadan,Deir-ez-Zor,35.331885,40.146071
8729,Hama -> Hama -> Hama -> Kafraa,Hama,35.133742,36.761291
8730,Hama -> As-Suqaylabiyah -> Shat-ha -> Frikeh,Hama,35.133742,36.761291
8731,Deir-ez-Zor -> Deir-ez-Zor -> Deir-ez-Zor -> Hwaijet Saker ,Deir-ez-Zor,35.331885,40.146071
8732,Deir-ez-Zor -> Deir-ez-Zor -> Deir-ez-Zor -> Husseinieh (Archived),Deir-ez-Zor,35.331885,40.146071
8733,Hama -> Hama -> Suran -> Tiba Elemam,Hama,35.133742,36.761291
8734,Hama -> Muhradah -> Muhradah -> Halfaya,Hama,35.133742,36.761291
8735,Rural Damascus -> Duma -> Nashabiyeh -> Deir Salman,Rural Damascus,33.324514,36.216111
8736,Rural Damascus -> Rural Damascus -> Arbin -> Zamalka,Rural Damascus,33.324514,36.216111
8737,Rural Damascus -> Rural Damascus -> Kafr Batna,Rural Damascus,33.324514,36.216111
8738,Rural Damascus -> Duma -> Harasta,Rural Damascus,33.324514,36.216111
3428,Rural Damascus -> Rural Damascus -> Kafr Batna -> Saqba,Rural Damascus,33.324514,36.216111
8739,Rural Damascus -> Rural Damascus -> Maliha -> Deir Elasafir,Rural Damascus,33.324514,36.216111
8740,Rural Damascus -> Duma -> Duma,Rural Damascus,33.324514,36.216111
8741,Rural Damascus -> Rural Damascus -> Arbin -> Arbin,Rural Damascus,33.324514,36.216111
8742,Aleppo -> A'zaz,Aleppo,36.206013,37.15242
8743,Rural Damascus -> Rural Damascus -> Babella -> Babella,Rural Damascus,33.324514,36.216111
8744,Damascus -> Damascus -> Damascus -> Yarmuk,Damascus,33.517175,36.27671
8745,Rural Damascus -> Rural Damascus,Rural Damascus,33.324514,36.216111
8746,Rural Damascus -> Rural Damascus -> Babella -> Beit Sahm,Rural Damascus,33.324514,36.216111
8747,Rural Damascus -> Rural Damascus -> Babella -> Yalda,Rural Damascus,33.324514,36.216111
8748,Rural Damascus -> Duma -> Harasta -> Harasta,Rural Damascus,33.324514,36.216111
8749,Rural Damascus -> Duma -> Nashabiyeh -> Qasemiyeh,Rural Damascus,33.324514,36.216111
8750,Rural Damascus -> Duma -> Nashabiyeh -> Jarba,Rural Damascus,33.324514,36.216111
8751,Rural Damascus -> Duma -> Nashabiyeh -> Otayba,Rural Damascus,33.324514,36.216111
8752,Rural Damascus -> Rural Damascus -> Kafr Batna -> Jisrein,Rural Damascus,33.324514,36.216111
8753,Rural Damascus -> Duma -> Nashabiyeh -> Zamaiyeh,Rural Damascus,33.324514,36.216111
8754,Rural Damascus -> Duma -> Duma -> Hosh Eldawahreh,Rural Damascus,33.324514,36.216111
8755,Rural Damascus -> Rural Damascus -> Kafr Batna -> Ein Terma,Rural Damascus,33.324514,36.216111
8756,Rural Damascus -> Rural Damascus -> Kafr Batna -> Mahmadiyeh,Rural Damascus,33.324514,36.216111
8757,Rural Damascus -> Rural Damascus -> Kafr Batna -> Beit Sawa,Rural Damascus,33.324514,36.216111
8758,Rural Damascus -> Rural Damascus -> Kafr Batna -> Hezzeh,Rural Damascus,33.324514,36.216111
8759,Rural Damascus -> Rural Damascus -> Maliha -> Hatita Al-Jarash,Rural Damascus,33.324514,36.216111
8760,Rural Damascus -> Duma -> Harasta -> Misraba,Rural Damascus,33.324514,36.216111
8761,Rural Damascus -> Duma -> Harasta -> Modira,Rural Damascus,33.324514,36.216111
8762,Rural Damascus -> Duma -> Duma -> Meidaa,Rural Damascus,33.324514,36.216111
8763,Rural Damascus -> Rural Damascus -> Maliha -> Hteitet Elturkman,Rural Damascus,33.324514,36.216111
8764,Rural Damascus -> Rural Damascus -> Kafr Batna -> Kafr Batna,Rural Damascus,33.324514,36.216111
8765,Rural Damascus -> Rural Damascus -> Babella -> Najha,Rural Damascus,33.324514,36.216111
8766,Aleppo -> A'zaz -> Tall Refaat,Aleppo,36.206013,37.15242
8767,Aleppo -> A'zaz -> Nabul -> Nabul,Aleppo,36.206013,37.15242
8768,Rural Damascus -> Rural Damascus -> Maliha -> Maliha,Rural Damascus,33.324514,36.216111
8769,Rural Damascus -> Duma -> Duma -> Duma,Rural Damascus,33.324514,36.216111
8770,Aleppo -> Afrin,Aleppo,36.206013,37.15242
8771,Aleppo -> A'zaz -> Mare' -> Fafin,Aleppo,36.206013,37.15242
8772,Aleppo -> A'zaz -> Nabul -> Zahraa,Aleppo,36.206013,37.15242
8773,Rural Damascus -> Rural Damascus -> Babella -> Hjeireh,Rural Damascus,33.324514,36.216111
8774,Aleppo -> A'zaz -> A'zaz -> Azaz,Aleppo,36.206013,37.15242
8775,Quneitra -> Quneitra -> Khan Arnaba -> Khan Arnaba,Quneitra,33.086196,35.87256
8776,Idleb -> Idleb -> Abul Thohur -> Abul Thohur,Idleb,35.929008,36.635276
8777,Rural Damascus -> Darayya -> Sahnaya -> Sahnaya,Rural Damascus,33.324514,36.216111
8778,Rural Damascus -> Duma -> Nashabiyeh,Rural Damascus,33.324514,36.216111
8779,Aleppo -> A'zaz -> Tall Refaat -> Kafrnaya,Aleppo,36.206013,37.15242
8780,Rural Damascus -> Darayya -> Sahnaya -> Ashrafiet Sahnaya,Rural Damascus,33.324514,36.216111
8781,Rural Damascus -> Rural Damascus -> Kisweh -> Kisweh,Rural Damascus,33.324514,36.216111
8782,Rural Damascus -> Rural Damascus -> Arbin,Rural Damascus,33.324514,36.216111
8783,Rural Damascus -> Duma,Rural Damascus,33.324514,36.216111
8784,Dar'a -> Dar'a -> Ash-Shajara -> Ash-Shajara,Dar'a,32.624102,36.104944
8785,Quneitra -> Quneitra -> Khan Arnaba -> Um Batna,Quneitra,33.086196,35.87256
3462,Quneitra -> Quneitra -> Quneitra -> Breiqa,Quneitra,33.086196,35.87256
8786,Dar'a -> Dar'a -> Dar'a -> Sayda,Dar'a,32.624102,36.104944
8787,Homs -> Ar-Rastan -> Talbiseh -> Ghanto,Homs,34.729961,36.719731
8788,Hama -> Hama -> Harbanifse -> Aqrab,Hama,35.133742,36.761291
8789,Dar'a -> Dar'a -> Kherbet Ghazala -> Eastern Ghariyeh,Dar'a,32.624102,36.104944
8790,Dar'a -> Dar'a -> Dar'a -> Kahil,Dar'a,32.624102,36.104944
8791,Homs -> Homs -> Homs -> Dar Kabira,Homs,34.729961,36.719731
8792,Dar'a -> Dar'a -> Jizeh -> Ghasm,Dar'a,32.624102,36.104944
8793,Hama -> Hama -> Harbanifse -> Talaf,Hama,35.133742,36.761291
8794,Quneitra -> Quneitra -> Khan Arnaba -> Nabe Elsakher,Quneitra,33.086196,35.87256
8795,Quneitra -> Quneitra -> Quneitra -> Bir Ajam,Quneitra,33.086196,35.87256
8796,Dar'a -> Dar'a -> Kherbet Ghazala,Dar'a,32.624102,36.104944
8797,Ar-Raqqa -> Ar-Raqqa -> Maadan,Ar-Raqqa,35.953075,39.006062
8798,Deir-ez-Zor -> Deir-ez-Zor -> Deir-ez-Zor,Deir-ez-Zor,35.331885,40.146071
8799,Quneitra -> Quneitra -> Khan Arnaba -> Majdolieah,Quneitra,33.086196,35.87256
8800,Hama -> Hama -> Hama -> Maar Shohur,Hama,35.133742,36.761291
8801,Hama -> Hama -> Hama -> Dmeineh,Hama,35.133742,36.761291
3463,Quneitra -> Quneitra -> Al-Khashniyyeh -> Rafid,Quneitra,33.086196,35.87256
8802,Quneitra -> Quneitra -> Al-Khashniyyeh -> Esheh,Quneitra,33.086196,35.87256
8803,Hama -> As-Salamiyeh -> As-Salamiyeh -> Jamala,Hama,35.133742,36.761291
8804,Quneitra -> Quneitra -> Khan Arnaba -> Mashara,Quneitra,33.086196,35.87256
8805,Quneitra -> Quneitra -> Al-Khashniyyeh -> Manshiyet Sweisa,Quneitra,33.086196,35.87256
8806,Quneitra -> Quneitra -> Quneitra -> Hameidiyyeh,Quneitra,33.086196,35.87256
8807,Hama -> Hama -> Hama -> Jomaqliyeh,Hama,35.133742,36.761291
8808,Hama -> Hama -> Hama -> Taqsis,Hama,35.133742,36.761291
8809,Hama -> As-Salamiyeh -> As-Salamiyeh -> Tlul Elhomor,Hama,35.133742,36.761291
3436,Quneitra -> Al Fiq -> Fiq -> Sayda,Quneitra,33.086196,35.87256
8810,Quneitra -> Quneitra -> Al-Khashniyyeh -> Maalaqa,Quneitra,33.086196,35.87256
8811,Quneitra -> Quneitra -> Al-Khashniyyeh -> Qarqas,Quneitra,33.086196,35.87256
8812,Quneitra -> Quneitra -> Al-Khashniyyeh -> Qseibeh,Quneitra,33.086196,35.87256
8813,Hama -> Hama -> Harbanifse,Hama,35.133742,36.761291
8814,Hama -> Hama -> Hama -> Amara Aslan,Hama,35.133742,36.761291
8815,Dar'a -> Izra' -> Izra',Dar'a,32.624102,36.104944
8816,Quneitra -> Quneitra -> Khan Arnaba,Quneitra,33.086196,35.87256
8817,Homs -> Ar-Rastan -> Ar-Rastan -> Ar-Rastan,Homs,34.729961,36.719731
8818,Hama -> Hama -> Hama,Hama,35.133742,36.761291
8819,Dar'a -> As-Sanamayn -> Ghabagheb,Dar'a,32.624102,36.104944
8820,Dar'a -> As-Sanamayn -> As-Sanamayn -> As-Sanamayn,Dar'a,32.624102,36.104944
8821,Quneitra -> Quneitra -> Al-Khashniyyeh,Quneitra,33.086196,35.87256
8822,Dar'a -> Dar'a -> Kherbet Ghazala -> Kherbet Ghazala,Dar'a,32.624102,36.104944
8823,Dar'a -> Dar'a -> Jizeh,Dar'a,32.624102,36.104944
8824,Hama -> As-Salamiyeh -> As-Salamiyeh -> As-Salamiyeh,Hama,35.133742,36.761291
8825,Homs -> Homs -> Homs,Homs,34.729961,36.719731
8826,Quneitra -> Al Fiq -> Fiq,Quneitra,33.086196,35.87256
8827,Homs -> Homs -> Ein Elniser -> Ein Elniser,Homs,34.729961,36.719731
8828,Deir-ez-Zor -> Abu Kamal -> Abu Kamal -> Abu Kamal,Deir-ez-Zor,35.331885,40.146071
8829,Deir-ez-Zor -> Abu Kamal -> Hajin -> Gharanij,Deir-ez-Zor,35.331885,40.146071
8830,Deir-ez-Zor -> Al Mayadin -> Thiban -> Thiban,Deir-ez-Zor,35.331885,40.146071
8831,Dar'a -> Izra' -> Tassil -> Tassil,Dar'a,32.624102,36.104944
8832,Aleppo -> Al Bab -> Rasm Haram El-Imam -> Rasm Haram El-Imam,Aleppo,36.206013,37.15242
8833,Aleppo -> Jebel Saman -> Tall Ed-daman -> Tall Ed-daman,Aleppo,36.206013,37.15242
8834,Homs -> Ar-Rastan -> Talbiseh -> Hashemiyeh,Homs,34.729961,36.719731
8835,Quneitra -> Quneitra -> Al-Khashniyyeh -> Kodneh,Quneitra,33.086196,35.87256
8836,Homs -> Homs -> Homs -> Kafr Aaya,Homs,34.729961,36.719731
8837,Homs -> Ar-Rastan -> Talbiseh -> Makrumiyeh,Homs,34.729961,36.719731
8838,Homs -> Ar-Rastan -> Talbiseh -> Zafaraniya,Homs,34.729961,36.719731
3461,Quneitra -> Quneitra -> Khan Arnaba -> Jbata Elkhashab,Quneitra,33.086196,35.87256
8839,Quneitra -> Quneitra -> Khan Arnaba -> Hurriyeh,Quneitra,33.086196,35.87256
8840,Quneitra -> Quneitra -> Khan Arnaba -> Baath,Quneitra,33.086196,35.87256
8841,Quneitra -> Quneitra -> Khan Arnaba -> Tarnaja,Quneitra,33.086196,35.87256
8842,Homs -> Homs -> Homs -> Sakra,Homs,34.729961,36.719731
8843,Homs -> Ar-Rastan -> Talbiseh -> Saan Elosud,Homs,34.729961,36.719731
8844,Homs -> Homs -> Homs -> Tir Maallah,Homs,34.729961,36.719731
8845,Homs -> Homs -> Farqalas -> Farqalas,Homs,34.729961,36.719731
8846,Quneitra -> Quneitra -> Quneitra -> Qahtaniyyeh,Quneitra,33.086196,35.87256
8847,Quneitra -> Quneitra -> Khan Arnaba -> Ofania,Quneitra,33.086196,35.87256
8848,Homs -> Homs -> Taldu -> Taldu,Homs,34.729961,36.719731
8849,Homs -> Homs -> Taldu -> Tal Dahab,Homs,34.729961,36.719731
8850,Homs -> Homs -> Taldu,Homs,34.729961,36.719731
8851,Homs -> Homs -> Kherbet Tin Noor -> Dahieh Ommaliyeh,Homs,34.729961,36.719731
8852,Quneitra -> Quneitra -> Quneitra -> Rweheineh,Quneitra,33.086196,35.87256
8853,Homs -> Ar-Rastan -> Talbiseh -> Talbiseh,Homs,34.729961,36.719731
8854,Quneitra -> Quneitra -> Khan Arnaba -> Momtaneh,Quneitra,33.086196,35.87256
8855,Quneitra -> Quneitra -> Quneitra -> Um Ezam,Quneitra,33.086196,35.87256
8856,Quneitra -> Quneitra -> Quneitra -> Rawadi,Quneitra,33.086196,35.87256
8857,Homs -> Homs -> Homs -> Rayyan,Homs,34.729961,36.719731
8858,Dar'a -> Izra' -> Nawa,Dar'a,32.624102,36.104944
8859,Dar'a -> As-Sanamayn -> As-Sanamayn,Dar'a,32.624102,36.104944
8860,Dar'a -> Izra' -> Hrak,Dar'a,32.624102,36.104944
8861,Deir-ez-Zor -> Deir-ez-Zor -> Deir-ez-Zor -> Ayyash,Deir-ez-Zor,35.331885,40.146071
8862,Quneitra -> Quneitra -> Quneitra -> Quneitra,Quneitra,33.086196,35.87256
3464,Quneitra -> Quneitra -> Al-Khashniyyeh -> Ghadir Elbostan,Quneitra,33.086196,35.87256
8863,Dar'a -> Izra' -> Sheikh Miskine -> Sheikh Miskine,Dar'a,32.624102,36.104944
8864,Dar'a -> Dar'a -> Ash-Shajara -> Abdin,Dar'a,32.624102,36.104944
8865,Deir-ez-Zor -> Deir-ez-Zor -> Tabni -> Tabni,Deir-ez-Zor,35.331885,40.146071
8866,Dar'a -> Dar'a -> Ash-Shajara -> Manshiyet Koya,Dar'a,32.624102,36.104944
8867,Dar'a -> Dar'a -> Ash-Shajara -> Sahm El Golan,Dar'a,32.624102,36.104944
8868,Aleppo -> Menbij -> Al-Khafsa -> Mamura - Mahdum,Aleppo,36.206013,37.15242
8869,Aleppo -> As-Safira -> As-Safira -> Um Amud,Aleppo,36.206013,37.15242
8870,Aleppo -> Menbij -> Al-Khafsa -> Kherbet Shihab,Aleppo,36.206013,37.15242
8871,Aleppo -> Al Bab -> Rasm Haram El-Imam -> Tal Elsus - Abu Sus,Aleppo,36.206013,37.15242
8872,Aleppo -> Menbij -> Al-Khafsa -> Tal Aswad,Aleppo,36.206013,37.15242
8873,Aleppo -> Jebel Saman -> Hadher -> Hadher,Aleppo,36.206013,37.15242
8874,Aleppo -> Menbij -> Maskana -> Ras El Ein Bumane,Aleppo,36.206013,37.15242
8875,Aleppo -> Jebel Saman -> Tall Ed-daman -> Kafr Obeid,Aleppo,36.206013,37.15242
8876,Aleppo -> Menbij -> Al-Khafsa -> Kherbet Elkhathdraf,Aleppo,36.206013,37.15242
8877,Aleppo -> Al Bab -> Eastern Kwaires -> Sheikh Ahmed,Aleppo,36.206013,37.15242
8878,Aleppo -> Al Bab -> Rasm Haram El-Imam -> Zaaraya,Aleppo,36.206013,37.15242
8879,Aleppo -> Menbij -> Menbij -> Big Kharufiyeh,Aleppo,36.206013,37.15242
8880,Aleppo -> Menbij -> Menbij -> Little Kharufiyeh,Aleppo,36.206013,37.15242
8881,Aleppo -> Al Bab -> Tadaf -> Oweishiyeh,Aleppo,36.206013,37.15242
8882,Aleppo -> Menbij -> Al-Khafsa -> Dakhireh,Aleppo,36.206013,37.15242
8883,Aleppo -> Al Bab -> Rasm Haram El-Imam -> Kayariyeh,Aleppo,36.206013,37.15242
8884,Aleppo -> Menbij -> Menbij -> Qanat Elghrra,Aleppo,36.206013,37.15242
8885,Aleppo -> Al Bab -> Al Bab -> Mran,Aleppo,36.206013,37.15242
8886,Aleppo -> Menbij -> Al-Khafsa -> Atshana Jeb Mirri,Aleppo,36.206013,37.15242
8887,Aleppo -> Al Bab -> Tadaf -> Barhalin,Aleppo,36.206013,37.15242
8888,Aleppo -> Menbij -> Menbij -> Rasm Elakhdar,Aleppo,36.206013,37.15242
8889,Aleppo -> Al Bab -> Eastern Kwaires -> Halabiyeh,Aleppo,36.206013,37.15242
8890,Aleppo -> Al Bab -> Eastern Kwaires -> Tal Maksur,Aleppo,36.206013,37.15242
8891,Aleppo -> Menbij -> Al-Khafsa -> Qasr Hadleh,Aleppo,36.206013,37.15242
8892,Aleppo -> Al Bab -> Rasm Haram El-Imam -> Um Elamad Rasm Elharmal,Aleppo,36.206013,37.15242
8893,Aleppo -> Menbij -> Al-Khafsa -> Rasm Elfaleh,Aleppo,36.206013,37.15242
8894,Aleppo -> Al Bab -> Dayr Hafir -> Dayr Hafir,Aleppo,36.206013,37.15242
8895,Aleppo -> Al Bab -> Tadaf -> Abu Jabbar,Aleppo,36.206013,37.15242
8896,Dar'a -> Dar'a -> Mzeireb,Dar'a,32.624102,36.104944
8897,Dar'a -> Dar'a -> Mseifra,Dar'a,32.624102,36.104944
8898,Homs -> Ar-Rastan -> Ar-Rastan,Homs,34.729961,36.719731
8899,Dar'a -> Dar'a -> Busra Esh-Sham,Dar'a,32.624102,36.104944
8900,Homs -> Homs -> Ein Elniser,Homs,34.729961,36.719731
8901,Hama -> As-Salamiyeh -> As-Salamiyeh,Hama,35.133742,36.761291
8902,Dar'a -> Dar'a -> Ash-Shajara,Dar'a,32.624102,36.104944
8903,Hama -> Hama -> Harbanifse -> Hor Bnafsor,Hama,35.133742,36.761291
8904,Dar'a -> As-Sanamayn -> As-Sanamayn -> Hara,Dar'a,32.624102,36.104944
8905,Quneitra -> Quneitra -> Al-Khashniyyeh -> Sweisa,Quneitra,33.086196,35.87256
8906,Dar'a -> As-Sanamayn -> As-Sanamayn -> Khebab,Dar'a,32.624102,36.104944
8907,Dar'a -> Izra' -> Hrak -> Western Maliha,Dar'a,32.624102,36.104944
8908,Homs -> Homs -> Taldu -> Kafr Laha,Homs,34.729961,36.719731
8909,Aleppo -> Jebel Saman -> Jebel Saman -> Azzan,Aleppo,36.206013,37.15242
8910,Aleppo -> Jebel Saman -> Tall Ed-daman -> Eastern Atshana,Aleppo,36.206013,37.15242
8911,Hama -> As-Salamiyeh -> As-Saan -> Rahjan,Hama,35.133742,36.761291
8912,Aleppo -> Jebel Saman -> Tall Ed-daman -> Um Elkaramel,Aleppo,36.206013,37.15242
8913,Hama -> As-Salamiyeh -> As-Saan -> Abul Kusour,Hama,35.133742,36.761291
8914,Aleppo -> Jebel Saman -> Tall Ed-daman -> Tal Masih,Aleppo,36.206013,37.15242
8915,Aleppo -> Jebel Saman -> Tall Ed-daman -> Masih,Aleppo,36.206013,37.15242
8916,Aleppo -> Jebel Saman -> Jebel Saman -> Haddadin,Aleppo,36.206013,37.15242
8917,Aleppo -> Jebel Saman -> Tall Ed-daman -> Majas,Aleppo,36.206013,37.15242
8918,Aleppo -> Jebel Saman -> Jebel Saman -> Wdeihi,Aleppo,36.206013,37.15242
8919,Hama -> As-Salamiyeh -> As-Saan -> Um Sahreej,Hama,35.133742,36.761291
8920,Aleppo -> Jebel Saman -> Tall Ed-daman -> Ballas,Aleppo,36.206013,37.15242
8921,Al-Hasakeh -> Al-Hasakeh -> Markada -> Elwet Eldisheisha,Al-Hasakeh,36.505375,40.742899
8922,Ar-Raqqa -> Ath-Thawrah -> Mansura -> Mansura,Ar-Raqqa,35.953075,39.006062
8923, Al-Hasakeh > Al-Hasakeh > Markada > Markada,Al-Hasakeh,36.505375,40.742899
8924, Deir-ez-Zor > Deir-ez-Zor > Sur > Mweileh,Deir-ez-Zor,35.331885,40.146071
8925, Al-Hasakeh > Al-Hasakeh > Areesheh > Areesheh,Al-Hasakeh,36.505375,40.742899
8926, Deir-ez-Zor > Deir-ez-Zor > Kisreh > Abu Khashab,Deir-ez-Zor,35.331885,40.146071
8927, Al-Hasakeh > Al-Hasakeh > Shadadah > Shaddadah,Al-Hasakeh,36.505375,40.742899
8928, Al-Hasakeh > Al-Malikeyyeh > Ya'robiyah > Ya'robiyah,Al-Hasakeh,36.505375,40.742899
8929, Al-Hasakeh > Al-Malikeyyeh > Jawadiyah > Jawadiyah,Al-Hasakeh,36.505375,40.742899
8930, Al-Hasakeh > Quamishli > Qahtaniyyeh > Qahtaniyyeh,Al-Hasakeh,36.505375,40.742899
8931, Al-Hasakeh > Ras Al Ain > Ras Al Ain > Mabruka,Al-Hasakeh,36.505375,40.742899
8932, Al-Hasakeh > Quamishli > Tal Hmis > Tal Hmis,Al-Hasakeh,36.505375,40.742899
8933, Hama > Hama > Hamra > Hamra,Hama,35.133742,36.761291
8934, Aleppo > Jebel Saman > Jebel Saman > Abtin,Aleppo,36.206013,37.15242
8935, Hama > Hama > Harbanifse > Hor Bnafsor,Hama,35.133742,36.761291
8936, Aleppo > Jebel Saman > Tall Ed-daman > Tall Ed-daman,Aleppo,36.206013,37.15242
8937, Hama > Hama > Harbanifse > Aqrab,Hama,35.133742,36.761291
8938, Ar-Raqqa > Ath-Thawrah > Mansura > Debsi Afnan,Ar-Raqqa,35.953075,39.006062
8939, Ar-Raqqa > Ar-Raqqa > Ar-Raqqa > Ar-Raqqa,Ar-Raqqa,35.953075,39.006062
8940, Hama > As-Salamiyeh > As-Salamiyeh > Tlul Elhomor,Hama,35.133742,36.761291
8941, Hama > As-Salamiyeh > As-Salamiyeh > Jamala,Hama,35.133742,36.761291
8942, Aleppo > Jebel Saman > Hadher > Hadher,Aleppo,36.206013,37.15242
8943, Hama > Hama > Harbanifse > Kherbet Eljame,Hama,35.133742,36.761291
8944, Al-Hasakeh > Al-Hasakeh > Al-Hasakeh > Al-Hasakeh,Al-Hasakeh,36.505375,40.742899
8945, Hama > Hama > Hamra > Zegbeh,Hama,35.133742,36.761291
8946, Deir-ez-Zor > Al Mayadin > Al Mayadin > Al Mayadin,Deir-ez-Zor,35.331885,40.146071
8947, Hama > Hama > Harbanifse > Talaf,Hama,35.133742,36.761291
8948, Deir-ez-Zor > Deir-ez-Zor > Deir-ez-Zor > Deir-ez-Zor,Deir-ez-Zor,35.331885,40.146071
8949, Aleppo > As-Safira > Banan > Banan,Aleppo,36.206013,37.15242
8950, Aleppo > Al Bab > Rasm Haram El-Imam > Zaaraya,Aleppo,36.206013,37.15242
8951, Aleppo > Al Bab > Eastern Kwaires > Sheikh Ahmed,Aleppo,36.206013,37.15242
8952, Aleppo > Al Bab > Rasm Haram El-Imam > Rasm Haram El-Imam,Aleppo,36.206013,37.15242
8953, Aleppo > Al Bab > Rasm Haram El-Imam > Tal Elsus - Abu Sus,Aleppo,36.206013,37.15242
8954, Aleppo > Al Bab > Rasm Haram El-Imam > Um Elamad Rasm Elharmal,Aleppo,36.206013,37.15242
8955, Aleppo > Al Bab > Rasm Haram El-Imam > Kayariyeh,Aleppo,36.206013,37.15242
8956, Homs > Ar-Rastan > Talbiseh > Deir Fool,Homs,34.729961,36.719731
8957, Homs > Homs > Homs > Tir Maallah,Homs,34.729961,36.719731
8958, Homs > Homs > Taldu > Taldu,Homs,34.729961,36.719731
8959, Homs > Homs > Homs > Dar Kabira,Homs,34.729961,36.719731
8960, Homs > Homs > Taldu > Kafr Laha,Homs,34.729961,36.719731
8961, Aleppo > Jebel Saman > Jebel Saman > Wdeihi,Aleppo,36.206013,37.15242
8962, Aleppo > Al Bab > Dayr Hafir > Southern Rasm Elharmal,Aleppo,36.206013,37.15242
8963, Aleppo > Menbij > Al-Khafsa > Qasr Hadleh,Aleppo,36.206013,37.15242
8964, Aleppo > Al Bab > Dayr Hafir > Little Hmeimeh,Aleppo,36.206013,37.15242
8965, Homs > Ar-Rastan > Ar-Rastan > Ar-Rastan,Homs,34.729961,36.719731
8966, Homs > Ar-Rastan > Talbiseh > Talbiseh,Homs,34.729961,36.719731
8967, Al-Hasakeh > Al-Hasakeh > Markada > Elwet Eldisheisha,Al-Hasakeh,36.505375,40.742899
8968, Homs > Homs > Hasyaa > Hasyaa,Homs,34.729961,36.719731
8969, Homs > Tadmor > Tadmor > Tadmor,Homs,34.729961,36.719731
8970, Homs > Homs > Hasyaa > Shamsin,Homs,34.729961,36.719731
8971, Homs > Homs > Qaryatein > Qaryatein,Homs,34.729961,36.719731
8972, Al-Hasakeh > Al-Hasakeh > Hole > Hole,Al-Hasakeh,36.505375,40.742899
8973, Al-Hasakeh > Quamishli > Amuda > Amuda,Al-Hasakeh,36.505375,40.742899
8974, Al-Hasakeh > Al-Malikeyyeh > Al-Malikeyyeh > Al-Malikeyyeh,Al-Hasakeh,36.505375,40.742899
8975, Al-Hasakeh > Quamishli > Quamishli > Quamishli,Al-Hasakeh,36.505375,40.742899
8976, Deir-ez-Zor > Deir-ez-Zor > Sur > Sur,Deir-ez-Zor,35.331885,40.146071
8977, Deir-ez-Zor > Deir-ez-Zor > Deir-ez-Zor > Jbeileh,Deir-ez-Zor,35.331885,40.146071
8978, Ar-Raqqa > Ar-Raqqa > Sabka > Sabka,Ar-Raqqa,35.953075,39.006062
8979, Ar-Raqqa > Ar-Raqqa > Maadan > Maadan,Ar-Raqqa,35.953075,39.006062
8980, Deir-ez-Zor > Deir-ez-Zor > Deir-ez-Zor > Ayyash,Deir-ez-Zor,35.331885,40.146071
8981, Deir-ez-Zor > Abu Kamal > Hajin > Hajin,Deir-ez-Zor,35.331885,40.146071
8982, Deir-ez-Zor > Deir-ez-Zor > Khasham > Khasham,Deir-ez-Zor,35.331885,40.146071
8983, Deir-ez-Zor > Al Mayadin > Thiban > Thiban,Deir-ez-Zor,35.331885,40.146071
8984, Deir-ez-Zor > Al Mayadin > Thiban > Hawayej,Deir-ez-Zor,35.331885,40.146071
8985, Deir-ez-Zor > Abu Kamal > Hajin > Kishkiyeh,Deir-ez-Zor,35.331885,40.146071
8986, Deir-ez-Zor > Al Mayadin > Thiban > Ragib,Deir-ez-Zor,35.331885,40.146071
8987, Deir-ez-Zor > Abu Kamal > Susat > Marashdeh,Deir-ez-Zor,35.331885,40.146071
8988, Deir-ez-Zor > Abu Kamal > Hajin > Gharanij,Deir-ez-Zor,35.331885,40.146071
8989, Deir-ez-Zor > Abu Kamal > Susat > Shafa,Deir-ez-Zor,35.331885,40.146071
8990, Deir-ez-Zor > Abu Kamal > Susat > Upper Baguz,Deir-ez-Zor,35.331885,40.146071
8991, Deir-ez-Zor > Abu Kamal > Susat > Bubadran,Deir-ez-Zor,35.331885,40.146071
8992, Deir-ez-Zor > Al Mayadin > Thiban > Sweidan Jazira,Deir-ez-Zor,35.331885,40.146071
8993, Deir-ez-Zor > Deir-ez-Zor > Khasham > Jdidet Bikara,Deir-ez-Zor,35.331885,40.146071
8994, Deir-ez-Zor > Al Mayadin > Thiban > Hawi Thibyan,Deir-ez-Zor,35.331885,40.146071
8995, Deir-ez-Zor > Abu Kamal > Susat > Sosa,Deir-ez-Zor,35.331885,40.146071
8996, Deir-ez-Zor > Al Mayadin > Thiban > Abu Hardoub,Deir-ez-Zor,35.331885,40.146071
8997, Deir-ez-Zor > Al Mayadin > Thiban > Karama,Deir-ez-Zor,35.331885,40.146071
8998, Deir-ez-Zor > Deir-ez-Zor > Khasham > Jdid Ekeidat,Deir-ez-Zor,35.331885,40.146071
8999, Deir-ez-Zor > Al Mayadin > Thiban > Darnaj,Deir-ez-Zor,35.331885,40.146071
9000, Deir-ez-Zor > Deir-ez-Zor > Khasham > Tabiyet Jazira,Deir-ez-Zor,35.331885,40.146071
9001, Deir-ez-Zor > Al Mayadin > Thiban > Tayyana,Deir-ez-Zor,35.331885,40.146071
9002, Deir-ez-Zor > Deir-ez-Zor > Khasham > Mathlum,Deir-ez-Zor,35.331885,40.146071
9003, Deir-ez-Zor > Al Mayadin > Thiban > Eastern Jarda,Deir-ez-Zor,35.331885,40.146071
9004, Deir-ez-Zor > Deir-ez-Zor > Khasham > Dahleh,Deir-ez-Zor,35.331885,40.146071
9005, Deir-ez-Zor > Deir-ez-Zor > Khasham > Mrat,Deir-ez-Zor,35.331885,40.146071
9006, Deir-ez-Zor > Abu Kamal > Hajin > Abu Hamam,Deir-ez-Zor,35.331885,40.146071
9007, Deir-ez-Zor > Deir-ez-Zor > Khasham > Sadouni,Deir-ez-Zor,35.331885,40.146071
9008, Al-Hasakeh > Al-Hasakeh > Tal Tamer > Tal Tamer,Al-Hasakeh,36.505375,40.742899
9009, Deir-ez-Zor > Deir-ez-Zor > Kisreh > Jazaret Elbuhmeid,Deir-ez-Zor,35.331885,40.146071
9010, Deir-ez-Zor > Deir-ez-Zor > Kisreh > Kasra,Deir-ez-Zor,35.331885,40.146071
9011, Deir-ez-Zor > Deir-ez-Zor > Kisreh > Sawa,Deir-ez-Zor,35.331885,40.146071
9012, Ar-Raqqa > Ath-Thawrah > Al-Thawrah > Al-Thawrah,Ar-Raqqa,35.953075,39.006062
9013, Al-Hasakeh > Al-Malikeyyeh > Al-Malikeyyeh > Maabada,Al-Hasakeh,36.505375,40.742899
9014, Al-Hasakeh > Ras Al Ain > Darbasiyah,Al-Hasakeh,36.505375,40.742899
9015, Al-Hasakeh > Al-Hasakeh > Tal Tamer > Um Elkeif,Al-Hasakeh,36.505375,40.742899
9016, Al-Hasakeh > Al-Hasakeh > Al-Hasakeh > Kawkab (Al-Hasakeh),Al-Hasakeh,36.505375,40.742899
9017, Al-Hasakeh > Al-Hasakeh > Shadadah > Rumaylan,Al-Hasakeh,36.505375,40.742899
9018, Ar-Raqqa > Ar-Raqqa > Sabka > Rahbi,Ar-Raqqa,35.953075,39.006062
9019, Al-Hasakeh > Quamishli > Quamishli > Tal Elthahab Qameshli,Al-Hasakeh,36.505375,40.742899
9020, Al-Hasakeh > Ras Al Ain > Ras Al Ain,Al-Hasakeh,36.505375,40.742899
9021, Al-Hasakeh > Al-Hasakeh > Be'r Al-Hulo Al-Wardeyyeh > Um Eltawarij,Al-Hasakeh,36.505375,40.742899
9022, Ar-Raqqa > Ath-Thawrah > Mansura > Debsi Faraj,Ar-Raqqa,35.953075,39.006062
9023, Al-Hasakeh > Al-Hasakeh > Al-Hasakeh > Tweineh,Al-Hasakeh,36.505375,40.742899
9024, Ar-Raqqa > Ar-Raqqa > Maadan > Khamisiyeh,Ar-Raqqa,35.953075,39.006062
9025, Deir-ez-Zor > Abu Kamal > Hajin,Deir-ez-Zor,35.331885,40.146071
9026, Deir-ez-Zor > Abu Kamal > Abu Kamal,Deir-ez-Zor,35.331885,40.146071
9027, Deir-ez-Zor > Deir-ez-Zor > Basira,Deir-ez-Zor,35.331885,40.146071
9028, Deir-ez-Zor > Al Mayadin > Al Mayadin,Deir-ez-Zor,35.331885,40.146071
9029, Al-Hasakeh > Al-Hasakeh > Al-Hasakeh > Al-Hasakeh > 16 Tashreen ,Al-Hasakeh,36.505375,40.742899
9030, Aleppo > Menbij > Abu Qalqal,Aleppo,36.206013,37.15242
9031, Al-Hasakeh > Quamishli > Quamishli,Al-Hasakeh,36.505375,40.742899
9032, Al-Hasakeh > Al-Hasakeh > Areesheh,Al-Hasakeh,36.505375,40.742899
9033, Al-Hasakeh > Al-Hasakeh > Hole,Al-Hasakeh,36.505375,40.742899
9034, Al-Hasakeh > Al-Hasakeh > Shadadah,Al-Hasakeh,36.505375,40.742899
9035, Ar-Raqqa > Ar-Raqqa > Maadan,Ar-Raqqa,35.953075,39.006062
9036, Al-Hasakeh > Al-Malikeyyeh > Jawadiyah,Al-Hasakeh,36.505375,40.742899
9037, Al-Hasakeh > Al-Hasakeh > Al-Hasakeh,Al-Hasakeh,36.505375,40.742899
9038, Ar-Raqqa > Ar-Raqqa > Karama,Ar-Raqqa,35.953075,39.006062
9039, Ar-Raqqa > Ar-Raqqa > Ar-Raqqa,Ar-Raqqa,35.953075,39.006062
9040, Deir-ez-Zor > Deir-ez-Zor > Deir-ez-Zor,Deir-ez-Zor,35.331885,40.146071
9041, Ar-Raqqa > Ar-Raqqa > Sabka,Ar-Raqqa,35.953075,39.006062
9042, Rural Damascus > An Nabk > Deir Attiyeh,Rural Damascus,33.324514,36.216111
9043, Aleppo > Jebel Saman > Haritan,Aleppo,36.206013,37.15242
9044, Aleppo > Jebel Saman > Hadher > Shgheidleh,Aleppo,36.206013,37.15242
9045, Aleppo > Jebel Saman > Tall Ed-daman > Arjel,Aleppo,36.206013,37.15242
9046, Aleppo > Jebel Saman > Atareb,Aleppo,36.206013,37.15242
9047, Aleppo > Jebel Saman > Zarbah,Aleppo,36.206013,37.15242
9048, Rural Damascus > Rural Damascus > Babella,Rural Damascus,33.324514,36.216111
9049, Rural Damascus > Darayya > Hajar Aswad,Rural Damascus,33.324514,36.216111
9050, Rural Damascus > Duma > Duma,Rural Damascus,33.324514,36.216111
9051, Rural Damascus > At Tall > At Tall,Rural Damascus,33.324514,36.216111
9052, Aleppo > A'zaz > Tall Refaat > Ahras,Aleppo,36.206013,37.15242
9053, Rural Damascus > Duma > Harasta,Rural Damascus,33.324514,36.216111
9054, Rural Damascus > Darayya > Markaz Darayya,Rural Damascus,33.324514,36.216111
9055, Aleppo > Jebel Saman > Jebel Saman,Aleppo,36.206013,37.15242
9056, Deir-ez-Zor > Deir-ez-Zor > Khasham,Deir-ez-Zor,35.331885,40.146071
9057, Deir-ez-Zor > Deir-ez-Zor > Kisreh,Deir-ez-Zor,35.331885,40.146071
9058, Aleppo > Menbij > Menbij > Menbij,Aleppo,36.206013,37.15242
9059, Deir-ez-Zor > Deir-ez-Zor > Tabni,Deir-ez-Zor,35.331885,40.146071
9060, Deir-ez-Zor > Al Mayadin > Ashara,Deir-ez-Zor,35.331885,40.146071
9061, Al-Hasakeh > Al-Hasakeh > Al-Hasakeh > Tal Majdal,Al-Hasakeh,36.505375,40.742899
9062, Al-Hasakeh > Al-Hasakeh > Tal Tamer > Ghorra,Al-Hasakeh,36.505375,40.742899
9063, Al-Hasakeh > Al-Hasakeh > Tal Tamer > Tal Hermez,Al-Hasakeh,36.505375,40.742899
9064, Ar-Raqqa > Ar-Raqqa > Ar-Raqqa > Hazimeh,Ar-Raqqa,35.953075,39.006062
9065, Al-Hasakeh > Al-Hasakeh > Areesheh > Zein Elmabraj,Al-Hasakeh,36.505375,40.742899
9066, Al-Hasakeh > Al-Hasakeh > Areesheh > Um Madfaa,Al-Hasakeh,36.505375,40.742899
9067, Ar-Raqqa > Ar-Raqqa > Ar-Raqqa > Qahtaniyyeh,Ar-Raqqa,35.953075,39.006062
9068, Al-Hasakeh > Al-Hasakeh > Tal Tamer,Al-Hasakeh,36.505375,40.742899
9069, Al-Hasakeh > Ras Al Ain > Ras Al Ain > Abu Rasin,Al-Hasakeh,36.505375,40.742899
9070, Al-Hasakeh > Quamishli > Qahtaniyyeh,Al-Hasakeh,36.505375,40.742899
9071, Al-Hasakeh > Al-Malikeyyeh > Ya'robiyah,Al-Hasakeh,36.505375,40.742899
9072, Al-Hasakeh > Quamishli > Amuda,Al-Hasakeh,36.505375,40.742899
9073, Aleppo > A'zaz > Tall Refaat,Aleppo,36.206013,37.15242
9074, Al-Hasakeh > Al-Hasakeh > Be'r Al-Hulo Al-Wardeyyeh,Al-Hasakeh,36.505375,40.742899
9075, Al-Hasakeh > Quamishli > Tal Hmis,Al-Hasakeh,36.505375,40.742899
9076, Al-Hasakeh > Al-Hasakeh > Be'r Al-Hulo Al-Wardeyyeh > Bir Elhilu,Al-Hasakeh,36.505375,40.742899
9077, Al-Hasakeh > Ras Al Ain > Darbasiyah > Darbasiyah,Al-Hasakeh,36.505375,40.742899
9078, Al-Hasakeh > Al-Hasakeh > Be'r Al-Hulo Al-Wardeyyeh > Tal Brak,Al-Hasakeh,36.505375,40.742899
9079, Al-Hasakeh > Quamishli > Tal Hmis > Khweitleh Reidat,Al-Hasakeh,36.505375,40.742899
9080, Al-Hasakeh > Quamishli > Quamishli > Big Dalawiya,Al-Hasakeh,36.505375,40.742899
9081, Al-Hasakeh > Al-Malikeyyeh > Ya'robiyah > Kharab Eljir,Al-Hasakeh,36.505375,40.742899
9082, Al-Hasakeh > Al-Malikeyyeh > Ya'robiyah > Big Shofa,Al-Hasakeh,36.505375,40.742899
9083, Al-Hasakeh > Al-Hasakeh > Be'r Al-Hulo Al-Wardeyyeh > Kherbet Elsweifat,Al-Hasakeh,36.505375,40.742899
9084, Al-Hasakeh > Quamishli > Quamishli > Kherbet Amu,Al-Hasakeh,36.505375,40.742899
9085, Al-Hasakeh > Al-Malikeyyeh > Ya'robiyah > Lower Kherbet Elbir,Al-Hasakeh,36.505375,40.742899
9086, Al-Hasakeh > Ras Al Ain > Darbasiyah > Rashidiyeh Derbasiyeh,Al-Hasakeh,36.505375,40.742899
9087, Al-Hasakeh > Quamishli > Tal Hmis > Rehiyeh Sawda,Al-Hasakeh,36.505375,40.742899
9088, Al-Hasakeh > Quamishli > Tal Hmis > Sadiyeh,Al-Hasakeh,36.505375,40.742899
9089, Al-Hasakeh > Quamishli > Tal Hmis > Kherbet Elahmir,Al-Hasakeh,36.505375,40.742899
9090, Al-Hasakeh > Quamishli > Quamishli > Upper Big Um Jfar,Al-Hasakeh,36.505375,40.742899
9091, Al-Hasakeh > Quamishli > Qahtaniyyeh > Khweitleh Eljawaleh,Al-Hasakeh,36.505375,40.742899
9092, Al-Hasakeh > Ras Al Ain > Darbasiyah > Saadia Derbasiya,Al-Hasakeh,36.505375,40.742899
9093, Al-Hasakeh > Ras Al Ain > Darbasiyah > Dabash,Al-Hasakeh,36.505375,40.742899
9094, Al-Hasakeh > Quamishli > Tal Hmis > Um Gadir,Al-Hasakeh,36.505375,40.742899
9095, Al-Hasakeh > Quamishli > Tal Hmis > Zarqaa,Al-Hasakeh,36.505375,40.742899
9096, Al-Hasakeh > Al-Hasakeh > Tal Tamer > Abu Tineh,Al-Hasakeh,36.505375,40.742899
9097, Al-Hasakeh > Quamishli > Tal Hmis > Western Tuhama,Al-Hasakeh,36.505375,40.742899
9098, Al-Hasakeh > Quamishli > Tal Hmis > Tharan,Al-Hasakeh,36.505375,40.742899
9099, Al-Hasakeh > Al-Malikeyyeh > Ya'robiyah > Upper Eastern Arja,Al-Hasakeh,36.505375,40.742899
9100, Al-Hasakeh > Quamishli > Tal Hmis > Big Lower Haswiyeh,Al-Hasakeh,36.505375,40.742899
9101, Al-Hasakeh > Quamishli > Qahtaniyyeh > Tawil,Al-Hasakeh,36.505375,40.742899
9102, Al-Hasakeh > Quamishli > Tal Hmis > Msheirfet Elhomor,Al-Hasakeh,36.505375,40.742899
9103, Al-Hasakeh > Quamishli > Tal Hmis > Yathreb,Al-Hasakeh,36.505375,40.742899
9104, Al-Hasakeh > Quamishli > Quamishli > Buladiyeh,Al-Hasakeh,36.505375,40.742899
9105, Al-Hasakeh > Quamishli > Tal Hmis > Eastern Harset Elrad,Al-Hasakeh,36.505375,40.742899
9106, Al-Hasakeh > Quamishli > Tal Hmis > Farfara Tal Hmis,Al-Hasakeh,36.505375,40.742899
9107, Rural Damascus > Duma > Nashabiyeh > Widyan Elrabee,Rural Damascus,33.324514,36.216111
9108, Rural Damascus > Duma > Nashabiyeh > Otayba,Rural Damascus,33.324514,36.216111
9109, Rural Damascus > Duma > Nashabiyeh > Nashabiyeh,Rural Damascus,33.324514,36.216111
9110, Dar'a > Dar'a > Dar'a > Atman,Dar'a,32.624102,36.104944
9111, Quneitra > Quneitra > Khan Arnaba > Tarnaja,Quneitra,33.086196,35.87256
9112, Rural Damascus > Rural Damascus > Kafr Batna > Kafr Batna,Rural Damascus,33.324514,36.216111
9113, Rural Damascus > Rural Damascus > Kafr Batna > Ein Terma,Rural Damascus,33.324514,36.216111
9114, Rural Damascus > Rural Damascus > Kafr Batna > Saqba,Rural Damascus,33.324514,36.216111
9115, Dar'a > As-Sanamayn > Ghabagheb > Deir Eladas,Dar'a,32.624102,36.104944
9116, Rural Damascus > Duma > Nashabiyeh > Zamaiyeh,Rural Damascus,33.324514,36.216111
9117, Dar'a > Izra' > Hrak > Hrak,Dar'a,32.624102,36.104944
9118, Rural Damascus > Duma > Harasta > Modira,Rural Damascus,33.324514,36.216111
9119, Dar'a > Izra' > Izra' > Bisr Elharir,Dar'a,32.624102,36.104944
9120, Dar'a > Izra' > Nawa > Nawa,Dar'a,32.624102,36.104944
9121, Rural Damascus > Duma > Duma > Btihet Elwafedine,Rural Damascus,33.324514,36.216111
9122, Dar'a > Dar'a > Kherbet Ghazala > Kherbet Ghazala,Dar'a,32.624102,36.104944
9123, Rural Damascus > Duma > Duma > Duma,Rural Damascus,33.324514,36.216111
9124, Dar'a > Izra' > Sheikh Miskine > Sheikh Miskine,Dar'a,32.624102,36.104944
9125, Quneitra > Quneitra > Khan Arnaba > Jbata Elkhashab,Quneitra,33.086196,35.87256
9126, Dar'a > Dar'a > Dar'a > Dar'a,Dar'a,32.624102,36.104944
9127, Quneitra > Quneitra > Khan Arnaba > Mashara,Quneitra,33.086196,35.87256
9128, Dar'a > Dar'a > Ash-Shajara > Ash-Shajara,Dar'a,32.624102,36.104944
9129, Dar'a > Izra' > Jasim > Nimer,Dar'a,32.624102,36.104944
9130, Rural Damascus > Rural Damascus > Qudsiya > New Dahiet Qdosiya Elsakina,Rural Damascus,33.324514,36.216111
9131, Rural Damascus > Rural Damascus > Kafr Batna > Hammura,Rural Damascus,33.324514,36.216111
9132, Rural Damascus > Duma > Harasta > Harasta,Rural Damascus,33.324514,36.216111
9133, Rural Damascus > Rural Damascus > Arbin > Arbin,Rural Damascus,33.324514,36.216111
9134, Rural Damascus > Rural Damascus > Kafr Batna > Jisrein,Rural Damascus,33.324514,36.216111
9135, Dar'a > Izra' > Nawa > Nasriyeh,Dar'a,32.624102,36.104944
9136, Dar'a > Izra' > Nawa > Sheikh Saed,Dar'a,32.624102,36.104944
9137, Rural Damascus > Rural Damascus > Kafr Batna > Mahmadiyeh,Rural Damascus,33.324514,36.216111
9138, Dar'a > Izra' > Nawa > Sokkariyeh,Dar'a,32.624102,36.104944
9139, Rural Damascus > Rural Damascus > Kafr Batna > Eftreis,Rural Damascus,33.324514,36.216111
9140, Dar'a > Dar'a > Kherbet Ghazala > Alma,Dar'a,32.624102,36.104944
9141, Dar'a > Izra' > Hrak > Nahta,Dar'a,32.624102,36.104944
9142, Dar'a > Izra' > Izra' > Izra',Dar'a,32.624102,36.104944
9143, Rural Damascus > Duma > Nashabiyeh > Deir Salman,Rural Damascus,33.324514,36.216111
9144, Rural Damascus > Duma > Nashabiyeh > Harasta Elqantara,Rural Damascus,33.324514,36.216111
9145, Rural Damascus > Duma > Nashabiyeh > Beit Nayem,Rural Damascus,33.324514,36.216111
9146, Dar'a > Izra' > Hrak > Western Maliha,Dar'a,32.624102,36.104944
9147, Rural Damascus > Duma > Nashabiyeh > Nula,Rural Damascus,33.324514,36.216111
9148, Dar'a > Izra' > Hrak > Eastern Maliha,Dar'a,32.624102,36.104944
9149, Rural Damascus > Duma > Nashabiyeh > Qisa,Rural Damascus,33.324514,36.216111
9150, Rural Damascus > Duma > Nashabiyeh > Qasemiyeh,Rural Damascus,33.324514,36.216111
9151, Rural Damascus > An Nabk > Deir Attiyeh > Deir Attiyeh,Rural Damascus,33.324514,36.216111
9152, Dar'a > Dar'a > Mzeireb > Mzeireb,Dar'a,32.624102,36.104944
9153, Rural Damascus > Darayya > Markaz Darayya > Darayya,Rural Damascus,33.324514,36.216111
9154, Rural Damascus > Az-Zabdani > Ein Elfijeh > Ein Elfijeh,Rural Damascus,33.324514,36.216111
9155, Dar'a > As-Sanamayn > As-Sanamayn > As-Sanamayn,Dar'a,32.624102,36.104944
9156, Rural Damascus > Al Qutayfah > Al Qutayfah > Al Qutayfah,Rural Damascus,33.324514,36.216111
9157, Rural Damascus > Al Qutayfah > Ma'loula > Ma'loula,Rural Damascus,33.324514,36.216111
9158, Rural Damascus > Qatana > Sa'sa' > Sa'sa',Rural Damascus,33.324514,36.216111
9159, Rural Damascus > At Tall > Rankus > Rankus,Rural Damascus,33.324514,36.216111
9160, Dar'a > Dar'a > Busra Esh-Sham > Busra Esh-Sham,Dar'a,32.624102,36.104944
9161, Rural Damascus > Duma > Ghizlaniyyeh > Ghizlaniyyeh,Rural Damascus,33.324514,36.216111
9162, Rural Damascus > At Tall > Sidnaya > Sidnaya,Rural Damascus,33.324514,36.216111
9163, Rural Damascus > Qatana > Bait Jan > Bait Jan,Rural Damascus,33.324514,36.216111
9164, Rural Damascus > Duma > Dhameer > Dhameer,Rural Damascus,33.324514,36.216111
9165, Dar'a > Dar'a > Mseifra > Mseifra,Dar'a,32.624102,36.104944
9166, Rural Damascus > Qatana > Qatana > Qatana,Rural Damascus,33.324514,36.216111
9167, Dar'a > As-Sanamayn > Ghabagheb > Ghabagheb,Dar'a,32.624102,36.104944
9168, Rural Damascus > Darayya > Sahnaya > Sahnaya,Rural Damascus,33.324514,36.216111
9169, Dar'a > Dar'a > Jizeh > Jizeh,Dar'a,32.624102,36.104944
9170, Rural Damascus > Duma > Sabe Byar > Sabe Byar,Rural Damascus,33.324514,36.216111
9171, Rural Damascus > Rural Damascus > Kisweh > Kisweh,Rural Damascus,33.324514,36.216111
9172, Dar'a > Dar'a > Da'el > Da'el,Dar'a,32.624102,36.104944
9173, Quneitra > Quneitra > Khan Arnaba > Khan Arnaba,Quneitra,33.086196,35.87256
9174, Dar'a > Izra' > Jasim > Jasim,Dar'a,32.624102,36.104944
9175, Dar'a > As-Sanamayn > Masmiyyeh > Masmiyyeh,Dar'a,32.624102,36.104944
9176, Rural Damascus > At Tall > At Tall > At Tall,Rural Damascus,33.324514,36.216111
9177, Rural Damascus > Rural Damascus > Maliha > Maliha,Rural Damascus,33.324514,36.216111
9178, Rural Damascus > Yabroud > Yabroud > Yabroud,Rural Damascus,33.324514,36.216111
9179, Rural Damascus > An Nabk > An Nabk > An Nabk,Rural Damascus,33.324514,36.216111
9180, Rural Damascus > Rural Damascus > Babella > Babella,Rural Damascus,33.324514,36.216111
9181, Quneitra > Quneitra > Al-Khashniyyeh > Sweisa,Quneitra,33.086196,35.87256
9182, Quneitra > Quneitra > Quneitra > Hameidiyyeh,Quneitra,33.086196,35.87256
9183, Rural Damascus > Rural Damascus > Kafr Batna > Beit Sawa,Rural Damascus,33.324514,36.216111
9184, Quneitra > Quneitra > Quneitra > Breiqa,Quneitra,33.086196,35.87256
9185, Rural Damascus > Az-Zabdani > Az-Zabdani > Az-Zabdani,Rural Damascus,33.324514,36.216111
9186, Dar'a > Dar'a > Ash-Shajara > Abdin,Dar'a,32.624102,36.104944
9187, Dar'a > Dar'a > Mzeireb > Tafs,Dar'a,32.624102,36.104944
9188, Dar'a > Dar'a > Ash-Shajara > Koya,Dar'a,32.624102,36.104944
9189, Dar'a > Dar'a > Dar'a > Nasib,Dar'a,32.624102,36.104944
9190, Dar'a > Dar'a > Ash-Shajara > Arda,Dar'a,32.624102,36.104944
9191, Quneitra > Quneitra > Quneitra > Quneitra,Quneitra,33.086196,35.87256
9192, Rural Damascus > Rural Damascus > Maliha > Shabaa,Rural Damascus,33.324514,36.216111
9193, Rural Damascus > Rural Damascus > Qudsiya > Qudsiya,Rural Damascus,33.324514,36.216111
9194, Rural Damascus > Rural Damascus > Jaramana > Jaramana,Rural Damascus,33.324514,36.216111
9195, Dar'a > Izra' > Hrak > Rikhim,Dar'a,32.624102,36.104944
9196, Dar'a > Izra' > Hrak > Sura,Dar'a,32.624102,36.104944
9197, Quneitra > Quneitra > Al-Khashniyyeh > Ein Eltineh,Quneitra,33.086196,35.87256
9198, Quneitra > Quneitra > Khan Arnaba > Hadar,Quneitra,33.086196,35.87256
9199, Quneitra > Quneitra > Khan Arnaba > Ofania,Quneitra,33.086196,35.87256
9200, Quneitra > Quneitra > Khan Arnaba > Um Batna,Quneitra,33.086196,35.87256
9201, Dar'a > Dar'a > Kherbet Ghazala > Western Ghariyeh,Dar'a,32.624102,36.104944
9202, Dar'a > Dar'a > Kherbet Ghazala > Eastern Ghariyeh,Dar'a,32.624102,36.104944
9203, Dar'a > Dar'a > Da'el > Abtaa,Dar'a,32.624102,36.104944
9204, Dar'a > Izra' > Sheikh Miskine > Namer,Dar'a,32.624102,36.104944
9205, Rural Damascus > Rural Damascus > Qudsiya > Hama,Rural Damascus,33.324514,36.216111
9206, Rural Damascus > Al Qutayfah > Al Qutayfah > Madamiyet Elqalmun,Rural Damascus,33.324514,36.216111
9207, Rural Damascus > Al Qutayfah > Jirud > Atna,Rural Damascus,33.324514,36.216111
9208, Rural Damascus > Al Qutayfah > Jirud > Jirud,Rural Damascus,33.324514,36.216111
9209, Rural Damascus > Duma > Duma > Adra,Rural Damascus,33.324514,36.216111
9210, Rural Damascus > Duma > Harasta > Misraba,Rural Damascus,33.324514,36.216111
9211, Rural Damascus > Darayya > Markaz Darayya > Madamiyet Elsham,Rural Damascus,33.324514,36.216111
9212, Rural Damascus > Al Qutayfah > Jirud > Nasriyeh,Rural Damascus,33.324514,36.216111
9213, Rural Damascus > Duma > Harasta > Dahiet Elasad,Rural Damascus,33.324514,36.216111
9214, Rural Damascus > Rural Damascus > Babella > Sayyeda Zeinab,Rural Damascus,33.324514,36.216111
9215, Dar'a > As-Sanamayn > As-Sanamayn > Hara,Dar'a,32.624102,36.104944
9216, Rural Damascus > Rural Damascus > Arbin > Zamalka,Rural Damascus,33.324514,36.216111
9217, Dar'a > Izra' > Izra' > Mlihet Elatash,Dar'a,32.624102,36.104944
9218, Rural Damascus > Duma > Duma > Meidaa,Rural Damascus,33.324514,36.216111
9219, Rural Damascus > Rural Damascus > Kafr Batna > Hezzeh,Rural Damascus,33.324514,36.216111
9220, Rural Damascus > Duma > Duma > Hosh Elfara,Rural Damascus,33.324514,36.216111
9221, Rural Damascus > Duma > Duma > Hosh Eldawahreh,Rural Damascus,33.324514,36.216111
9222, Rural Damascus > Rural Damascus > Maliha > Hteitet Elturkman,Rural Damascus,33.324514,36.216111
9223, Rural Damascus > Duma > Duma > Rihan,Rural Damascus,33.324514,36.216111
9224, Rural Damascus > Duma > Duma > Shafuniyeh,Rural Damascus,33.324514,36.216111
9225, Rural Damascus > Duma > Nashabiyeh > Jarba,Rural Damascus,33.324514,36.216111
9226, Quneitra > Quneitra > Quneitra > Bir Ajam,Quneitra,33.086196,35.87256
9227, Dar'a > Izra' > Tassil > Tassil,Dar'a,32.624102,36.104944
9228, Quneitra > Quneitra > Khan Arnaba > Kalidiyeh,Quneitra,33.086196,35.87256
9229, Quneitra > Quneitra > Khan Arnaba > Kom Elbasha,Quneitra,33.086196,35.87256
9230, Quneitra > Quneitra > Khan Arnaba > Nabe Elsakher,Quneitra,33.086196,35.87256
9231, Quneitra > Quneitra > Quneitra > Rweheineh,Quneitra,33.086196,35.87256
9232, Al-Hasakeh > Al-Hasakeh > Tal Tamer > Al Madina,Al-Hasakeh,36.505375,40.742899
9233, Ar-Raqqa > Ar-Raqqa > Ar-Raqqa > Andalus,Ar-Raqqa,35.953075,39.006062
9234, Ar-Raqqa > Tell Abiad > Ein Issa > Arida Ojeil,Ar-Raqqa,35.953075,39.006062
9235, Ar-Raqqa > Ar-Raqqa > Ar-Raqqa > Rashidiyeh,Ar-Raqqa,35.953075,39.006062
9236, Ar-Raqqa,Ar-Raqqa,35.953075,39.006062
9237, Quneitra,Quneitra,33.086196,35.87256
9238, Hama,Hama,35.133742,36.761291
9239, Homs,Homs,34.729961,36.719731
9240, Al-Hasakeh,Al-Hasakeh,36.505375,40.742899
9241, Tartous,Tartous,34.886614,35.893349
9242, Aleppo,Aleppo,36.206013,37.15242
9243, Rural Damascus,Rural Damascus,33.324514,36.216111
9244, Deir-ez-Zor,Deir-ez-Zor,35.331885,40.146071
9245, Dar'a,Dar'a,32.624102,36.104944
9246, As-Sweida,As-Sweida,32.706811,36.567991
9247, Lattakia,Lattakia,35.539149,35.789569
9248, Damascus,Damascus,33.517175,36.27671
9249, Aleppo > Jebel Saman > Zarbah > Zarbah,Aleppo,36.206013,37.15242
9250, Idleb > Idleb > Abul Thohur > Abul Thohur,Idleb,35.929008,36.635276
9251, Aleppo > Jebel Saman > Jebel Saman > Aleppo > Ash-Sheikh Maqsoud,Aleppo,36.206013,37.15242
9252, Aleppo > As-Safira > As-Safira > As-Safira,Aleppo,36.206013,37.15242
9253, Aleppo > Jebel Saman > Haritan > Haritan,Aleppo,36.206013,37.15242
9254, Dar'a > Dar'a > Busra Esh-Sham > Moraba,Dar'a,32.624102,36.104944
9255, Dar'a > Dar'a > Jizeh > Ghasm,Dar'a,32.624102,36.104944
9256, Dar'a > Dar'a > Dar'a > Neimeh,Dar'a,32.624102,36.104944
9257, Dar'a > Dar'a > Dar'a > Kahil,Dar'a,32.624102,36.104944
9258, Rural Damascus > Duma > Duma > Hosh Nasri,Rural Damascus,33.324514,36.216111
9259, Idleb > Al Ma'ra > Sanjar > Hawa,Idleb,35.929008,36.635276
9260, Hama > Hama > Hama > Ramileh,Hama,35.133742,36.761291
9261, Hama > Muhradah > Muhradah > Muhradah,Hama,35.133742,36.761291
9262, Hama > Masyaf > Masyaf > Masyaf,Hama,35.133742,36.761291
9263, Hama > Hama > Hama > Hama,Hama,35.133742,36.761291
9264, Hama > As-Suqaylabiyah > As-Suqaylabiyah > As-Suqaylabiyah,Hama,35.133742,36.761291
9265, Hama > As-Salamiyeh > As-Salamiyeh > As-Salamiyeh,Hama,35.133742,36.761291
9266, Hama > Hama > Suran > Maan,Hama,35.133742,36.761291
9267, Idleb > Al Ma'ra > Tamanaah > Hamadaniyeh,Idleb,35.929008,36.635276
9268, Aleppo > Jebel Saman > Jebel Saman > Haddadin,Aleppo,36.206013,37.15242
9269, Aleppo > Jebel Saman > Tall Ed-daman > Ballas,Aleppo,36.206013,37.15242
9270, Aleppo > Jebel Saman > Tall Ed-daman > Kafr Obeid,Aleppo,36.206013,37.15242
9271, Damascus > Damascus > Damascus > Damascus,Damascus,33.517175,36.27671
9272, Aleppo > Jebel Saman > Jebel Saman > Aleppo > Hanano,Aleppo,36.206013,37.15242
9273, Rural Damascus > Rural Damascus > Babella > Hjeireh,Rural Damascus,33.324514,36.216111
9274, Rural Damascus > Rural Damascus > Babella > Sbeineh,Rural Damascus,33.324514,36.216111
9275, Aleppo > Menbij > Maskana > Shahda,Aleppo,36.206013,37.15242
9276, Aleppo > Jebel Saman > Jebel Saman > Aleppo,Aleppo,36.206013,37.15242
9277, Aleppo > Menbij > Al-Khafsa > Kharayej Deham,Aleppo,36.206013,37.15242
9278, Aleppo > Jebel Saman > Jebel Saman > Khan Al-Asal,Aleppo,36.206013,37.15242
9279, Aleppo > Menbij > Maskana > Wadihah Al-Jadidah,Aleppo,36.206013,37.15242
9280, Aleppo > Menbij > Maskana > Sukkariyeh,Aleppo,36.206013,37.15242
9281, Rural Damascus > Duma > Nashabiyeh > Obada,Rural Damascus,33.324514,36.216111
9282, Homs > Homs > Homs > Homs > Baba Amr,Homs,34.729961,36.719731
9283, Homs > Homs > Homs > Maskana,Homs,34.729961,36.719731
9284, Homs > Homs > Homs > Homs > Bab As-Siba',Homs,34.729961,36.719731
9285, Hama > Hama > Suran > Suran,Hama,35.133742,36.761291
9286, Idleb > Al Ma'ra > Sanjar > Sanjar,Idleb,35.929008,36.635276
9287, Al-Hasakeh > Quamishli > Quamishli > Akula Qameshli,Al-Hasakeh,36.505375,40.742899
9288, Ar-Raqqa > Ar-Raqqa > Ar-Raqqa > Ar-Raqqa > Baath,Ar-Raqqa,35.953075,39.006062
9289, Ar-Raqqa > Ar-Raqqa > Ar-Raqqa > Ar-Raqqa > Wihdeh,Ar-Raqqa,35.953075,39.006062
9290, Deir-ez-Zor > Abu Kamal > Susat > Al Bagouz,Deir-ez-Zor,35.331885,40.146071
9291, Homs > Homs > Homs > Homs > Wa'er,Homs,34.729961,36.719731
9292, Homs > Al-Qusayr > Al Quasir > Hamediyeh,Homs,34.729961,36.719731
9293, Lattakia > Lattakia > Lattakia > Lattakia,Lattakia,35.539149,35.789569
9294, Al-Hasakeh > Al-Hasakeh > Al-Hasakeh > Al Dawudiyah,Al-Hasakeh,36.505375,40.742899
9295, As-Sweida > As-Sweida > As-Sweida > As-Sweida,As-Sweida,32.706811,36.567991
9296, Tartous > Tartous > Tartous > Tartous,Tartous,34.886614,35.893349
9297, Hama > Hama > Hama > Absirin,Hama,35.133742,36.761291
9298, Quneitra > Quneitra > Khan Arnaba > Jaba,Quneitra,33.086196,35.87256
9299, Homs > Homs > Homs > Ashrafiya,Homs,34.729961,36.719731
9300, Ar-Raqqa > Ar-Raqqa > Ar-Raqqa > Al Hurriyeh,Ar-Raqqa,35.953075,39.006062
9301, Idleb > Idleb > Idleb > Idleb,Idleb,35.929008,36.635276
9302, Homs > Homs > Homs > Homs,Homs,34.729961,36.719731
9303, Rural Damascus > Az-Zabdani > Dimas > Dimas,Rural Damascus,33.324514,36.216111
9304, Rural Damascus > Rural Damascus > Kisweh > Khan Danoun,Rural Damascus,33.324514,36.216111
9305, Dar'a > Dar'a > Dar'a > Sayda,Dar'a,32.624102,36.104944
9306, Deir-ez-Zor > Deir-ez-Zor > Deir-ez-Zor > Deir-ez-Zor > Hameidiyyeh,Deir-ez-Zor,35.331885,40.146071
9307, As-Sweida > Shahba > Shahba > Shahba,As-Sweida,32.706811,36.567991
9308, Rural Damascus > Rural Damascus > Babella > Yalda,Rural Damascus,33.324514,36.216111
9309, Tartous > Tartous > Hameidiyyeh > Hameidiyyeh,Tartous,34.886614,35.893349
9310, Hama > Hama > Suran,Hama,35.133742,36.761291
9311, Hama > As-Suqaylabiyah > As-Suqaylabiyah,Hama,35.133742,36.761291
9312, Hama > Muhradah > Kafr Zeita,Hama,35.133742,36.761291
9313, Hama > Muhradah > Karnaz,Hama,35.133742,36.761291
9314, Hama > Muhradah > Muhradah,Hama,35.133742,36.761291
9315, Lattakia > Lattakia > Rabee'a > Joret Elmaa,Lattakia,35.539149,35.789569
9316, Lattakia > Al-Haffa > Kansaba > Ghnimiyeh,Lattakia,35.539149,35.789569
9317, Homs > Homs > Homs > Homs > Deir Ba'alba Shamali,Homs,34.729961,36.719731
9318, Homs > Homs > Homs > Homs > Deir Ba'alba Janoubi,Homs,34.729961,36.719731
9319, Homs > Al-Qusayr > Al Quasir > Shinshar,Homs,34.729961,36.719731
9320, Homs > Ar-Rastan > Talbiseh > Ghanto,Homs,34.729961,36.719731
9321, Homs > Ar-Rastan > Talbiseh > Zafaraniya,Homs,34.729961,36.719731
9322, Homs > Homs > Homs > Zhuriyeh,Homs,34.729961,36.719731
9323, Homs > Homs > Taldu > Tal Dahab,Homs,34.729961,36.719731
9324, Aleppo > Al Bab > Dayr Hafir > Dayr Hafir,Aleppo,36.206013,37.15242
9325, Aleppo > As-Safira > As-Safira > Tal Hasel,Aleppo,36.206013,37.15242
9326, Aleppo > Al Bab > Dayr Hafir > Akula,Aleppo,36.206013,37.15242
9327, Aleppo > As-Safira > As-Safira > Terkan,Aleppo,36.206013,37.15242
9328, Aleppo > Al Bab > Dayr Hafir > Tal Ayub,Aleppo,36.206013,37.15242
9329, Aleppo > Al Bab > Rasm Haram El-Imam > Rasm Elkhabbaz,Aleppo,36.206013,37.15242
9330, Aleppo > As-Safira > As-Safira > Ein Assan,Aleppo,36.206013,37.15242
9331, Homs > Al-Qusayr > Al Quasir,Homs,34.729961,36.719731
9332, Aleppo > Al Bab > Dayr Hafir,Aleppo,36.206013,37.15242
9333, Hama > Muhradah > Karnaz > Karnaz,Hama,35.133742,36.761291
9334, Hama > Muhradah > Kafr Zeita > Kafr Zeita,Hama,35.133742,36.761291
9335, Hama > Muhradah > Kafr Zeita > Latmana,Hama,35.133742,36.761291
9336, Aleppo > Jebel Saman > Tall Ed-daman,Aleppo,36.206013,37.15242
9337, Aleppo > Jebel Saman > Daret Azza,Aleppo,36.206013,37.15242
9338, Aleppo > Jebel Saman > Jebel Saman > Aleppo > Al-Nayrab,Aleppo,36.206013,37.15242
9339, Aleppo > Jebel Saman > Jebel Saman > Kafr Dael,Aleppo,36.206013,37.15242
9340, Dar'a > Izra' > Izra',Dar'a,32.624102,36.104944
9341, Rural Damascus > Rural Damascus > Maliha > Deir Elasafir,Rural Damascus,33.324514,36.216111
9342, Hama > As-Salamiyeh > As-Saan,Hama,35.133742,36.761291
9343, Aleppo > Jebel Saman > Hadher,Aleppo,36.206013,37.15242
9344, Deir-ez-Zor > Al Mayadin > Ashara > Sbeikhan,Deir-ez-Zor,35.331885,40.146071
9345, Deir-ez-Zor > Al Mayadin > Ashara > Ashara,Deir-ez-Zor,35.331885,40.146071
9346, Deir-ez-Zor > Al Mayadin > Ashara > Dablan,Deir-ez-Zor,35.331885,40.146071
9347, Deir-ez-Zor > Al Mayadin > Ashara > Gharibeh,Deir-ez-Zor,35.331885,40.146071
9348, Deir-ez-Zor > Al Mayadin > Ashara > Quriyeh,Deir-ez-Zor,35.331885,40.146071
9349, Rural Damascus > Rural Damascus > Arbin,Rural Damascus,33.324514,36.216111
9350, Homs > Homs > Farqalas > Farqalas,Homs,34.729961,36.719731
9351, Hama > Muhradah > Muhradah > Zor Elqaada,Hama,35.133742,36.761291
9352, Hama > Muhradah > Muhradah > Kafr Hud,Hama,35.133742,36.761291
9353, Hama > Muhradah > Muhradah > Jdideh,Hama,35.133742,36.761291
9354, Hama > Muhradah > Muhradah > Halfaya,Hama,35.133742,36.761291
9355, Hama > Muhradah > Muhradah > Treismeh,Hama,35.133742,36.761291
9356, Hama > Muhradah > Muhradah > Majdal,Hama,35.133742,36.761291
9357, Hama > Muhradah > Muhradah > Abu Rbeis,Hama,35.133742,36.761291
9358, Hama > Muhradah > Muhradah > Maarzaf,Hama,35.133742,36.761291
9359, Hama > Muhradah > Muhradah > Sher,Hama,35.133742,36.761291
9360, Hama > Muhradah > Muhradah > Tal Sekkin,Hama,35.133742,36.761291
9361, Hama > Muhradah > Muhradah > Shezer,Hama,35.133742,36.761291
9362, Hama > Muhradah > Muhradah > Sifsafiyeh,Hama,35.133742,36.761291
9363, Rural Damascus > Duma > Nashabiyeh,Rural Damascus,33.324514,36.216111
9364, Rural Damascus > Az-Zabdani > Dimas,Rural Damascus,33.324514,36.216111
9365, Rural Damascus > Az-Zabdani > Ein Elfijeh,Rural Damascus,33.324514,36.216111
9366, Rural Damascus > Az-Zabdani > Sarghaya,Rural Damascus,33.324514,36.216111
9367, Rural Damascus > Az-Zabdani > Madaya,Rural Damascus,33.324514,36.216111
9368, Rural Damascus > Az-Zabdani > Az-Zabdani,Rural Damascus,33.324514,36.216111
9369, Hama > Hama > Suran > Murak,Hama,35.133742,36.761291
9370, Homs > Homs > Homs,Homs,34.729961,36.719731
9371, Aleppo > Al Bab > Eastern Kwaires,Aleppo,36.206013,37.15242
9372, Aleppo > As-Safira > As-Safira,Aleppo,36.206013,37.15242
9373, Aleppo > Al Bab > Rasm Haram El-Imam,Aleppo,36.206013,37.15242
9374, Ar-Raqqa > Tell Abiad > Ein Issa > Ein Issa,Ar-Raqqa,35.953075,39.006062
9375, Ar-Raqqa > Ar-Raqqa > Karama > Karama,Ar-Raqqa,35.953075,39.006062
9376, Homs > Homs > Qaryatein,Homs,34.729961,36.719731
9377, Homs > Homs > Farqalas,Homs,34.729961,36.719731
9378, Homs > Ar-Rastan > Talbiseh,Homs,34.729961,36.719731
9379, Homs > Ar-Rastan > Ar-Rastan,Homs,34.729961,36.719731
9380, Homs > Tadmor > Tadmor,Homs,34.729961,36.719731
9381, Lattakia > Al-Haffa > Al-Haffa,Lattakia,35.539149,35.789569
9382, Lattakia > Lattakia > Qastal Maaf,Lattakia,35.539149,35.789569
9383, Hama > As-Suqaylabiyah > Tell Salhib > Tal Salhab,Hama,35.133742,36.761291
9384, Aleppo > Jebel Saman > Jebel Saman > Aleppo > Sha'aar,Aleppo,36.206013,37.15242
9385, Aleppo > As-Safira > Khanaser > Atshana (Khanaser),Aleppo,36.206013,37.15242
9386, Aleppo > Jebel Saman > Atareb > Big Orm,Aleppo,36.206013,37.15242
9387, Hama > Hama > Suran > Tiba Elemam,Hama,35.133742,36.761291
9388, Hama > Hama > Harbanifse,Hama,35.133742,36.761291
9389, Homs > Homs > Mahin,Homs,34.729961,36.719731
9390, Lattakia > Lattakia > Lattakia,Lattakia,35.539149,35.789569
9391, Idleb > Idleb > Idleb,Idleb,35.929008,36.635276
9392, Tartous > Tartous > Tartous,Tartous,34.886614,35.893349
9393, Quneitra > Quneitra > Quneitra,Quneitra,33.086196,35.87256
9394, Rural Damascus > Rural Damascus > Jaramana,Rural Damascus,33.324514,36.216111
9395, Dar'a > Dar'a > Dar'a,Dar'a,32.624102,36.104944
9396, Damascus > Damascus > Damascus,Damascus,33.517175,36.27671
9397, Hama > Hama > Hama,Hama,35.133742,36.761291
9398, Aleppo > Jebel Saman > Jebel Saman > Aleppo > Salah Ad-Deen,Aleppo,36.206013,37.15242
9399, Rural Damascus > Al Qutayfah > Al Qutayfah,Rural Damascus,33.324514,36.216111
9400, Ar-Raqqa > Ath-Thawrah > Jurneyyeh > Mahmudli,Ar-Raqqa,35.953075,39.006062
9401, Aleppo > Jebel Saman > Jebel Saman > Aleppo > Bustan Al-Qaser,Aleppo,36.206013,37.15242
9402, Rural Damascus > Az-Zabdani > Madaya > Madaya,Rural Damascus,33.324514,36.216111
9403, As-Sweida > As-Sweida > As-Sweida,As-Sweida,32.706811,36.567991
9404, As-Sweida > Salkhad > Salkhad,As-Sweida,32.706811,36.567991
9405, As-Sweida > Shahba > Shahba,As-Sweida,32.706811,36.567991
9406, Hama > Hama > Hamra,Hama,35.133742,36.761291
9407, Hama > As-Suqaylabiyah > Madiq Castle,Hama,35.133742,36.761291
9408, Hama > As-Suqaylabiyah > Ziyara,Hama,35.133742,36.761291
9409, Aleppo > Al Bab > Ar-Ra'ee > Ayyasha,Aleppo,36.206013,37.15242
9410, Aleppo > Al Bab > Al Bab > Al Bab,Aleppo,36.206013,37.15242
9411, Aleppo > Al Bab > Rasm Haram El-Imam > Ahmadia,Aleppo,36.206013,37.15242
9412, Aleppo > Jebel Saman > Tall Ed-daman > Sfira,Aleppo,36.206013,37.15242
9413, Aleppo > Al Bab > Rasm Haram El-Imam > Rasm Elkrum,Aleppo,36.206013,37.15242
9414, Aleppo > Jebel Saman > Jebel Saman > Aleppo > Qadi Askar,Aleppo,36.206013,37.15242
9415, Aleppo > Jebel Saman > Haritan > Shamer,Aleppo,36.206013,37.15242
9416, Damascus > Damascus > Damascus > Damascus > Masakin Barza,Damascus,33.517175,36.27671
9417, Rural Damascus > Darayya > Sahnaya,Rural Damascus,33.324514,36.216111
9418, Damascus > Damascus > Damascus > Damascus > Asad Addein,Damascus,33.517175,36.27671
9419, Rural Damascus > Rural Damascus > Kisweh,Rural Damascus,33.324514,36.216111
9420, Damascus > Damascus > Damascus > Damascus > Mazzej Jabal,Damascus,33.517175,36.27671
9421, Rural Damascus > Rural Damascus > Qudsiya,Rural Damascus,33.324514,36.216111
9422, Rural Damascus > Qatana > Qatana > Jdidet Artuz,Rural Damascus,33.324514,36.216111
9423, Rural Damascus > Qatana > Qatana > Sabbura,Rural Damascus,33.324514,36.216111
9424, Homs > Al-Qusayr > Al Quasir > Al-Qusayr,Homs,34.729961,36.719731
9425, Lattakia > Lattakia > Rabee'a > Rabee'a,Lattakia,35.539149,35.789569
9426, Hama > Muhradah > Kafr Zeita > Latmin,Hama,35.133742,36.761291
9427, Ar-Raqqa > Ath-Thawrah > Al-Thawrah,Ar-Raqqa,35.953075,39.006062
9428, Aleppo > A'zaz > Tall Refaat > Tall Refaat,Aleppo,36.206013,37.15242
9429, Aleppo > As-Safira > Banan > Jaara,Aleppo,36.206013,37.15242
9430, Aleppo > Menbij > Al-Khafsa,Aleppo,36.206013,37.15242
9431, Idleb > Idleb > Abul Thohur,Idleb,35.929008,36.635276
9432, Aleppo > Menbij > Maskana,Aleppo,36.206013,37.15242
9433, Dar'a > Izra' > Sheikh Miskine,Dar'a,32.624102,36.104944
9434, Rural Damascus > Rural Damascus > Kafr Batna,Rural Damascus,33.324514,36.216111
9435, Hama > As-Salamiyeh > Oqeirbat,Hama,35.133742,36.761291
9436, Lattakia > Al-Haffa > Salanfa,Lattakia,35.539149,35.789569
9437, Hama > As-Salamiyeh > Eastern Bari,Hama,35.133742,36.761291
9438, Hama > As-Salamiyeh > As-Salamiyeh,Hama,35.133742,36.761291
9439, Hama > As-Salamiyeh > Saboura,Hama,35.133742,36.761291
9440, Rural Damascus > Duma > Nashabiyeh > Marj Elsultan,Rural Damascus,33.324514,36.216111
9441, Rural Damascus > Rural Damascus > Maliha,Rural Damascus,33.324514,36.216111
9442, Deir-ez-Zor > Deir-ez-Zor > Kisreh > Harmushiyeh,Deir-ez-Zor,35.331885,40.146071
9443, Deir-ez-Zor > Deir-ez-Zor > Tabni > Shmeitiyeh,Deir-ez-Zor,35.331885,40.146071
9444, Deir-ez-Zor > Deir-ez-Zor > Deir-ez-Zor > Deir-ez-Zor > Al Husainia,Deir-ez-Zor,35.331885,40.146071
9445, Deir-ez-Zor > Deir-ez-Zor > Deir-ez-Zor > Deir-ez-Zor > Al Thawra_ Al Jourah,Deir-ez-Zor,35.331885,40.146071
9446, Deir-ez-Zor > Abu Kamal > Susat,Deir-ez-Zor,35.331885,40.146071
9447, Deir-ez-Zor > Deir-ez-Zor > Muhasan,Deir-ez-Zor,35.331885,40.146071
9448, Deir-ez-Zor > Abu Kamal > Abu Kamal > Abu Kamal,Deir-ez-Zor,35.331885,40.146071
9449, Deir-ez-Zor > Al Mayadin > Al Mayadin > Mahkan,Deir-ez-Zor,35.331885,40.146071
9450, Deir-ez-Zor > Al Mayadin > Al Mayadin > Zbara,Deir-ez-Zor,35.331885,40.146071
9451, Aleppo > Jebel Saman > Haritan > Fah,Aleppo,36.206013,37.15242
9452, Aleppo > Jebel Saman > Haritan > Kafr Hamra,Aleppo,36.206013,37.15242
9453, Rural Damascus > Qatana > Sa'sa',Rural Damascus,33.324514,36.216111
9454, Ar-Raqqa > Ath-Thawrah > Mansura,Ar-Raqqa,35.953075,39.006062
9455, Dar'a > As-Sanamayn > As-Sanamayn,Dar'a,32.624102,36.104944
9456, Homs > Homs > Sadad > Sadad,Homs,34.729961,36.719731
9457, Homs > Homs > Kherbet Tin Noor,Homs,34.729961,36.719731
9458, As-Sweida > As-Sweida > Mazra'a,As-Sweida,32.706811,36.567991
9459, Homs > Homs > Taldu,Homs,34.729961,36.719731
9460, Idleb > Al Ma'ra > Sanjar,Idleb,35.929008,36.635276
9461, Rural Damascus > Duma > Haran Al'awameed,Rural Damascus,33.324514,36.216111
9462, Deir-ez-Zor > Deir-ez-Zor > Deir-ez-Zor > Deir-ez-Zor > Rashdiyeh,Deir-ez-Zor,35.331885,40.146071
9463, Deir-ez-Zor > Deir-ez-Zor > Deir-ez-Zor > Deir-ez-Zor > Tashreen_ Harabesh,Deir-ez-Zor,35.331885,40.146071
9464, Aleppo > Jebel Saman > Zarbah > Tal Heddiyeh,Aleppo,36.206013,37.15242
9465, Aleppo > Jebel Saman > Hadher > Iss,Aleppo,36.206013,37.15242
9466, Homs > Tall Kalakh > Tall Kalakh,Homs,34.729961,36.719731
9467, Idleb > Al Ma'ra > Khan Shaykun,Idleb,35.929008,36.635276
9468, Idleb > Al Ma'ra > Tamanaah,Idleb,35.929008,36.635276
9469, Ar-Raqqa > Tell Abiad > Ein Issa,Ar-Raqqa,35.953075,39.006062
9470, Deir-ez-Zor > Abu Kamal > Jalaa,Deir-ez-Zor,35.331885,40.146071
9471, Homs > Tall Kalakh > Tall Kalakh > Zara,Homs,34.729961,36.719731
9472, Al-Hasakeh > Al-Hasakeh > Markada,Al-Hasakeh,36.505375,40.742899
9473, Idleb > Al Ma'ra > Khan Shaykun > Khan Shaykun,Idleb,35.929008,36.635276
9474, Tartous > Safita > Safita,Tartous,34.886614,35.893349
9475, Tartous > Banyas > Banyas,Tartous,34.886614,35.893349
9476, Lattakia > Al-Qardaha > Jobet Berghal,Lattakia,35.539149,35.789569
9477, Tartous > Dreikish > Jneinet Raslan,Tartous,34.886614,35.893349
9478, Tartous > Safita > Mashta Elhiu,Tartous,34.886614,35.893349
9479, Tartous > Qadmous > Qadmous,Tartous,34.886614,35.893349
9480, Tartous > Dreikish > Dreikish,Tartous,34.886614,35.893349
9481, Lattakia > Al-Qardaha > Al-Qardaha,Lattakia,35.539149,35.789569
9482, Hama > As-Suqaylabiyah > Madiq Castle > Madiq Castle,Hama,35.133742,36.761291
9483, Idleb > Al Ma'ra > Tamanaah > Tal Maraq,Idleb,35.929008,36.635276
9484, Hama > As-Salamiyeh > Eastern Bari > Arshuneh,Hama,35.133742,36.761291
9485, Aleppo > Al Bab > Al Bab,Aleppo,36.206013,37.15242
9486, Aleppo > As-Safira > Khanaser,Aleppo,36.206013,37.15242
9487, Aleppo > As-Safira > Hajeb,Aleppo,36.206013,37.15242
9488, Homs > Homs > Homs > Sakra,Homs,34.729961,36.719731
9489, Homs > Homs > Homs > Thabetiyeh,Homs,34.729961,36.719731
9490, Aleppo > As-Safira > Khanaser > Qleiah,Aleppo,36.206013,37.15242
9491, Aleppo > As-Safira > As-Safira > Abu Dreikha al Safira,Aleppo,36.206013,37.15242
9492, Aleppo > Al Bab > Dayr Hafir > Big Hmeimeh,Aleppo,36.206013,37.15242
9493, Aleppo > As-Safira > As-Safira > Qabtin,Aleppo,36.206013,37.15242
9494, Dar'a > Dar'a > Mzeireb,Dar'a,32.624102,36.104944
9495, Rural Damascus > Qatana > Qatana,Rural Damascus,33.324514,36.216111
9496, Ar-Raqqa > Ar-Raqqa > Maadan > Sweida,Ar-Raqqa,35.953075,39.006062
9497, Deir-ez-Zor > Al Mayadin > Al Mayadin > Lower Baqras,Deir-ez-Zor,35.331885,40.146071
9498, Deir-ez-Zor > Deir-ez-Zor > Tabni > Masrab,Deir-ez-Zor,35.331885,40.146071
9499, Deir-ez-Zor > Deir-ez-Zor > Tabni > Qasabiyeh,Deir-ez-Zor,35.331885,40.146071
9500, Deir-ez-Zor > Deir-ez-Zor > Tabni > Old Maadan,Deir-ez-Zor,35.331885,40.146071
9501, Deir-ez-Zor > Deir-ez-Zor > Muhasan > Qetet Elbuleil,Deir-ez-Zor,35.331885,40.146071
9502, Dar'a > As-Sanamayn > Masmiyyeh,Dar'a,32.624102,36.104944
9503, Dar'a > As-Sanamayn > Ghabagheb,Dar'a,32.624102,36.104944
9504, Dar'a > As-Sanamayn > Ghabagheb > Aqraba,Dar'a,32.624102,36.104944
9505, Aleppo > Al Bab > Tadaf > Abu Jabbar,Aleppo,36.206013,37.15242
9506, Aleppo > Jebel Saman > Jebel Saman > Aleppo > Marjeh,Aleppo,36.206013,37.15242
9507, Deir-ez-Zor > Deir-ez-Zor > Deir-ez-Zor > Husseinieh (Archived),Deir-ez-Zor,35.331885,40.146071
9508, Aleppo > Jebel Saman > Haritan > Hayyan,Aleppo,36.206013,37.15242
9509, Aleppo > Jebel Saman > Haritan > Andan,Aleppo,36.206013,37.15242
9510, Aleppo > Jebel Saman > Zarbah > Berna,Aleppo,36.206013,37.15242
9511, Aleppo > Jebel Saman > Jebel Saman > Khantuman,Aleppo,36.206013,37.15242
9512, Hama > Hama > Harbanifse > Deir Elfardis,Hama,35.133742,36.761291
9513, Hama > Hama > Hama > Taqsis,Hama,35.133742,36.761291
9514, Ar-Raqqa > Ar-Raqqa > Ar-Raqqa > Tal Elsamen Dahham,Ar-Raqqa,35.953075,39.006062
9515, Al-Hasakeh > Al-Malikeyyeh > Al-Malikeyyeh > Tal Aswad Malkiyeh,Al-Hasakeh,36.505375,40.742899
9516, Lattakia > Lattakia > Lattakia > Lattakia > Sheikh Daher,Lattakia,35.539149,35.789569
9517, As-Sweida > As-Sweida > As-Sweida > As-Sweida > Shuhada,As-Sweida,32.706811,36.567991
9518, Al-Hasakeh > Quamishli > Quamishli > Abu Rasin Qameshli,Al-Hasakeh,36.505375,40.742899
9519, Ar-Raqqa > Ar-Raqqa > Ar-Raqqa > Abasiya,Ar-Raqqa,35.953075,39.006062
9520, Dar'a > Dar'a > Ash-Shajara > Al-Qusayr,Dar'a,32.624102,36.104944
9521, Aleppo > Jebel Saman > Jebel Saman > Aleppo > A'aziziyeh,Aleppo,36.206013,37.15242
9522, Hama > Hama > Hama > Al-Hameyda,Hama,35.133742,36.761291
9523, Homs > Homs > Homs > Abu Dali,Homs,34.729961,36.719731
9524, Damascus > Damascus > Damascus > Damascus > Abou Jarash,Damascus,33.517175,36.27671
9525, Dar'a > Dar'a > Da'el,Dar'a,32.624102,36.104944
9526, Aleppo > Ain Al Arab > Lower Shyookh,Aleppo,36.206013,37.15242
9527, Aleppo > Ain Al Arab > Ain al Arab,Aleppo,36.206013,37.15242
9528, Dar'a > Izra' > Hrak,Dar'a,32.624102,36.104944
9529, Al-Hasakeh > Al-Malikeyyeh > Al-Malikeyyeh,Al-Hasakeh,36.505375,40.742899
9530, Rural Damascus > At Tall > Rankus,Rural Damascus,33.324514,36.216111
9531, As-Sweida > Salkhad > Gharyeh,As-Sweida,32.706811,36.567991
9532, As-Sweida > Shahba > Ariqa,As-Sweida,32.706811,36.567991
9533, Dar'a > Izra' > Jasim,Dar'a,32.624102,36.104944
9534, Hama > As-Suqaylabiyah > Tell Salhib,Hama,35.133742,36.761291
9535, As-Sweida > As-Sweida > Mashnaf,As-Sweida,32.706811,36.567991
9536, Homs > Homs > Ein Elniser,Homs,34.729961,36.719731
9537, Homs > Al Makhrim > Al Makhrim,Homs,34.729961,36.719731
9538, Tartous > Banyas > Rawda,Tartous,34.886614,35.893349
9539, Hama > Masyaf > Jeb Ramleh,Hama,35.133742,36.761291
9540, Homs > Homs > Hasyaa,Homs,34.729961,36.719731
9541, Homs > Tall Kalakh > Hawash,Homs,34.729961,36.719731
9542, Tartous > Sheikh Badr > Sheikh Badr,Tartous,34.886614,35.893349
9543, Lattakia > Jablah > Ein Shaqaq,Lattakia,35.539149,35.789569
9544, Homs > Homs > Shin,Homs,34.729961,36.719731
9545, Tartous > Banyas > Taleen,Tartous,34.886614,35.893349
9546, Lattakia > Jablah > Qteilbiyyeh,Lattakia,35.539149,35.789569
9547, Rural Damascus > An Nabk > An Nabk,Rural Damascus,33.324514,36.216111
9548, Lattakia > Lattakia > Kiseb,Lattakia,35.539149,35.789569
9549, Homs > Tall Kalakh > Nasra,Homs,34.729961,36.719731
9550, Tartous > Safita > Bariqiyeh,Tartous,34.886614,35.893349
9551, Tartous > Sheikh Badr > Qumseyyeh,Tartous,34.886614,35.893349
9552, Quneitra > Quneitra > Al-Khashniyyeh,Quneitra,33.086196,35.87256
9553, Rural Damascus > Al Qutayfah > Ma'loula,Rural Damascus,33.324514,36.216111
9554, Dar'a > Izra' > Tassil,Dar'a,32.624102,36.104944
9555, Tartous > Tartous > Soda Khawabi,Tartous,34.886614,35.893349
9556, Rural Damascus > At Tall > Sidnaya,Rural Damascus,33.324514,36.216111
9557, Rural Damascus > Al Qutayfah > Jirud,Rural Damascus,33.324514,36.216111
9558, Dar'a > Dar'a > Busra Esh-Sham,Dar'a,32.624102,36.104944
9559, Dar'a > Izra' > Nawa,Dar'a,32.624102,36.104944
9560, Aleppo > Menbij > Menbij,Aleppo,36.206013,37.15242
9561, Rural Damascus > Al Qutayfah > Raheiba,Rural Damascus,33.324514,36.216111
9562, Lattakia > Lattakia > Bahlawaniyeh,Lattakia,35.539149,35.789569
9563, Tartous > Safita > Ras El-Khashufeh,Tartous,34.886614,35.893349
9564, Rural Damascus > Qatana > Bait Jan,Rural Damascus,33.324514,36.216111
9565, Quneitra > Quneitra > Khan Arnaba,Quneitra,33.086196,35.87256
9566, Dar'a > Dar'a > Jizeh,Dar'a,32.624102,36.104944
9567, Tartous > Tartous > Kareemeh,Tartous,34.886614,35.893349
9568, Quneitra > Al Fiq > Fiq,Quneitra,33.086196,35.87256
9569, Tartous > Tartous > Kherbet Elma'aza,Tartous,34.886614,35.893349
9570, Tartous > Qadmous > Anaza,Tartous,34.886614,35.893349
9571, Lattakia > Jablah > Jablah,Lattakia,35.539149,35.789569
9572, Rural Damascus > Duma > Sabe Byar,Rural Damascus,33.324514,36.216111
9573, Dar'a > Dar'a > Mseifra,Dar'a,32.624102,36.104944
9574, Rural Damascus > Duma > Ghizlaniyyeh,Rural Damascus,33.324514,36.216111
9575, Dar'a > Dar'a > Kherbet Ghazala,Dar'a,32.624102,36.104944
9576, Tartous > Tartous > Safsafa,Tartous,34.886614,35.893349
9577, Rural Damascus > Yabroud > Esal El-Ward,Rural Damascus,33.324514,36.216111
9578, Hama > Masyaf > Masyaf,Hama,35.133742,36.761291
9579, Dar'a > Dar'a > Ash-Shajara,Dar'a,32.624102,36.104944
9580, Tartous > Tartous > Arwad,Tartous,34.886614,35.893349
9581, Tartous > Tartous > Hameidiyyeh,Tartous,34.886614,35.893349
9582, Rural Damascus > Yabroud > Yabroud,Rural Damascus,33.324514,36.216111
9583, Rural Damascus > Duma > Dhameer,Rural Damascus,33.324514,36.216111
9584, Homs > Homs > Raqama,Homs,34.729961,36.719731
9585, Homs > Tadmor > Sokhneh,Homs,34.729961,36.719731
9586, Tartous > Safita > Sibbeh,Tartous,34.886614,35.893349
9587, Tartous > Safita > Sisniyyeh,Tartous,34.886614,35.893349
9588, Syria > Aleppo > Jebel Saman > Jebel Saman > Aleppo > Sulieman Al-Halbi,Aleppo,36.206013,37.15242
9589, Syria > Aleppo > Jebel Saman > Jebel Saman > Aleppo > A'aziziyeh,Aleppo,36.206013,37.15242
9590, Syria > Aleppo > Jebel Saman > Jebel Saman > Aleppo > Jamiliyeh,Aleppo,36.206013,37.15242
9591, Damascus > Damascus > Damascus > Yarmuk,Damascus,33.517175,36.27671
9592, Dar'a > Izra' > Izra' > Shaqra,Dar'a,32.624102,36.104944
9593, Lattakia > Al-Haffa > Salanfa > Durin,Lattakia,35.539149,35.789569
9594, Deir-ez-Zor > Al Mayadin > Thiban,Deir-ez-Zor,35.331885,40.146071
9595, Aleppo > Menbij > Maskana > Khan Elshaar,Aleppo,36.206013,37.15242
9596, Idleb > Al Ma'ra > Heish > Tah,Idleb,35.929008,36.635276
9597, Aleppo > Jebel Saman > Jebel Saman > Esan,Aleppo,36.206013,37.15242
9598, Aleppo > Jebel Saman > Tall Ed-daman > Burda,Aleppo,36.206013,37.15242
9599, Aleppo > Jebel Saman > Jebel Saman > Musallamiyeh,Aleppo,36.206013,37.15242
9600, Aleppo > Jebel Saman > Atareb > Atareb,Aleppo,36.206013,37.15242
9601, Aleppo > A'zaz > Mare' > Fafin,Aleppo,36.206013,37.15242
9602, Aleppo > Jebel Saman > Jebel Saman > Babinnis,Aleppo,36.206013,37.15242
9603, Aleppo > Jebel Saman > Jebel Saman > Jbeileh (Jebel Saman),Aleppo,36.206013,37.15242
9604, Ar-Raqqa > Ar-Raqqa > Maadan > Hamadaniyeh,Ar-Raqqa,35.953075,39.006062
9605, Aleppo > Menbij > Al-Khafsa > Al-Khafsa,Aleppo,36.206013,37.15242
9606, Homs > Al Makhrim > Jeb Ej-Jarrah,Homs,34.729961,36.719731
9607, Homs > Tall Kalakh > Hadideh,Homs,34.729961,36.719731
9608, Dar'a > Dar'a > Da'el > Al-jayla,Dar'a,32.624102,36.104944
9609, Syria > Dar'a > As-Sanamayn > As-Sanamayn > Khebab,Dar'a,32.624102,36.104944
9610, Dar'a > Dar'a > Da'el > Tayr,Dar'a,32.624102,36.104944
9611, Homs > Homs > Sadad > Hafr,Homs,34.729961,36.719731
9612, Homs > Homs > Homs > Fahileh,Homs,34.729961,36.719731
9613, Syria > Homs > Homs > Homs > Maskana,Homs,34.729961,36.719731
9614, Dar'a > As-Sanamayn > Ghabagheb > Alqin,Dar'a,32.624102,36.104944
9615, Aleppo > Jebel Saman > Jebel Saman > Handarat,Aleppo,36.206013,37.15242
9616, Rural Damascus > Qatana > Qatana > Khan Elshih,Rural Damascus,33.324514,36.216111
9617, Rural Damascus > Duma > Dhameer > Ramadan (non-official PR Camp),Rural Damascus,33.324514,36.216111
9618, Rural Damascus > Rural Damascus > Babella > Hseniyeh,Rural Damascus,33.324514,36.216111
9619, Aleppo > Al Bab > Tadaf > Oweishiyeh,Aleppo,36.206013,37.15242
9620, Syria > Aleppo > Al Bab > Rasm Haram El-Imam > Rasm Haram El-Imam,Aleppo,36.206013,37.15242
9621, Syria > Aleppo > As-Safira > As-Safira > Hweijeineh,Aleppo,36.206013,37.15242
9622, Syria > Aleppo > Al Bab > Rasm Haram El-Imam > Tabara Madi,Aleppo,36.206013,37.15242
9623, Aleppo > Al Bab > Tadaf > Kherbet Kiyar,Aleppo,36.206013,37.15242
9624, Aleppo > Al Bab > Tadaf > Qasr Elbreij,Aleppo,36.206013,37.15242
9625, Idleb > Al Ma'ra > Heish,Idleb,35.929008,36.635276
9626, Hama > As-Salamiyeh > Eastern Bari > Western Brie,Hama,35.133742,36.761291
9627, Idleb > Al Ma'ra > Tamanaah > Tamanaah,Idleb,35.929008,36.635276
9628, Syria > Hama > As-Salamiyeh > Saboura > Saboura,Hama,35.133742,36.761291
9629, Syria > Hama > Hama > Hama > Jahiyeh,Hama,35.133742,36.761291
9630, Aleppo > Al Bab > Tadaf,Aleppo,36.206013,37.15242
9631, Deir-ez-Zor > Deir-ez-Zor > Tabni > Tabni,Deir-ez-Zor,35.331885,40.146071
9632, Aleppo > Jebel Saman > Daret Azza > Daret Azza,Aleppo,36.206013,37.15242
9633, Syria > Aleppo > Jebel Saman > Jebel Saman > Aleppo > Ashrafiyeh,Aleppo,36.206013,37.15242
9634, Syria > Aleppo > Jebel Saman > Jebel Saman > Aleppo > Sha'aar,Aleppo,36.206013,37.15242
9635, Syria > Rural Damascus > Rural Damascus > Jaramana,Rural Damascus,33.324514,36.216111
9636, Homs > Homs > Sadad,Homs,34.729961,36.719731
9637, Hama > Masyaf > Wadi El-oyoun,Hama,35.133742,36.761291
9638, Hama > Masyaf > Ein Halaqim,Hama,35.133742,36.761291
9639, Hama > As-Suqaylabiyah > Shat-ha,Hama,35.133742,36.761291
9640, Hama > Masyaf > Oj,Hama,35.133742,36.761291
9641, As-Sweida > Salkhad > Qarayya,As-Sweida,32.706811,36.567991
9642, As-Sweida > Shahba > Little Sura,As-Sweida,32.706811,36.567991
9643, As-Sweida > Shahba > Shaqa,As-Sweida,32.706811,36.567991
9644, Ar-Raqqa > Ath-Thawrah > Jurneyyeh,Ar-Raqqa,35.953075,39.006062
9645, Syria > Aleppo > A'zaz > A'zaz,Aleppo,36.206013,37.15242
9646, Syria > Aleppo > Al Bab > Tadaf,Aleppo,36.206013,37.15242
9647, Syria > Hama > Hama > Suran,Hama,35.133742,36.761291
9648, Al-Hasakeh > Al-Malikeyyeh > Al-Malikeyyeh > Ein Elkhadra,Al-Hasakeh,36.505375,40.742899
9649, Syria > Hama > As-Salamiyeh > Eastern Bari > Western Brie,Hama,35.133742,36.761291
9650, Idleb > Al Ma'ra > Sanjar > Mreijeb Elmashad,Idleb,35.929008,36.635276
9651, Syria > Hama > Masyaf > Masyaf > Masyaf,Hama,35.133742,36.761291
9652, Syria Cross border > Aleppo > Afrin > Afrin > Afrin,Aleppo,36.206013,37.15242
9653, Syria Cross border > Aleppo > Afrin > Jandairis > Jandairis,Aleppo,36.206013,37.15242
9654, Syria Cross border > Aleppo > Jebel Saman (Aleppo) > Atareb > Atareb,Aleppo,36.206013,37.15242
9655, Syria Cross border > Idleb > Idleb > Maaret Tamsrin > Ma'arrat Tamsrin,Idleb,35.929008,36.635276
9656, Syria Cross border > Idleb > Harim > Salqin > Salqin,Idleb,35.929008,36.635276
9657, Syria Cross border > Idleb > Idleb > Idleb > Bruma,Idleb,35.929008,36.635276
9658, Syria Cross border > Hama > As-Suqaylabiyah > Ziyara > Ziyara,Hama,35.133742,36.761291
9659, Syria Cross border > Idleb > Idleb > Maaret Tamsrin > Kelly,Idleb,35.929008,36.635276
9660, Syria Cross border > Idleb > Jisr-Ash-Shugur > Janudiyeh > Janudiyeh,Idleb,35.929008,36.635276
9661, Syria Cross border > Idleb > Idleb > Bennsh > Bennsh,Idleb,35.929008,36.635276
9662, Syria Cross border > Idleb > Ariha > Ariha > Orm Eljoz,Idleb,35.929008,36.635276
9663, Syria Cross border > Idleb > Idleb > Maaret Tamsrin > Kafraya Maar Tamsarin,Idleb,35.929008,36.635276
9664, Syria Cross border > Idleb > Harim > Harim > Besnaya - Bseineh,Idleb,35.929008,36.635276
9665, Syria Cross border > Idleb > Harim > Harim > Harim,Idleb,35.929008,36.635276
9666, Syria Cross border > Idleb > Jisr-Ash-Shugur > Jisr-Ash-Shugur > Jisr-Ash-Shugur,Idleb,35.929008,36.635276
9667, Syria Cross border > Idleb > Jisr-Ash-Shugur > Janudiyeh > Maland,Idleb,35.929008,36.635276
9668, Syria Cross border > Idleb > Jisr-Ash-Shugur > Janudiyeh > Athar,Idleb,35.929008,36.635276
9669, Syria Cross border > Idleb > Jisr-Ash-Shugur > Janudiyeh > Qanniyeh,Idleb,35.929008,36.635276
9670, Syria Cross border > Idleb > Jisr-Ash-Shugur > Badama > Armala,Idleb,35.929008,36.635276
9671, Syria Cross border > Idleb > Harim > Qourqeena > Qourqeena,Idleb,35.929008,36.635276
9672, Syria Cross border > Idleb > Harim > Dana > Dana,Idleb,35.929008,36.635276
9673, Syria Cross border > Idleb > Idleb > Idleb > Idleb,Idleb,35.929008,36.635276
9674, Syria Cross border > Idleb > Harim > Armanaz > Ghafar,Idleb,35.929008,36.635276
9675, Syria Cross border > Idleb > Harim > Salqin > Allani,Idleb,35.929008,36.635276
9676, Syria Cross border > Idleb > Harim > Kafr Takharim > Kafr Takharim,Idleb,35.929008,36.635276
9677, Syria Cross border > Idleb > Harim > Kafr Takharim > Abarita,Idleb,35.929008,36.635276
9678, Syria Cross border > Idleb > Harim > Salqin > Aljib,Idleb,35.929008,36.635276
9679, Syria Cross border > Idleb > Harim > Kafr Takharim > Jadeen,Idleb,35.929008,36.635276
9680, Syria Cross border > Aleppo > Afrin > Jandairis > Kafr Safra,Aleppo,36.206013,37.15242
9681, Syria Cross border > Idleb > Harim > Kafr Takharim > Kuku - Ein Eljaj,Idleb,35.929008,36.635276
9682, Syria Cross border > Idleb > Harim > Salqin > Jeser Maksour,Idleb,35.929008,36.635276
9683, Syria Cross border > Idleb > Harim > Kafr Takharim > Bayates,Idleb,35.929008,36.635276
9684, Syria Cross border > Idleb > Harim > Harim > Ariba,Idleb,35.929008,36.635276
9685, Syria Cross border > Idleb > Harim > Qourqeena > Khirbet Hassan,Idleb,35.929008,36.635276
9686, Syria Cross border > Aleppo > A'zaz > Mare' > Tlaline,Aleppo,36.206013,37.15242
9687, Syria Cross border > Idleb > Harim > Armanaz > Armanaz,Idleb,35.929008,36.635276
9688, Syria Cross border > Idleb > Harim > Armanaz > Biret Armanaz,Idleb,35.929008,36.635276
9689, Syria Cross border > Idleb > Harim > Qourqeena > Barisha,Idleb,35.929008,36.635276
9690, Syria Cross border > Idleb > Harim > Salqin > Eskat,Idleb,35.929008,36.635276
9691, Syria Cross border > Idleb > Harim > Dana > Burj Elnumra,Idleb,35.929008,36.635276
9692, Syria Cross border > Idleb > Idleb > Maaret Tamsrin > Kafr - Kafrehmul,Idleb,35.929008,36.635276
9693, Syria Cross border > Idleb > Harim > Harim > Kafr Hum,Idleb,35.929008,36.635276
9694, Syria Cross border > Aleppo > Jebel Saman (Aleppo) > Atareb > Kafr Karmin,Aleppo,36.206013,37.15242
9695, Syria Cross border > Idleb > Idleb > Bennsh > Foah,Idleb,35.929008,36.635276
9696, Syria Cross border > Idleb > Harim > Qourqeena > Sardin,Idleb,35.929008,36.635276
9697, Syria Cross border > Idleb > Idleb > Maaret Tamsrin > Zardana Mashehad,Idleb,35.929008,36.635276
9698, Syria Cross border > Idleb > Harim > Armanaz,Idleb,35.929008,36.635276
9699, Syria Cross border > Idleb > Harim > Salqin,Idleb,35.929008,36.635276
9700, Syria Cross border > Idleb > Idleb > Maaret Tamsrin,Idleb,35.929008,36.635276
9701, Syria Cross border > Idleb > Harim > Dana,Idleb,35.929008,36.635276
9702, Syria Cross border > Idleb > Harim > Salqin > Qamshleih,Idleb,35.929008,36.635276
9703, Syria Cross border > Idleb > Jisr-Ash-Shugur > Darkosh > Al-Hafriya,Idleb,35.929008,36.635276
9704, Syria Cross border > Idleb > Jisr-Ash-Shugur > Janudiyeh > Hamama - Kafr Debbin,Idleb,35.929008,36.635276
9705, Syria Cross border > Idleb > Harim > Salqin > Kafarna,Idleb,35.929008,36.635276
9706, Syria Cross border > Idleb > Jisr-Ash-Shugur > Darkosh > Mreimin,Idleb,35.929008,36.635276
9707, Syria Cross border > Idleb > Jisr-Ash-Shugur > Janudiyeh > Yaqubiyeh,Idleb,35.929008,36.635276
9708, Syria Cross border > Idleb > Jisr-Ash-Shugur > Jisr-Ash-Shugur > Eastern Marj Akhdar,Idleb,35.929008,36.635276
9709, Syria Cross border > Idleb > Harim > Salqin > Jakara,Idleb,35.929008,36.635276
9710, Syria Cross border > Idleb > Jisr-Ash-Shugur > Darkosh > Haj Nayef,Idleb,35.929008,36.635276
9711, Syria Cross border > Idleb > Harim > Armanaz > Kuwaro - Um Elriyah,Idleb,35.929008,36.635276
9712, Syria Cross border > Idleb > Jisr-Ash-Shugur > Jisr-Ash-Shugur > Western Marj Akhdar,Idleb,35.929008,36.635276
9713, Syria Cross border > Idleb > Jisr-Ash-Shugur > Jisr-Ash-Shugur > Bzeit,Idleb,35.929008,36.635276
9714, Syria Cross border > Idleb > Jisr-Ash-Shugur > Janudiyeh > Qaderiyeh - Qayqun,Idleb,35.929008,36.635276
9715, Syria Cross border > Idleb > Jisr-Ash-Shugur > Jisr-Ash-Shugur > Bsheiriyeh - Bello,Idleb,35.929008,36.635276
9716, Syria Cross border > Aleppo > Afrin > Sharan > Sharan,Aleppo,36.206013,37.15242
9717, Syria Cross border > Aleppo > Afrin > Sharan > Sinka,Aleppo,36.206013,37.15242
9718, Syria Cross border > Idleb > Idleb > Maaret Tamsrin > Kafr Jales,Idleb,35.929008,36.635276
9719, Syria Cross border > Aleppo > Afrin > Sharan > Little Hallubi,Aleppo,36.206013,37.15242
9720, Syria Cross border > Aleppo > A'zaz > Suran > Suran,Aleppo,36.206013,37.15242
9721, Syria Cross border > Idleb > Idleb > Maaret Tamsrin > Haranbush,Idleb,35.929008,36.635276
9722, Syria Cross border > Idleb > Idleb > Maaret Tamsrin > Murin,Idleb,35.929008,36.635276
9723, Syria Cross border > Idleb > Harim > Salqin > Azmarin,Idleb,35.929008,36.635276
9724, Syria Cross border > Aleppo > Al Bab > Al Bab > Al Bab,Aleppo,36.206013,37.15242
9725, Syria Cross border > Idleb > Idleb > Maaret Tamsrin > Bhora,Idleb,35.929008,36.635276
9726, Syria Cross border > Idleb > Jisr-Ash-Shugur > Darkosh > Zarzur,Idleb,35.929008,36.635276
9727, Syria Cross border > Aleppo > Afrin > Sheikh El-Hadid > Anqala,Aleppo,36.206013,37.15242
9728, Syria Cross border > Aleppo > Afrin > Sheikh El-Hadid > Maghar - Maghar Jeq,Aleppo,36.206013,37.15242
9729, Syria Cross border > Aleppo > Afrin > Sheikh El-Hadid > Darmash - Darmashkanli,Aleppo,36.206013,37.15242
9730, Syria Cross border > Aleppo > Afrin > Sheikh El-Hadid > Alwardya,Aleppo,36.206013,37.15242
9731, Syria Cross border > Aleppo > Afrin > Sheikh El-Hadid > Mazineh - Aranda,Aleppo,36.206013,37.15242
9732, Syria Cross border > Aleppo > Afrin > Sheikh El-Hadid > Sinnara,Aleppo,36.206013,37.15242
9733, Syria Cross border > Aleppo > Jebel Saman (Aleppo) > Daret Azza > Daret Azza,Aleppo,36.206013,37.15242
9734, Syria Cross border > Aleppo > A'zaz > A'zaz > Azaz,Aleppo,36.206013,37.15242
9735, Syria Cross border > Idleb > Harim > Dana > Deir Hassan - Darhashan,Idleb,35.929008,36.635276
9736, Syria Cross border > Aleppo > A'zaz > Suran > Qara Kubri,Aleppo,36.206013,37.15242
9737, Syria Cross border > Aleppo > A'zaz > Suran > Albil,Aleppo,36.206013,37.15242
9738, Syria Cross border > Idleb > Idleb > Sarmin > Sarmin,Idleb,35.929008,36.635276
9739, Syria Cross border > Aleppo > Afrin > Jandairis > Tal Slur,Aleppo,36.206013,37.15242
9740, Syria Cross border > Idleb > Harim > Qourqeena > Ras Elhisn,Idleb,35.929008,36.635276
9741, Syria Cross border > Idleb > Harim > Dana > Termanin,Idleb,35.929008,36.635276
9742, Syria Cross border > Aleppo > A'zaz > Mare' > Mare',Aleppo,36.206013,37.15242
9743, Syria Cross border > Aleppo > Jebel Saman (Aleppo) > Atareb > Maaret Atarib,Aleppo,36.206013,37.15242
9744, Syria Cross border > Idleb > Harim > Dana > Qah,Idleb,35.929008,36.635276
9745, Syria Cross border > Aleppo > Jebel Saman (Aleppo) > Daret Azza > Deir Samaan,Aleppo,36.206013,37.15242
9746, Syria Cross border > Idleb > Harim > Dana > Sarmada,Idleb,35.929008,36.635276
9747, Syria Cross border > Idleb > Harim > Dana > Tal Elkaramej,Idleb,35.929008,36.635276
9748, Syria Cross border > Aleppo > A'zaz > A'zaz > Salama,Aleppo,36.206013,37.15242
9749, Syria Cross border > Idleb > Harim > Salqin > Tlul,Idleb,35.929008,36.635276
9750, Syria Cross border > Idleb > Harim > Salqin > Big Hir Jamus,Idleb,35.929008,36.635276
9751, Syria Cross border > Idleb > Harim > Salqin > Delbiya,Idleb,35.929008,36.635276
9752, Syria Cross border > Idleb > Harim > Salqin > Hamziyeh,Idleb,35.929008,36.635276
9753, Syria Cross border > Idleb > Harim > Dana > Burdaqly,Idleb,35.929008,36.635276
9754, Syria Cross border > Idleb > Harim > Dana > Atma,Idleb,35.929008,36.635276
9755, Syria Cross border > Idleb > Harim > Dana > Aqrabat,Idleb,35.929008,36.635276
9756, Syria Cross border > Idleb > Harim > Dana > Mashhad Ruhin,Idleb,35.929008,36.635276
9757, Syria Cross border > Idleb > Harim > Dana > Babisqa,Idleb,35.929008,36.635276
9758, Syria Cross border > Idleb > Ariha > Ariha > Nahliya,Idleb,35.929008,36.635276
9759, Syria Cross border > Idleb > Idleb > Maaret Tamsrin > Hazano,Idleb,35.929008,36.635276
9760, Syria Cross border > Idleb > Idleb > Idleb > Falyun,Idleb,35.929008,36.635276
9761, Syria Cross border > Idleb > Idleb > Idleb > Nayrab,Idleb,35.929008,36.635276
9762, Syria Cross border > Idleb > Harim > Dana > Selwa,Idleb,35.929008,36.635276
9763, Syria Cross border > Idleb > Ariha > Ariha > Mseibin,Idleb,35.929008,36.635276
9764, Syria Cross border > Idleb > Ariha > Ariha > Korin,Idleb,35.929008,36.635276
9765, Syria Cross border > Idleb > Idleb > Idleb > Ein Shib,Idleb,35.929008,36.635276
9766, Syria Cross border > Aleppo > Jebel Saman (Aleppo) > Atareb > Babka,Aleppo,36.206013,37.15242
9767, Syria Cross border > Aleppo > Jebel Saman (Aleppo) > Atareb > Kafr Naseh Elatareb,Aleppo,36.206013,37.15242
9768, Syria Cross border > Aleppo > Afrin > Jandairis > Baflur,Aleppo,36.206013,37.15242
9769, Syria Cross border > Aleppo > Afrin > Jandairis > Dakhm,Aleppo,36.206013,37.15242
9770, Syria Cross border > Aleppo > Afrin > Jandairis > Freiriyeh,Aleppo,36.206013,37.15242
9771, Syria Cross border > Aleppo > Afrin > Jandairis > Tal Hamo,Aleppo,36.206013,37.15242
9772, Syria Cross border > Aleppo > Afrin > Jandairis > Sheikh Abel Rahman,Aleppo,36.206013,37.15242
9773, Syria Cross border > Aleppo > Afrin > Jandairis > Abu Ka'ab,Aleppo,36.206013,37.15242
9774, Syria Cross border > Aleppo > Afrin > Jandairis > Hikageh,Aleppo,36.206013,37.15242
9775, Syria Cross border > Idleb > Harim > Armanaz > Milis,Idleb,35.929008,36.635276
9776, Syria Cross border > Aleppo > Afrin > Jandairis > Hajilar,Aleppo,36.206013,37.15242
9777, Syria Cross border > Aleppo > Afrin > Jandairis > Ramadiyeh,Aleppo,36.206013,37.15242
9778, Syria Cross border > Idleb > Jisr-Ash-Shugur > Darkosh > Tebat Alesm,Idleb,35.929008,36.635276
9779, Syria Cross border > Idleb > Jisr-Ash-Shugur > Darkosh > Dorriyeh,Idleb,35.929008,36.635276
9780, Syria Cross border > Aleppo > Afrin > Jandairis > Western Khaltan,Aleppo,36.206013,37.15242
9781, Syria Cross border > Idleb > Jisr-Ash-Shugur > Darkosh > Zahraa - Kherbet Amud,Idleb,35.929008,36.635276
9782, Syria Cross border > Aleppo > Afrin > Jandairis > Hmlak-Hmelek,Aleppo,36.206013,37.15242
9783, Syria Cross border > Aleppo > Afrin > Jandairis > Zanda,Aleppo,36.206013,37.15242
9784, Syria Cross border > Idleb > Jisr-Ash-Shugur > Darkosh > Thahr,Idleb,35.929008,36.635276
9785, Syria Cross border > Idleb > Jisr-Ash-Shugur > Darkosh > Matleh - Batlaya,Idleb,35.929008,36.635276
9786, Syria Cross border > Idleb > Jisr-Ash-Shugur > Jisr-Ash-Shugur > Dgali,Idleb,35.929008,36.635276
9787, Syria Cross border > Idleb > Jisr-Ash-Shugur > Jisr-Ash-Shugur > Balmis,Idleb,35.929008,36.635276
9788, Syria Cross border > Aleppo > Afrin > Jandairis > Qila,Aleppo,36.206013,37.15242
9789, Syria Cross border > Idleb > Jisr-Ash-Shugur > Darkosh > Sadiyeh - Bsentiya,Idleb,35.929008,36.635276
9790, Syria Cross border > Idleb > Jisr-Ash-Shugur > Jisr-Ash-Shugur > Qaysiyeh,Idleb,35.929008,36.635276
9791, Syria Cross border > Aleppo > Afrin > Jandairis > Upper Maskeh,Aleppo,36.206013,37.15242
9792, Syria Cross border > Idleb > Jisr-Ash-Shugur > Darkosh > Al Rasem (Darkosh),Idleb,35.929008,36.635276
9793, Syria Cross border > Idleb > Jisr-Ash-Shugur > Jisr-Ash-Shugur > Um Rish,Idleb,35.929008,36.635276
9794, Syria Cross border > Idleb > Jisr-Ash-Shugur > Darkosh > Darkosh,Idleb,35.929008,36.635276
9795, Syria Cross border > Aleppo > Afrin > Afrin > Ghazawiyet Afrin,Aleppo,36.206013,37.15242
9796, Syria Cross border > Aleppo > Afrin > Afrin > Ein Dara,Aleppo,36.206013,37.15242
9797, Syria Cross border > Aleppo > Afrin > Afrin > Kafr Batra,Aleppo,36.206013,37.15242
9798, Syria Cross border > Aleppo > Afrin > Jandairis > Deir Ballut,Aleppo,36.206013,37.15242
9799, Syria Cross border > Aleppo > Afrin > Jandairis > Koran Jandris,Aleppo,36.206013,37.15242
9800, Syria Cross border > Aleppo > Afrin > Jandairis > Western Eshkab,Aleppo,36.206013,37.15242
9801, Syria Cross border > Aleppo > Afrin > Jandairis > Lower Kafardali,Aleppo,36.206013,37.15242
9802, Syria Cross border > Aleppo > Afrin > Jandairis > Upper Diwan,Aleppo,36.206013,37.15242
9803, Syria Cross border > Aleppo > Afrin > Jandairis > Jalma,Aleppo,36.206013,37.15242
9804, Syria Cross border > Aleppo > Afrin > Jandairis > Tatara-Tataranli,Aleppo,36.206013,37.15242
9805, Syria Cross border > Aleppo > Afrin > Afrin > Tal Tawil,Aleppo,36.206013,37.15242
9806, Syria Cross border > Aleppo > Afrin > Afrin > Basuta,Aleppo,36.206013,37.15242
9807, Syria Cross border > Aleppo > Afrin > Afrin > Kafrshil,Aleppo,36.206013,37.15242
9808, Syria Cross border > Aleppo > Afrin > Afrin > Tharifa,Aleppo,36.206013,37.15242
9809, Syria Cross border > Aleppo > Jebel Saman (Aleppo) > Atareb > Abin Samaan,Aleppo,36.206013,37.15242
9810, Syria Cross border > Aleppo > Afrin > Raju > Shekh Bilal,Aleppo,36.206013,37.15242
9811, Syria Cross border > Aleppo > Afrin > Raju > Raju,Aleppo,36.206013,37.15242
9812, Syria Cross border > Aleppo > Afrin > Afrin > Sheikh Eldeir,Aleppo,36.206013,37.15242
9813, Syria Cross border > Aleppo > Afrin > Afrin > Enab,Aleppo,36.206013,37.15242
9814, Syria Cross border > Aleppo > Afrin > Sharan > Qatmet Efrin,Aleppo,36.206013,37.15242
9815, Syria Cross border > Aleppo > Afrin > Ma'btali > Abraz,Aleppo,36.206013,37.15242
9816, Syria Cross border > Aleppo > Afrin > Ma'btali > Ayn Al-Hajar,Aleppo,36.206013,37.15242
9817, Syria Cross border > Idleb > Harim > Salqin > Kafr Hind,Idleb,35.929008,36.635276
9818, Syria Cross border > Aleppo > Afrin > Afrin > Mreimin Afrin,Aleppo,36.206013,37.15242
9819, Syria Cross border > Idleb > Harim > Dana > Kafr Deryan,Idleb,35.929008,36.635276
9820, Syria Cross border > Aleppo > Afrin > Sharan > Kafr Janna,Aleppo,36.206013,37.15242
9821, Syria Cross border > Idleb > Harim > Salqin > Faroukiyeh,Idleb,35.929008,36.635276
9822, Syria Cross border > Aleppo > Afrin > Ma'btali > Amiriya - Meirkan,Aleppo,36.206013,37.15242
9823, Syria Cross border > Idleb > Harim > Qourqeena > Kafr Aruq,Idleb,35.929008,36.635276
9824, Syria Cross border > Idleb > Idleb > Maaret Tamsrin > Batenta,Idleb,35.929008,36.635276
9825, Syria Cross border > Idleb > Idleb > Maaret Tamsrin > Maaret Elekhwan,Idleb,35.929008,36.635276
9826, Syria Cross border > Aleppo > Afrin > Ma'btali > Ma'btali,Aleppo,36.206013,37.15242
9827, Syria Cross border > Idleb > Idleb > Maaret Tamsrin > Shekh Bahr,Idleb,35.929008,36.635276
9828, Syria Cross border > Aleppo > Afrin > Jandairis > Hamam,Aleppo,36.206013,37.15242
9829, Syria Cross border > Aleppo > Afrin > Sharan > Jiman,Aleppo,36.206013,37.15242
9830, Syria Cross border > Aleppo > A'zaz > A'zaz > Shamarin,Aleppo,36.206013,37.15242
9831, Syria Cross border > Aleppo > A'zaz > Suran > Dweibeq,Aleppo,36.206013,37.15242
9832, Syria Cross border > Aleppo > A'zaz > Suran > Kafra,Aleppo,36.206013,37.15242
9833, Syria Cross border > Aleppo > A'zaz > Suran > Kafr Ghan,Aleppo,36.206013,37.15242
9834, Syria Cross border > Aleppo > A'zaz > Suran > Baraghideh,Aleppo,36.206013,37.15242
9835, Syria Cross border > Aleppo > A'zaz > Suran > Ehteimlat,Aleppo,36.206013,37.15242
9836, Syria Cross border > Aleppo > Afrin > Afrin > Bablit,Aleppo,36.206013,37.15242
9837, Syria Cross border > Aleppo > Afrin > Sharan > Mashaala,Aleppo,36.206013,37.15242
9838, Syria Cross border > Aleppo > Afrin > Afrin > Khaldiyet Afrin,Aleppo,36.206013,37.15242
9839, Syria Cross border > Aleppo > Afrin > Jandairis > Haji Hasanli,Aleppo,36.206013,37.15242
9840, Syria Cross border > Aleppo > Jebel Saman (Aleppo) > Atareb > Batbu,Aleppo,36.206013,37.15242
9841, Syria Cross border > Aleppo > Afrin > Sharan > Tal Elosud,Aleppo,36.206013,37.15242
9842, Syria Cross border > Idleb > Idleb > Idleb > Martein,Idleb,35.929008,36.635276
9843, Syria Cross border > Aleppo > Afrin > Jandairis > Bayada - Jendris,Aleppo,36.206013,37.15242
9844, Syria Cross border > Aleppo > A'zaz > Suran > Harjalah,Aleppo,36.206013,37.15242
9845, Syria Cross border > Idleb > Idleb > Idleb > Mastumeh,Idleb,35.929008,36.635276
9846, Syria Cross border > Idleb > Harim > Dana > Tilaada,Idleb,35.929008,36.635276
9847, Syria Cross border > Idleb > Harim > Salqin > Abu Talha,Idleb,35.929008,36.635276
9848, Syria Cross border > Idleb > Harim > Dana > Bab El Hawa,Idleb,35.929008,36.635276
9849, Syria Cross border > Idleb > Harim > Dana > Hezreh - Hezri,Idleb,35.929008,36.635276
9850, Syria Cross border > Aleppo > Afrin > Jandairis > Nisriyeh,Aleppo,36.206013,37.15242
9851, Syria Cross border > Aleppo > Afrin > Jandairis > Mhamadia,Aleppo,36.206013,37.15242
9852, Syria Cross border > Idleb > Harim > Salqin > Tellemar,Idleb,35.929008,36.635276
9853, Syria Cross border > Aleppo > Jebel Saman (Aleppo) > Atareb > Jeineh,Aleppo,36.206013,37.15242
9854, Syria Cross border > Aleppo > A'zaz > A'zaz > Sijraz,Aleppo,36.206013,37.15242
9855, Syria Cross border > Aleppo > Afrin > Sheikh El-Hadid,Aleppo,36.206013,37.15242
9856, Syria Cross border > Aleppo > A'zaz > A'zaz,Aleppo,36.206013,37.15242
9857, Syria Cross border > Aleppo > Afrin > Jandairis,Aleppo,36.206013,37.15242
9858, Syria Cross border > Aleppo > Afrin > Afrin,Aleppo,36.206013,37.15242
9859, Syria Cross border > Aleppo > Afrin > Ma'btali,Aleppo,36.206013,37.15242
9860, Syria Cross border > Aleppo > Afrin > Bulbul,Aleppo,36.206013,37.15242
9861, Syria Cross border > Aleppo > Afrin > Sharan,Aleppo,36.206013,37.15242
9862, Syria Cross border > Aleppo > Afrin > Raju,Aleppo,36.206013,37.15242
9863, Syria Cross border > Idleb > Jisr-Ash-Shugur > Jisr-Ash-Shugur > Al Areen - Kastanah Fawqan,Idleb,35.929008,36.635276
9864, Syria Cross border > Idleb > Ariha > Ariha > Kafr Najd,Idleb,35.929008,36.635276
9865, Syria Cross border > Idleb > Jisr-Ash-Shugur > Janudiyeh > Nasra,Idleb,35.929008,36.635276
9866, Syria Cross border > Aleppo > Jebel Saman (Aleppo) > Atareb > Kafr Thoran,Aleppo,36.206013,37.15242
9867, Syria Cross border > Idleb > Ariha > Ariha > Ariha,Idleb,35.929008,36.635276
9868, Syria Cross border > Idleb > Harim > Salqin > Ein Elbikara,Idleb,35.929008,36.635276
9869, Syria Cross border > Idleb > Harim > Salqin > Betiya,Idleb,35.929008,36.635276
9870, Syria Cross border > Idleb > Harim > Salqin > Set Aateka,Idleb,35.929008,36.635276
9871, Syria Cross border > Idleb > Idleb > Idleb > Kafruhin,Idleb,35.929008,36.635276
9872, Syria Cross border > Aleppo > Jebel Saman (Aleppo) > Atareb > Tuwama,Aleppo,36.206013,37.15242
9873, Syria Cross border > Idleb > Idleb > Saraqab > Afs,Idleb,35.929008,36.635276
9874, Syria Cross border > Idleb > Idleb > Idleb > Arshani,Idleb,35.929008,36.635276
9875, Syria Cross border > Idleb > Jisr-Ash-Shugur > Jisr-Ash-Shugur > Frikeh,Idleb,35.929008,36.635276
9876, Syria Cross border > Idleb > Jisr-Ash-Shugur > Badama > Ramliyeh,Idleb,35.929008,36.635276
9877, Syria Cross border > Idleb > Jisr-Ash-Shugur > Janudiyeh > Hassaniyeh - Hatya,Idleb,35.929008,36.635276
9878, Syria Cross border > Idleb > Jisr-Ash-Shugur > Jisr-Ash-Shugur > Kafir,Idleb,35.929008,36.635276
9879, Syria Cross border > Idleb > Jisr-Ash-Shugur > Badama > Badama,Idleb,35.929008,36.635276
9880, Syria Cross border > Idleb > Harim > Qourqeena > Dier Seeta,Idleb,35.929008,36.635276
9881, Syria Cross border > Idleb > Jisr-Ash-Shugur > Janudiyeh > Tiba - Katrin,Idleb,35.929008,36.635276
9882, Syria Cross border > Idleb > Jisr-Ash-Shugur > Jisr-Ash-Shugur > Um Elgar,Idleb,35.929008,36.635276
9883, Syria Cross border > Idleb > Harim > Qourqeena > Khirbet al Kahtib,Idleb,35.929008,36.635276
9884, Syria Cross border > Idleb > Harim > Qourqeena > Al Marzooq,Idleb,35.929008,36.635276
9885, Syria Cross border > Idleb > Jisr-Ash-Shugur > Jisr-Ash-Shugur > Alyeh,Idleb,35.929008,36.635276
9886, Syria Cross border > Idleb > Jisr-Ash-Shugur > Jisr-Ash-Shugur > Arzaghan Fawqani,Idleb,35.929008,36.635276
9887, Syria Cross border > Idleb > Jisr-Ash-Shugur > Janudiyeh > Al Marjeh,Idleb,35.929008,36.635276
9888, Syria Cross border > Idleb > Jisr-Ash-Shugur > Jisr-Ash-Shugur > Ziyadiyeh,Idleb,35.929008,36.635276
9889, Syria Cross border > Idleb > Jisr-Ash-Shugur > Jisr-Ash-Shugur > Muntar Tahtani,Idleb,35.929008,36.635276
9890, Syria Cross border > Idleb > Harim > Qourqeena > Radwa,Idleb,35.929008,36.635276
9891, Syria Cross border > Idleb > Harim > Qourqeena > Ma'arat Manaya,Idleb,35.929008,36.635276
9892, Syria Cross border > Idleb > Jisr-Ash-Shugur > Jisr-Ash-Shugur > Frikka al Abeed,Idleb,35.929008,36.635276
9893, Syria Cross border > Idleb > Harim > Qourqeena > Meraf Elshalaf,Idleb,35.929008,36.635276
9894, Syria Cross border > Idleb > Jisr-Ash-Shugur > Janudiyeh > Mazraet Al Qadereh,Idleb,35.929008,36.635276
9895, Syria Cross border > Idleb > Jisr-Ash-Shugur > Jisr-Ash-Shugur > Bteibat,Idleb,35.929008,36.635276
9896, Syria Cross border > Idleb > Jisr-Ash-Shugur > Jisr-Ash-Shugur > Al Karnaza,Idleb,35.929008,36.635276
9897, Syria Cross border > Idleb > Jisr-Ash-Shugur > Jisr-Ash-Shugur > Upper Sheikh Sindyan,Idleb,35.929008,36.635276
9898, Syria Cross border > Idleb > Jisr-Ash-Shugur > Jisr-Ash-Shugur > Ghanya,Idleb,35.929008,36.635276
9899, Syria Cross border > Idleb > Jisr-Ash-Shugur > Jisr-Ash-Shugur > Mazraet al hammam,Idleb,35.929008,36.635276
9900, Syria Cross border > Idleb > Ariha > Ariha,Idleb,35.929008,36.635276
9901, Syria Cross border > Idleb > Jisr-Ash-Shugur > Darkosh,Idleb,35.929008,36.635276
9902, Syria Cross border > Aleppo > Jebel Saman (Aleppo) > Daret Azza,Aleppo,36.206013,37.15242
9903, Syria Cross border > Idleb > Harim > Kafr Takharim,Idleb,35.929008,36.635276
9904, Syria Cross border > Idleb > Idleb > Teftnaz,Idleb,35.929008,36.635276
9905, Syria Cross border > Aleppo > Jebel Saman (Aleppo) > Atareb,Aleppo,36.206013,37.15242
9906, Syria Cross border > Idleb > Ariha > Ehsem,Idleb,35.929008,36.635276
9907, Syria Cross border > Idleb > Harim > Qourqeena,Idleb,35.929008,36.635276
9908, Syria Cross border > Idleb > Harim > Harim,Idleb,35.929008,36.635276
9909, Syria Cross border > Idleb > Jisr-Ash-Shugur > Badama,Idleb,35.929008,36.635276
9910, Syria Cross border > Idleb > Idleb > Bennsh,Idleb,35.929008,36.635276
9911, Syria Cross border > Idleb > Jisr-Ash-Shugur > Janudiyeh,Idleb,35.929008,36.635276
9912, Syria Cross border > Idleb > Jisr-Ash-Shugur > Jisr-Ash-Shugur,Idleb,35.929008,36.635276
9913, Syria Cross border > Idleb > Idleb > Idleb,Idleb,35.929008,36.635276
9914, Syria Cross border > Aleppo > Al Bab > A'rima > Sunbula - Saboyran,Aleppo,36.206013,37.15242
9915, Syria Cross border > Idleb > Idleb > Maaret Tamsrin > Ram Hamdan,Idleb,35.929008,36.635276
9916, Syria Cross border > Aleppo > Al Bab > A'rima > Um Adae Ajami,Aleppo,36.206013,37.15242
9917, Syria Cross border > Aleppo > Al Bab > A'rima > Big Sukariyeh,Aleppo,36.206013,37.15242
9918, Syria Cross border > Aleppo > Al Bab > A'rima > Jeb Naassan,Aleppo,36.206013,37.15242
9919, Syria Cross border > Aleppo > Al Bab > A'rima > Barshaya,Aleppo,36.206013,37.15242
9920, Syria Cross border > Aleppo > Al Bab > A'rima > Shdar,Aleppo,36.206013,37.15242
9921, Syria Cross border > Aleppo > Al Bab > A'rima > Jeb Eldam Elbab,Aleppo,36.206013,37.15242
9922, Syria Cross border > Aleppo > Al Bab > A'rima > Zamka,Aleppo,36.206013,37.15242
9923, Syria Cross border > Aleppo > Al Bab > A'rima > Shweiha,Aleppo,36.206013,37.15242
9924, Syria Cross border > Aleppo > Al Bab > A'rima > Little Sukariyeh,Aleppo,36.206013,37.15242
9925, Syria Cross border > Aleppo > Al Bab > A'rima > Jeb El-barazi,Aleppo,36.206013,37.15242
9926, Syria Cross border > Aleppo > A'zaz > A'zaz > Nayara,Aleppo,36.206013,37.15242
9927, Syria Cross border > Aleppo > Afrin > Afrin > Marata,Aleppo,36.206013,37.15242
9928, Syria Cross border > Idleb > Harim > Armanaz > Dweila,Idleb,35.929008,36.635276
9929, Syria Cross border > Idleb > Harim > Salqin > Kafrahlat Jallad,Idleb,35.929008,36.635276
9930, Syria Cross border > Idleb > Harim > Salqin > Shyukh,Idleb,35.929008,36.635276
9931, Syria Cross border > Idleb > Harim > Salqin > Saidiyeh,Idleb,35.929008,36.635276
9932, Syria Cross border > Idleb > Jisr-Ash-Shugur > Jisr-Ash-Shugur > Ein Elsoda,Idleb,35.929008,36.635276
9933, Syria Cross border > Idleb > Jisr-Ash-Shugur > Jisr-Ash-Shugur > Maalaqa - Bishlamon,Idleb,35.929008,36.635276
9934, Syria Cross border > Aleppo > Jarablus > Jarablus > Jarablus,Aleppo,36.206013,37.15242
9935, Syria Cross border > Idleb > Idleb > Teftnaz > Teftnaz,Idleb,35.929008,36.635276
9936, Syria Cross border > Idleb > Idleb > Saraqab > Saraqab,Idleb,35.929008,36.635276
9937, Syria Cross border > Aleppo > Jarablus > Ghandorah > Yaqoubyah,Aleppo,36.206013,37.15242
9938, Syria Cross border > Aleppo > Jarablus > Ghandorah > Shahid,Aleppo,36.206013,37.15242
9939, Syria Cross border > Aleppo > Jarablus > Ghandorah > Hajar Elabyad,Aleppo,36.206013,37.15242
9940, Syria Cross border > Aleppo > Jarablus > Ghandorah > Sweida - Qorret Tashli,Aleppo,36.206013,37.15242
9941, Syria Cross border > Aleppo > Jarablus > Ghandorah > Ghanameh,Aleppo,36.206013,37.15242
9942, Syria Cross border > Aleppo > Jarablus > Ghandorah > Muhalmiyah,Aleppo,36.206013,37.15242
9943, Syria Cross border > Aleppo > Jarablus > Ghandorah > Tal ali - Karbajli,Aleppo,36.206013,37.15242
9944, Syria Cross border > Aleppo > Jarablus > Ghandorah > Sheib,Aleppo,36.206013,37.15242
9945, Syria Cross border > Aleppo > Afrin > Jandairis > Haj Eskandar,Aleppo,36.206013,37.15242
9946, Syria Cross border > Aleppo > Al Bab > Al Bab > Sosyan,Aleppo,36.206013,37.15242
9947, Syria Cross border > Aleppo > Afrin > Raju > Masikan,Aleppo,36.206013,37.15242
9948, Syria Cross border > Aleppo > Afrin > Raju > Qarah Baba,Aleppo,36.206013,37.15242
9949, Syria Cross border > Aleppo > A'zaz > Aghtrin > Dabeq,Aleppo,36.206013,37.15242
9950, Syria Cross border > Aleppo > Jarablus > Ghandorah > Ghandorah,Aleppo,36.206013,37.15242
9951, Syria Cross border > Aleppo > Al Bab > Al Bab > Bazagha,Aleppo,36.206013,37.15242
9952, Syria Cross border > Aleppo > A'zaz > Suran > Odaya,Aleppo,36.206013,37.15242
9953, Syria Cross border > Aleppo > A'zaz > A'zaz > Tatiyeh,Aleppo,36.206013,37.15242
9954, Syria Cross border > Aleppo > A'zaz > Suran > Thaheriya Azaz,Aleppo,36.206013,37.15242
9955, Syria Cross border > Aleppo > A'zaz > Suran > Touqi,Aleppo,36.206013,37.15242
9956, Syria Cross border > Aleppo > A'zaz > A'zaz > Shmarekh,Aleppo,36.206013,37.15242
9957, Syria Cross border > Aleppo > A'zaz > A'zaz > Talil Elsham,Aleppo,36.206013,37.15242
9958, Syria Cross border > Aleppo > Afrin > Sheikh El-Hadid > Haj Belal,Aleppo,36.206013,37.15242
9959, Syria Cross border > Aleppo > Afrin > Raju > Kusan,Aleppo,36.206013,37.15242
9960, Syria Cross border > Aleppo > Afrin > Sheikh El-Hadid > Sheikh El-Hadid,Aleppo,36.206013,37.15242
9961, Syria Cross border > Aleppo > Afrin > Sheikh El-Hadid > Sheikh Khalil,Aleppo,36.206013,37.15242
9962, Syria Cross border > Aleppo > Afrin > Sheikh El-Hadid > Mostakan,Aleppo,36.206013,37.15242
9963, Syria Cross border > Aleppo > Afrin > Bulbul > Sheikh Khoraz,Aleppo,36.206013,37.15242
9964, Syria Cross border > Aleppo > Afrin > Sheikh El-Hadid > Wadi Elthaalab - Lower Jqal,Aleppo,36.206013,37.15242
9965, Syria Cross border > Aleppo > Afrin > Raju > Qalam - Bandrak,Aleppo,36.206013,37.15242
9966, Syria Cross border > Aleppo > Afrin > Sharan > Qatireh,Aleppo,36.206013,37.15242
9967, Syria Cross border > Aleppo > Afrin > Bulbul > Bulbul,Aleppo,36.206013,37.15242
9968, Syria Cross border > Aleppo > Afrin > Sheikh El-Hadid > Khazafiyeh - Qorret Matlaq,Aleppo,36.206013,37.15242
9969, Syria Cross border > Idleb > Idleb > Bennsh > Toum,Idleb,35.929008,36.635276
9970, Syria Cross border > Idleb > Idleb > Teftnaz > Ketyan,Idleb,35.929008,36.635276
9971, Syria Cross border > Idleb > Ariha > Ariha > Maarzaf,Idleb,35.929008,36.635276
9972, Syria Cross border > Idleb > Ariha > Ehsem > Bara,Idleb,35.929008,36.635276
9973, Syria Cross border > Idleb > Ariha > Ariha > Maarbalit,Idleb,35.929008,36.635276
9974, Syria Cross border > Aleppo > Jebel Saman (Aleppo) > Atareb > Abzemo,Aleppo,36.206013,37.15242
9975, Syria Cross border > Aleppo > A'zaz > A'zaz > Al-Malikeyyeh,Aleppo,36.206013,37.15242
9976, Syria Cross border > Aleppo > Jebel Saman (Aleppo) > Jebel Saman (Aleppo) > Aleppo,Aleppo,36.206013,37.15242
9977, Syria Cross border > Aleppo > A'zaz > Aghtrin > Akhtrein,Aleppo,36.206013,37.15242
9978, Syria Cross border > Aleppo > A'zaz > A'zaz > Bab Alsalameh,Aleppo,36.206013,37.15242
9979, Syria Cross border > Idleb > Idleb > Idleb > Aqrabat,Idleb,35.929008,36.635276
9980, Syria Cross border > Aleppo > Al Bab > Ar-Ra'ee > Ar-Ra'ee,Aleppo,36.206013,37.15242
9981, Syria Cross border > Idleb > Idleb > Teftnaz > Talhiyeh,Idleb,35.929008,36.635276
9982, Syria Cross border > Idleb > Ariha > Mhambal,Idleb,35.929008,36.635276
9983, Syria Cross border > Aleppo > Jarablus > Jarablus,Aleppo,36.206013,37.15242
9984, Syria Cross border > Aleppo > A'zaz > Mare',Aleppo,36.206013,37.15242
9985, Syria Cross border > Aleppo > A'zaz > Aghtrin,Aleppo,36.206013,37.15242
9986, Syria Cross border > Aleppo > Al Bab > Al Bab,Aleppo,36.206013,37.15242
9987, Syria Cross border > Idleb > Idleb > Sarmin,Idleb,35.929008,36.635276
9988, Syria Cross border > Idleb > Ariha > Ehsem > Arnaba,Idleb,35.929008,36.635276
9989, Syria Cross border > Idleb > Ariha > Ehsem > Balyun,Idleb,35.929008,36.635276
9990, Syria Cross border > Idleb > Ariha > Ehsem > Kafr Haya,Idleb,35.929008,36.635276
9991, Syria Cross border > Idleb > Ariha > Ehsem > Mozra,Idleb,35.929008,36.635276
9992, Syria Cross border > Idleb > Ariha > Ariha > Kafrlata,Idleb,35.929008,36.635276
9993, Syria Cross border > Idleb > Ariha > Ehsem > Bsames,Idleb,35.929008,36.635276
9994, Syria Cross border > Idleb > Ariha > Ehsem > Rami,Idleb,35.929008,36.635276
9995, Syria Cross border > Idleb > Ariha > Ehsem > Farkya,Idleb,35.929008,36.635276
9996, Syria Cross border > Idleb > Ariha > Mhambal > Shagurit,Idleb,35.929008,36.635276
9997, Syria Cross border > Idleb > Ariha > Mhambal > Anb,Idleb,35.929008,36.635276
9998, Syria Cross border > Idleb > Ariha > Mhambal > Bales,Idleb,35.929008,36.635276
9999, Syria Cross border > Idleb > Ariha > Ehsem > Joseph,Idleb,35.929008,36.635276
10000, Syria Cross border > Idleb > Ariha > Ariha > Nahleh,Idleb,35.929008,36.635276
10001, Syria Cross border > Idleb > Ariha > Mhambal > Sahen,Idleb,35.929008,36.635276
10002, Syria Cross border > Idleb > Ariha > Mhambal > Sararif,Idleb,35.929008,36.635276
10003, Syria Cross border > Idleb > Ariha > Mhambal > Hlul,Idleb,35.929008,36.635276
10004, Syria Cross border > Idleb > Ariha > Ehsem > Abdita,Idleb,35.929008,36.635276
10005, Syria Cross border > Idleb > Ariha > Ehsem > Ehsem,Idleb,35.929008,36.635276
10006, Syria Cross border > Idleb > Ariha > Mhambal > Hmeimat,Idleb,35.929008,36.635276
10007, Syria Cross border > Idleb > Ariha > Mhambal > Beftamun,Idleb,35.929008,36.635276
10008, Syria Cross border > Idleb > Ariha > Ehsem > Ein Laruz,Idleb,35.929008,36.635276
10009, Syria Cross border > Idleb > Ariha > Ehsem > Ablin,Idleb,35.929008,36.635276
10010, Syria Cross border > Idleb > Ariha > Mhambal > Jadraya,Idleb,35.929008,36.635276
10011, Syria Cross border > Idleb > Ariha > Mhambal > Kniseh,Idleb,35.929008,36.635276
10012, Syria Cross border > Idleb > Ariha > Ehsem > Marata,Idleb,35.929008,36.635276
10013, Syria Cross border > Idleb > Ariha > Ehsem > Balshun,Idleb,35.929008,36.635276
10014, Syria Cross border > Idleb > Ariha > Ehsem > Maghara,Idleb,35.929008,36.635276
10015, Syria Cross border > Idleb > Ariha > Mhambal > Ainata,Idleb,35.929008,36.635276
10016, Syria Cross border > Idleb > Ariha > Mhambal > Qrsaya,Idleb,35.929008,36.635276
10017, Syria Cross border > Idleb > Ariha > Ariha > Bazabur,Idleb,35.929008,36.635276
10018, Syria Cross border > Idleb > Ariha > Ehsem > Marayan,Idleb,35.929008,36.635276
10019, Syria Cross border > Idleb > Ariha > Ariha > Kafr Shalaya,Idleb,35.929008,36.635276
10020, Syria Cross border > Idleb > Ariha > Mhambal > Al Iraqiyah,Idleb,35.929008,36.635276
10021, Syria Cross border > Idleb > Ariha > Mhambal > Mhambal,Idleb,35.929008,36.635276
10022, Syria Cross border > Idleb > Ariha > Mhambal > Baqlid,Idleb,35.929008,36.635276
10023, Syria Cross border > Idleb > Ariha > Mhambal > Bsanqul,Idleb,35.929008,36.635276
10024, Syria Cross border > Idleb > Ariha > Mhambal > Baydar Shamsu,Idleb,35.929008,36.635276
10025, Syria Cross border > Idleb > Ariha > Mhambal > Northern Laj,Idleb,35.929008,36.635276
10026, Syria Cross border > Idleb > Ariha > Mhambal > Hila,Idleb,35.929008,36.635276
10027, Syria Cross border > Idleb > Ariha > Mhambal > Ora Qabli - Edwan,Idleb,35.929008,36.635276
10028, Syria Cross border > Idleb > Ariha > Mhambal > Kafrmid,Idleb,35.929008,36.635276
10029, Syria Cross border > Idleb > Ariha > Ariha > Bab Ellah,Idleb,35.929008,36.635276
10030, Syria Cross border > Idleb > Ariha > Mhambal > Marj,Idleb,35.929008,36.635276
10031, Syria Cross border > Idleb > Ariha > Ariha > Kafraziba,Idleb,35.929008,36.635276
10032, Syria Cross border > Idleb > Ariha > Mhambal > Matleh Ariha,Idleb,35.929008,36.635276
10033, Syria Cross border > Idleb > Ariha > Mhambal > Sanghara,Idleb,35.929008,36.635276
10034, Syria Cross border > Idleb > Idleb > Maaret Tamsrin > Kafr tanor,Idleb,35.929008,36.635276
10035, Syria Cross border > Idleb > Harim > Qourqeena > Rabeeta,Idleb,35.929008,36.635276
10036, Syria Cross border > Idleb > Harim > Qourqeena > Boz Ghaz,Idleb,35.929008,36.635276
10037, Syria Cross border > Aleppo > A'zaz > Aghtrin > Turkman Bareh,Aleppo,36.206013,37.15242
10038, Syria Cross border > Aleppo > Jarablus > Jarablus > Zoghra,Aleppo,36.206013,37.15242
10039, Syria Cross border > Aleppo > Jarablus > Jarablus > Ayn Al Bayda,Aleppo,36.206013,37.15242
10040, Syria Cross border > Aleppo > Al Bab > Al Bab > Qabasin,Aleppo,36.206013,37.15242
10041, Syria Cross border > Idleb > Harim > Harim > Mira Shaq,Idleb,35.929008,36.635276
10042, Syria Cross border > Idleb > Harim > Kafr Takharim > Bshendlaya - Rashadiya,Idleb,35.929008,36.635276
10043, Syria Cross border > Idleb > Harim > Harim > Kafr Mu,Idleb,35.929008,36.635276
10044, Syria Cross border > Idleb > Harim > Kafr Takharim > Taltita,Idleb,35.929008,36.635276
10045, Syria Cross border > Idleb > Jisr-Ash-Shugur > Darkosh > Ramadiyeh,Idleb,35.929008,36.635276
10046, Syria Cross border > Idleb > Jisr-Ash-Shugur > Darkosh > Al Msherfeh,Idleb,35.929008,36.635276
10047, Syria Cross border > Idleb > Harim > Kafr Takharim > Helleh,Idleb,35.929008,36.635276
10048, Syria Cross border > Idleb > Harim > Kafr Takharim > Kafr Mars,Idleb,35.929008,36.635276
10049, Syria Cross border > Idleb > Jisr-Ash-Shugur > Darkosh > Sawadiya - Nabhan,Idleb,35.929008,36.635276
10050, Syria Cross border > Idleb > Jisr-Ash-Shugur > Darkosh > Ghazala - Mgheidleh,Idleb,35.929008,36.635276
10051, Syria Cross border > Idleb > Jisr-Ash-Shugur > Darkosh > Zanbaqi,Idleb,35.929008,36.635276
10052, Syria Cross border > Idleb > Harim > Kafr Takharim > Kafr Kila,Idleb,35.929008,36.635276
10053, Syria Cross border > Idleb > Harim > Armanaz > al-Baali'ah,Idleb,35.929008,36.635276
10054, Syria Cross border > Idleb > Harim > Armanaz > Hafasraja,Idleb,35.929008,36.635276
10055, Syria Cross border > Aleppo > A'zaz > Aghtrin > Zayadiyeh,Aleppo,36.206013,37.15242
10056, Syria Cross border > Aleppo > A'zaz > Aghtrin > Tat Hims,Aleppo,36.206013,37.15242
10057, Syria Cross border > Aleppo > A'zaz > Aghtrin > Teltana,Aleppo,36.206013,37.15242
10058, Syria Cross border > Aleppo > A'zaz > Aghtrin > Dweir Elhawa,Aleppo,36.206013,37.15242
10059, Syria Cross border > Aleppo > A'zaz > Aghtrin > Abla,Aleppo,36.206013,37.15242
10060, Syria Cross border > Idleb > Harim > Salqin > Ashrafia/Madlousah,Idleb,35.929008,36.635276
10061, Syria Cross border > Idleb > Harim > Salqin > Bozanti,Idleb,35.929008,36.635276
10062, Syria Cross border > Idleb > Idleb > Bennsh > Tall Kherbeh,Idleb,35.929008,36.635276
10063, Syria Cross border > Idleb > Idleb > Bennsh > Al-Swagheih,Idleb,35.929008,36.635276
10064, Syria Cross border > Idleb > Harim > Salqin > Magaret Hory,Idleb,35.929008,36.635276
10065, Syria Cross border > Aleppo > Afrin > Sharan > Doha,Aleppo,36.206013,37.15242
10066, Syria Cross border > Idleb > Ariha,Idleb,35.929008,36.635276
10067, Syria Cross border > Aleppo > Jebel Saman (Aleppo),Aleppo,36.206013,37.15242
10068, Syria Cross border > Idleb > Idleb,Idleb,35.929008,36.635276
10069, Syria Cross border > Idleb > Jisr-Ash-Shugur,Idleb,35.929008,36.635276
10070, Syria Cross border > Idleb > Harim,Idleb,35.929008,36.635276
10071, Syria Cross border > Aleppo > A'zaz > Mare' > Alsayed Ali,Aleppo,36.206013,37.15242
10072, Syria Cross border > Aleppo > A'zaz > Mare' > Kafr Elward,Aleppo,36.206013,37.15242
10073, Syria Cross border > Aleppo > A'zaz > Mare' > Asanbal,Aleppo,36.206013,37.15242
10074, Syria Cross border > Aleppo > A'zaz > Aghtrin > Al Salihiyah Maree,Aleppo,36.206013,37.15242
10075, Syria Cross border > Aleppo > Jarablus > Ghandorah > Ghassaniyeh - Jrables,Aleppo,36.206013,37.15242
10076, Syria Cross border > Aleppo > Jarablus > Ghandorah > Al Tafiliyah,Aleppo,36.206013,37.15242
10077, Syria Cross border > Aleppo > Jarablus > Ghandorah > Lilawa,Aleppo,36.206013,37.15242
10078, Syria Cross border > Aleppo > Jarablus > Ghandorah > Hfeira,Aleppo,36.206013,37.15242
10079, Syria Cross border > Aleppo > A'zaz > Mare' > Tal Maled,Aleppo,36.206013,37.15242
10080, Syria Cross border > Aleppo > A'zaz > A'zaz > Maarin,Aleppo,36.206013,37.15242
10081, Syria Cross border > Aleppo > Jarablus > Ghandorah > Jeb Eldam Jrables,Aleppo,36.206013,37.15242
10082, Syria Cross border > Aleppo > Jarablus > Ghandorah > Kuliyeh,Aleppo,36.206013,37.15242
10083, Syria Cross border > Aleppo > Jarablus > Jarablus > Dabis,Aleppo,36.206013,37.15242
10084, Syria Cross border > Idleb > Ariha > Ariha > Moataf,Idleb,35.929008,36.635276
10085, Syria Cross border > Aleppo > Jarablus > Jarablus > Himar,Aleppo,36.206013,37.15242
10086, Syria Cross border > Aleppo > Jarablus > Jarablus > Hadra - Big Baldaq,Aleppo,36.206013,37.15242
10087, Syria Cross border > Aleppo > Jarablus > Jarablus > Lower Jrables,Aleppo,36.206013,37.15242
10088, Syria Cross border > Aleppo > A'zaz > Mare' > Hiwar Elnahr,Aleppo,36.206013,37.15242
10089, Syria Cross border > Aleppo > Jarablus > Jarablus > Tal Elamara,Aleppo,36.206013,37.15242
10090, Syria Cross border > Aleppo > Jarablus > Jarablus > Treikhem,Aleppo,36.206013,37.15242
10091, Syria Cross border > Aleppo > Jarablus > Jarablus > Sreisat,Aleppo,36.206013,37.15242
10092, Syria Cross border > Aleppo > Jarablus > Jarablus > Hjeileh - Jrables,Aleppo,36.206013,37.15242
10093, Syria Cross border > Idleb > Jisr-Ash-Shugur > Jisr-Ash-Shugur > Msheirfeh,Idleb,35.929008,36.635276
10094, Syria Cross border > Aleppo > Jarablus > Ghandorah > Thaheriya Jrables,Aleppo,36.206013,37.15242
10095, Syria Cross border > Aleppo > Jarablus > Ghandorah > Tal Elhajar - Tal Elahamar,Aleppo,36.206013,37.15242
10096, Syria Cross border > Aleppo > Jarablus > Ghandorah > Arab Azzah,Aleppo,36.206013,37.15242
10097, Syria Cross border > Aleppo > Jarablus > Jarablus > Jamel,Aleppo,36.206013,37.15242
10098, Syria Cross border > Idleb > Jisr-Ash-Shugur > Jisr-Ash-Shugur > Mintar,Idleb,35.929008,36.635276
10099, Syria Cross border > Aleppo > Jarablus > Jarablus > Jubb Al-Kusa,Aleppo,36.206013,37.15242
10100, Syria Cross border > Aleppo > Jarablus > Ghandorah > Buslijah,Aleppo,36.206013,37.15242
10101, Syria Cross border > Idleb > Jisr-Ash-Shugur > Jisr-Ash-Shugur > Upper Shghur,Idleb,35.929008,36.635276
10102, Syria Cross border > Idleb > Jisr-Ash-Shugur > Jisr-Ash-Shugur > Jannet Elqora,Idleb,35.929008,36.635276
10103, Syria Cross border > Aleppo > Jarablus > Jarablus > Halawaniyeh,Aleppo,36.206013,37.15242
10104, Syria Cross border > Aleppo > Jebel Saman (Aleppo) > Daret Azza > Zarzita,Aleppo,36.206013,37.15242
10105, Syria Cross border > Aleppo > Afrin > Ma'btali > Anbar,Aleppo,36.206013,37.15242
10106, Syria Cross border > Aleppo > Afrin > Ma'btali > Jomrokiyeh,Aleppo,36.206013,37.15242
10107, Syria Cross border > Aleppo > Afrin > Bulbul > Sagher - Sagher Oba Si,Aleppo,36.206013,37.15242
10108, Syria Cross border > Aleppo > Afrin > Bulbul > Obudan,Aleppo,36.206013,37.15242
10109, Syria Cross border > Aleppo > Afrin > Ma'btali > Smal,Aleppo,36.206013,37.15242
10110, Syria Cross border > Aleppo > Afrin > Ma'btali > Yakhur - Ayki Yakhur,Aleppo,36.206013,37.15242
10111, Syria Cross border > Aleppo > Afrin > Bulbul > Mudallala Afrin - Eastern Kotanly,Aleppo,36.206013,37.15242
10112, Syria Cross border > Aleppo > Afrin > Bulbul > Qorna,Aleppo,36.206013,37.15242
10113, Syria Cross border > Aleppo > Afrin > Bulbul > Abel,Aleppo,36.206013,37.15242
10114, Syria Cross border > Aleppo > Afrin > Bulbul > Hozan,Aleppo,36.206013,37.15242
10115, Syria Cross border > Aleppo > Afrin > Bulbul > Dik,Aleppo,36.206013,37.15242
10116, Syria Cross border > Aleppo > Afrin > Raju > Big Siwan,Aleppo,36.206013,37.15242
10117, Syria Cross border > Aleppo > Afrin > Raju > Bilaliyeh - Blaliko,Aleppo,36.206013,37.15242
10118, Syria Cross border > Aleppo > Afrin > Raju > Beit Adin,Aleppo,36.206013,37.15242
10119, Syria Cross border > Aleppo > Afrin > Raju > Meidan Ekbis,Aleppo,36.206013,37.15242
10120, Syria Cross border > Aleppo > Afrin > Bulbul > Zara,Aleppo,36.206013,37.15242
10121, Syria Cross border > Aleppo > Afrin > Bulbul > Qastal Miqdad,Aleppo,36.206013,37.15242
10122, Syria Cross border > Aleppo > Afrin > Bulbul > Marwiyeh,Aleppo,36.206013,37.15242
10123, Syria Cross border > Aleppo > Afrin > Raju > Hopkan,Aleppo,36.206013,37.15242
10124, Syria Cross border > Aleppo > Afrin > Raju > Hjeij - Haji Kanli,Aleppo,36.206013,37.15242
10125, Syria Cross border > Aleppo > Afrin > Raju > Haj Khalil,Aleppo,36.206013,37.15242
10126, Syria Cross border > Idleb > Idleb > Maaret Tamsrin > Kafr Nabi,Idleb,35.929008,36.635276
10127, Syria Cross border > Aleppo > Afrin > Sharan > Kafroum,Aleppo,36.206013,37.15242
10128, Syria Cross border > Idleb > Jisr-Ash-Shugur > Darkosh > Jamiliya,Idleb,35.929008,36.635276
10129, Syria Cross border > Idleb > Jisr-Ash-Shugur > Jisr-Ash-Shugur > Al Sheakh Ibrahim,Idleb,35.929008,36.635276
10130, Syria Cross border > Idleb > Jisr-Ash-Shugur > Badama > Hanbushiyeh,Idleb,35.929008,36.635276
10131, Syria Cross border > Idleb > Jisr-Ash-Shugur > Darkosh > Sheikh Issa Elashury,Idleb,35.929008,36.635276
10132, Syria Cross border > Idleb > Jisr-Ash-Shugur > Janudiyeh > Foz - Zuf,Idleb,35.929008,36.635276
10133, Syria Cross border > Idleb > Jisr-Ash-Shugur > Darkosh > Kharab Sultan,Idleb,35.929008,36.635276
10134, Syria Cross border > Idleb > Ariha > Ariha > Sarja,Idleb,35.929008,36.635276
10135, Syria Cross border > Idleb > Jisr-Ash-Shugur > Darkosh > Amud,Idleb,35.929008,36.635276
10136, Syria Cross border > Idleb > Ariha > Ariha > Ebneh,Idleb,35.929008,36.635276
10137, Syria Cross border > Idleb > Jisr-Ash-Shugur > Jisr-Ash-Shugur > Ein Elhamra,Idleb,35.929008,36.635276
10138, Syria Cross border > Idleb > Ariha > Ariha > Motaram,Idleb,35.929008,36.635276
10139, Syria Cross border > Idleb > Ariha > Ariha > Al Mokbelah,Idleb,35.929008,36.635276
10140, Syria Cross border > Idleb > Jisr-Ash-Shugur > Badama > Kherbet Eljoz,Idleb,35.929008,36.635276
10141, Syria Cross border > Idleb > Idleb > Maaret Tamsrin > Bir Al Tayeb,Idleb,35.929008,36.635276
10142, Syria Cross border > Idleb > Jisr-Ash-Shugur > Badama > Ein El-Bayda,Idleb,35.929008,36.635276
10143, Syria Cross border > Aleppo > Jebel Saman (Aleppo) > Atareb > Kafr Amma,Aleppo,36.206013,37.15242
10144, Syria Cross border > Aleppo > Jebel Saman (Aleppo) > Atareb > Sahara,Aleppo,36.206013,37.15242
10145, Syria Cross border > Idleb > Harim > Qourqeena > Qalb Lozeh,Idleb,35.929008,36.635276
10146, Syria Cross border > Idleb > Harim > Armanaz > Al Gharraf,Idleb,35.929008,36.635276
10147, Syria Cross border > Idleb > Harim > Armanaz > Kabta,Idleb,35.929008,36.635276
10148, Syria Cross border > Idleb > Harim > Dana > Al Kufir,Idleb,35.929008,36.635276
10149, Syria Cross border > Aleppo > Al Bab > Al Bab > Shdud,Aleppo,36.206013,37.15242
10150, Syria Cross border > Aleppo > Al Bab > Al Bab > Hadath,Aleppo,36.206013,37.15242
10151, Syria Cross border > Aleppo > Al Bab > Al Bab > Al Azraq,Aleppo,36.206013,37.15242
10152, Syria Cross border > Idleb > Idleb > Abul Thohur > Tal Tufan,Idleb,35.929008,36.635276
10153, Syria Cross border > Idleb > Idleb > Abul Thohur > Ballisa,Idleb,35.929008,36.635276
10154, Syria Cross border > Idleb > Al Ma'ra > Heish > Tah,Idleb,35.929008,36.635276
10155, Syria Cross border > Idleb > Idleb > Saraqab > Tal Tabariz,Idleb,35.929008,36.635276
10156, Syria Cross border > Idleb > Idleb > Abul Thohur > Tawil Elsheikh,Idleb,35.929008,36.635276
10157, Syria Cross border > Idleb > Al Ma'ra > Kafr Nobol > Kafr Oweid,Idleb,35.929008,36.635276
10158, Syria Cross border > Idleb > Al Ma'ra > Sanjar > Mardagana Burtuqala,Idleb,35.929008,36.635276
10159, Syria Cross border > Idleb > Idleb > Abul Thohur > Tweim,Idleb,35.929008,36.635276
10160, Syria Cross border > Idleb > Al Ma'ra > Sanjar > Saree,Idleb,35.929008,36.635276
10161, Syria Cross border > Idleb > Idleb > Abul Thohur > Rasm Nayyas,Idleb,35.929008,36.635276
10162, Syria Cross border > Idleb > Al Ma'ra > Kafr Nobol > Has,Idleb,35.929008,36.635276
10163, Syria Cross border > Idleb > Al Ma'ra > Kafr Nobol > Hazarin,Idleb,35.929008,36.635276
10164, Syria Cross border > Idleb > Al Ma'ra > Ma'arrat An Nu'man > Hatamiyeh,Idleb,35.929008,36.635276
10165, Syria Cross border > Idleb > Al Ma'ra > Khan Shaykun > Khan Shaykun,Idleb,35.929008,36.635276
10166, Syria Cross border > Idleb > Jisr-Ash-Shugur > Badama > Zoainieh,Idleb,35.929008,36.635276
10167, Syria Cross border > Idleb > Jisr-Ash-Shugur > Badama > Shaturiyeh,Idleb,35.929008,36.635276
10168, Syria Cross border > Aleppo > Jebel Saman (Aleppo) > Daret Azza > Bala,Aleppo,36.206013,37.15242
10169, Syria Cross border > Aleppo > Jebel Saman (Aleppo) > Daret Azza > Qabtan Eljabal,Aleppo,36.206013,37.15242
10170, Syria Cross border > Aleppo > Al Bab > Al Bab > Olan,Aleppo,36.206013,37.15242
10171, Syria Cross border > Aleppo > Al Bab > Ar-Ra'ee > Sandi,Aleppo,36.206013,37.15242
10172, Syria Cross border > Aleppo > Al Bab > Ar-Ra'ee > Tal Mizab,Aleppo,36.206013,37.15242
10173, Syria Cross border > Aleppo > Al Bab > Ar-Ra'ee > Jbine,Aleppo,36.206013,37.15242
10174, Syria Cross border > Aleppo > Al Bab > Ar-Ra'ee > Ameriyeh,Aleppo,36.206013,37.15242
10175, Syria Cross border > Aleppo > Al Bab > Ar-Ra'ee > Tal Eisheh,Aleppo,36.206013,37.15242
10176, Syria Cross border > Aleppo > Al Bab > Al Bab > Shbiran,Aleppo,36.206013,37.15242
10177, Syria Cross border > Aleppo > Afrin > Jandairis > Jum Afrin,Aleppo,36.206013,37.15242
10178, Syria Cross border > Aleppo > Afrin > Jandairis > Eastern Eshkan,Aleppo,36.206013,37.15242
10179, Syria Cross border > Idleb > Idleb > Maaret Tamsrin > Taltuneh,Idleb,35.929008,36.635276
10180, Syria Cross border > Idleb > Idleb > Saraqab > Kafr Omeim,Idleb,35.929008,36.635276
10181, Syria Cross border > Idleb > Idleb > Maaret Tamsrin > Habat,Idleb,35.929008,36.635276
10182, Syria Cross border > Aleppo > A'zaz > Tall Refaat > Tall Refaat,Aleppo,36.206013,37.15242
10183, Syria Cross border > Aleppo > Afrin > Jandairis > Jalaq,Aleppo,36.206013,37.15242
10184, Syria Cross border > Aleppo > Jebel Saman (Aleppo) > Haritan > Hayyan,Aleppo,36.206013,37.15242
10185, Syria Cross border > Aleppo > A'zaz > Tall Refaat > Deir Jmal,Aleppo,36.206013,37.15242
10186, Syria Cross border > Aleppo > Afrin > Afrin > Al Jumaliyah,Aleppo,36.206013,37.15242
10187, Syria Cross border > Aleppo > Jebel Saman (Aleppo) > Haritan > Haritan,Aleppo,36.206013,37.15242
10188, Syria Cross border > Aleppo > Afrin > Afrin > Burj Abdallah,Aleppo,36.206013,37.15242
10189, Syria Cross border > Aleppo > Afrin > Afrin > Kawkabeh,Aleppo,36.206013,37.15242
10190, Syria Cross border > Aleppo > Afrin > Afrin > Basufan,Aleppo,36.206013,37.15242
10191, Syria Cross border > Aleppo > Afrin > Afrin > Fafertein,Aleppo,36.206013,37.15242
10192, Syria Cross border > Aleppo > Afrin > Afrin > Hawa,Aleppo,36.206013,37.15242
10193, Syria Cross border > Aleppo > Afrin > Afrin > Kabashin,Aleppo,36.206013,37.15242
10194, Syria Cross border > Idleb > Harim > Qourqeena > Htan,Idleb,35.929008,36.635276
10195, Syria Cross border > Aleppo > Afrin > Sharan > Omariyeh Afrin,Aleppo,36.206013,37.15242
10196, Syria Cross border > Aleppo > Afrin > Afrin > Baee,Aleppo,36.206013,37.15242
10197, Syria Cross border > Aleppo > Al Bab > Ar-Ra'ee > Qantaret Elbab,Aleppo,36.206013,37.15242
10198, Syria Cross border > Aleppo > Al Bab > Ar-Ra'ee > Haji Kusa,Aleppo,36.206013,37.15242
10199, Syria Cross border > Aleppo > Al Bab > Ar-Ra'ee > Waqf,Aleppo,36.206013,37.15242
10200, Syria Cross border > Aleppo > Jarablus > Jarablus > Qandariya,Aleppo,36.206013,37.15242
10201, Syria Cross border > Aleppo > Jarablus > Jarablus > Thahr Elmaghayer,Aleppo,36.206013,37.15242
10202, Syria Cross border > Aleppo > Jarablus > Jarablus > Lower Bir,Aleppo,36.206013,37.15242
10203, Syria Cross border > Aleppo > Jarablus > Jarablus > Yusef Elbeik,Aleppo,36.206013,37.15242
10204, Syria Cross border > Aleppo > Jarablus > Jarablus > Upper Um Rotha,Aleppo,36.206013,37.15242
10205, Syria Cross border > Aleppo > Jarablus > Jarablus > Tall Shair,Aleppo,36.206013,37.15242
10206, Syria Cross border > Aleppo > Jarablus > Jarablus > Marma Elhajar,Aleppo,36.206013,37.15242
10207, Syria Cross border > Idleb > Idleb > Maaret Tamsrin > Maarbouneh,Idleb,35.929008,36.635276
10208, Syria Cross border > Idleb > Idleb > Maaret Tamsrin > Kaftin,Idleb,35.929008,36.635276
10209, Syria Cross border > Aleppo > Al Bab > Ar-Ra'ee > Bab Laymun,Aleppo,36.206013,37.15242
10210, Syria Cross border > Idleb,Idleb,35.929008,36.635276
10211, Syria Cross border > Aleppo,Aleppo,36.206013,37.15242
10212, Syria Cross border > Aleppo > Afrin > Jandairis > Kharzan,Aleppo,36.206013,37.15242
10213, Syria Cross border > Aleppo > Afrin > Jandairis > Lower-Marwana,Aleppo,36.206013,37.15242
10214, Syria Cross border > Aleppo > Afrin > Jandairis > Upper Marwana,Aleppo,36.206013,37.15242
10215, Syria Cross border > Idleb > Idleb > Maaret Tamsrin > As-Sanmah,Idleb,35.929008,36.635276
10216, Syria Cross border > Aleppo > Afrin > Afrin > Bteita,Aleppo,36.206013,37.15242
10217, Syria Cross border > Aleppo > Afrin > Sharan > Qastal,Aleppo,36.206013,37.15242
10218, Syria Cross border > Aleppo > Afrin > Afrin > Qarzihel,Aleppo,36.206013,37.15242
10219, Syria Cross border > Aleppo > Afrin > Jandairis > Koban,Aleppo,36.206013,37.15242
10220, Syria Cross border > Aleppo > Afrin > Sharan > Big Dib,Aleppo,36.206013,37.15242
10221, Syria Cross border > Aleppo > Afrin > Jandairis > Burj Kmush,Aleppo,36.206013,37.15242
10222, Syria Cross border > Aleppo > Afrin > Afrin > Tellef,Aleppo,36.206013,37.15242
10223, Syria Cross border > Aleppo > Afrin > Afrin > Kafir,Aleppo,36.206013,37.15242
10224, Syria Cross border > Aleppo > Afrin > Afrin > Kafr Zeid,Aleppo,36.206013,37.15242
10225, Syria Cross border > Idleb > Al Ma'ra > Ma'arrat An Nu'man > Hantutin,Idleb,35.929008,36.635276
10226, Syria Cross border > Aleppo > Jebel Saman (Aleppo) > Atareb > Little Orm,Aleppo,36.206013,37.15242
10227, Syria Cross border > Idleb > Al Ma'ra > Kafr Nobol > Kafr Nobol,Idleb,35.929008,36.635276
10228, Syria Cross border > Aleppo > A'zaz > Aghtrin > Kardish,Aleppo,36.206013,37.15242
10229, Syria Cross border > Aleppo > A'zaz > Aghtrin > Tal Battal,Aleppo,36.206013,37.15242
10230, Syria Cross border > Aleppo > A'zaz > Aghtrin > Dweidan,Aleppo,36.206013,37.15242
10231, Syria Cross border > Aleppo > A'zaz > A'zaz > Yahmul,Aleppo,36.206013,37.15242
10232, Syria Cross border > Aleppo > A'zaz > Aghtrin > Tal Sheer Aazaz,Aleppo,36.206013,37.15242
10233, Syria Cross border > Aleppo > A'zaz > Aghtrin > Arshaf,Aleppo,36.206013,37.15242
10234, Syria Cross border > Aleppo > A'zaz > A'zaz > Jarez,Aleppo,36.206013,37.15242
10235, Syria Cross border > Aleppo > A'zaz > A'zaz > Kafr Kalbein,Aleppo,36.206013,37.15242
10236, Syria Cross border > Aleppo > A'zaz > Aghtrin > Sandara,Aleppo,36.206013,37.15242
10237, Syria Cross border > Aleppo > A'zaz > Suran > Al-Sheikh Rih,Aleppo,36.206013,37.15242
10238, Syria Cross border > Aleppo > Afrin > Afrin > Kimar,Aleppo,36.206013,37.15242
10239, Syria Cross border > Aleppo > Afrin > Sharan > Dama - Ayki Dam,Aleppo,36.206013,37.15242
10240, Syria Cross border > Aleppo > Afrin > Afrin > Eskan,Aleppo,36.206013,37.15242
10241, Syria Cross border > Aleppo > Jebel Saman (Aleppo) > Daret Azza > Kafrantin,Aleppo,36.206013,37.15242
10242, Syria Cross border > Aleppo > Afrin > Sharan > Maydan Afrin,Aleppo,36.206013,37.15242
10243, Syria Cross border > Idleb > Harim > Armanaz > Sheikh Yousef,Idleb,35.929008,36.635276
10244, Syria Cross border > Aleppo > Jebel Saman (Aleppo) > Daret Azza > Arhab,Aleppo,36.206013,37.15242
10245, Syria Cross border > Aleppo > Afrin > Sharan > Deir Siwan,Aleppo,36.206013,37.15242
10246, Syria Cross border > Aleppo > Jebel Saman (Aleppo) > Atareb > Big Orm,Aleppo,36.206013,37.15242
10247, Syria Cross border > Aleppo > Jebel Saman (Aleppo) > Atareb > Kafr Naha,Aleppo,36.206013,37.15242
10248, Syria Cross border > Aleppo > Jebel Saman (Aleppo) > Daret Azza > Tqad,Aleppo,36.206013,37.15242
10249, Syria Cross border > Idleb > Idleb > Teftnaz > Maaret Elnaasan - Maaret Elhaski,Idleb,35.929008,36.635276
10250, Syria Cross border > Idleb > Jisr-Ash-Shugur > Jisr-Ash-Shugur > Eshtabraq,Idleb,35.929008,36.635276
10251, Syria Cross border > Aleppo > Afrin > Afrin > Nireh,Aleppo,36.206013,37.15242
10252, Syria Cross border > Aleppo > Afrin > Jandairis > Upper Kafardali,Aleppo,36.206013,37.15242
10253, Syria Cross border > Idleb > Jisr-Ash-Shugur > Jisr-Ash-Shugur > Marj Elzohur,Idleb,35.929008,36.635276
10254, Syria Cross border > Idleb > Jisr-Ash-Shugur > Jisr-Ash-Shugur > Bkafla,Idleb,35.929008,36.635276
10255, Syria Cross border > Idleb > Jisr-Ash-Shugur > Jisr-Ash-Shugur > Salhiyeh,Idleb,35.929008,36.635276
10256, Syria Cross border > Idleb > Jisr-Ash-Shugur > Jisr-Ash-Shugur > Kniset Nakhleh,Idleb,35.929008,36.635276
10257, Syria Cross border > Idleb > Jisr-Ash-Shugur > Jisr-Ash-Shugur > Watba,Idleb,35.929008,36.635276
10258, Syria Cross border > Idleb > Jisr-Ash-Shugur > Jisr-Ash-Shugur > Tal Awar,Idleb,35.929008,36.635276
10259, Syria Cross border > Idleb > Jisr-Ash-Shugur > Jisr-Ash-Shugur > Sokkariyeh,Idleb,35.929008,36.635276
10260, Syria Cross border > Aleppo > As-Safira > As-Safira > As-Safira,Aleppo,36.206013,37.15242
10261, Syria Cross border > Aleppo > Menbij > Menbij > Menbij,Aleppo,36.206013,37.15242
10262, Syria Cross border > Idleb > Al Ma'ra > Ma'arrat An Nu'man > Ma'arrat An Nu'man,Idleb,35.929008,36.635276
10263, Syria Cross border > Idleb > Jisr-Ash-Shugur > Darkosh > Magaret al Beda,Idleb,35.929008,36.635276
10264, Syria Cross border > Idleb > Jisr-Ash-Shugur > Darkosh > al Mansourah,Idleb,35.929008,36.635276
10265, Syria Cross border > Idleb > Jisr-Ash-Shugur > Jisr-Ash-Shugur > Qirmida,Idleb,35.929008,36.635276
10266, Syria Cross border > Idleb > Harim > Armanaz > Fasouq,Idleb,35.929008,36.635276
10267, Syria Cross border > Idleb > Jisr-Ash-Shugur > Darkosh > Alfauri,Idleb,35.929008,36.635276
10268, Syria Cross border > Idleb > Jisr-Ash-Shugur > Jisr-Ash-Shugur > Jeb Alsafa,Idleb,35.929008,36.635276
10269, Syria Cross border > Idleb > Jisr-Ash-Shugur > Darkosh > Turin,Idleb,35.929008,36.635276
10270, Syria Cross border > Idleb > Jisr-Ash-Shugur > Darkosh > Magharet Jamous,Idleb,35.929008,36.635276
10271, Syria Cross border > Idleb > Jisr-Ash-Shugur > Darkosh > Deir Othman,Idleb,35.929008,36.635276
10272, Syria Cross border > Idleb > Jisr-Ash-Shugur > Jisr-Ash-Shugur > Qulaia,Idleb,35.929008,36.635276
10273, Syria Cross border > Idleb > Jisr-Ash-Shugur > Darkosh > Kharab Amer,Idleb,35.929008,36.635276
10274, Syria Cross border > Idleb > Jisr-Ash-Shugur > Darkosh > Kharab Khalil,Idleb,35.929008,36.635276
10275, Syria Cross border > Idleb > Jisr-Ash-Shugur > Jisr-Ash-Shugur > eyn albarda,Idleb,35.929008,36.635276
10276, Syria Cross border > Idleb > Jisr-Ash-Shugur > Jisr-Ash-Shugur > Mazraet Al Haj Hammoud,Idleb,35.929008,36.635276
10277, Syria Cross border > Idleb > Jisr-Ash-Shugur > Jisr-Ash-Shugur > Al Marj Al Akhdar,Idleb,35.929008,36.635276
10278, Syria Cross border > Idleb > Jisr-Ash-Shugur > Jisr-Ash-Shugur > Al Enabiat,Idleb,35.929008,36.635276
10279, Syria Cross border > Idleb > Jisr-Ash-Shugur > Jisr-Ash-Shugur > Ghassaniyeh,Idleb,35.929008,36.635276
10280, Syria Cross border > Idleb > Jisr-Ash-Shugur > Darkosh > Mazuleh,Idleb,35.929008,36.635276
10281, Syria Cross border > Idleb > Jisr-Ash-Shugur > Jisr-Ash-Shugur > Mazraet Qatroun,Idleb,35.929008,36.635276
10282, Syria Cross border > Idleb > Jisr-Ash-Shugur > Jisr-Ash-Shugur > Sabileh,Idleb,35.929008,36.635276
10283, Syria Cross border > Idleb > Jisr-Ash-Shugur > Jisr-Ash-Shugur > Hseiniyeh,Idleb,35.929008,36.635276
10284, Syria Cross border > Idleb > Ariha > Ariha > Al-Qiyasat,Idleb,35.929008,36.635276
10285, Syria Cross border > Idleb > Ariha > Ariha > Majdaliya,Idleb,35.929008,36.635276
10286, Syria Cross border > Idleb > Al Ma'ra > Kafr Nobol > Jbala,Idleb,35.929008,36.635276
10287, Syria Cross border > Idleb > Harim > Armanaz > Quneitra,Idleb,35.929008,36.635276
10288, Syria Cross border > Idleb > Harim > Armanaz > Baliya,Idleb,35.929008,36.635276
10289, Syria Cross border > Aleppo > A'zaz > Aghtrin > Bhorta,Aleppo,36.206013,37.15242
10290, Syria Cross border > Aleppo > Al Bab > Al Bab > Borj,Aleppo,36.206013,37.15242
10291, Syria Cross border > Aleppo > A'zaz > Suran > Kafr Barja,Aleppo,36.206013,37.15242
10292, Syria Cross border > Aleppo > A'zaz > Aghtrin > Kaeebeh,Aleppo,36.206013,37.15242
10293, Syria Cross border > Aleppo > Afrin > Sharan > Qastal Jend,Aleppo,36.206013,37.15242
10294, Syria Cross border > Aleppo > Jebel Saman (Aleppo) > Zarbah > Sheikh Ahmed,Aleppo,36.206013,37.15242
10295, Syria Cross border > Idleb > Ariha > Ariha > Shinan,Idleb,35.929008,36.635276
10296, Syria Cross border > Aleppo > Jebel Saman (Aleppo) > Daret Azza > Anjara,Aleppo,36.206013,37.15242
10297, Syria Cross border > Al-Hasakeh > Ras Al Ain > Ras Al Ain > Ras Al Ain,Al-Hasakeh,36.505375,40.742899
10298, Syria Cross border > Ar-Raqqa > Tell Abiad > Tell Abiad > Tell Abiad,Ar-Raqqa,35.953075,39.006062
10299, Syria Cross border > Aleppo > Menbij > Menbij > Sultahiyeh,Aleppo,36.206013,37.15242
10300, Syria Cross border > Aleppo > Menbij > Menbij > Toq Elkhalil,Aleppo,36.206013,37.15242
10301, Syria Cross border > Aleppo > Menbij > Menbij > Al Khataf,Aleppo,36.206013,37.15242
10302, Syria Cross border > Aleppo > Menbij > Menbij > Ein Elnakhil,Aleppo,36.206013,37.15242
10303, Syria Cross border > Aleppo > Menbij > Menbij > Nawaja,Aleppo,36.206013,37.15242
10304, Syria Cross border > Aleppo > Menbij > Menbij > Big Mohtaraq,Aleppo,36.206013,37.15242
10305, Syria Cross border > Aleppo > Menbij > Menbij > Little Osajli,Aleppo,36.206013,37.15242
10306, Syria Cross border > Aleppo > Menbij > Menbij > Bir Quraa,Aleppo,36.206013,37.15242
10307, Syria Cross border > Aleppo > Menbij > Menbij > Big Hayyeh,Aleppo,36.206013,37.15242
10308, Syria Cross border > Aleppo > Menbij > Menbij > Karsan,Aleppo,36.206013,37.15242
10309, Syria Cross border > Aleppo > Menbij > Menbij > Um Tmakh,Aleppo,36.206013,37.15242
10310, Syria Cross border > Aleppo > Menbij > Menbij > Tal Yasti,Aleppo,36.206013,37.15242
10311, Syria Cross border > Aleppo > Menbij > Menbij > Khurejah,Aleppo,36.206013,37.15242
10312, Syria Cross border > Aleppo > Menbij > Menbij > Omriyeh,Aleppo,36.206013,37.15242
10313, Syria Cross border > Aleppo > Menbij > Menbij > Big Kaber - Big Kaberjeh,Aleppo,36.206013,37.15242
10314, Syria Cross border > Aleppo > Menbij > Menbij > Rasm Elakhdar,Aleppo,36.206013,37.15242
10315, Syria Cross border > Idleb > Ariha > Ehsem > Deir Sunbul,Idleb,35.929008,36.635276
10316, Syria Cross border > Idleb > Ariha > Ehsem > Kansafra,Idleb,35.929008,36.635276
10317, Syria Cross border > Idleb > Al Ma'ra > Kafr Nobol > Ftireh,Idleb,35.929008,36.635276
10318, Syria Cross border > Idleb > Al Ma'ra > Kafr Nobol > Um Nir,Idleb,35.929008,36.635276
10319, Syria Cross border > Idleb > Al Ma'ra > Kafr Nobol > Hassaneh,Idleb,35.929008,36.635276
10320, Syria Cross border > Idleb > Al Ma'ra > Kafr Nobol > Tramla,Idleb,35.929008,36.635276
10321, Syria Cross border > Idleb > Al Ma'ra > Kafr Nobol > Fleifel,Idleb,35.929008,36.635276
10322, Syria Cross border > Idleb > Al Ma'ra > Kafr Nobol > Al-Halubi,Idleb,35.929008,36.635276
10323, Syria Cross border > Idleb > Al Ma'ra > Kafr Nobol > Sfuhen,Idleb,35.929008,36.635276
10324, Syria Cross border > Aleppo > Jebel Saman (Aleppo) > Haritan > Andan,Aleppo,36.206013,37.15242
10325, Syria Cross border > Aleppo > Jebel Saman (Aleppo) > Haritan > Kafr Hamra,Aleppo,36.206013,37.15242
10326,Idleb ,Idleb ,35.929008,36.635276
10327,Al-Hasakeh  -> Al-Hasakeh  -> Al-Hasakeh  -> Al-Hasakeh ,Al-Hasakeh ,36.505375,40.742899
10328,Ar-Raqqa  -> Ar-Raqqa  -> Ar-Raqqa  -> Ar-Raqqa ,Ar-Raqqa ,35.953075,39.006062
10329,Idleb  -> Al Ma'ra  -> Ma'arrat An Nu'man  -> Ma'arrat An Nu'man ,Idleb ,35.929008,36.635276
10330,Idleb  -> Idleb  -> Maaret Tamsrin  -> Ma'arrat Tamsrin ,Idleb ,35.929008,36.635276
10331,Al-Hasakeh  -> Quamishli  -> Quamishli  -> Quamishli ,Al-Hasakeh ,36.505375,40.742899
10332,Aleppo  -> Afrin  -> Afrin  -> Afrin ,Aleppo ,36.206013,37.15242
10333,Aleppo  -> Ain Al Arab  -> Ain al Arab  -> Ain Al Arab ,Aleppo ,36.206013,37.15242
10334,Aleppo  -> Al Bab  -> Al Bab  -> Al Bab ,Aleppo ,36.206013,37.15242
10335,Aleppo  -> A'zaz  -> A'zaz  -> Azaz ,Aleppo ,36.206013,37.15242
10336,Ar-Raqqa  -> Tell Abiad  -> Tell Abiad  -> Tell Abiad ,Ar-Raqqa ,35.953075,39.006062
10337,Aleppo  -> Jarablus  -> Jarablus ,Aleppo ,36.206013,37.15242
10338,Idleb  -> Al Ma'ra ,Idleb ,35.929008,36.635276
10339,Aleppo  -> A'zaz  -> A'zaz ,Aleppo ,36.206013,37.15242
10340,Idleb  -> Jisr-Ash-Shugur  -> Jisr-Ash-Shugur ,Idleb ,35.929008,36.635276
10341,Idleb  -> Jisr-Ash-Shugur  -> Badama ,Idleb ,35.929008,36.635276
10342,Idleb  -> Harim  -> Harim ,Idleb ,35.929008,36.635276
10343,Idleb  -> Harim  -> Dana ,Idleb ,35.929008,36.635276
10344,Idleb  -> Idleb  -> Idleb ,Idleb ,35.929008,36.635276
10345,Idleb  -> Jisr-Ash-Shugur  -> Darkosh ,Idleb ,35.929008,36.635276
10346,Aleppo  -> Jarablus ,Aleppo ,36.206013,37.15242
10347,Idleb  -> Jisr-Ash-Shugur  -> Janudiyeh  -> Janudiyeh ,Idleb ,35.929008,36.635276
10348,Rural Damascus ,Rural Damascus ,33.644086,36.691021
10349,Aleppo ,Aleppo ,36.206013,37.15242
10350,Aleppo  -> A'zaz  -> Suran  -> Zayzafun - Ekdeh ,Aleppo ,36.206013,37.15242
10351,Aleppo  -> A'zaz  -> A'zaz  -> Shamarin ,Aleppo ,36.206013,37.15242
10352,Idleb  -> Ariha  -> Ehsem  -> Bara ,Idleb ,35.929008,36.635276
10353,Idleb  -> Ariha  -> Ehsem  -> Joseph ,Idleb ,35.929008,36.635276
10354,Idleb  -> Harim  -> Dana  -> Atma ,Idleb ,35.929008,36.635276
10355,Aleppo  -> Jarablus  -> Ghandorah  -> Forsan - Sabahiler ,Aleppo ,36.206013,37.15242
10356,Aleppo  -> Jebel Saman (Aleppo)  -> Atareb  -> Kafr Karmin ,Aleppo ,36.206013,37.15242
10357,Idleb  -> Harim  -> Dana  -> Tal Elkaramej ,Idleb ,35.929008,36.635276
10358,Aleppo  -> Jebel Saman (Aleppo)  -> Atareb  -> Atareb ,Aleppo ,36.206013,37.15242
10359,Aleppo  -> Jebel Saman (Aleppo)  -> Atareb  -> Maaret Atarib ,Aleppo ,36.206013,37.15242
10360,Idleb  -> Idleb  -> Maaret Tamsrin  -> Haranbush ,Idleb ,35.929008,36.635276
10361,Idleb  -> Idleb  -> Maaret Tamsrin  -> Kaftin ,Idleb ,35.929008,36.635276
10362,Idleb  -> Harim  -> Dana  -> Termanin ,Idleb ,35.929008,36.635276
10363,Aleppo  -> Jebel Saman (Aleppo)  -> Atareb  -> Kafr Aleppo ,Aleppo ,36.206013,37.15242
10364,Idleb  -> Idleb  -> Maaret Tamsrin  -> Kelly ,Idleb ,35.929008,36.635276
10365,Idleb  -> Harim  -> Dana  -> Sarmada ,Idleb ,35.929008,36.635276
10366,Idleb  -> Harim  -> Dana  -> Burj Elnumra ,Idleb ,35.929008,36.635276
10367,Idleb  -> Harim  -> Dana  -> Kafr Deryan ,Idleb ,35.929008,36.635276
10368,Idleb  -> Harim ,Idleb ,35.929008,36.635276
10369,Idleb  -> Harim  -> Harim  -> Harim ,Idleb ,35.929008,36.635276
10370,Aleppo  -> Jarablus  -> Jarablus  -> Jarablus ,Aleppo ,36.206013,37.15242
10371,Aleppo  -> Jarablus  -> Jarablus  -> Maghayer - Qorq Mghar ,Aleppo ,36.206013,37.15242
10372,Rural Damascus  -> Rural Damascus  -> Kafr Batna  -> Hezzeh ,Rural Damascus ,33.644086,36.691021
10373,Aleppo  -> Jarablus  -> Jarablus  -> Qirata ,Aleppo ,36.206013,37.15242
10374,Idleb  -> Ariha  -> Ariha  -> Ariha ,Idleb ,35.929008,36.635276
10375,Aleppo  -> Jarablus  -> Jarablus  -> Marma Elhajar ,Aleppo ,36.206013,37.15242
10376,Idleb  -> Harim  -> Dana  -> Dana ,Idleb ,35.929008,36.635276
10377,Aleppo  -> Al Bab  -> Al Bab ,Aleppo ,36.206013,37.15242
10378,Aleppo  -> A'zaz  -> Suran ,Aleppo ,36.206013,37.15242
10379,Aleppo  -> A'zaz  -> Aghtrin ,Aleppo ,36.206013,37.15242
10380,Aleppo  -> A'zaz  -> Mare' ,Aleppo ,36.206013,37.15242
10381,Homs  -> Ar-Rastan  -> Talbiseh  -> Talbiseh ,Homs ,34.729961,36.719731
10382,Homs  -> Homs  -> Taldu  -> Taldu ,Homs ,34.729961,36.719731
10383,Homs  -> Homs  -> Taldu  -> Tal Dahab ,Homs ,34.729961,36.719731
10384,Homs  -> Ar-Rastan  -> Talbiseh  -> Ghanto ,Homs ,34.729961,36.719731
10385,Homs  -> Ar-Rastan  -> Ar-Rastan  -> Ez Eldin ,Homs ,34.729961,36.719731
10386,Homs  -> Ar-Rastan  -> Ar-Rastan  -> Ar-Rastan ,Homs ,34.729961,36.719731
10387,Aleppo  -> A'zaz  -> Suran  -> Ehteimlat ,Aleppo ,36.206013,37.15242
10388,Idleb  -> Harim  -> Dana  -> Qah ,Idleb ,35.929008,36.635276
10389,Ar-Raqqa ,Ar-Raqqa ,35.953075,39.006062
10390,Al-Hasakeh ,Al-Hasakeh ,36.505375,40.742899
10391,Idleb  -> Ariha  -> Mhambal  -> Mhambal ,Idleb ,35.929008,36.635276
10392,Idleb  -> Ariha  -> Ehsem  -> Ablin ,Idleb ,35.929008,36.635276
10393,Idleb  -> Ariha  -> Ehsem  -> Ehsem ,Idleb ,35.929008,36.635276
10394,Idleb  -> Idleb ,Idleb ,35.929008,36.635276
10395,Aleppo  -> Al Bab  -> Ar-Ra'ee ,Aleppo ,36.206013,37.15242
10396,Idleb  -> Al Ma'ra  -> Ma'arrat An Nu'man  -> Ghadqa ,Idleb ,35.929008,36.635276
10397,Idleb  -> Al Ma'ra  -> Ma'arrat An Nu'man  -> Maasaran ,Idleb ,35.929008,36.635276
10398,Idleb  -> Al Ma'ra  -> Ma'arrat An Nu'man  -> Babilla ,Idleb ,35.929008,36.635276
10399,Idleb  -> Al Ma'ra  -> Ma'arrat An Nu'man  -> Tal Dibis ,Idleb ,35.929008,36.635276
10400,Hama  -> As-Suqaylabiyah  -> Madiq Castle ,Hama ,35.133742,36.761291
10401,Idleb  -> Al Ma'ra  -> Ma'arrat An Nu'man ,Idleb ,35.929008,36.635276
10402,Idleb  -> Al Ma'ra  -> Khan Shaykun ,Idleb ,35.929008,36.635276
10403,Idleb  -> Al Ma'ra  -> Kafr Nobol ,Idleb ,35.929008,36.635276
10404,Hama  -> Hama  -> Hamra ,Hama ,35.133742,36.761291
10405,Idleb  -> Idleb  -> Saraqab ,Idleb ,35.929008,36.635276
10406,Idleb  -> Al Ma'ra  -> Tamanaah ,Idleb ,35.929008,36.635276
10407,Hama  -> As-Suqaylabiyah  -> Ziyara ,Hama ,35.133742,36.761291
10408,Idleb  -> Al Ma'ra  -> Heish ,Idleb ,35.929008,36.635276
10409,Idleb  -> Al Ma'ra  -> Sanjar ,Idleb ,35.929008,36.635276
10410,Idleb  -> Al Ma'ra  -> Kafr Nobol  -> Ftireh ,Idleb ,35.929008,36.635276
10411,Idleb  -> Al Ma'ra  -> Kafr Nobol  -> Kafr Nobol ,Idleb ,35.929008,36.635276
10412,Idleb  -> Al Ma'ra  -> Kafr Nobol  -> Hazarin ,Idleb ,35.929008,36.635276
10413,Idleb  -> Ariha  -> Ehsem  -> Kansafra ,Idleb ,35.929008,36.635276
10414,Idleb  -> Al Ma'ra  -> Kafr Nobol  -> Basqala ,Idleb ,35.929008,36.635276
10415,Idleb  -> Al Ma'ra  -> Kafr Nobol  -> Has ,Idleb ,35.929008,36.635276
10416,Idleb  -> Al Ma'ra  -> Kafr Nobol  -> Kafr Oweid ,Idleb ,35.929008,36.635276
10417,Idleb  -> Al Ma'ra  -> Kafr Nobol  -> Sfuhen ,Idleb ,35.929008,36.635276
10418,Idleb  -> Ariha  -> Ehsem  -> Mozra ,Idleb ,35.929008,36.635276
10419,Idleb  -> Ariha  -> Mhambal  -> Hlul ,Idleb ,35.929008,36.635276
10420,Idleb  -> Ariha  -> Mhambal  -> Beftamun ,Idleb ,35.929008,36.635276
10421,Idleb  -> Jisr-Ash-Shugur  -> Jisr-Ash-Shugur  -> Bsheiriyeh - Bello ,Idleb ,35.929008,36.635276
10422,Idleb  -> Jisr-Ash-Shugur  -> Darkosh  -> Mazuleh ,Idleb ,35.929008,36.635276
10423,Idleb  -> Jisr-Ash-Shugur  -> Darkosh  -> Matleh - Batlaya ,Idleb ,35.929008,36.635276
10424,Idleb  -> Jisr-Ash-Shugur  -> Jisr-Ash-Shugur  -> Sabileh ,Idleb ,35.929008,36.635276
10425,Idleb  -> Idleb  -> Idleb  -> Aqrabat ,Idleb ,35.929008,36.635276
10426,Idleb  -> Jisr-Ash-Shugur  -> Jisr-Ash-Shugur  -> Dgali ,Idleb ,35.929008,36.635276
10427,Idleb  -> Jisr-Ash-Shugur  -> Jisr-Ash-Shugur  -> Um Rish ,Idleb ,35.929008,36.635276
10428,Idleb  -> Jisr-Ash-Shugur  -> Jisr-Ash-Shugur  -> Kniset Nakhleh ,Idleb ,35.929008,36.635276
10429,Rural Damascus  -> Rural Damascus  -> Kafr Batna  -> Saqba ,Rural Damascus ,33.644086,36.691021
10430,Rural Damascus  -> Duma  -> Duma  -> Duma ,Rural Damascus ,33.644086,36.691021
10431,Rural Damascus  -> Rural Damascus  -> Kafr Batna  -> Hammura ,Rural Damascus ,33.644086,36.691021
10432,Aleppo  -> A'zaz  -> Aghtrin  -> Akhtrein ,Aleppo ,36.206013,37.15242
10433,Idleb  -> Idleb  -> Saraqab  -> Kafr Battikh ,Idleb ,35.929008,36.635276
10434,Rural Damascus  -> Duma  -> Harasta  -> Harasta ,Rural Damascus ,33.644086,36.691021
10435,Homs ,Homs ,34.729961,36.719731
10436,Aleppo  -> Jebel Saman (Aleppo)  -> Atareb ,Aleppo ,36.206013,37.15242
10437,Aleppo  -> Al Bab  -> Al Bab  -> Qabasin ,Aleppo ,36.206013,37.15242
10438,Aleppo  -> Al Bab  -> Al Bab  -> Bazagha ,Aleppo ,36.206013,37.15242
10439,Aleppo  -> A'zaz  -> A'zaz  -> Salama ,Aleppo ,36.206013,37.15242
10440,Rural Damascus  -> Duma  -> Harasta ,Rural Damascus ,33.644086,36.691021
10441,Rural Damascus  -> Duma  -> Nashabiyeh ,Rural Damascus ,33.644086,36.691021
10442,Rural Damascus  -> Rural Damascus  -> Kafr Batna ,Rural Damascus ,33.644086,36.691021
10443,Rural Damascus  -> Rural Damascus  -> Arbin ,Rural Damascus ,33.644086,36.691021
10444,Aleppo  -> A'zaz  -> A'zaz  -> Jarez ,Aleppo ,36.206013,37.15242
10445,Rural Damascus  -> Duma  -> Duma ,Rural Damascus ,33.644086,36.691021
10446,Aleppo  -> A'zaz  -> A'zaz  -> Kaljibrin ,Aleppo ,36.206013,37.15242
10447,Idleb  -> Jisr-Ash-Shugur  -> Darkosh  -> Darkosh ,Idleb ,35.929008,36.635276
10448,Ar-Raqqa  -> Tell Abiad  -> Suluk  -> Suluk ,Ar-Raqqa ,35.953075,39.006062
10449,Hama  -> Hama ,Hama ,35.133742,36.761291
10450,Rural Damascus  -> Darayya  -> Markaz Darayya ,Rural Damascus ,33.644086,36.691021
10451,Aleppo  -> Ain Al Arab  -> Ain al Arab ,Aleppo ,36.206013,37.15242
10452,Aleppo  -> Menbij  -> Al-Khafsa ,Aleppo ,36.206013,37.15242
10453,Rural Damascus  -> Az-Zabdani  -> Madaya ,Rural Damascus ,33.644086,36.691021
10454,Idleb  -> Jisr-Ash-Shugur ,Idleb ,35.929008,36.635276
10455,Hama  -> Muhradah ,Hama ,35.133742,36.761291
10456,Al-Hasakeh  -> Quamishli ,Al-Hasakeh ,36.505375,40.742899
10457,Hama  -> As-Salamiyeh ,Hama ,35.133742,36.761291
10458,Homs  -> Ar-Rastan ,Homs ,34.729961,36.719731
10459,Aleppo  -> Afrin  -> Afrin ,Aleppo ,36.206013,37.15242
10460,Al-Hasakeh  -> Al-Malikeyyeh ,Al-Hasakeh ,36.505375,40.742899
10461,Aleppo  -> Jebel Saman (Aleppo) ,Aleppo ,36.206013,37.15242
10462,Idleb  -> Ariha  -> Ehsem ,Idleb ,35.929008,36.635276
10463,Ar-Raqqa  -> Tell Abiad ,Ar-Raqqa ,35.953075,39.006062
10464,Homs  -> Homs  -> Taldu ,Homs ,34.729961,36.719731
10465,Aleppo  -> Afrin  -> Bulbul  -> Bulbul ,Aleppo ,36.206013,37.15242
10466,Aleppo  -> Afrin  -> Sharan  -> Deir Siwan ,Aleppo ,36.206013,37.15242
10467,Aleppo  -> Afrin  -> Afrin  -> Baselhaya ,Aleppo ,36.206013,37.15242
10468,Aleppo  -> Afrin  -> Sharan  -> Sharan ,Aleppo ,36.206013,37.15242
10469,Idleb  -> Idleb  -> Teftnaz ,Idleb ,35.929008,36.635276
10470,Aleppo  -> A'zaz  -> Tall Refaat  -> Deir Jmal ,Aleppo ,36.206013,37.15242
10471,Aleppo  -> Jebel Saman (Aleppo)  -> Daret Azza ,Aleppo ,36.206013,37.15242
10472,Idleb  -> Harim  -> Salqin ,Idleb ,35.929008,36.635276
10473,Idleb  -> Harim  -> Qourqeena  -> Kafr Aruq ,Idleb ,35.929008,36.635276
10474,Idleb  -> Harim  -> Salqin  -> Salqin ,Idleb ,35.929008,36.635276
10475,Idleb  -> Harim  -> Salqin  -> Big Hir Jamus ,Idleb ,35.929008,36.635276
10476,Idleb  -> Harim  -> Harim  -> Kafr Hum ,Idleb ,35.929008,36.635276
10477,Aleppo  -> A'zaz  -> A'zaz  -> Maarin ,Aleppo ,36.206013,37.15242
10478,Aleppo  -> A'zaz  -> A'zaz  -> Shmarekh ,Aleppo ,36.206013,37.15242
10479,Idleb  -> Idleb  -> Maaret Tamsrin  -> Ram Hamdan ,Idleb ,35.929008,36.635276
10480,Idleb  -> Idleb  -> Idleb  -> Mastumeh ,Idleb ,35.929008,36.635276
10481,Idleb  -> Idleb  -> Idleb  -> Falyun ,Idleb ,35.929008,36.635276
10482,Idleb  -> Ariha  -> Ariha  -> Nahliya ,Idleb ,35.929008,36.635276
10483,Idleb  -> Al Ma'ra  -> Ma'arrat An Nu'man  -> Jarjnaz ,Idleb ,35.929008,36.635276
10484,Idleb  -> Harim  -> Dana  -> Deir Hassan - Darhashan ,Idleb ,35.929008,36.635276
10485,Idleb  -> Jisr-Ash-Shugur  -> Janudiyeh ,Idleb ,35.929008,36.635276
10486,Idleb  -> Idleb  -> Maaret Tamsrin  -> Maaret Elekhwan ,Idleb ,35.929008,36.635276
10487,Homs  -> Ar-Rastan  -> Ar-Rastan  -> Grandad ,Homs ,34.729961,36.719731
10488,Ar-Raqqa  -> Ath-Thawrah  -> Mansura  -> Mansura ,Ar-Raqqa ,35.953075,39.006062
10489,Ar-Raqqa  -> Tell Abiad  -> Ein Issa  -> Ein Issa ,Ar-Raqqa ,35.953075,39.006062
10490,Ar-Raqqa  -> Ath-Thawrah  -> Al-Thawrah  -> Al-Thawrah ,Ar-Raqqa ,35.953075,39.006062
10491,Idleb  -> Ariha  -> Ehsem  -> Abdita ,Idleb ,35.929008,36.635276
10492,Idleb  -> Ariha  -> Ehsem  -> Deir Sunbul ,Idleb ,35.929008,36.635276
10493,Idleb  -> Ariha  -> Ehsem  -> Farkya ,Idleb ,35.929008,36.635276
10494,Idleb  -> Ariha  -> Ehsem  -> Balyun ,Idleb ,35.929008,36.635276
10495,Idleb  -> Ariha  -> Ehsem  -> Maghara ,Idleb ,35.929008,36.635276
10496,Idleb  -> Ariha  -> Ehsem  -> Rami ,Idleb ,35.929008,36.635276
10497,Idleb  -> Ariha  -> Ehsem  -> Arnaba ,Idleb ,35.929008,36.635276
10498,Idleb  -> Ariha  -> Ehsem  -> Marata ,Idleb ,35.929008,36.635276
10499,Idleb  -> Ariha  -> Ehsem  -> Bsames ,Idleb ,35.929008,36.635276
10500,Idleb  -> Ariha  -> Ehsem  -> Ein Laruz ,Idleb ,35.929008,36.635276
10501,Idleb  -> Ariha  -> Ehsem  -> Marayan ,Idleb ,35.929008,36.635276
10502,Idleb  -> Ariha  -> Ehsem  -> Balshun ,Idleb ,35.929008,36.635276
10503,Idleb  -> Ariha  -> Ariha ,Idleb ,35.929008,36.635276
10504,Aleppo  -> Jebel Saman (Aleppo)  -> Tall Ed-daman ,Aleppo ,36.206013,37.15242
10505,Aleppo  -> Jebel Saman (Aleppo)  -> Zarbah ,Aleppo ,36.206013,37.15242
10506,Idleb  -> Al Ma'ra  -> Heish  -> Heish ,Idleb ,35.929008,36.635276
10507,Hama  -> As-Suqaylabiyah  -> Madiq Castle  -> Madiq Castle ,Hama ,35.133742,36.761291
10508,Idleb  -> Al Ma'ra  -> Khan Shaykun  -> Khan Shaykun ,Idleb ,35.929008,36.635276
10509,Idleb  -> Al Ma'ra  -> Tamanaah  -> Tamanaah ,Idleb ,35.929008,36.635276
10510,Idleb  -> Harim  -> Kafr Takharim  -> Kafr Takharim ,Idleb ,35.929008,36.635276
10511,Idleb  -> Jisr-Ash-Shugur  -> Badama  -> Badama ,Idleb ,35.929008,36.635276
10512,Hama  -> Muhradah  -> Kafr Zeita ,Hama ,35.133742,36.761291
10513,Homs  -> Ar-Rastan  -> Ar-Rastan  -> Zmeimer ,Homs ,34.729961,36.719731
10514,Aleppo  -> A'zaz  -> Aghtrin  -> Turkman Bareh ,Aleppo ,36.206013,37.15242
10515,Aleppo  -> Jebel Saman (Aleppo)  -> Atareb  -> Kafr Naseh Elatareb ,Aleppo ,36.206013,37.15242
10516,Aleppo  -> Jebel Saman (Aleppo)  -> Atareb  -> Abin Samaan ,Aleppo ,36.206013,37.15242
10517,Idleb  -> Al Ma'ra  -> Kafr Nobol  -> Shorlin ,Idleb ,35.929008,36.635276
10518,Idleb  -> Al Ma'ra  -> Kafr Nobol  -> Faqie ,Idleb ,35.929008,36.635276
10519,Idleb  -> Al Ma'ra  -> Kafr Nobol  -> Karsaa ,Idleb ,35.929008,36.635276
10520,Idleb  -> Al Ma'ra  -> Kafr Nobol  -> Fleifel ,Idleb ,35.929008,36.635276
10521,Idleb  -> Al Ma'ra  -> Kafr Nobol  -> Kafr Musa ,Idleb ,35.929008,36.635276
10522,Idleb  -> Al Ma'ra  -> Kafr Nobol  -> Maar Tahroma ,Idleb ,35.929008,36.635276
10523,Idleb  -> Al Ma'ra  -> Kafr Nobol  -> Jbala ,Idleb ,35.929008,36.635276
10524,Idleb  -> Al Ma'ra  -> Kafr Nobol  -> Maar Tamater ,Idleb ,35.929008,36.635276
10525,Idleb  -> Al Ma'ra  -> Kafr Nobol  -> Qoqfin ,Idleb ,35.929008,36.635276
10526,Idleb  -> Al Ma'ra  -> Kafr Nobol  -> Um Nir ,Idleb ,35.929008,36.635276
10527,Idleb  -> Al Ma'ra  -> Kafr Nobol  -> Big Dara  ,Idleb ,35.929008,36.635276
10528,Idleb  -> Al Ma'ra  -> Kafr Nobol  -> Maarzita ,Idleb ,35.929008,36.635276
10529,Idleb  -> Al Ma'ra  -> Kafr Nobol  -> Kawkabeh ,Idleb ,35.929008,36.635276
10530,Idleb  -> Al Ma'ra  -> Kafr Nobol  -> Lweibdeh ,Idleb ,35.929008,36.635276
10531,Idleb  -> Al Ma'ra  -> Kafr Nobol  -> Maar Tesin ,Idleb ,35.929008,36.635276
10532,Idleb  -> Al Ma'ra  -> Kafr Nobol  -> Sheikh Mustafa ,Idleb ,35.929008,36.635276
10533,Idleb  -> Al Ma'ra  -> Ma'arrat An Nu'man  -> Halbeh ,Idleb ,35.929008,36.635276
10534,Idleb  -> Al Ma'ra  -> Ma'arrat An Nu'man  -> Hantutin ,Idleb ,35.929008,36.635276
10535,Idleb  -> Al Ma'ra  -> Kafr Nobol  -> Tramla ,Idleb ,35.929008,36.635276
10536,Idleb  -> Al Ma'ra  -> Kafr Nobol  -> Milaja ,Idleb ,35.929008,36.635276
10537,Idleb  -> Al Ma'ra  -> Kafr Nobol  -> Northern Rasha ,Idleb ,35.929008,36.635276
10538,Idleb  -> Al Ma'ra  -> Ma'arrat An Nu'man  -> Jarada ,Idleb ,35.929008,36.635276
10539,Idleb  -> Al Ma'ra  -> Ma'arrat An Nu'man  -> Kweires ,Idleb ,35.929008,36.635276
10540,Idleb  -> Al Ma'ra  -> Ma'arrat An Nu'man  -> Kanayes ,Idleb ,35.929008,36.635276
10541,Idleb  -> Al Ma'ra  -> Ma'arrat An Nu'man  -> Dana ,Idleb ,35.929008,36.635276
10542,Idleb  -> Al Ma'ra  -> Ma'arrat An Nu'man  -> Sarman ,Idleb ,35.929008,36.635276
10543,Idleb  -> Al Ma'ra  -> Ma'arrat An Nu'man  -> Bsida ,Idleb ,35.929008,36.635276
10544,Idleb  -> Al Ma'ra  -> Ma'arrat An Nu'man  -> Abu Makki ,Idleb ,35.929008,36.635276
10545,Idleb  -> Al Ma'ra  -> Ma'arrat An Nu'man  -> Western Deir ,Idleb ,35.929008,36.635276
10546,Idleb  -> Al Ma'ra  -> Ma'arrat An Nu'man  -> Maar Shamsheh ,Idleb ,35.929008,36.635276
10547,Idleb  -> Al Ma'ra  -> Ma'arrat An Nu'man  -> Maar Shamarin ,Idleb ,35.929008,36.635276
10548,Idleb  -> Al Ma'ra  -> Ma'arrat An Nu'man  -> Harran  ,Idleb ,35.929008,36.635276
10549,Idleb  -> Al Ma'ra  -> Ma'arrat An Nu'man  -> Eastern Deir ,Idleb ,35.929008,36.635276
10550,Idleb  -> Al Ma'ra  -> Ma'arrat An Nu'man  -> Tal Kersyan ,Idleb ,35.929008,36.635276
10551,Idleb  -> Ariha  -> Ehsem  -> Kafr Haya ,Idleb ,35.929008,36.635276
10552,Idleb  -> Al Ma'ra  -> Ma'arrat An Nu'man  -> Telamnas ,Idleb ,35.929008,36.635276
10553,Idleb  -> Al Ma'ra  -> Ma'arrat An Nu'man  -> Qaratli ,Idleb ,35.929008,36.635276
10554,Idleb  -> Al Ma'ra  -> Ma'arrat An Nu'man  -> Tqana ,Idleb ,35.929008,36.635276
10555,Idleb  -> Al Ma'ra  -> Ma'arrat An Nu'man  -> Hatamiyeh ,Idleb ,35.929008,36.635276
10556,Idleb  -> Al Ma'ra  -> Ma'arrat An Nu'man  -> Hraki ,Idleb ,35.929008,36.635276
10557,Idleb  -> Harim  -> Qourqeena ,Idleb ,35.929008,36.635276
10558,Idleb  -> Al Ma'ra  -> Ma'arrat An Nu'man  -> Thahrat Talamnas ,Idleb ,35.929008,36.635276
10559,Idleb  -> Al Ma'ra  -> Ma'arrat An Nu'man  -> Hazzan ,Idleb ,35.929008,36.635276
10560,Idleb  -> Al Ma'ra  -> Ma'arrat An Nu'man  -> Karfuma ,Idleb ,35.929008,36.635276
10561,Idleb  -> Al Ma'ra  -> Ma'arrat An Nu'man  -> Maar Shurin ,Idleb ,35.929008,36.635276
10562,Rural Damascus  -> Rural Damascus  -> Arbin  -> Arbin ,Rural Damascus ,33.644086,36.691021
10563,Aleppo  -> Jebel Saman (Aleppo)  -> Jebel Saman (Aleppo)  -> Khantuman ,Aleppo ,36.206013,37.15242
10564,Aleppo  -> Jebel Saman (Aleppo)  -> Daret Azza  -> Hur ,Aleppo ,36.206013,37.15242
10565,Hama  -> Hama  -> Hamra  -> Hawayes Un Jern ,Hama ,35.133742,36.761291
10566,Idleb  -> Idleb  -> Idleb  -> Idleb ,Idleb ,35.929008,36.635276
10567,Homs  -> Ar-Rastan  -> Talbiseh  -> Zafaraniya ,Homs ,34.729961,36.719731
10568,Idleb  -> Idleb  -> Saraqab  -> Sheikh Idris ,Idleb ,35.929008,36.635276
10569,Hama  -> As-Salamiyeh  -> As-Saan  -> Jakuziyeh ,Hama ,35.133742,36.761291
10570,Aleppo  -> Afrin ,Aleppo ,36.206013,37.15242
10571,Idleb  -> Al Ma'ra  -> Sanjar  -> Seraa ,Idleb ,35.929008,36.635276
10572,Idleb  -> Al Ma'ra  -> Sanjar  -> Ejaz ,Idleb ,35.929008,36.635276
10573,Idleb  -> Al Ma'ra  -> Sanjar  -> Hawa ,Idleb ,35.929008,36.635276
10574,Idleb  -> Al Ma'ra  -> Sanjar  -> Sanjar ,Idleb ,35.929008,36.635276
10575,Idleb  -> Al Ma'ra  -> Sanjar  -> Sheikh Barakeh ,Idleb ,35.929008,36.635276
10576,Idleb  -> Al Ma'ra  -> Sanjar  -> Qatra ,Idleb ,35.929008,36.635276
10577,Idleb  -> Jisr-Ash-Shugur  -> Jisr-Ash-Shugur  -> Watba ,Idleb ,35.929008,36.635276
10578,Idleb  -> Jisr-Ash-Shugur  -> Jisr-Ash-Shugur  -> Sali ,Idleb ,35.929008,36.635276
10579,Idleb  -> Jisr-Ash-Shugur  -> Jisr-Ash-Shugur  -> Ein Elhamra ,Idleb ,35.929008,36.635276
10580,Idleb  -> Jisr-Ash-Shugur  -> Jisr-Ash-Shugur  -> Bzeit ,Idleb ,35.929008,36.635276
10581,Idleb  -> Jisr-Ash-Shugur  -> Jisr-Ash-Shugur  -> Kafir ,Idleb ,35.929008,36.635276
10582,Idleb  -> Jisr-Ash-Shugur  -> Jisr-Ash-Shugur  -> Marj Elzohur ,Idleb ,35.929008,36.635276
10583,Idleb  -> Jisr-Ash-Shugur  -> Jisr-Ash-Shugur  -> Sokkariyeh ,Idleb ,35.929008,36.635276
10584,Idleb  -> Jisr-Ash-Shugur  -> Jisr-Ash-Shugur  -> Ein Elsoda ,Idleb ,35.929008,36.635276
10585,Idleb  -> Jisr-Ash-Shugur  -> Jisr-Ash-Shugur  -> Jannet Elqora ,Idleb ,35.929008,36.635276
10586,Idleb  -> Jisr-Ash-Shugur  -> Jisr-Ash-Shugur  -> Qaysiyeh ,Idleb ,35.929008,36.635276
10587,Idleb  -> Jisr-Ash-Shugur  -> Jisr-Ash-Shugur  -> Eastern Marj Akhdar ,Idleb ,35.929008,36.635276
10588,Idleb  -> Ariha  -> Ariha  -> Kafrlata ,Idleb ,35.929008,36.635276
10589,Aleppo  -> Jebel Saman (Aleppo)  -> Atareb  -> Kafr Naha ,Aleppo ,36.206013,37.15242
10590,Aleppo  -> Jebel Saman (Aleppo)  -> Atareb  -> Big Orm ,Aleppo ,36.206013,37.15242
10591,Idleb  -> Jisr-Ash-Shugur  -> Badama  -> Kherbet Eljoz ,Idleb ,35.929008,36.635276
10592,Idleb  -> Idleb  -> Sarmin  -> Sarmin ,Idleb ,35.929008,36.635276
10593,Aleppo  -> Jebel Saman (Aleppo)  -> Daret Azza  -> Tqad ,Aleppo ,36.206013,37.15242
10594,Idleb  -> Idleb  -> Bennsh  -> Bennsh ,Idleb ,35.929008,36.635276
10595,Idleb  -> Idleb  -> Abul Thohur  -> Tal Fukhar ,Idleb ,35.929008,36.635276
10596,Idleb  -> Idleb  -> Saraqab  -> Anqrati ,Idleb ,35.929008,36.635276
10597,Idleb  -> Idleb  -> Abul Thohur  -> Ras El Ein ,Idleb ,35.929008,36.635276
10598,Idleb  -> Idleb  -> Saraqab  -> Rasafa ,Idleb ,35.929008,36.635276
10599,Idleb  -> Idleb  -> Saraqab  -> Bweiti ,Idleb ,35.929008,36.635276
10600,Aleppo  -> Jebel Saman (Aleppo)  -> Atareb  -> Kafr Thoran ,Aleppo ,36.206013,37.15242
10601,Rural Damascus  -> Rural Damascus  -> Arbin  -> Zamalka ,Rural Damascus ,33.644086,36.691021
10602,Idleb  -> Ariha  -> Ariha  -> Maarzaf ,Idleb ,35.929008,36.635276
10603,Aleppo  -> A'zaz  -> Suran  -> Albil ,Aleppo ,36.206013,37.15242
10604,Idleb  -> Harim  -> Dana  -> Aqrabat ,Idleb ,35.929008,36.635276
10605,Idleb  -> Al Ma'ra  -> Heish  -> Moqa ,Idleb ,35.929008,36.635276
10606,Idleb  -> Al Ma'ra  -> Khan Shaykun  -> Nqeir ,Idleb ,35.929008,36.635276
10607,Idleb  -> Al Ma'ra  -> Heish  -> Armanaya ,Idleb ,35.929008,36.635276
10608,Idleb  -> Ariha  -> Ariha  -> Motaram ,Idleb ,35.929008,36.635276
10609,Idleb  -> Al Ma'ra  -> Khan Shaykun  -> Abdin ,Idleb ,35.929008,36.635276
10610,Idleb  -> Ariha  -> Ariha  -> Korin ,Idleb ,35.929008,36.635276
10611,Idleb  -> Ariha  -> Ariha  -> Kafr Shalaya ,Idleb ,35.929008,36.635276
10612,Idleb  -> Ariha  -> Ariha  -> Orm Eljoz ,Idleb ,35.929008,36.635276
10613,Idleb  -> Al Ma'ra  -> Khan Shaykun  -> Hbit ,Idleb ,35.929008,36.635276
10614,Idleb  -> Al Ma'ra  -> Heish  -> Rakaya Sijneh ,Idleb ,35.929008,36.635276
10615,Idleb  -> Ariha  -> Mhambal  -> Kafrmid ,Idleb ,35.929008,36.635276
10616,Idleb  -> Ariha  -> Ariha  -> Kafraziba ,Idleb ,35.929008,36.635276
10617,Idleb  -> Al Ma'ra  -> Heish  -> Kafrsajna ,Idleb ,35.929008,36.635276
10618,Idleb  -> Harim  -> Kafr Takharim ,Idleb ,35.929008,36.635276
10619,Idleb  -> Harim  -> Armanaz ,Idleb ,35.929008,36.635276
10620,Idleb  -> Ariha  -> Mhambal ,Idleb ,35.929008,36.635276
10621,Idleb  -> Idleb  -> Maaret Tamsrin ,Idleb ,35.929008,36.635276
10622,Aleppo  -> Jebel Saman (Aleppo)  -> Daret Azza  -> Daret Azza ,Aleppo ,36.206013,37.15242
10623,Idleb  -> Idleb  -> Saraqab  -> Saraqab ,Idleb ,35.929008,36.635276
10624,Idleb  -> Idleb  -> Bennsh ,Idleb ,35.929008,36.635276
10625,Idleb  -> Idleb  -> Saraqab  -> Tromba ,Idleb ,35.929008,36.635276
10626,Idleb  -> Idleb  -> Saraqab  -> Afs ,Idleb ,35.929008,36.635276
10627,Idleb  -> Idleb  -> Teftnaz  -> Talhiyeh ,Idleb ,35.929008,36.635276
10628,Idleb  -> Idleb  -> Idleb  -> Tab Issa - Eastern and Western ,Idleb ,35.929008,36.635276
10629,Idleb  -> Ariha  -> Ariha  -> Majdaliya ,Idleb ,35.929008,36.635276
10630,Idleb  -> Idleb  -> Maaret Tamsrin  -> Kafr Jales ,Idleb ,35.929008,36.635276
10631,Idleb  -> Idleb  -> Idleb  -> Arshani ,Idleb ,35.929008,36.635276
10632,Aleppo  -> A'zaz ,Aleppo ,36.206013,37.15242
10633,Aleppo  -> Al Bab ,Aleppo ,36.206013,37.15242
10634,Idleb  -> Jisr-Ash-Shugur  -> Jisr-Ash-Shugur  -> Jisr-Ash-Shugur ,Idleb ,35.929008,36.635276
10635,Aleppo  -> Jebel Saman (Aleppo)  -> Atareb  -> Oweijel ,Aleppo ,36.206013,37.15242
10636,Aleppo  -> Jebel Saman (Aleppo)  -> Atareb  -> Sheikh Ali ,Aleppo ,36.206013,37.15242
10637,Aleppo  -> Jebel Saman (Aleppo)  -> Atareb  -> Abzemo ,Aleppo ,36.206013,37.15242
10638,Aleppo  -> Jebel Saman (Aleppo)  -> Atareb  -> Jeineh ,Aleppo ,36.206013,37.15242
10639,Aleppo  -> Jebel Saman (Aleppo)  -> Daret Azza  -> Anjara ,Aleppo ,36.206013,37.15242
10640,Aleppo  -> Jebel Saman (Aleppo)  -> Daret Azza  -> Zarzita ,Aleppo ,36.206013,37.15242
10641,Aleppo  -> Jebel Saman (Aleppo)  -> Daret Azza  -> Hoteh ,Aleppo ,36.206013,37.15242
10642,Aleppo  -> Jebel Saman (Aleppo)  -> Daret Azza  -> Bsartun ,Aleppo ,36.206013,37.15242
10643,Aleppo  -> Jebel Saman (Aleppo)  -> Atareb  -> Kafr Taal ,Aleppo ,36.206013,37.15242
10644,Aleppo  -> Jebel Saman (Aleppo)  -> Daret Azza  -> Qabtan Eljabal ,Aleppo ,36.206013,37.15242
10645,Aleppo  -> Jebel Saman (Aleppo)  -> Atareb  -> Qanater ,Aleppo ,36.206013,37.15242
10646,Idleb  -> Idleb  -> Sarmin ,Idleb ,35.929008,36.635276
10647,Rural Damascus  -> Duma ,Rural Damascus ,33.644086,36.691021
10648,Rural Damascus  -> Rural Damascus ,Rural Damascus ,33.644086,36.691021
10649,Rural Damascus  -> Rural Damascus  -> Kafr Batna  -> Kafr Batna ,Rural Damascus ,33.644086,36.691021
10650,Rural Damascus  -> Duma  -> Nashabiyeh  -> Nashabiyeh ,Rural Damascus ,33.644086,36.691021
10651,Aleppo  -> Jebel Saman (Aleppo)  -> Haritan  -> Hayyan ,Aleppo ,36.206013,37.15242
10652,Aleppo  -> Jebel Saman (Aleppo)  -> Haritan  -> Andan ,Aleppo ,36.206013,37.15242
10653,Aleppo  -> Jebel Saman (Aleppo)  -> Haritan  -> Haritan ,Aleppo ,36.206013,37.15242
10654,Aleppo  -> Jebel Saman (Aleppo)  -> Haritan  -> Kafr Hamra ,Aleppo ,36.206013,37.15242
10655,Hama  -> As-Suqaylabiyah ,Hama ,35.133742,36.761291
10656,Idleb  -> Ariha ,Idleb ,35.929008,36.635276
10657,Aleppo  -> Afrin  -> Afrin  -> Bablit ,Aleppo ,36.206013,37.15242
10658,Aleppo  -> Afrin  -> Raju  -> Maamel - Oshagi ,Aleppo ,36.206013,37.15242
10659,Aleppo  -> Afrin  -> Afrin  -> Burj Haydar ,Aleppo ,36.206013,37.15242
10660,Aleppo  -> Afrin  -> Afrin  -> Basufan ,Aleppo ,36.206013,37.15242
10661,Aleppo  -> Afrin  -> Afrin  -> Burj Abdallah ,Aleppo ,36.206013,37.15242
10662,Aleppo  -> Afrin  -> Afrin  -> Kawkabeh ,Aleppo ,36.206013,37.15242
10663,Aleppo  -> Afrin  -> Afrin  -> Kabashin ,Aleppo ,36.206013,37.15242
10664,Aleppo  -> Afrin  -> Afrin  -> Baee ,Aleppo ,36.206013,37.15242
10665,Aleppo  -> Afrin  -> Afrin  -> Kafir ,Aleppo ,36.206013,37.15242
10666,Aleppo  -> Afrin  -> Raju  -> Musiyeh - Oba Si ,Aleppo ,36.206013,37.15242
10667,Aleppo  -> Afrin  -> Afrin  -> Ein Dara ,Aleppo ,36.206013,37.15242
10668,Aleppo  -> Afrin  -> Afrin  -> Eskan ,Aleppo ,36.206013,37.15242
10669,Aleppo  -> Afrin  -> Raju  -> Haj Khalil ,Aleppo ,36.206013,37.15242
10670,Aleppo  -> Afrin  -> Afrin  -> Sheikh Eldeir ,Aleppo ,36.206013,37.15242
10671,Aleppo  -> Afrin  -> Afrin  -> Kafr Zeid ,Aleppo ,36.206013,37.15242
10672,Aleppo  -> Afrin  -> Afrin  -> Bteita ,Aleppo ,36.206013,37.15242
10673,Aleppo  -> Afrin  -> Raju  -> Birein - Jtal Qoyo ,Aleppo ,36.206013,37.15242
10674,Aleppo  -> Afrin  -> Raju  -> Upper Dhak - Upper Kolyan  ,Aleppo ,36.206013,37.15242
10675,Aleppo  -> Afrin  -> Raju  -> Hajman ,Aleppo ,36.206013,37.15242
10676,Aleppo  -> Afrin  -> Afrin  -> Fafertein ,Aleppo ,36.206013,37.15242
10677,Aleppo  -> Afrin  -> Raju  -> Masikan ,Aleppo ,36.206013,37.15242
10678,Aleppo  -> Afrin  -> Afrin  -> Tellef ,Aleppo ,36.206013,37.15242
10679,Aleppo  -> Afrin  -> Afrin  -> Kafrshil ,Aleppo ,36.206013,37.15242
10680,Aleppo  -> Afrin  -> Afrin  -> Kafr Batra ,Aleppo ,36.206013,37.15242
10681,Aleppo  -> Afrin  -> Raju  -> Janjaleh ,Aleppo ,36.206013,37.15242
10682,Aleppo  -> Afrin  -> Sheikh El-Hadid  -> Tal Elthaaleb - Sheikh Jqali ,Aleppo ,36.206013,37.15242
10683,Aleppo  -> Afrin  -> Raju  -> Halil - Holilo ,Aleppo ,36.206013,37.15242
10684,Aleppo  -> Afrin  -> Afrin  -> Hawa ,Aleppo ,36.206013,37.15242
10685,Aleppo  -> Afrin  -> Raju  -> Murtafiah ,Aleppo ,36.206013,37.15242
10686,Aleppo  -> Afrin  -> Raju  -> Barband ,Aleppo ,36.206013,37.15242
10687,Aleppo  -> Afrin  -> Afrin  -> Khadraa ,Aleppo ,36.206013,37.15242
10688,Aleppo  -> Afrin  -> Afrin  -> Shawarghet Eljoz ,Aleppo ,36.206013,37.15242
10689,Aleppo  -> Afrin  -> Raju  -> Qalam - Bandrak ,Aleppo ,36.206013,37.15242
10690,Aleppo  -> Afrin  -> Afrin  -> Tharifa ,Aleppo ,36.206013,37.15242
10691,Aleppo  -> Afrin  -> Raju  -> Talleh - Zarkani ,Aleppo ,36.206013,37.15242
10692,Aleppo  -> Afrin  -> Raju  -> Hamshu - Hamashtlak ,Aleppo ,36.206013,37.15242
10693,Aleppo  -> Afrin  -> Raju  -> Sheikh Mohammed ,Aleppo ,36.206013,37.15242
10694,Aleppo  -> Afrin  -> Raju  -> Kusan ,Aleppo ,36.206013,37.15242
10695,Aleppo  -> Afrin  -> Jandairis  -> Lower Kafardali ,Aleppo ,36.206013,37.15242
10696,Aleppo  -> Afrin  -> Jandairis  -> Upper Kafardali ,Aleppo ,36.206013,37.15242
10697,Aleppo  -> Afrin  -> Sheikh El-Hadid  -> Khazafiyeh - Qorret Matlaq ,Aleppo ,36.206013,37.15242
10698,Aleppo  -> Afrin  -> Afrin  -> Qarzihel ,Aleppo ,36.206013,37.15242
10699,Aleppo  -> Afrin  -> Sheikh El-Hadid  -> Darmash - Darmashkanli ,Aleppo ,36.206013,37.15242
10700,Aleppo  -> Afrin  -> Raju  -> Hjeij - Haji Kanli ,Aleppo ,36.206013,37.15242
10701,Aleppo  -> Afrin  -> Sheikh El-Hadid  -> Anqala ,Aleppo ,36.206013,37.15242
10702,Aleppo  -> Afrin  -> Raju  -> Taqiyeh - Kamrash ,Aleppo ,36.206013,37.15242
10703,Aleppo  -> Afrin  -> Raju  -> Atman ,Aleppo ,36.206013,37.15242
10704,Aleppo  -> Afrin  -> Raju  -> Dawdaw ,Aleppo ,36.206013,37.15242
10705,Aleppo  -> Afrin  -> Sheikh El-Hadid  -> Maghar - Maghar Jeq ,Aleppo ,36.206013,37.15242
10706,Aleppo  -> Afrin  -> Sheikh El-Hadid  -> Mostakan ,Aleppo ,36.206013,37.15242
10707,Aleppo  -> Afrin  -> Afrin  -> Marata ,Aleppo ,36.206013,37.15242
10708,Aleppo  -> Afrin  -> Raju  -> Lower Dhak - Kolyan ,Aleppo ,36.206013,37.15242
10709,Aleppo  -> Afrin  -> Sheikh El-Hadid  -> Sheikh El-Hadid ,Aleppo ,36.206013,37.15242
10710,Aleppo  -> Afrin  -> Afrin  -> Kimar ,Aleppo ,36.206013,37.15242
10711,Aleppo  -> Afrin  -> Raju  -> Big Siwan ,Aleppo ,36.206013,37.15242
10712,Aleppo  -> Afrin  -> Raju  -> Thadi - Mamali ,Aleppo ,36.206013,37.15242
10713,Aleppo  -> Afrin  -> Bulbul  -> Mudallala Afrin - Eastern Kotanly ,Aleppo ,36.206013,37.15242
10714,Aleppo  -> Afrin  -> Afrin  -> Basuta ,Aleppo ,36.206013,37.15242
10715,Aleppo  -> Afrin  -> Raju  -> Bilaliyeh - Blaliko ,Aleppo ,36.206013,37.15242
10716,Aleppo  -> Afrin  -> Raju  -> Meidan Ekbis ,Aleppo ,36.206013,37.15242
10717,Aleppo  -> Afrin  -> Raju  -> Koran Afrin ,Aleppo ,36.206013,37.15242
10718,Aleppo  -> Afrin  -> Afrin  -> Ghazawiyet Afrin ,Aleppo ,36.206013,37.15242
10719,Aleppo  -> Afrin  -> Sheikh El-Hadid  -> Mazineh - Aranda ,Aleppo ,36.206013,37.15242
10720,Aleppo  -> Afrin  -> Raju  -> Omar - Omar Oshaghi ,Aleppo ,36.206013,37.15242
10721,Aleppo  -> Afrin  -> Sheikh El-Hadid  -> Sinnara ,Aleppo ,36.206013,37.15242
10722,Aleppo  -> Afrin  -> Raju  -> Beit Adin ,Aleppo ,36.206013,37.15242
10723,Aleppo  -> Afrin  -> Raju  -> Raju ,Aleppo ,36.206013,37.15242
10724,Aleppo  -> Afrin  -> Raju  -> Omsiya - Donbaly ,Aleppo ,36.206013,37.15242
10725,Aleppo  -> Afrin  -> Afrin  -> Mreimin Afrin ,Aleppo ,36.206013,37.15242
10726,Aleppo  -> Afrin  -> Afrin  -> Enab ,Aleppo ,36.206013,37.15242
10727,Aleppo  -> Afrin  -> Raju  -> Tholathiyeh ,Aleppo ,36.206013,37.15242
10728,Aleppo  -> Jebel Saman (Aleppo)  -> Haritan ,Aleppo ,36.206013,37.15242
10729,Aleppo  -> Jebel Saman (Aleppo)  -> Atareb  -> Batbu ,Aleppo ,36.206013,37.15242
10730,Idleb  -> Harim  -> Salqin  -> Delbiya ,Idleb ,35.929008,36.635276
10731,Idleb  -> Jisr-Ash-Shugur  -> Janudiyeh  -> Foz - Zuf ,Idleb ,35.929008,36.635276
10732,Idleb  -> Jisr-Ash-Shugur  -> Janudiyeh  -> Qaderiyeh - Qayqun ,Idleb ,35.929008,36.635276
10733,Idleb  -> Jisr-Ash-Shugur  -> Darkosh  -> Dorriyeh ,Idleb ,35.929008,36.635276
10734,Idleb  -> Jisr-Ash-Shugur  -> Darkosh  -> Zarzur ,Idleb ,35.929008,36.635276
10735,Aleppo  -> Afrin  -> Ma'btali  -> Ma'btali ,Aleppo ,36.206013,37.15242
10736,Aleppo  -> Afrin  -> Sharan  -> Amud ,Aleppo ,36.206013,37.15242
10737,Aleppo  -> Afrin  -> Bulbul  -> Deir Hasan ,Aleppo ,36.206013,37.15242
10738,Aleppo  -> Afrin  -> Sharan  -> Little Hallubi ,Aleppo ,36.206013,37.15242
10739,Aleppo  -> Afrin  -> Sharan  -> Maydan Afrin ,Aleppo ,36.206013,37.15242
10740,Aleppo  -> Afrin  -> Sharan  -> Big Hallubi ,Aleppo ,36.206013,37.15242
10741,Aleppo  -> Afrin  -> Sharan  -> Big Dib ,Aleppo ,36.206013,37.15242
10742,Aleppo  -> Afrin  -> Sharan  -> Ali Bazan ,Aleppo ,36.206013,37.15242
10743,Aleppo  -> Afrin  -> Sharan  -> Kafroum ,Aleppo ,36.206013,37.15242
10744,Aleppo  -> Afrin  -> Sharan  -> Little Dib ,Aleppo ,36.206013,37.15242
10745,Aleppo  -> Afrin  -> Bulbul  -> Khader ,Aleppo ,36.206013,37.15242
10746,Aleppo  -> Afrin  -> Sharan  -> Omariyeh Afrin ,Aleppo ,36.206013,37.15242
10747,Aleppo  -> Afrin  -> Sharan  -> Sim Omariyeh ,Aleppo ,36.206013,37.15242
10748,Aleppo  -> Afrin  -> Raju  -> Little Siwan - Little Jaqmaq ,Aleppo ,36.206013,37.15242
10749,Aleppo  -> Afrin  -> Jandairis ,Aleppo ,36.206013,37.15242
10750,Aleppo  -> Afrin  -> Jandairis  -> Jandairis ,Aleppo ,36.206013,37.15242
10751,Aleppo  -> Afrin  -> Raju ,Aleppo ,36.206013,37.15242
10752,Hama ,Hama ,35.133742,36.761291
10753,Aleppo  -> Jebel Saman (Aleppo)  -> Jebel Saman (Aleppo)  -> Aleppo ,Aleppo ,36.206013,37.15242
10754,Idleb  -> Jisr-Ash-Shugur  -> Badama  -> Najiyeh ,Idleb ,35.929008,36.635276
10755,Aleppo  -> Al Bab  -> Al Bab  -> Sosyan ,Aleppo ,36.206013,37.15242
10756,Aleppo  -> Jebel Saman (Aleppo)  -> Zarbah  -> Zarbah ,Aleppo ,36.206013,37.15242
10757,Aleppo  -> Afrin  -> Sheikh El-Hadid ,Aleppo ,36.206013,37.15242
10758,Aleppo  -> Afrin  -> Ma'btali ,Aleppo ,36.206013,37.15242
10759,Aleppo  -> Afrin  -> Sharan ,Aleppo ,36.206013,37.15242
10760,Hama  -> As-Suqaylabiyah  -> Madiq Castle  -> Shahranaz ,Hama ,35.133742,36.761291
10761,Hama  -> As-Suqaylabiyah  -> Madiq Castle  -> Jamasa Odayat - Alshareeah ,Hama ,35.133742,36.761291
10762,Hama  -> As-Suqaylabiyah  -> Madiq Castle  -> Kafr Nabutha ,Hama ,35.133742,36.761291
10763,Hama  -> As-Suqaylabiyah  -> Madiq Castle  -> Hawash ,Hama ,35.133742,36.761291
10764,Hama  -> As-Suqaylabiyah  -> Madiq Castle  -> Tal Hawash ,Hama ,35.133742,36.761291
10765,Aleppo  -> Afrin  -> Bulbul ,Aleppo ,36.206013,37.15242
10766,Aleppo  -> Al Bab  -> Ar-Ra'ee  -> Sandi ,Aleppo ,36.206013,37.15242
10767,Aleppo  -> Al Bab  -> Ar-Ra'ee  -> Jbine ,Aleppo ,36.206013,37.15242
10768,Aleppo  -> Al Bab  -> Ar-Ra'ee  -> Atharia ,Aleppo ,36.206013,37.15242
10769,Aleppo  -> A'zaz  -> Mare'  -> Kafr Elward ,Aleppo ,36.206013,37.15242
10770,Aleppo  -> Al Bab  -> Ar-Ra'ee  -> Ayyasha ,Aleppo ,36.206013,37.15242
10771,Aleppo  -> Al Bab  -> Ar-Ra'ee  -> Tal Atieh ,Aleppo ,36.206013,37.15242
10772,Aleppo  -> Al Bab  -> Ar-Ra'ee  -> Tal Eisheh ,Aleppo ,36.206013,37.15242
10773,Aleppo  -> Al Bab  -> Ar-Ra'ee  -> Tweiran ,Aleppo ,36.206013,37.15242
10774,Aleppo  -> Al Bab  -> Ar-Ra'ee  -> Hadabat ,Aleppo ,36.206013,37.15242
10775,Aleppo  -> Al Bab  -> Ar-Ra'ee  -> Ar-Ra'ee ,Aleppo ,36.206013,37.15242
10776,Aleppo  -> A'zaz  -> Mare'  -> Mare' ,Aleppo ,36.206013,37.15242
10777,Aleppo  -> Afrin  -> Afrin  -> Zuraikat,Aleppo ,36.206013,37.15242
10778,Idleb  -> Idleb  -> Teftnaz  -> Ketyan ,Idleb ,35.929008,36.635276
10779,Idleb  -> Idleb  -> Maaret Tamsrin  -> Hazano ,Idleb ,35.929008,36.635276
10780,Aleppo  -> Afrin  -> Jandairis  -> Kafr Safra ,Aleppo ,36.206013,37.15242
10781,Aleppo  -> Jebel Saman (Aleppo)  -> Zarbah  -> Bawabiyeh ,Aleppo ,36.206013,37.15242
10782,Aleppo  -> Jebel Saman (Aleppo)  -> Zarbah  -> Kassibeh ,Aleppo ,36.206013,37.15242
10783,Aleppo  -> Jebel Saman (Aleppo)  -> Zarbah  -> Arada ,Aleppo ,36.206013,37.15242
10784,Idleb  -> Idleb  -> Teftnaz  -> Teftnaz ,Idleb ,35.929008,36.635276
10785,Idleb  -> Idleb  -> Bennsh  -> Toum ,Idleb ,35.929008,36.635276
10786,Idleb  -> Idleb  -> Maaret Tamsrin  -> Zardana Mashehad ,Idleb ,35.929008,36.635276
10787,Aleppo  -> A'zaz  -> Aghtrin  -> Sandara ,Aleppo ,36.206013,37.15242
10788,Idleb  -> Harim  -> Armanaz  -> Hafasraja ,Idleb ,35.929008,36.635276
10789,Idleb  -> Idleb  -> Saraqab  -> Dadikh ,Idleb ,35.929008,36.635276
10790,Idleb  -> Harim  -> Armanaz  -> Armanaz ,Idleb ,35.929008,36.635276
10791,Idleb  -> Idleb  -> Idleb  -> Kreiz ,Idleb ,35.929008,36.635276
10792,Aleppo  -> Jebel Saman (Aleppo)  -> Jebel Saman (Aleppo) ,Aleppo ,36.206013,37.15242
10793,Idleb  -> Harim  -> Qourqeena  -> Barisha ,Idleb ,35.929008,36.635276
10794,Aleppo  -> Jarablus  -> Jarablus  -> Zoghra ,Aleppo ,36.206013,37.15242
10795, Aleppo  > A'zaz  > Aghtrin  > Dabeq ,Aleppo ,36.206013,37.15242
10796, Aleppo  > A'zaz  > Suran  > Ehteimlat ,Aleppo ,36.206013,37.15242
10797, Aleppo  > A'zaz  > A'zaz  > Azaz ,Aleppo ,36.206013,37.15242
10798, Idleb  > Idleb  > Idleb  > Idleb ,Idleb ,35.929008,36.635276
10799, Idleb  > Harim  > Kafr Takharim  > Kafr Takharim ,Idleb ,35.929008,36.635276
10800, Idleb  > Al Ma'ra  > Ma'arrat An Nu'man  > Ghadqa ,Idleb ,35.929008,36.635276
10801, Idleb  > Idleb  > Bennsh  > Bennsh ,Idleb ,35.929008,36.635276
10802, Idleb  > Harim  > Harim  > Harim ,Idleb ,35.929008,36.635276
10803, Aleppo  > Jebel Saman (Aleppo)  > Atareb  > Abin Samaan ,Aleppo ,36.206013,37.15242
10804, Aleppo  > Jebel Saman (Aleppo)  > Daret Azza  > Hur ,Aleppo ,36.206013,37.15242
10805, Aleppo  > Jebel Saman (Aleppo)  > Atareb  > Big Orm ,Aleppo ,36.206013,37.15242
10806, Aleppo  > Jebel Saman (Aleppo)  > Haritan  > Andan ,Aleppo ,36.206013,37.15242
10807, Aleppo  > Jebel Saman (Aleppo)  > Atareb  > Atareb ,Aleppo ,36.206013,37.15242
10808, Aleppo  > Jebel Saman (Aleppo)  > Hadher  > Iss ,Aleppo ,36.206013,37.15242
10809, Idleb  > Idleb  > Saraqab  > Saraqab ,Idleb ,35.929008,36.635276
10810, Idleb  > Jisr-Ash-Shugur  > Jisr-Ash-Shugur  > Jisr-Ash-Shugur ,Idleb ,35.929008,36.635276
10811, Aleppo  > Jebel Saman (Aleppo)  > Daret Azza  > Daret Azza ,Aleppo ,36.206013,37.15242
10812, Idleb  > Idleb  > Teftnaz  > Teftnaz ,Idleb ,35.929008,36.635276
10813, Idleb  > Harim  > Dana  > Sarmada ,Idleb ,35.929008,36.635276
10814, Idleb  > Al Ma'ra  > Ma'arrat An Nu'man  > Ma'arrat An Nu'man ,Idleb ,35.929008,36.635276
10815, Idleb  > Jisr-Ash-Shugur  > Darkosh  > Darkosh ,Idleb ,35.929008,36.635276
10816, Idleb  > Harim  > Dana  > Atma ,Idleb ,35.929008,36.635276
10817, Idleb  > Idleb  > Maaret Tamsrin  > Ma'arrat Tamsrin ,Idleb ,35.929008,36.635276
10818, Idleb  > Ariha  > Ehsem  > Kansafra ,Idleb ,35.929008,36.635276
10819, Idleb  > Harim  > Salqin  > Salqin ,Idleb ,35.929008,36.635276
10820, Idleb  > Harim  > Salqin  > Eskat ,Idleb ,35.929008,36.635276
10821, Idleb  > Ariha  > Ariha  > Ariha ,Idleb ,35.929008,36.635276
10822, Idleb  > Al Ma'ra  > Kafr Nobol  > Kafr Nobol ,Idleb ,35.929008,36.635276
10823, Aleppo  > Jebel Saman (Aleppo)  > Jebel Saman (Aleppo)  > Wdeihi ,Aleppo ,36.206013,37.15242
10824, Idleb  > Harim  > Dana  > Dana ,Idleb ,35.929008,36.635276
10825, Aleppo  > Afrin  > Afrin  > Afrin ,Aleppo ,36.206013,37.15242
10826, Aleppo  > A'zaz  > A'zaz  > Shamarin ,Aleppo ,36.206013,37.15242
10827, Aleppo  > Jebel Saman (Aleppo)  > Daret Azza  > Anjara ,Aleppo ,36.206013,37.15242
10828, Idleb  > Idleb  > Maaret Tamsrin  > Maaret Elekhwan ,Idleb ,35.929008,36.635276
10829, Idleb  > Idleb  > Maaret Tamsrin  > Kelly ,Idleb ,35.929008,36.635276
10830, Idleb  > Harim  > Dana  > Deir Hassan - Darhashan ,Idleb ,35.929008,36.635276
10831, Idleb  > Idleb  > Saraqab  > Maharim ,Idleb ,35.929008,36.635276
10832, Idleb  > Jisr-Ash-Shugur  > Darkosh  > Zanbaqi ,Idleb ,35.929008,36.635276
10833, Idleb  > Harim  > Dana  > Aqrabat ,Idleb ,35.929008,36.635276
10834, Idleb  > Idleb  > Maaret Tamsrin  > Hazano ,Idleb ,35.929008,36.635276
10835, Idleb  > Idleb  > Maaret Tamsrin  > Zardana Mashehad ,Idleb ,35.929008,36.635276
10836, Idleb  > Harim  > Qourqeena  > Kafr Aruq ,Idleb ,35.929008,36.635276
10837, Idleb  > Harim  > Qourqeena  > Qourqeena ,Idleb ,35.929008,36.635276
10838, Aleppo  > A'zaz  > Mare'  > Tlaline ,Aleppo ,36.206013,37.15242
10839, Aleppo  > A'zaz  > Suran  > Suran ,Aleppo ,36.206013,37.15242
10840, Aleppo  > A'zaz  > A'zaz  > Kaljibrin ,Aleppo ,36.206013,37.15242
10841, Aleppo  > A'zaz  > Mare'  > Mare' ,Aleppo ,36.206013,37.15242
10842, Idleb  > Harim  > Dana  > Tal Elkaramej ,Idleb ,35.929008,36.635276
10843, Aleppo  > Jebel Saman (Aleppo)  > Atareb  > Batbu ,Aleppo ,36.206013,37.15242
10844, Idleb  > Harim  > Dana  > Qah ,Idleb ,35.929008,36.635276
10845, Aleppo  > Jebel Saman (Aleppo)  > Atareb  > Little Orm ,Aleppo ,36.206013,37.15242
10846, Idleb  > Harim  > Dana  > Burj Elnumra ,Idleb ,35.929008,36.635276
10847, Idleb  > Harim  > Dana  > Kafr Deryan ,Idleb ,35.929008,36.635276
10848, Idleb  > Harim  > Dana  > Selwa ,Idleb ,35.929008,36.635276
10849, Idleb  > Harim  > Dana  > Termanin ,Idleb ,35.929008,36.635276
10850, Aleppo  > Jebel Saman (Aleppo)  > Zarbah  > Zarbah ,Aleppo ,36.206013,37.15242
10851, Aleppo  > Jebel Saman (Aleppo)  > Haritan  > Haritan ,Aleppo ,36.206013,37.15242
10852, Idleb  > Idleb  > Idleb  > Nayrab ,Idleb ,35.929008,36.635276
10853, Idleb  > Idleb  > Idleb  > Falyun ,Idleb ,35.929008,36.635276
10854, Idleb  > Idleb  > Bennsh  > Foah ,Idleb ,35.929008,36.635276
10855, Idleb  > Idleb  > Idleb  > Qminas ,Idleb ,35.929008,36.635276
10856, Idleb  > Idleb  > Saraqab  > Afs ,Idleb ,35.929008,36.635276
10857, Idleb  > Idleb  > Maaret Tamsrin  > Taltuneh ,Idleb ,35.929008,36.635276
10858, Idleb  > Idleb  > Saraqab  > Jobas ,Idleb ,35.929008,36.635276
10859, Idleb  > Idleb  > Saraqab  > Maar Dibsi ,Idleb ,35.929008,36.635276
10860, Idleb  > Idleb  > Saraqab  > Kafr Omeim ,Idleb ,35.929008,36.635276
10861, Idleb  > Idleb  > Saraqab  > Anqrati ,Idleb ,35.929008,36.635276
10862, Idleb  > Idleb  > Idleb  > Kafruhin ,Idleb ,35.929008,36.635276
10863, Idleb  > Idleb  > Maaret Tamsrin  > Kafr - Kafrehmul ,Idleb ,35.929008,36.635276
10864, Idleb  > Idleb  > Saraqab  > San ,Idleb ,35.929008,36.635276
10865, Idleb  > Idleb  > Saraqab  > Mardikh ,Idleb ,35.929008,36.635276
10866, Idleb  > Idleb  > Idleb  > Mastumeh ,Idleb ,35.929008,36.635276
10867, Idleb  > Idleb  > Saraqab  > Sheikh Idris ,Idleb ,35.929008,36.635276
10868, Idleb  > Idleb  > Sarmin  > Sarmin ,Idleb ,35.929008,36.635276
10869, Idleb  > Idleb  > Saraqab  > Rasafa ,Idleb ,35.929008,36.635276
10870, Idleb  > Idleb  > Maaret Tamsrin  > Batenta ,Idleb ,35.929008,36.635276
10871, Idleb  > Idleb  > Saraqab  > Dadikh ,Idleb ,35.929008,36.635276
10872, Idleb  > Idleb  > Teftnaz  > Shallakh ,Idleb ,35.929008,36.635276
10873, Idleb  > Idleb  > Maaret Tamsrin  > Haranbush ,Idleb ,35.929008,36.635276
10874, Idleb  > Idleb  > Saraqab  > Khan Elsobol ,Idleb ,35.929008,36.635276
10875, Idleb  > Idleb  > Saraqab  > Tromba ,Idleb ,35.929008,36.635276
10876, Idleb  > Idleb  > Saraqab  > Khuwara ,Idleb ,35.929008,36.635276
10877, Idleb  > Idleb  > Maaret Tamsrin  > Kafr Jales ,Idleb ,35.929008,36.635276
10878, Idleb  > Idleb  > Maaret Tamsrin  > Kaftin ,Idleb ,35.929008,36.635276
10879, Idleb  > Idleb  > Saraqab  > Bweiti ,Idleb ,35.929008,36.635276
10880, Idleb  > Idleb  > Saraqab  > Ajez ,Idleb ,35.929008,36.635276
10881, Idleb  > Idleb  > Teftnaz  > Maaret Elnaasan - Maaret Elhaski ,Idleb ,35.929008,36.635276
10882, Idleb  > Idleb  > Teftnaz  > Ketyan ,Idleb ,35.929008,36.635276
10883, Idleb  > Al Ma'ra  > Ma'arrat An Nu'man  > Telamnas ,Idleb ,35.929008,36.635276
10884, Idleb  > Al Ma'ra  > Ma'arrat An Nu'man  > Sarman ,Idleb ,35.929008,36.635276
10885, Idleb  > Idleb  > Idleb  > Martein ,Idleb ,35.929008,36.635276
10886, Idleb  > Al Ma'ra  > Ma'arrat An Nu'man  > Abu Makki ,Idleb ,35.929008,36.635276
10887, Idleb  > Al Ma'ra  > Ma'arrat An Nu'man  > Western Deir ,Idleb ,35.929008,36.635276
10888, Idleb  > Al Ma'ra  > Ma'arrat An Nu'man  > Babilla ,Idleb ,35.929008,36.635276
10889, Idleb  > Harim  > Harim  > Besnaya - Bseineh ,Idleb ,35.929008,36.635276
10890, Idleb  > Harim  > Dana  > Tilaada ,Idleb ,35.929008,36.635276
10891, Idleb  > Idleb  > Saraqab  > Kafr Battikh ,Idleb ,35.929008,36.635276
10892, Idleb  > Harim  > Dana  > Hezreh - Hezri ,Idleb ,35.929008,36.635276
10893, Idleb  > Al Ma'ra  > Ma'arrat An Nu'man  > Hantutin ,Idleb ,35.929008,36.635276
10894, Idleb  > Al Ma'ra  > Ma'arrat An Nu'man  > Maar Shurin ,Idleb ,35.929008,36.635276
10895, Idleb  > Harim  > Armanaz  > Sheikh Yousef ,Idleb ,35.929008,36.635276
10896, Idleb  > Al Ma'ra  > Ma'arrat An Nu'man  > Maar Shamsheh ,Idleb ,35.929008,36.635276
10897, Aleppo  > Jebel Saman (Aleppo)  > Daret Azza  > Bishqatine ,Aleppo ,36.206013,37.15242
10898, Aleppo  > Jebel Saman (Aleppo)  > Zarbah  > Jazraya ,Aleppo ,36.206013,37.15242
10899, Aleppo  > Jebel Saman (Aleppo)  > Daret Azza  > Zarzita ,Aleppo ,36.206013,37.15242
10900, Aleppo  > Jebel Saman (Aleppo)  > Zarbah  > Kusniya ,Aleppo ,36.206013,37.15242
10901, Aleppo  > Jebel Saman (Aleppo)  > Daret Azza  > Bshantara ,Aleppo ,36.206013,37.15242
10902, Aleppo  > Jebel Saman (Aleppo)  > Daret Azza  > Hoteh ,Aleppo ,36.206013,37.15242
10903, Aleppo  > Jebel Saman (Aleppo)  > Zarbah  > Abad ,Aleppo ,36.206013,37.15242
10904, Aleppo  > Jebel Saman (Aleppo)  > Zarbah  > Talafeh ,Aleppo ,36.206013,37.15242
10905, Idleb  > Harim  > Salqin  > Big Hir Jamus ,Idleb ,35.929008,36.635276
10906, Idleb  > Jisr-Ash-Shugur  > Darkosh  > Dorriyeh ,Idleb ,35.929008,36.635276
10907, Idleb  > Jisr-Ash-Shugur  > Darkosh  > Zarzur ,Idleb ,35.929008,36.635276
10908, Idleb  > Jisr-Ash-Shugur  > Janudiyeh  > Foz - Zuf ,Idleb ,35.929008,36.635276
10909, Idleb  > Idleb  > Maaret Tamsrin  > Ram Hamdan ,Idleb ,35.929008,36.635276
10910, Aleppo  > Jebel Saman (Aleppo)  > Atareb  > Kafr Naha ,Aleppo ,36.206013,37.15242
10911, Idleb  > Harim  > Salqin  > Azmarin ,Idleb ,35.929008,36.635276
10912, Aleppo  > Jebel Saman (Aleppo)  > Zarbah  > Qamari ,Aleppo ,36.206013,37.15242
10913, Aleppo  > Jebel Saman (Aleppo)  > Atareb  > Kafr Naseh Elatareb ,Aleppo ,36.206013,37.15242
10914, Idleb  > Harim  > Armanaz  > Armanaz ,Idleb ,35.929008,36.635276
10915, Idleb  > Jisr-Ash-Shugur  > Jisr-Ash-Shugur  > Ein Elsoda ,Idleb ,35.929008,36.635276
10916, Idleb  > Harim  > Armanaz  > Baliya ,Idleb ,35.929008,36.635276
10917, Aleppo  > Jebel Saman (Aleppo)  > Atareb  > Jeineh ,Aleppo ,36.206013,37.15242
10918, Aleppo  > Jebel Saman (Aleppo)  > Atareb  > Kafr Amma ,Aleppo ,36.206013,37.15242
10919, Aleppo  > Jebel Saman (Aleppo)  > Atareb  > Abzemo ,Aleppo ,36.206013,37.15242
10920, Aleppo  > Jebel Saman (Aleppo)  > Atareb  > Babka ,Aleppo ,36.206013,37.15242
10921, Aleppo  > Jebel Saman (Aleppo)  > Atareb  > Tadil ,Aleppo ,36.206013,37.15242
10922, Aleppo  > Jebel Saman (Aleppo)  > Daret Azza  > Kafrantin ,Aleppo ,36.206013,37.15242
10923, Aleppo  > Jebel Saman (Aleppo)  > Atareb  > Sahara ,Aleppo ,36.206013,37.15242
10924, Aleppo  > Jebel Saman (Aleppo)  > Daret Azza  > Arhab ,Aleppo ,36.206013,37.15242
10925, Aleppo  > Jebel Saman (Aleppo)  > Atareb  > Tuwama ,Aleppo ,36.206013,37.15242
10926, Aleppo  > Jebel Saman (Aleppo)  > Atareb  > Kafr Taal ,Aleppo ,36.206013,37.15242
10927, Aleppo  > Jebel Saman (Aleppo)  > Daret Azza  > Qabtan Eljabal ,Aleppo ,36.206013,37.15242
10928, Idleb  > Harim  > Salqin  > Delbiya ,Idleb ,35.929008,36.635276
10929, Idleb  > Harim  > Salqin  > Foziyeh ,Idleb ,35.929008,36.635276
10930, Idleb  > Harim  > Salqin  > Allani ,Idleb ,35.929008,36.635276
10931, Idleb  > Harim  > Salqin  > Betiya ,Idleb ,35.929008,36.635276
10932, Idleb  > Harim  > Salqin  > Tlul ,Idleb ,35.929008,36.635276
10933, Idleb  > Harim  > Salqin  > Abu Talha ,Idleb ,35.929008,36.635276
10934, Idleb  > Harim  > Salqin  > Jeser Maksour,Idleb ,35.929008,36.635276
10935, Idleb  > Harim  > Salqin  > Ein Elbikara ,Idleb ,35.929008,36.635276
10936, Idleb  > Harim  > Salqin  > Bozanti ,Idleb ,35.929008,36.635276
10937, Idleb  > Harim  > Salqin  > Tellemar ,Idleb ,35.929008,36.635276
10938, Idleb  > Harim  > Salqin  > Faroukiyeh,Idleb ,35.929008,36.635276
10939, Idleb  > Harim  > Salqin  > Aljib,Idleb ,35.929008,36.635276
10940, Idleb  > Harim  > Salqin  > Little Hir Jamus ,Idleb ,35.929008,36.635276
10941, Idleb  > Harim  > Salqin  > Saidiyeh ,Idleb ,35.929008,36.635276
10942, Idleb  > Harim  > Salqin  > Kafr Hind ,Idleb ,35.929008,36.635276
10943, Idleb  > Harim  > Salqin  > Hamra (Salqin),Idleb ,35.929008,36.635276
10944, Idleb  > Harim  > Salqin  > Msheirfeh (Salqin),Idleb ,35.929008,36.635276
10945, Idleb  > Harim  > Salqin  > Hamziyeh ,Idleb ,35.929008,36.635276
10946, Idleb  > Harim  > Salqin  > Kafarna ,Idleb ,35.929008,36.635276
10947, Idleb  > Harim  > Salqin  > Shyukh,Idleb ,35.929008,36.635276
10948, Idleb  > Harim  > Salqin  > Sayed Khalil,Idleb ,35.929008,36.635276
10949, Idleb  > Harim  > Salqin  > Kafrahlat Jallad ,Idleb ,35.929008,36.635276
10950, Aleppo  > Jebel Saman (Aleppo)  > Atareb  > Qanater ,Aleppo ,36.206013,37.15242
10951, Idleb  > Ariha  > Ariha  > Banin ,Idleb ,35.929008,36.635276
10952, Idleb  > Ariha  > Ariha  > Maarbalit ,Idleb ,35.929008,36.635276
10953, Idleb  > Ariha  > Ariha  > Korin ,Idleb ,35.929008,36.635276
10954, Idleb  > Ariha  > Ariha  > Bab Ellah ,Idleb ,35.929008,36.635276
10955, Aleppo  > Jebel Saman (Aleppo)  > Atareb  > Western Kafr Jum ,Aleppo ,36.206013,37.15242
10956, Idleb  > Ariha  > Ariha  > Bazabur ,Idleb ,35.929008,36.635276
10957, Idleb  > Ariha  > Ariha  > Motaram ,Idleb ,35.929008,36.635276
10958, Idleb  > Ariha  > Ariha  > Sarja ,Idleb ,35.929008,36.635276
10959, Idleb  > Ariha  > Ariha  > Mseibin ,Idleb ,35.929008,36.635276
10960, Idleb  > Ariha  > Ariha  > Orm Eljoz ,Idleb ,35.929008,36.635276
10961, Idleb  > Ariha  > Ariha  > Nahliya ,Idleb ,35.929008,36.635276
10962, Idleb  > Ariha  > Ariha  > Nahleh ,Idleb ,35.929008,36.635276
10963, Idleb  > Ariha  > Ariha  > Kafr Shalaya ,Idleb ,35.929008,36.635276
10964, Idleb  > Ariha  > Ariha  > Ebneh ,Idleb ,35.929008,36.635276
10965, Idleb  > Ariha  > Ariha  > Kafraziba ,Idleb ,35.929008,36.635276
10966, Idleb  > Ariha  > Ariha  > Kafrlata ,Idleb ,35.929008,36.635276
10967, Aleppo  > Afrin  > Ma'btali  > Ma'btali ,Aleppo ,36.206013,37.15242
10968, Aleppo  > Jebel Saman (Aleppo)  > Atareb  > Oweijel ,Aleppo ,36.206013,37.15242
10969, Aleppo  > Afrin  > Sharan  > Qatmet Efrin ,Aleppo ,36.206013,37.15242
10970, Aleppo  > Jebel Saman (Aleppo)  > Atareb  > Kafr Thoran ,Aleppo ,36.206013,37.15242
10971, Aleppo  > Afrin  > Sharan  > Qastal Jend ,Aleppo ,36.206013,37.15242
10972, Aleppo  > Al Bab  > Al Bab  > Bazagha ,Aleppo ,36.206013,37.15242
10973, Aleppo  > Afrin  > Sharan  > Sharan ,Aleppo ,36.206013,37.15242
10974, Aleppo  > Afrin  > Sharan  > Maydan Afrin ,Aleppo ,36.206013,37.15242
10975, Aleppo  > Al Bab  > Al Bab  > Qabasin ,Aleppo ,36.206013,37.15242
10976, Aleppo  > Afrin  > Sharan  > Deir Siwan ,Aleppo ,36.206013,37.15242
10977, Aleppo  > Jebel Saman (Aleppo)  > Atareb  > Kafr Karmin ,Aleppo ,36.206013,37.15242
10978, Aleppo  > Al Bab  > Al Bab  > Al Bab ,Aleppo ,36.206013,37.15242
10979, Aleppo  > Jebel Saman (Aleppo)  > Atareb  > Maaret Atarib ,Aleppo ,36.206013,37.15242
10980, Aleppo  > Afrin  > Sharan  > Kafr Janna ,Aleppo ,36.206013,37.15242
10981, Idleb  > Idleb ,Idleb ,35.929008,36.635276
10982, Aleppo  > Jarablus ,Aleppo ,36.206013,37.15242
10983, Aleppo  > Afrin ,Aleppo ,36.206013,37.15242
10984, Aleppo  > Al Bab ,Aleppo ,36.206013,37.15242
10985, Aleppo  > A'zaz ,Aleppo ,36.206013,37.15242
10986, Idleb  > Jisr-Ash-Shugur ,Idleb ,35.929008,36.635276
10987, Idleb  > Idleb  > Maaret Tamsrin  > Kafr Nabi ,Idleb ,35.929008,36.635276
10988, Idleb  > Jisr-Ash-Shugur  > Badama  > Kherbet Eljoz ,Idleb ,35.929008,36.635276
10989, Aleppo ,Aleppo ,36.206013,37.15242
10990, Idleb ,Idleb ,35.929008,36.635276
10991, Aleppo  > Al Bab  > Ar-Ra'ee  > Ar-Ra'ee ,Aleppo ,36.206013,37.15242
10992, Aleppo  > Jarablus  > Jarablus  > Jarablus ,Aleppo ,36.206013,37.15242
10993, Idleb  > Harim  > Armanaz  > Milis ,Idleb ,35.929008,36.635276
10994, Ar-Raqqa  > Tell Abiad  > Tell Abiad  > Tell Abiad ,Ar-Raqqa ,35.953075,39.006062
10995, Idleb  > Harim  > Qourqeena  > Boz Ghaz ,Idleb ,35.929008,36.635276
10996, Idleb  > Harim  > Qourqeena  > Barisha ,Idleb ,35.929008,36.635276
10997, Idleb  > Idleb  > Maaret Tamsrin  > Kafraya Maar Tamsarin ,Idleb ,35.929008,36.635276
10998, Idleb  > Harim  > Qourqeena  > Htan ,Idleb ,35.929008,36.635276
10999, Idleb  > Harim  > Qourqeena  > Banabel ,Idleb ,35.929008,36.635276
11000, Al-Hasakeh  > Ras Al Ain  > Ras Al Ain  > Ras Al Ain ,Al-Hasakeh ,36.505375,40.742899
11001, Idleb  > Idleb  > Maaret Tamsrin  > Bhora ,Idleb ,35.929008,36.635276
11002, Idleb  > Harim  > Qourqeena  > Meraf Elshalaf ,Idleb ,35.929008,36.635276
11003, Idleb  > Idleb  > Bennsh  > Toum ,Idleb ,35.929008,36.635276
11004, Idleb  > Jisr-Ash-Shugur  > Badama  > Badama ,Idleb ,35.929008,36.635276
11005, Idleb  > Harim  > Armanaz  > Quneitra ,Idleb ,35.929008,36.635276
11006, Ar-Raqqa  > Tell Abiad  > Ein Issa  > Abu Khorzeh ,Ar-Raqqa ,35.953075,39.006062
11007, Idleb  > Idleb  > Maaret Tamsrin  > Murin ,Idleb ,35.929008,36.635276
11008, Idleb  > Jisr-Ash-Shugur  > Janudiyeh  > Janudiyeh ,Idleb ,35.929008,36.635276
11009, Hama ,Hama ,35.133742,36.761291
11010, Lattakia ,Lattakia ,35.539149,35.789569
11011, Aleppo  > Afrin  > Raju  > Omar - Omar Oshaghi ,Aleppo ,36.206013,37.15242
11012, Aleppo  > Afrin  > Jandairis  > Koran Jandris ,Aleppo ,36.206013,37.15242
11013, Aleppo  > Afrin  > Raju  > Meidan Ekbis ,Aleppo ,36.206013,37.15242
11014, Aleppo  > Afrin  > Jandairis  > Jalma ,Aleppo ,36.206013,37.15242
11015, Aleppo  > Afrin  > Sharan  > Kafroum ,Aleppo ,36.206013,37.15242
11016, Aleppo  > Afrin  > Jandairis  > Jandairis ,Aleppo ,36.206013,37.15242
11017, Aleppo  > Afrin  > Raju  > Haj Khalil ,Aleppo ,36.206013,37.15242
11018, Aleppo  > Afrin  > Raju  > Sheikh Mohammed ,Aleppo ,36.206013,37.15242
11019, Aleppo  > Afrin  > Jandairis  > Western Eshkab ,Aleppo ,36.206013,37.15242
11020, Aleppo  > Afrin  > Jandairis  > Ramadiyeh ,Aleppo ,36.206013,37.15242
11021, Aleppo  > Afrin  > Raju  > Raju ,Aleppo ,36.206013,37.15242
11022, Aleppo  > Afrin  > Jandairis  > Tal Slur ,Aleppo ,36.206013,37.15242
11023, Aleppo  > Afrin  > Raju  > Koran Afrin ,Aleppo ,36.206013,37.15242
11024, Aleppo  > Afrin  > Ma'btali  > Smal ,Aleppo ,36.206013,37.15242
11025, Aleppo  > Afrin  > Afrin  > Enab ,Aleppo ,36.206013,37.15242
11026, Aleppo  > Afrin  > Afrin  > Qarzihel ,Aleppo ,36.206013,37.15242
11027, Aleppo  > Afrin  > Sheikh El-Hadid  > Sinnara ,Aleppo ,36.206013,37.15242
11028, Aleppo  > Afrin  > Afrin  > Marata ,Aleppo ,36.206013,37.15242
11029, Aleppo  > Afrin  > Sheikh El-Hadid  > Anqala ,Aleppo ,36.206013,37.15242
11030, Aleppo  > Afrin  > Afrin  > Shawarghet Elarz ,Aleppo ,36.206013,37.15242
11031, Aleppo  > Afrin  > Afrin  > Tharifa ,Aleppo ,36.206013,37.15242
11032, Aleppo  > Afrin  > Ma'btali  > Bermaja ,Aleppo ,36.206013,37.15242
11033, Aleppo  > Afrin  > Ma'btali  > Jomrokiyeh ,Aleppo ,36.206013,37.15242
11034, Aleppo  > A'zaz  > A'zaz  > Yahmul ,Aleppo ,36.206013,37.15242
11035, Aleppo  > A'zaz  > A'zaz  > Krum ,Aleppo ,36.206013,37.15242
11036, Aleppo  > A'zaz  > A'zaz  > Shmarekh ,Aleppo ,36.206013,37.15242
11037, Idleb  > Harim  > Qourqeena  > Radwa  ,Idleb ,35.929008,36.635276
11038, Idleb  > Harim  > Qourqeena  > Sardin ,Idleb ,35.929008,36.635276
11039, Aleppo  > A'zaz  > A'zaz  > Talil Elsham ,Aleppo ,36.206013,37.15242
11040, Aleppo  > A'zaz  > A'zaz  > Salama ,Aleppo ,36.206013,37.15242
11041, Idleb  > Jisr-Ash-Shugur  > Jisr-Ash-Shugur  > Kniset Nakhleh ,Idleb ,35.929008,36.635276
11042, Idleb  > Jisr-Ash-Shugur  > Jisr-Ash-Shugur  > Upper Sheikh Sindyan ,Idleb ,35.929008,36.635276
11043, Idleb  > Jisr-Ash-Shugur  > Jisr-Ash-Shugur  > Qaysiyeh ,Idleb ,35.929008,36.635276
11044, Aleppo  > Jebel Saman (Aleppo)  > Atareb  > Kafr Aleppo ,Aleppo ,36.206013,37.15242
11045, Aleppo  > Jebel Saman (Aleppo)  > Zarbah  > Arada ,Aleppo ,36.206013,37.15242
11046, Aleppo  > Jebel Saman (Aleppo)  > Atareb  > Sheikh Ali ,Aleppo ,36.206013,37.15242
11047, Aleppo  > Afrin  > Sharan  > Marsawa ,Aleppo ,36.206013,37.15242
11048, Aleppo  > Afrin  > Afrin  > Ein Dara ,Aleppo ,36.206013,37.15242
11049, Aleppo  > Afrin  > Afrin  > Kafir ,Aleppo ,36.206013,37.15242
11050, Aleppo  > Afrin  > Sharan  > Amud ,Aleppo ,36.206013,37.15242
11051, Aleppo  > Afrin  > Afrin  > Eskan ,Aleppo ,36.206013,37.15242
11052, Aleppo  > Afrin  > Sharan  > Zaytuneh ,Aleppo ,36.206013,37.15242
11053, Aleppo  > Afrin  > Afrin  > Mreimin Afrin ,Aleppo ,36.206013,37.15242
11054, Aleppo  > Afrin  > Afrin  > Sheikh Eldeir ,Aleppo ,36.206013,37.15242
11055, Aleppo  > Afrin  > Sharan  > Bafelyun ,Aleppo ,36.206013,37.15242
11056, Aleppo  > Al Bab  > A'rima  > Big Sukariyeh ,Aleppo ,36.206013,37.15242
11057, Aleppo  > Al Bab  > Tadaf  > Big Amya ,Aleppo ,36.206013,37.15242
11058, Aleppo  > Al Bab  > Al Bab  > Qubbet Elsheikh ,Aleppo ,36.206013,37.15242
11059, Aleppo  > Al Bab  > A'rima  > Oruba Bab - Arab Wiran ,Aleppo ,36.206013,37.15242
11060, Aleppo  > Al Bab  > A'rima  > Barshaya ,Aleppo ,36.206013,37.15242
11061, Aleppo  > Al Bab  > A'rima  > Jeb Naassan ,Aleppo ,36.206013,37.15242
11062, Aleppo  > Al Bab  > A'rima  > Tarhin ,Aleppo ,36.206013,37.15242
11063, Idleb  > Idleb  > Idleb  > Arshani ,Idleb ,35.929008,36.635276
11064, Idleb  > Idleb  > Idleb  > Northern Ora ,Idleb ,35.929008,36.635276
11065, Idleb  > Idleb  > Idleb  > Sijer - Bqesemtoh ,Idleb ,35.929008,36.635276
11066, Idleb  > Idleb  > Idleb  > Kreiz ,Idleb ,35.929008,36.635276
11067, Idleb  > Idleb  > Idleb  > Ein Shib ,Idleb ,35.929008,36.635276
11068, Idleb  > Ariha  > Mhambal  > Bales ,Idleb ,35.929008,36.635276
11069, Idleb  > Al Ma'ra  > Ma'arrat An Nu'man  > Dana ,Idleb ,35.929008,36.635276
11070, Idleb  > Ariha  > Mhambal  > Hila ,Idleb ,35.929008,36.635276
11071, Idleb  > Ariha  > Mhambal  > Hlul ,Idleb ,35.929008,36.635276
11072, Idleb  > Ariha  > Mhambal  > Kafrmid ,Idleb ,35.929008,36.635276
11073, Idleb  > Ariha  > Mhambal  > Ora Qabli - Edwan ,Idleb ,35.929008,36.635276
11074, Idleb  > Al Ma'ra  > Ma'arrat An Nu'man  > Eastern Deir ,Idleb ,35.929008,36.635276
11075, Idleb  > Idleb  > Idleb  > Aqrabat ,Idleb ,35.929008,36.635276
11076, Idleb  > Ariha  > Mhambal  > Mhambal ,Idleb ,35.929008,36.635276
11077, Idleb  > Ariha  > Mhambal  > Kniseh ,Idleb ,35.929008,36.635276
11078, Idleb  > Ariha  > Mhambal  > Beftamun ,Idleb ,35.929008,36.635276
11079, Idleb  > Ariha  > Ehsem  > Farkya ,Idleb ,35.929008,36.635276
11080, Idleb  > Ariha  > Ariha  > Shinan ,Idleb ,35.929008,36.635276
11081, Idleb  > Ariha  > Ehsem  > Balyun ,Idleb ,35.929008,36.635276
11082, Idleb  > Ariha  > Ariha  > Moataf ,Idleb ,35.929008,36.635276
11083, Aleppo  > Afrin  > Afrin  > Bablit ,Aleppo ,36.206013,37.15242
11084, Idleb  > Ariha  > Ariha  > Thaheriya ,Idleb ,35.929008,36.635276
11085, Idleb  > Ariha  > Mhambal  > Sararif ,Idleb ,35.929008,36.635276
11086, Idleb  > Ariha  > Mhambal  > Northern Laj ,Idleb ,35.929008,36.635276
11087, Aleppo  > Afrin  > Afrin  > Shawarghet Eljoz ,Aleppo ,36.206013,37.15242
11088, Aleppo  > Afrin  > Jandairis  > Upper Maskeh ,Aleppo ,36.206013,37.15242
11089, Aleppo  > Afrin  > Jandairis  > Kafr Safra ,Aleppo ,36.206013,37.15242
11090, Aleppo  > Afrin  > Jandairis  > Sheikh Abel Rahman ,Aleppo ,36.206013,37.15242
11091, Aleppo  > Afrin  > Jandairis  > Bayada - Jendris ,Aleppo ,36.206013,37.15242
11092, Aleppo  > Afrin  > Jandairis  > Upper Diwan ,Aleppo ,36.206013,37.15242
11093, Aleppo  > Afrin  > Jandairis  > Fasha ,Aleppo ,36.206013,37.15242
11094, Aleppo  > Afrin  > Jandairis  > Haj Eskandar ,Aleppo ,36.206013,37.15242
11095, Aleppo  > A'zaz  > Aghtrin  > Akhtrein ,Aleppo ,36.206013,37.15242
11096, Idleb  > Jisr-Ash-Shugur  > Jisr-Ash-Shugur  > Kafir ,Idleb ,35.929008,36.635276
11097, Idleb  > Jisr-Ash-Shugur  > Jisr-Ash-Shugur  > Bsheiriyeh - Bello ,Idleb ,35.929008,36.635276
11098, Idleb  > Harim  > Armanaz  > Ghafar ,Idleb ,35.929008,36.635276
11099, Idleb  > Harim  > Armanaz  > Kuwaro - Um Elriyah ,Idleb ,35.929008,36.635276
11100, Idleb  > Al Ma'ra  > Kafr Nobol  > Fleifel ,Idleb ,35.929008,36.635276
11101, Aleppo  > A'zaz  > Suran  > Kafra ,Aleppo ,36.206013,37.15242
11102, Idleb  > Al Ma'ra  > Kafr Nobol  > Kafr Musa ,Idleb ,35.929008,36.635276
11103, Idleb  > Al Ma'ra  > Kafr Nobol  > Tramla ,Idleb ,35.929008,36.635276
11104, Idleb  > Al Ma'ra  > Kafr Nobol  > Faqie ,Idleb ,35.929008,36.635276
11105, Idleb  > Al Ma'ra  > Kafr Nobol  > Kawkabeh ,Idleb ,35.929008,36.635276
11106, Idleb  > Al Ma'ra  > Kafr Nobol  > Karsaa ,Idleb ,35.929008,36.635276
11107, Idleb  > Al Ma'ra  > Kafr Nobol  > Milaja ,Idleb ,35.929008,36.635276
11108, Idleb  > Al Ma'ra  > Kafr Nobol  > Shorlin ,Idleb ,35.929008,36.635276
11109, Idleb  > Harim  > Armanaz  > Biret Armanaz ,Idleb ,35.929008,36.635276
11110, Aleppo  > Al Bab  > Al Bab  > Qdeiran ,Aleppo ,36.206013,37.15242
11111, Aleppo  > Afrin  > Bulbul  > Bulbul ,Aleppo ,36.206013,37.15242
11112, Aleppo  > Al Bab  > Al Bab  > Hazwan ,Aleppo ,36.206013,37.15242
11113, Aleppo  > Al Bab  > Al Bab  > Shdud ,Aleppo ,36.206013,37.15242
11114, Aleppo  > Al Bab  > Al Bab  > Sheikh Jarrah ,Aleppo ,36.206013,37.15242
11115, Aleppo  > Al Bab  > Al Bab  > Waqqah ,Aleppo ,36.206013,37.15242
11116, Aleppo  > Al Bab  > Al Bab  > Borj ,Aleppo ,36.206013,37.15242
11117, Aleppo  > Al Bab  > Al Bab  > Su Sinbat ,Aleppo ,36.206013,37.15242
11118, Aleppo  > Al Bab  > Al Bab  > Sheikh Elwan ,Aleppo ,36.206013,37.15242
11119, Aleppo  > Al Bab  > Al Bab  > Saflaniyeh ,Aleppo ,36.206013,37.15242
11120, Aleppo  > Al Bab  > Al Bab  > Hadath ,Aleppo ,36.206013,37.15242
11121, Aleppo  > Al Bab  > Al Bab  > Tal Jerji ,Aleppo ,36.206013,37.15242
11122, Aleppo  > Al Bab  > Al Bab  > Olan ,Aleppo ,36.206013,37.15242
11123, Idleb  > Al Ma'ra  > Kafr Nobol  > Hazarin ,Idleb ,35.929008,36.635276
11124, Aleppo  > A'zaz  > Suran  > Baraghideh ,Aleppo ,36.206013,37.15242
11125, Idleb  > Jisr-Ash-Shugur  > Jisr-Ash-Shugur  > Western Marj Akhdar ,Idleb ,35.929008,36.635276
11126, Idleb  > Al Ma'ra  > Heish  > Rakaya Sijneh ,Idleb ,35.929008,36.635276
11127, Idleb  > Al Ma'ra  > Kafr Nobol  > Maar Tahroma ,Idleb ,35.929008,36.635276
11128, Aleppo  > A'zaz  > A'zaz  > Maarin ,Aleppo ,36.206013,37.15242
11129, Idleb  > Harim  > Armanaz  > Hafasraja ,Idleb ,35.929008,36.635276
11130, Aleppo  > Afrin  > Afrin  > Abin - Efrin ,Aleppo ,36.206013,37.15242
11131, Aleppo  > Afrin  > Sheikh El-Hadid  > Sheikh El-Hadid ,Aleppo ,36.206013,37.15242
11132, Idleb  > Idleb  > Saraqab  > Lof ,Idleb ,35.929008,36.635276
11133, Idleb  > Idleb  > Saraqab  > Abul Khos ,Idleb ,35.929008,36.635276
11134, Idleb  > Idleb  > Saraqab  > Tal Karatine ,Idleb ,35.929008,36.635276
11135, Idleb  > Idleb  > Saraqab  > Bijfas ,Idleb ,35.929008,36.635276
11136, Idleb  > Idleb  > Saraqab  > Salamin ,Idleb ,35.929008,36.635276
11137, Idleb  > Al Ma'ra  > Ma'arrat An Nu'man  > Karfuma ,Idleb ,35.929008,36.635276
11138, Idleb  > Al Ma'ra  > Ma'arrat An Nu'man  > Thahrat Talamnas ,Idleb ,35.929008,36.635276
11139, Idleb  > Jisr-Ash-Shugur  > Jisr-Ash-Shugur  > Mintar ,Idleb ,35.929008,36.635276
11140, Idleb  > Jisr-Ash-Shugur  > Jisr-Ash-Shugur  > Frikeh ,Idleb ,35.929008,36.635276
11141, Idleb  > Jisr-Ash-Shugur  > Jisr-Ash-Shugur  > Marj Elzohur ,Idleb ,35.929008,36.635276
11142, Idleb  > Al Ma'ra  > Tamanaah  > Tamanaah ,Idleb ,35.929008,36.635276
11143, Aleppo  > Jebel Saman (Aleppo)  > Jebel Saman (Aleppo)  > Abtin ,Aleppo ,36.206013,37.15242
11144, Idleb  > Al Ma'ra  > Khan Shaykun  > Khan Shaykun ,Idleb ,35.929008,36.635276
11145, Idleb  > Jisr-Ash-Shugur  > Jisr-Ash-Shugur  > Balmis ,Idleb ,35.929008,36.635276
11146, Idleb  > Ariha  > Ariha  > Maarzaf ,Idleb ,35.929008,36.635276
11147, Idleb  > Al Ma'ra  > Heish  > Heish ,Idleb ,35.929008,36.635276
11148, Idleb  > Ariha  > Ehsem  > Kafr Haya ,Idleb ,35.929008,36.635276
11149, Idleb  > Jisr-Ash-Shugur  > Darkosh  > Amud ,Idleb ,35.929008,36.635276
11150, Aleppo  > Al Bab  > Ar-Ra'ee  > Sandi ,Aleppo ,36.206013,37.15242
11151, Aleppo  > Al Bab  > Ar-Ra'ee  > Tal Elhawa ,Aleppo ,36.206013,37.15242
11152, Idleb  > Ariha  > Mhambal  > Anb ,Idleb ,35.929008,36.635276
11153, Idleb  > Al Ma'ra  > Heish  > Abu Habbeh ,Idleb ,35.929008,36.635276
11154, Idleb  > Harim  > Harim  > Ariba ,Idleb ,35.929008,36.635276
11155, Idleb  > Jisr-Ash-Shugur  > Janudiyeh  > Athar ,Idleb ,35.929008,36.635276
11156, Idleb  > Jisr-Ash-Shugur  > Jisr-Ash-Shugur  > Alyeh ,Idleb ,35.929008,36.635276
11157, Idleb  > Jisr-Ash-Shugur  > Jisr-Ash-Shugur  > Maalaqa - Bishlamon ,Idleb ,35.929008,36.635276
11158, Idleb  > Harim  > Qourqeena  > Rabeeta ,Idleb ,35.929008,36.635276
11159, Aleppo  > Jebel Saman (Aleppo)  > Haritan  > Yaqed Eladas ,Aleppo ,36.206013,37.15242
11160, Idleb  > Jisr-Ash-Shugur  > Badama  > Hanbushiyeh ,Idleb ,35.929008,36.635276
11161, Idleb  > Jisr-Ash-Shugur  > Badama  > Ein El-Bayda ,Idleb ,35.929008,36.635276
11162, Idleb  > Harim  > Harim  > Kafr Hum ,Idleb ,35.929008,36.635276
11163, Aleppo  > A'zaz  > Suran  > Albil ,Aleppo ,36.206013,37.15242
11164, Idleb  > Jisr-Ash-Shugur  > Darkosh  > Ramadiyeh ,Idleb ,35.929008,36.635276
11165, Idleb  > Jisr-Ash-Shugur  > Darkosh  > Ghazala - Mgheidleh ,Idleb ,35.929008,36.635276
11166, Aleppo  > Afrin  > Jandairis  > Deir Ballut ,Aleppo ,36.206013,37.15242
11167, Aleppo  > Afrin  > Jandairis  > Freiriyeh ,Aleppo ,36.206013,37.15242
11168, Aleppo  > Al Bab  > Al Bab  > Maqri ,Aleppo ,36.206013,37.15242
11169, Aleppo  > Al Bab  > Al Bab  > Sosyan ,Aleppo ,36.206013,37.15242
11170, Idleb  > Ariha  > Ehsem  > Ehsem ,Idleb ,35.929008,36.635276
11171, Aleppo  > Al Bab  > A'rima  > A'rima ,Aleppo ,36.206013,37.15242
11172, Aleppo  > Jarablus  > Ghandorah  > Ghandorah ,Aleppo ,36.206013,37.15242
11173, Aleppo  > Jebel Saman (Aleppo)  > Haritan  > Hayyan ,Aleppo ,36.206013,37.15242
11174, Aleppo  > Jebel Saman (Aleppo)  > Daret Azza  > Bsartun ,Aleppo ,36.206013,37.15242
11175, Aleppo  > Jebel Saman (Aleppo)  > Daret Azza  > Tqad ,Aleppo ,36.206013,37.15242
11176, Aleppo  > Jebel Saman (Aleppo)  > Haritan  > Kafr Bssin ,Aleppo ,36.206013,37.15242
11177, Aleppo  > Jebel Saman (Aleppo)  > Haritan  > Kafr Hamra ,Aleppo ,36.206013,37.15242
11178, Idleb  > Harim  > Kafr Takharim  > Helleh ,Idleb ,35.929008,36.635276
11179, Aleppo  > Jebel Saman (Aleppo)  > Haritan  > Maaret Elartiq ,Aleppo ,36.206013,37.15242
11180, Idleb  > Harim  > Kafr Takharim  > Kuku - Ein Eljaj ,Idleb ,35.929008,36.635276
11181, Idleb  > Harim  > Harim  > Mira Shaq ,Idleb ,35.929008,36.635276
11182, Idleb  > Harim  > Kafr Takharim  > Kafr Mars ,Idleb ,35.929008,36.635276
11183, Idleb  > Harim  > Armanaz  > Kabta ,Idleb ,35.929008,36.635276
11184, Idleb  > Harim  > Qourqeena  > Torlaha ,Idleb ,35.929008,36.635276
11185, Idleb  > Harim  > Kafr Takharim  > Bshendlaya - Rashadiya ,Idleb ,35.929008,36.635276
11186, Idleb  > Harim  > Harim  > Kafr Mu ,Idleb ,35.929008,36.635276
11187, Idleb  > Jisr-Ash-Shugur  > Darkosh  > Jamiliya ,Idleb ,35.929008,36.635276
11188, Idleb  > Harim  > Armanaz  > Dweila ,Idleb ,35.929008,36.635276
11189, Idleb  > Jisr-Ash-Shugur  > Darkosh  > Sheikh Issa Elashury ,Idleb ,35.929008,36.635276
11190, Idleb  > Jisr-Ash-Shugur  > Darkosh  > Zahraa - Kherbet Amud ,Idleb ,35.929008,36.635276
11191, Idleb  > Harim  > Kafr Takharim  > Abarita ,Idleb ,35.929008,36.635276
11192, Idleb  > Harim  > Kafr Takharim  > Jadeen ,Idleb ,35.929008,36.635276
11193, Idleb  > Jisr-Ash-Shugur  > Darkosh  > Matleh - Batlaya ,Idleb ,35.929008,36.635276
11194, Idleb  > Jisr-Ash-Shugur  > Darkosh  > Andnaniyeh - Farjein ,Idleb ,35.929008,36.635276
11195, Idleb  > Harim  > Kafr Takharim  > Taltita ,Idleb ,35.929008,36.635276
11196, Idleb  > Idleb  > Idleb  > Tab Issa - Eastern and Western ,Idleb ,35.929008,36.635276
11197, Idleb  > Jisr-Ash-Shugur  > Darkosh  > Deir Othman ,Idleb ,35.929008,36.635276
11198, Idleb  > Jisr-Ash-Shugur  > Darkosh  > Mazuleh ,Idleb ,35.929008,36.635276
11199, Idleb  > Harim  > Qourqeena  > Qalb Lozeh ,Idleb ,35.929008,36.635276
11200, Idleb  > Harim  > Qourqeena  > Ras Elhisn ,Idleb ,35.929008,36.635276
11201, Idleb  > Harim  > Kafr Takharim  > Kafr Kila ,Idleb ,35.929008,36.635276
11202, Idleb  > Jisr-Ash-Shugur  > Darkosh  > Mreimin ,Idleb ,35.929008,36.635276
11203, Idleb  > Jisr-Ash-Shugur  > Darkosh  > Sawadiya - Nabhan ,Idleb ,35.929008,36.635276
11204, Idleb  > Jisr-Ash-Shugur  > Darkosh  > Turin ,Idleb ,35.929008,36.635276
11205, Idleb  > Jisr-Ash-Shugur  > Darkosh  > Sadiyeh - Bsentiya ,Idleb ,35.929008,36.635276
11206, Idleb  > Jisr-Ash-Shugur  > Darkosh  > Thahr ,Idleb ,35.929008,36.635276
11207, Aleppo  > A'zaz  > Suran  > Rael ,Aleppo ,36.206013,37.15242
11208, Aleppo  > A'zaz  > Suran  > Thaheriya Azaz ,Aleppo ,36.206013,37.15242
11209, Aleppo  > A'zaz  > Suran  > Dweibeq ,Aleppo ,36.206013,37.15242
11210, Aleppo  > A'zaz  > Suran  > Shweirin ,Aleppo ,36.206013,37.15242
11211, Aleppo  > Afrin  > Sheikh El-Hadid ,Aleppo ,36.206013,37.15242
11212, Idleb  > Idleb  > Teftnaz ,Idleb ,35.929008,36.635276
11213, Aleppo  > Afrin  > Ma'btali ,Aleppo ,36.206013,37.15242
11214, Idleb  > Idleb  > Bennsh ,Idleb ,35.929008,36.635276
11215, Aleppo  > Afrin  > Raju ,Aleppo ,36.206013,37.15242
11216, Idleb  > Idleb  > Sarmin ,Idleb ,35.929008,36.635276
11217, Idleb  > Idleb  > Saraqab ,Idleb ,35.929008,36.635276
11218, Aleppo  > Jebel Saman (Aleppo)  > Haritan ,Aleppo ,36.206013,37.15242
11219, Aleppo  > Jebel Saman (Aleppo)  > Daret Azza ,Aleppo ,36.206013,37.15242
11220, Aleppo  > Afrin  > Jandairis ,Aleppo ,36.206013,37.15242
11221, Idleb  > Jisr-Ash-Shugur  > Darkosh ,Idleb ,35.929008,36.635276
11222, Idleb  > Harim  > Salqin ,Idleb ,35.929008,36.635276
11223, Idleb  > Idleb  > Maaret Tamsrin ,Idleb ,35.929008,36.635276
11224, Aleppo  > Afrin  > Sharan ,Aleppo ,36.206013,37.15242
11225, Aleppo  > Afrin  > Bulbul ,Aleppo ,36.206013,37.15242
11226, Idleb  > Harim  > Kafr Takharim ,Idleb ,35.929008,36.635276
11227, Idleb  > Harim  > Armanaz ,Idleb ,35.929008,36.635276
11228, Idleb  > Harim  > Harim ,Idleb ,35.929008,36.635276
11229, Idleb  > Harim  > Qourqeena ,Idleb ,35.929008,36.635276
11230, Idleb  > Harim  > Dana ,Idleb ,35.929008,36.635276
11231, Aleppo  > Jebel Saman (Aleppo)  > Atareb ,Aleppo ,36.206013,37.15242
11232, Aleppo  > Jarablus  > Jarablus  > Marma Elhajar ,Aleppo ,36.206013,37.15242
11233, Aleppo  > A'zaz  > Aghtrin  > Turkman Bareh ,Aleppo ,36.206013,37.15242
11234, Idleb  > Idleb  > Maaret Tamsrin  > Shekh Bahr,Idleb ,35.929008,36.635276
11235, Aleppo  > A'zaz  > A'zaz  > Kafr Kalbein ,Aleppo ,36.206013,37.15242
11236, Aleppo  > A'zaz  > A'zaz  > Nayara ,Aleppo ,36.206013,37.15242
11237, Aleppo  > Afrin  > Sharan  > Yiji ,Aleppo ,36.206013,37.15242
11238, Aleppo  > Afrin  > Sharan  > Qarra ,Aleppo ,36.206013,37.15242
11239, Aleppo  > Afrin  > Sharan  > Qatireh ,Aleppo ,36.206013,37.15242
11240, Aleppo  > Afrin  > Sharan  > Mashaala ,Aleppo ,36.206013,37.15242
11241, Aleppo  > Afrin  > Sharan  > Jiman ,Aleppo ,36.206013,37.15242
11242, Aleppo  > Afrin  > Sharan  > Ali Bazan ,Aleppo ,36.206013,37.15242
11243, Aleppo  > Afrin  > Sharan  > Mhabbaba - Naz Oshaghi ,Aleppo ,36.206013,37.15242
11244, Aleppo  > Afrin  > Sharan  > Doha ,Aleppo ,36.206013,37.15242
11245, Aleppo  > Afrin  > Afrin  > Baee ,Aleppo ,36.206013,37.15242
11246, Aleppo  > Afrin  > Afrin  > Ghazawiyet Afrin ,Aleppo ,36.206013,37.15242
11247, Aleppo  > Afrin  > Sharan  > Ser - Sarnjak ,Aleppo ,36.206013,37.15242
11248, Aleppo  > Afrin  > Jandairis  > Eastern Eshkan ,Aleppo ,36.206013,37.15242
11249, Idleb  > Jisr-Ash-Shugur  > Jisr-Ash-Shugur  > Eastern Marj Akhdar ,Idleb ,35.929008,36.635276
11250, Aleppo  > Afrin  > Afrin  > Nireh ,Aleppo ,36.206013,37.15242
11251, Aleppo  > Afrin  > Afrin  > Kafrshil ,Aleppo ,36.206013,37.15242
11252, Aleppo  > Afrin  > Raju  > Musiyeh - Oba Si ,Aleppo ,36.206013,37.15242
11253, Aleppo  > Afrin  > Ma'btali  > Big Dar ,Aleppo ,36.206013,37.15242
11254, Aleppo  > Afrin  > Ma'btali  > Jazruniyeh ,Aleppo ,36.206013,37.15242
11255, Aleppo  > Afrin  > Raju  > Beit Adin ,Aleppo ,36.206013,37.15242
11256, Aleppo  > Afrin  > Bulbul  > Ashani ,Aleppo ,36.206013,37.15242
11257, Aleppo  > Afrin  > Raju  > Hamshu - Hamashtlak ,Aleppo ,36.206013,37.15242
11258, Aleppo  > Afrin  > Raju  > Bilaliyeh - Blaliko ,Aleppo ,36.206013,37.15242
11259, Aleppo  > Afrin  > Ma'btali  > Hamu Raju ,Aleppo ,36.206013,37.15242
11260, Aleppo  > Afrin  > Bulbul  > Zara ,Aleppo ,36.206013,37.15242
11261, Aleppo  > Afrin  > Jandairis  > Upper Marwana ,Aleppo ,36.206013,37.15242
11262, Aleppo  > Afrin  > Raju  > Ada ,Aleppo ,36.206013,37.15242
11263, Aleppo  > Afrin  > Jandairis  > Dakhm ,Aleppo ,36.206013,37.15242
11264, Aleppo  > Jarablus  > Jarablus  > Zoghra ,Aleppo ,36.206013,37.15242
11265, Idleb  > Jisr-Ash-Shugur  > Janudiyeh  > Qanniyeh ,Idleb ,35.929008,36.635276
11266, Aleppo  > A'zaz  > Aghtrin  > Ghorur ,Aleppo ,36.206013,37.15242
11267, Aleppo  > Jebel Saman (Aleppo)  > Daret Azza  > Deir Samaan,Aleppo ,36.206013,37.15242
11268, Aleppo > Jarablus,Aleppo,36.206013,37.15242
11269, Aleppo > A'zaz,Aleppo,36.206013,37.15242
11270, Aleppo > Al Bab,Aleppo,36.206013,37.15242
11271, Aleppo > Afrin,Aleppo,36.206013,37.15242
11272, Idleb > Harim > Salqin > Eskat,Idleb,35.929008,36.635276
11273, Idleb > Harim > Salqin > Faroukiyeh,Idleb,35.929008,36.635276
11274, Idleb > Harim > Salqin > Salqin,Idleb,35.929008,36.635276
11275, Idleb > Harim > Salqin > Allani,Idleb,35.929008,36.635276
11276, Idleb > Harim > Salqin > Ein Elbikara,Idleb,35.929008,36.635276
11277, Idleb > Harim > Salqin > Tlul,Idleb,35.929008,36.635276
11278, Idleb > Harim > Salqin > Saidiyeh,Idleb,35.929008,36.635276
11279, Idleb > Harim > Salqin > Big Hir Jamus,Idleb,35.929008,36.635276
11280, Idleb > Harim > Salqin > Hamziyeh,Idleb,35.929008,36.635276
11281, Idleb > Harim > Salqin > Azmarin,Idleb,35.929008,36.635276
11282, Idleb > Harim > Salqin > Delbiya,Idleb,35.929008,36.635276
11283, Idleb > Idleb > Maaret Tamsrin > Maaret Elekhwan,Idleb,35.929008,36.635276
11284, Idleb > Harim > Dana > Burdaqly,Idleb,35.929008,36.635276
11285, Idleb > Harim > Dana > Bab El Hawa,Idleb,35.929008,36.635276
11286, Aleppo > Jebel Saman (Aleppo) > Atareb > Batbu,Aleppo,36.206013,37.15242
11287, Aleppo > Afrin > Ma'btali > Abraz,Aleppo,36.206013,37.15242
11288, Idleb > Harim > Kafr Takharim > Kafr Takharim,Idleb,35.929008,36.635276
11289, Idleb > Harim > Dana > Deir Hassan - Darhashan,Idleb,35.929008,36.635276
11290, Idleb > Idleb > Maaret Tamsrin > Haranbush,Idleb,35.929008,36.635276
11291, Idleb > Harim > Dana > Mashhad Ruhin,Idleb,35.929008,36.635276
11292, Aleppo > A'zaz > A'zaz > Azaz,Aleppo,36.206013,37.15242
11293, Idleb > Idleb > Maaret Tamsrin > Shekh Bahr,Idleb,35.929008,36.635276
11294, Idleb > Idleb > Maaret Tamsrin > Kelly,Idleb,35.929008,36.635276
11295, Aleppo > Afrin > Sharan > Sharan,Aleppo,36.206013,37.15242
11296, Aleppo > Afrin > Bulbul > Bulbul,Aleppo,36.206013,37.15242
11297, Aleppo > Afrin > Bulbul > Deir Hasan,Aleppo,36.206013,37.15242
11298, Idleb > Idleb > Maaret Tamsrin > Kafr Jales,Idleb,35.929008,36.635276
11299, Aleppo > Afrin > Jandairis > Jandairis,Aleppo,36.206013,37.15242
11300, Idleb > Jisr-Ash-Shugur > Janudiyeh > Janudiyeh,Idleb,35.929008,36.635276
11301, Idleb > Harim > Harim > Harim,Idleb,35.929008,36.635276
11302, Idleb > Idleb > Maaret Tamsrin > Kafraya Maar Tamsarin,Idleb,35.929008,36.635276
11303, Aleppo > A'zaz > Suran > Suran,Aleppo,36.206013,37.15242
11304, Aleppo > Afrin > Ma'btali > Ma'btali,Aleppo,36.206013,37.15242
11305, Idleb > Idleb > Maaret Tamsrin > Kaftin,Idleb,35.929008,36.635276
11306, Idleb > Idleb > Maaret Tamsrin > Kafr Nabi,Idleb,35.929008,36.635276
11307, Aleppo > Afrin > Raju > Raju,Aleppo,36.206013,37.15242
11308, Idleb > Jisr-Ash-Shugur > Jisr-Ash-Shugur > Sokkariyeh,Idleb,35.929008,36.635276
11309, Idleb > Idleb > Idleb > Deir Al-Zaghab,Idleb,35.929008,36.635276
11310, Idleb > Idleb > Maaret Tamsrin > Ram Hamdan,Idleb,35.929008,36.635276
11311, Aleppo > Afrin > Sheikh El-Hadid > Sheikh El-Hadid,Aleppo,36.206013,37.15242
11312, Aleppo > Afrin > Afrin > Abin - Efrin,Aleppo,36.206013,37.15242
11313, Idleb > Idleb > Maaret Tamsrin > Kafr tanor,Idleb,35.929008,36.635276
11314, Idleb > Idleb > Sarmin > Sarmin,Idleb,35.929008,36.635276
11315, Aleppo > Jebel Saman (Aleppo) > Atareb > Atareb,Aleppo,36.206013,37.15242
11316, Idleb > Idleb > Maaret Tamsrin > Habat,Idleb,35.929008,36.635276
11317, Idleb > Jisr-Ash-Shugur > Janudiyeh > Qaderiyeh - Qayqun,Idleb,35.929008,36.635276
11318, Idleb > Idleb > Maaret Tamsrin > Kafr - Kafrehmul,Idleb,35.929008,36.635276
11319, Aleppo > Al Bab > Ar-Ra'ee > Ar-Ra'ee,Aleppo,36.206013,37.15242
11320, Idleb > Idleb > Maaret Tamsrin > Ma'arrat Tamsrin,Idleb,35.929008,36.635276
11321, Idleb > Harim > Qourqeena > Qourqeena,Idleb,35.929008,36.635276
11322, Aleppo > Jebel Saman (Aleppo) > Daret Azza > Daret Azza,Aleppo,36.206013,37.15242
11323, Idleb > Idleb > Maaret Tamsrin > Taltuneh,Idleb,35.929008,36.635276
11324, Aleppo > A'zaz > Mare' > Mare',Aleppo,36.206013,37.15242
11325, Idleb > Idleb > Idleb > Arshani,Idleb,35.929008,36.635276
11326, Idleb > Jisr-Ash-Shugur > Jisr-Ash-Shugur > Um Rish,Idleb,35.929008,36.635276
11327, Idleb > Idleb > Idleb > Kafruhin,Idleb,35.929008,36.635276
11328, Idleb > Ariha > Ariha > Ariha,Idleb,35.929008,36.635276
11329, Idleb > Harim > Armanaz > Armanaz,Idleb,35.929008,36.635276
11330, Idleb > Harim > Dana > Dana,Idleb,35.929008,36.635276
11331, Idleb > Idleb > Maaret Tamsrin > Murin,Idleb,35.929008,36.635276
11332, Idleb > Idleb > Idleb > Ein Shib,Idleb,35.929008,36.635276
11333, Idleb > Jisr-Ash-Shugur > Jisr-Ash-Shugur > Ziyadiyeh,Idleb,35.929008,36.635276
11334, Idleb > Idleb > Maaret Tamsrin > Batenta,Idleb,35.929008,36.635276
11335, Idleb > Idleb > Idleb > Bruma,Idleb,35.929008,36.635276
11336, Idleb > Idleb > Maaret Tamsrin > Tall Sindal,Idleb,35.929008,36.635276
11337, Aleppo > Jarablus > Jarablus > Jarablus,Aleppo,36.206013,37.15242
11338, Idleb > Idleb > Teftnaz > Abu Kansa,Idleb,35.929008,36.635276
11339, Idleb > Idleb > Idleb > Aqrabat,Idleb,35.929008,36.635276
11340, Idleb > Idleb > Maaret Tamsrin > Bhora,Idleb,35.929008,36.635276
11341, Idleb > Idleb > Idleb > Bshmaron,Idleb,35.929008,36.635276
11342, Idleb > Idleb > Idleb > Falyun,Idleb,35.929008,36.635276
11343, Idleb > Jisr-Ash-Shugur > Jisr-Ash-Shugur > Jisr-Ash-Shugur,Idleb,35.929008,36.635276
11344, Idleb > Idleb > Maaret Tamsrin > Beeret Kaftin,Idleb,35.929008,36.635276
11345, Idleb > Idleb > Maaret Tamsrin > Boayba,Idleb,35.929008,36.635276
11346, Idleb > Idleb > Maaret Tamsrin > Hazano,Idleb,35.929008,36.635276
11347, Aleppo > Afrin > Afrin > Afrin,Aleppo,36.206013,37.15242
11348, Idleb > Al Ma'ra > Heish > Abu Habbeh,Idleb,35.929008,36.635276
11349, Idleb > Idleb > Bennsh > Bennsh,Idleb,35.929008,36.635276
11350, Idleb > Harim > Armanaz > Hafasraja,Idleb,35.929008,36.635276
11351, Idleb > Jisr-Ash-Shugur > Badama > Hanbushiyeh,Idleb,35.929008,36.635276
11352, Aleppo > Jebel Saman (Aleppo) > Atareb > Sahara,Aleppo,36.206013,37.15242
11353, Idleb > Jisr-Ash-Shugur > Darkosh > Zarzur,Idleb,35.929008,36.635276
11354, Idleb > Harim > Dana > Qah,Idleb,35.929008,36.635276
11355, Idleb > Jisr-Ash-Shugur > Badama > Kherbet Eljoz,Idleb,35.929008,36.635276
11356, Idleb > Jisr-Ash-Shugur > Darkosh > Darkosh,Idleb,35.929008,36.635276
11357, Idleb > Harim > Dana > Sarmada,Idleb,35.929008,36.635276
11358, Idleb > Harim > Dana > Atma,Idleb,35.929008,36.635276
11359, Idleb > Jisr-Ash-Shugur > Badama > Ein El-Bayda,Idleb,35.929008,36.635276
11360, Idleb > Harim > Qourqeena > Boz Ghaz,Idleb,35.929008,36.635276
11361, Idleb > Harim > Dana > Termanin,Idleb,35.929008,36.635276
11362, Idleb > Harim > Dana > Aqrabat,Idleb,35.929008,36.635276
11363, Idleb > Harim > Dana > Kafr Deryan,Idleb,35.929008,36.635276
11364, Idleb > Ariha > Ariha > Mseibin,Idleb,35.929008,36.635276
11365, Idleb > Harim > Armanaz > Milis,Idleb,35.929008,36.635276
11366, Idleb > Jisr-Ash-Shugur > Darkosh > Sheikh Issa Elashury,Idleb,35.929008,36.635276
11367, Idleb > Jisr-Ash-Shugur > Darkosh > Kharab Sultan,Idleb,35.929008,36.635276
11368, Idleb > Jisr-Ash-Shugur > Darkosh > Ramadiyeh,Idleb,35.929008,36.635276
11369, Idleb > Jisr-Ash-Shugur > Darkosh > Jamiliya,Idleb,35.929008,36.635276
11370, Idleb > Jisr-Ash-Shugur > Darkosh > Dorriyeh,Idleb,35.929008,36.635276
11371, Idleb > Harim > Armanaz > Baliya,Idleb,35.929008,36.635276
11372, Idleb > Jisr-Ash-Shugur > Darkosh > Zahraa - Kherbet Amud,Idleb,35.929008,36.635276
11373, Idleb > Jisr-Ash-Shugur > Darkosh > Thahr,Idleb,35.929008,36.635276
11374, Idleb > Idleb > Teftnaz > Teftnaz,Idleb,35.929008,36.635276
11375, Idleb > Harim > Qourqeena > Htan,Idleb,35.929008,36.635276
11376, Idleb > Harim > Salqin > Tellemar,Idleb,35.929008,36.635276
11377, Idleb > Harim > Dana > Tilaada,Idleb,35.929008,36.635276
11378, Aleppo > Afrin > Sheikh El-Hadid > Anqala,Aleppo,36.206013,37.15242
11379, Aleppo > Afrin > Sheikh El-Hadid > Sinnara,Aleppo,36.206013,37.15242
11380, Idleb > Idleb > Idleb > Mastumeh,Idleb,35.929008,36.635276
11381, Aleppo > Afrin > Afrin > Mreimin Afrin,Aleppo,36.206013,37.15242
11382, Aleppo > Afrin > Afrin > Qarzihel,Aleppo,36.206013,37.15242
11383, Aleppo > Afrin > Afrin > Tharifa,Aleppo,36.206013,37.15242
11384, Idleb > Ariha > Ariha > Korin,Idleb,35.929008,36.635276
11385, Idleb > Harim > Dana > Tal Elkaramej,Idleb,35.929008,36.635276
11386, Idleb > Harim > Qourqeena > Meraf Elshalaf,Idleb,35.929008,36.635276
11387, Aleppo > Jebel Saman (Aleppo) > Atareb > Kafr Karmin,Aleppo,36.206013,37.15242
11388, Idleb > Harim > Dana > Hezreh - Hezri,Idleb,35.929008,36.635276
11389, Idleb > Harim > Dana > Selwa,Idleb,35.929008,36.635276
11390, Idleb > Idleb > Teftnaz > Maaret Elnaasan - Maaret Elhaski,Idleb,35.929008,36.635276
11391, Aleppo > Jarablus > Jarablus > Marma Elhajar,Aleppo,36.206013,37.15242
11392, Aleppo > Al Bab > Al Bab > Qabasin,Aleppo,36.206013,37.15242
11393, Aleppo > Al Bab > A'rima > Oruba Bab - Arab Wiran,Aleppo,36.206013,37.15242
11394, Aleppo > Al Bab > A'rima > Tarhin,Aleppo,36.206013,37.15242
11395, Aleppo > Al Bab > Al Bab > Qubbet Elsheikh,Aleppo,36.206013,37.15242
11396, Idleb > Ariha > Ariha > Kafraziba,Idleb,35.929008,36.635276
11397, Idleb > Ariha > Ariha > Kafrlata,Idleb,35.929008,36.635276
11398, Idleb > Ariha > Ariha > Nahleh,Idleb,35.929008,36.635276
11399, Idleb > Ariha > Ariha > Nahliya,Idleb,35.929008,36.635276
11400, Aleppo > Al Bab > Al Bab > Sosyan,Aleppo,36.206013,37.15242
11401, Aleppo > Jarablus > Jarablus > Jubb Al-Kusa,Aleppo,36.206013,37.15242
11402, Aleppo > Jarablus > Jarablus > Lower Jrables,Aleppo,36.206013,37.15242
11403, Aleppo > Al Bab > Al Bab > Noman,Aleppo,36.206013,37.15242
11404, Aleppo > Al Bab > Al Bab > Waqqah,Aleppo,36.206013,37.15242
11405, Aleppo > Jarablus > Jarablus > Tal Elamara,Aleppo,36.206013,37.15242
11406, Aleppo > Al Bab > Al Bab > Bazagha,Aleppo,36.206013,37.15242
11407, Aleppo > Jarablus > Jarablus > Zoghra,Aleppo,36.206013,37.15242
11408, Idleb > Harim > Salqin > Kafr Hind,Idleb,35.929008,36.635276
11409, Idleb > Harim > Salqin > Abu Talha,Idleb,35.929008,36.635276
11410, Idleb > Harim > Qourqeena > Sardin,Idleb,35.929008,36.635276
11411, Idleb > Harim > Salqin > Foziyeh,Idleb,35.929008,36.635276
11412, Idleb > Harim > Salqin > Kafarna,Idleb,35.929008,36.635276
11413, Idleb > Harim > Dana > Babisqa,Idleb,35.929008,36.635276
11414, Idleb > Jisr-Ash-Shugur > Darkosh > Al Hamia,Idleb,35.929008,36.635276
11415, Aleppo > A'zaz > A'zaz > Shamarin,Aleppo,36.206013,37.15242
11416, Idleb > Jisr-Ash-Shugur > Janudiyeh > Foz - Zuf,Idleb,35.929008,36.635276
11417, Aleppo > A'zaz > Aghtrin > Akhtrein,Aleppo,36.206013,37.15242
11418, Aleppo > Al Bab > Al Bab > Shdud,Aleppo,36.206013,37.15242
11419, Aleppo > Al Bab > Al Bab > Hadath,Aleppo,36.206013,37.15242
11420, Aleppo > Al Bab > Al Bab > Hazwan,Aleppo,36.206013,37.15242
11421, Aleppo > Al Bab > Al Bab > Sheikh Elwan,Aleppo,36.206013,37.15242
11422, Aleppo > Al Bab > Al Bab > Olan,Aleppo,36.206013,37.15242
11423, Idleb > Ariha > Mhambal > Ainata,Idleb,35.929008,36.635276
11424, Idleb > Harim > Armanaz > Quneitra,Idleb,35.929008,36.635276
11425, Idleb > Ariha > Mhambal > Ora Qabli - Edwan,Idleb,35.929008,36.635276
11426, Idleb > Ariha > Mhambal > Hila,Idleb,35.929008,36.635276
11427, Idleb > Idleb > Idleb > Northern Ora,Idleb,35.929008,36.635276
11428, Idleb > Ariha > Mhambal > Kafrmid,Idleb,35.929008,36.635276
11429, Idleb > Harim > Qourqeena > Kafr Aruq,Idleb,35.929008,36.635276
11430, Idleb > Ariha > Mhambal > Al Iraqiyah,Idleb,35.929008,36.635276
11431, Idleb > Ariha > Mhambal > Baqlid,Idleb,35.929008,36.635276
11432, Idleb > Ariha > Mhambal > Sanghara,Idleb,35.929008,36.635276
11433, Idleb > Ariha > Mhambal > Beftamun,Idleb,35.929008,36.635276
11434, Idleb > Idleb > Idleb > Kreiz,Idleb,35.929008,36.635276
11435, Idleb > Ariha > Mhambal > Hlul,Idleb,35.929008,36.635276
11436, Idleb > Harim > Armanaz > Sheikh Yousef,Idleb,35.929008,36.635276
11437, Aleppo > Jebel Saman (Aleppo) > Atareb > Jeineh,Aleppo,36.206013,37.15242
11438, Aleppo > Jebel Saman (Aleppo) > Atareb > Tuwama,Aleppo,36.206013,37.15242
11439, Aleppo > Jebel Saman (Aleppo) > Atareb > Maaret Atarib,Aleppo,36.206013,37.15242
11440, Aleppo > Jebel Saman (Aleppo) > Atareb > Babka,Aleppo,36.206013,37.15242
11441, Idleb > Ariha > Mhambal > Northern Laj,Idleb,35.929008,36.635276
11442, Idleb > Ariha > Mhambal > Mhambal,Idleb,35.929008,36.635276
11443, Idleb > Ariha > Mhambal > Shagurit,Idleb,35.929008,36.635276
11444, Idleb > Jisr-Ash-Shugur > Jisr-Ash-Shugur > Bzeit,Idleb,35.929008,36.635276
11445, Idleb > Jisr-Ash-Shugur > Darkosh > Mazuleh,Idleb,35.929008,36.635276
11446, Idleb > Ariha > Ariha > Thaheriya,Idleb,35.929008,36.635276
11447, Idleb > Jisr-Ash-Shugur > Jisr-Ash-Shugur > Ein Elhamra,Idleb,35.929008,36.635276
11448, Idleb > Ariha > Ariha > Berjhab,Idleb,35.929008,36.635276
11449, Idleb > Ariha > Mhambal > Sararif,Idleb,35.929008,36.635276
11450, Idleb > Ariha > Mhambal > Kniseh,Idleb,35.929008,36.635276
11451, Idleb > Jisr-Ash-Shugur > Jisr-Ash-Shugur > Bsheiriyeh - Bello,Idleb,35.929008,36.635276
11452, Idleb > Ariha > Ariha > Bab Ellah,Idleb,35.929008,36.635276
11453, Idleb > Idleb > Bennsh > Toum,Idleb,35.929008,36.635276
11454, Aleppo > Jebel Saman (Aleppo) > Atareb > Abin Samaan,Aleppo,36.206013,37.15242
11455, Idleb > Idleb > Maaret Tamsrin > Zardana Mashehad,Idleb,35.929008,36.635276
11456, Aleppo > Al Bab > Al Bab > Su Sinbat,Aleppo,36.206013,37.15242
11457, Aleppo > A'zaz > Aghtrin > Dabeq,Aleppo,36.206013,37.15242
11458, Aleppo > Jarablus > Ghandorah > Ghandorah,Aleppo,36.206013,37.15242
11459, Aleppo > A'zaz > Aghtrin > Zayadiyeh,Aleppo,36.206013,37.15242
11460, Aleppo > Al Bab > Al Bab > Borj,Aleppo,36.206013,37.15242
11461, Aleppo > Al Bab > Al Bab > Tal Jerji,Aleppo,36.206013,37.15242
11462, Aleppo > A'zaz > Aghtrin > Wash,Aleppo,36.206013,37.15242
11463, Aleppo > A'zaz > Aghtrin > Kaeebeh,Aleppo,36.206013,37.15242
11464, Aleppo > A'zaz > Aghtrin > Qabtan,Aleppo,36.206013,37.15242
11465, Aleppo > A'zaz > Aghtrin > Hardana,Aleppo,36.206013,37.15242
11466, Aleppo > A'zaz > Aghtrin > Bhorta,Aleppo,36.206013,37.15242
11467, Idleb > Harim > Harim > Besnaya - Bseineh,Idleb,35.929008,36.635276
11468, Idleb > Harim > Salqin > Jakara,Idleb,35.929008,36.635276
11469, Aleppo > A'zaz > A'zaz > Salama,Aleppo,36.206013,37.15242
11470, Aleppo > Afrin > Jandairis > Western Eshkab,Aleppo,36.206013,37.15242
11471, Aleppo > Afrin > Jandairis > Kafr Safra,Aleppo,36.206013,37.15242
11472, Aleppo > Afrin > Afrin > Tellef,Aleppo,36.206013,37.15242
11473, Aleppo > Afrin > Jandairis > Jalma,Aleppo,36.206013,37.15242
11474, Aleppo > Afrin > Jandairis > Ramadiyeh,Aleppo,36.206013,37.15242
11475, Aleppo > Afrin > Jandairis > Hikageh,Aleppo,36.206013,37.15242
11476, Aleppo > Afrin > Afrin > Oqayba,Aleppo,36.206013,37.15242
11477, Aleppo > Afrin > Jandairis > Koran Jandris,Aleppo,36.206013,37.15242
11478, Aleppo > Afrin > Jandairis > Jalaq,Aleppo,36.206013,37.15242
11479, Aleppo > Afrin > Jandairis > Nisriyeh,Aleppo,36.206013,37.15242
11480, Aleppo > Afrin > Jandairis > Fasha,Aleppo,36.206013,37.15242
11481, Aleppo > Afrin > Jandairis > Mhamadia,Aleppo,36.206013,37.15242
11482, Aleppo > Afrin > Jandairis > Upper Diwan,Aleppo,36.206013,37.15242
11483, Aleppo > Afrin > Jandairis > Tal Slur,Aleppo,36.206013,37.15242
11484, Aleppo > Afrin > Jandairis > Jum Afrin,Aleppo,36.206013,37.15242
11485, Aleppo > Afrin > Jandairis > Eastern Eshkan,Aleppo,36.206013,37.15242
11486, Aleppo > Afrin > Afrin > Kafr Zeid,Aleppo,36.206013,37.15242
11487, Aleppo > Afrin > Afrin > Marata,Aleppo,36.206013,37.15242
11488, Aleppo > Afrin > Jandairis > Ras Elosud - Qarablish,Aleppo,36.206013,37.15242
11489, Aleppo > Afrin > Jandairis > Baflur,Aleppo,36.206013,37.15242
11490, Aleppo > Afrin > Jandairis > Freiriyeh,Aleppo,36.206013,37.15242
11491, Aleppo > Afrin > Afrin > Kafrshil,Aleppo,36.206013,37.15242
11492, Idleb > Jisr-Ash-Shugur > Jisr-Ash-Shugur > Western Marj Akhdar,Idleb,35.929008,36.635276
11493, Idleb > Jisr-Ash-Shugur > Janudiyeh > Maland,Idleb,35.929008,36.635276
11494, Aleppo > Jebel Saman (Aleppo) > Jebel Saman (Aleppo) > Kafr Dael,Aleppo,36.206013,37.15242
11495, Aleppo > Jebel Saman (Aleppo) > Daret Azza > Hur,Aleppo,36.206013,37.15242
11496, Idleb > Jisr-Ash-Shugur > Badama > Badama,Idleb,35.929008,36.635276
11497, Aleppo > Jebel Saman (Aleppo) > Daret Azza > Tqad,Aleppo,36.206013,37.15242
11498, Idleb > Ariha > Ehsem > Ehsem,Idleb,35.929008,36.635276
11499, Aleppo > Jebel Saman (Aleppo) > Daret Azza > Hoteh,Aleppo,36.206013,37.15242
11500, Aleppo > Jebel Saman (Aleppo) > Daret Azza > Anjara,Aleppo,36.206013,37.15242
11501, Aleppo > Jebel Saman (Aleppo) > Atareb > Sheikh Ali,Aleppo,36.206013,37.15242
11502, Idleb > Harim > Salqin > Little Hir Jamus,Idleb,35.929008,36.635276
11503, Aleppo > Jarablus > Ghandorah > Al Tafiliyah,Aleppo,36.206013,37.15242
11504, Aleppo > Jarablus > Ghandorah > Big Qantara,Aleppo,36.206013,37.15242
11505, Aleppo > Al Bab > A'rima > Ajami,Aleppo,36.206013,37.15242
11506, Aleppo > Jarablus > Ghandorah > Big Mortafaa,Aleppo,36.206013,37.15242
11507, Aleppo > Jarablus > Ghandorah > Al Burhaniyah,Aleppo,36.206013,37.15242
11508, Aleppo > Al Bab > A'rima > A'rima,Aleppo,36.206013,37.15242
11509, Aleppo > Al Bab > A'rima > Hjeileh - Elbab,Aleppo,36.206013,37.15242
11510, Aleppo > Jarablus > Ghandorah > Arab Azzah,Aleppo,36.206013,37.15242
11511, Aleppo > Jarablus > Ghandorah > Big Nabgha,Aleppo,36.206013,37.15242
11512, Aleppo > Jarablus > Ghandorah > Bilis,Aleppo,36.206013,37.15242
11513, Aleppo > Al Bab > A'rima > Abu Hayj,Aleppo,36.206013,37.15242
11514, Aleppo > Afrin > Afrin > Muarset Khateeb,Aleppo,36.206013,37.15242
11515, Idleb > Harim > Salqin > Bozanti,Idleb,35.929008,36.635276
11516, Aleppo > Afrin > Afrin > Kafrmeez,Aleppo,36.206013,37.15242
11517, Aleppo > Afrin > Afrin > Enab,Aleppo,36.206013,37.15242
11518, Idleb > Harim > Dana > Burj Elnumra,Idleb,35.929008,36.635276
11519, Idleb > Harim > Qourqeena > Torlaha,Idleb,35.929008,36.635276
11520, Idleb > Harim > Qourqeena > Banabel,Idleb,35.929008,36.635276
11521, Idleb > Harim > Qourqeena > Barisha,Idleb,35.929008,36.635276
11522, Idleb > Harim > Qourqeena > Ma'arat Manaya,Idleb,35.929008,36.635276
11523, Idleb > Harim > Qourqeena > Koknaya,Idleb,35.929008,36.635276
11524, Idleb > Harim > Qourqeena > Radwa,Idleb,35.929008,36.635276
11525, Idleb > Harim > Qourqeena > Khirbet al Kahtib,Idleb,35.929008,36.635276
11526, Idleb > Harim > Qourqeena > Dier Seeta,Idleb,35.929008,36.635276
11527, Idleb > Harim > Salqin > Betiya,Idleb,35.929008,36.635276
11528, Idleb > Harim > Salqin > Msheirfeh,Idleb,35.929008,36.635276
11529, Aleppo > A'zaz > A'zaz > Kafr Kalbein,Aleppo,36.206013,37.15242
11530, Idleb > Harim > Qourqeena > Qalb Lozeh,Idleb,35.929008,36.635276
11531, Idleb > Harim > Qourqeena > Ras Elhisn,Idleb,35.929008,36.635276
11532, Idleb > Harim > Qourqeena > Rabeeta,Idleb,35.929008,36.635276
11533, Idleb > Harim > Salqin > Shyukh,Idleb,35.929008,36.635276
11534, Aleppo > A'zaz > A'zaz > Kaljibrin,Aleppo,36.206013,37.15242
11535, Idleb > Harim > Salqin > Aljib,Idleb,35.929008,36.635276
11536, Idleb > Harim > Salqin > Hamra,Idleb,35.929008,36.635276
11537, Idleb > Harim > Salqin > Sayed Khalil,Idleb,35.929008,36.635276
11538, Aleppo > A'zaz > A'zaz > Maraanaz,Aleppo,36.206013,37.15242
11539, Aleppo > A'zaz > A'zaz > Manaq,Aleppo,36.206013,37.15242
11540, Aleppo > A'zaz > A'zaz > Ferziyeh,Aleppo,36.206013,37.15242
11541, Aleppo > A'zaz > A'zaz > Kafr Khasher,Aleppo,36.206013,37.15242
11542, Aleppo > A'zaz > A'zaz > Nayara,Aleppo,36.206013,37.15242
11543, Aleppo > A'zaz > A'zaz > Judaydah Ma'arin,Aleppo,36.206013,37.15242
11544, Idleb > Harim > Salqin > Jeser Maksour,Idleb,35.929008,36.635276
11545, Aleppo > A'zaz > A'zaz > Niddeh,Aleppo,36.206013,37.15242
11546, Aleppo > A'zaz > A'zaz > Yahmul,Aleppo,36.206013,37.15242
11547, Aleppo > A'zaz > A'zaz > Krum,Aleppo,36.206013,37.15242
11548, Aleppo > A'zaz > A'zaz > Shmarekh,Aleppo,36.206013,37.15242
11549, Idleb > Harim > Salqin > Kafrahlat Jallad,Idleb,35.929008,36.635276
11550, Idleb > Harim > Harim > Mira Shaq,Idleb,35.929008,36.635276
11551, Aleppo > A'zaz > A'zaz > Talil Elsham,Aleppo,36.206013,37.15242
11552, Idleb > Harim > Salqin > Set Aateka,Idleb,35.929008,36.635276
11553, Aleppo > A'zaz > A'zaz > Sijraz,Aleppo,36.206013,37.15242
11554, Idleb > Harim > Harim > Kafr Mu,Idleb,35.929008,36.635276
11555, Aleppo > A'zaz > A'zaz > Tatiyeh,Aleppo,36.206013,37.15242
11556, Aleppo > A'zaz > A'zaz > Al-Malikeyyeh,Aleppo,36.206013,37.15242
11557, Aleppo > A'zaz > A'zaz > Maarin,Aleppo,36.206013,37.15242
11558, Aleppo > A'zaz > A'zaz > Bab Alsalameh,Aleppo,36.206013,37.15242
11559, Aleppo > A'zaz > A'zaz > Jarez,Aleppo,36.206013,37.15242
11560, Idleb > Harim > Harim > Ariba,Idleb,35.929008,36.635276
11561, Idleb > Harim > Harim > Kafr Hum,Idleb,35.929008,36.635276
11562, Aleppo > A'zaz > Suran > Zayzafun - Ekdeh,Aleppo,36.206013,37.15242
11563, Idleb > Jisr-Ash-Shugur > Badama > Armala,Idleb,35.929008,36.635276
11564, Idleb > Jisr-Ash-Shugur > Badama > Baksariya,Idleb,35.929008,36.635276
11565, Aleppo > Afrin > Sharan > Bafelyun,Aleppo,36.206013,37.15242
11566, Aleppo > Afrin > Sharan > Qatmet Efrin,Aleppo,36.206013,37.15242
11567, Aleppo > Afrin > Sharan > Shaltah,Aleppo,36.206013,37.15242
11568, Aleppo > Afrin > Afrin > Eskan,Aleppo,36.206013,37.15242
11569, Idleb > Harim > Armanaz > Biret Armanaz,Idleb,35.929008,36.635276
11570, Aleppo > Jebel Saman (Aleppo) > Jebel Saman (Aleppo) > Aleppo,Aleppo,36.206013,37.15242
11571, Aleppo > Jebel Saman (Aleppo) > Atareb > Abzemo,Aleppo,36.206013,37.15242
11572, Idleb > Jisr-Ash-Shugur > Janudiyeh > Yaqubiyeh,Idleb,35.929008,36.635276
11573, Idleb > Ariha > Ariha > Motaram,Idleb,35.929008,36.635276
11574, Idleb > Ariha > Ariha > Orm Eljoz,Idleb,35.929008,36.635276
11575, Idleb > Ariha > Ariha > Kafr Najd,Idleb,35.929008,36.635276
11576, Idleb > Jisr-Ash-Shugur > Jisr-Ash-Shugur > Ein Elsoda,Idleb,35.929008,36.635276
11577, Idleb > Jisr-Ash-Shugur > Jisr-Ash-Shugur > Maalaqa - Bishlamon,Idleb,35.929008,36.635276
11578, Aleppo > Jebel Saman (Aleppo) > Daret Azza > Balenta,Aleppo,36.206013,37.15242
11579, Aleppo > Jebel Saman (Aleppo) > Daret Azza > Arhab,Aleppo,36.206013,37.15242
11580, Aleppo > Jebel Saman (Aleppo) > Atareb > Kafr Thoran,Aleppo,36.206013,37.15242
11581, Aleppo > Jebel Saman (Aleppo) > Atareb > Kafr Naseh Elatareb,Aleppo,36.206013,37.15242
11582, Aleppo > Jebel Saman (Aleppo) > Atareb > Kafr Taal,Aleppo,36.206013,37.15242
11583, Aleppo > Jebel Saman (Aleppo) > Daret Azza > Deir Samaan,Aleppo,36.206013,37.15242
11584, Aleppo > Jebel Saman (Aleppo) > Daret Azza > Mashhad,Aleppo,36.206013,37.15242
11585, Aleppo > Jebel Saman (Aleppo) > Daret Azza > Shaykh Sulayman,Aleppo,36.206013,37.15242
11586, Aleppo > Jebel Saman (Aleppo) > Daret Azza > Mkelbis,Aleppo,36.206013,37.15242
11587, Aleppo > Jebel Saman (Aleppo) > Daret Azza > Kafrantin,Aleppo,36.206013,37.15242
11588, Aleppo > Jebel Saman (Aleppo) > Daret Azza > Zarzita,Aleppo,36.206013,37.15242
11589, Aleppo > Jebel Saman (Aleppo) > Daret Azza > Qatoura,Aleppo,36.206013,37.15242
11590, Aleppo > Al Bab > Al Bab > Maqri,Aleppo,36.206013,37.15242
11591, Idleb > Idleb > Idleb > Martein,Idleb,35.929008,36.635276
11592, Idleb > Jisr-Ash-Shugur > Jisr-Ash-Shugur > Kniset Nakhleh,Idleb,35.929008,36.635276
11593, Aleppo > A'zaz > Suran > Ehteimlat,Aleppo,36.206013,37.15242
11594, Aleppo > A'zaz > Suran > Rael,Aleppo,36.206013,37.15242
11595, Aleppo > A'zaz > Suran > Dweibeq,Aleppo,36.206013,37.15242
11596, Aleppo > A'zaz > Aghtrin > Baruz,Aleppo,36.206013,37.15242
11597, Aleppo > A'zaz > Aghtrin > Ghorur,Aleppo,36.206013,37.15242
11598, Aleppo > A'zaz > Suran > Albil,Aleppo,36.206013,37.15242
11599, Idleb > Harim > Dana > Kafr Kafaldin,Idleb,35.929008,36.635276
11600, Aleppo > Jebel Saman (Aleppo) > Atareb,Aleppo,36.206013,37.15242
11601, Idleb > Harim > Dana,Idleb,35.929008,36.635276
11602, Aleppo > A'zaz > Suran > Qara Kubri,Aleppo,36.206013,37.15242
11603, Aleppo > Afrin > Jandairis > Kordan,Aleppo,36.206013,37.15242
11604, Aleppo > Afrin > Jandairis > Tatara-Tataranli,Aleppo,36.206013,37.15242
11605, Aleppo > Afrin > Jandairis > Koban,Aleppo,36.206013,37.15242
11606, Aleppo > Afrin > Jandairis > Khureibah/Qurbe,Aleppo,36.206013,37.15242
11607, Aleppo > Afrin > Jandairis > Hajilar,Aleppo,36.206013,37.15242
11608, Aleppo > Afrin > Jandairis > Tal Hamo,Aleppo,36.206013,37.15242
11609, Aleppo > Afrin > Jandairis > Qila,Aleppo,36.206013,37.15242
11610, Aleppo > Afrin > Jandairis > Hmlak-Hmelek,Aleppo,36.206013,37.15242
11611, Aleppo > Afrin > Jandairis > Abu Ka'ab,Aleppo,36.206013,37.15242
11612, Aleppo > Afrin > Jandairis > Haji Hasanli,Aleppo,36.206013,37.15242
11613, Aleppo > Afrin > Jandairis > Kharzan,Aleppo,36.206013,37.15242
11614, Aleppo > Afrin > Afrin > Basufan,Aleppo,36.206013,37.15242
11615, Aleppo > Afrin > Afrin > Fafertein,Aleppo,36.206013,37.15242
11616, Aleppo > Afrin > Afrin > Burj Haydar,Aleppo,36.206013,37.15242
11617, Aleppo > Afrin > Afrin > Baee,Aleppo,36.206013,37.15242
11618, Aleppo > Afrin > Afrin > Kabashin,Aleppo,36.206013,37.15242
11619, Aleppo > Al Bab > Ar-Ra'ee > Sandi,Aleppo,36.206013,37.15242
11620, Aleppo > A'zaz > Mare',Aleppo,36.206013,37.15242
11621, Aleppo > Afrin > Ma'btali,Aleppo,36.206013,37.15242
11622, Ar-Raqqa > Tell Abiad > Suluk,Ar-Raqqa,35.953075,39.006062
11623, Aleppo > A'zaz > Suran,Aleppo,36.206013,37.15242
11624, Aleppo > Afrin > Bulbul,Aleppo,36.206013,37.15242
11625, Aleppo > Afrin > Raju,Aleppo,36.206013,37.15242
11626, Aleppo > Jarablus > Ghandorah,Aleppo,36.206013,37.15242
11627, Idleb > Ariha > Ehsem,Idleb,35.929008,36.635276
11628, Aleppo > Jarablus > Jarablus,Aleppo,36.206013,37.15242
11629, Idleb > Ariha > Mhambal,Idleb,35.929008,36.635276
11630, Idleb > Harim > Harim,Idleb,35.929008,36.635276
11631, Idleb > Idleb > Sarmin,Idleb,35.929008,36.635276
11632, Aleppo > Afrin > Sharan,Aleppo,36.206013,37.15242
11633, Aleppo > Al Bab > Ar-Ra'ee,Aleppo,36.206013,37.15242
11634, Aleppo > Afrin > Jandairis,Aleppo,36.206013,37.15242
11635, Aleppo > Jebel Saman (Aleppo) > Daret Azza,Aleppo,36.206013,37.15242
11636, Aleppo > A'zaz > Aghtrin,Aleppo,36.206013,37.15242
11637, Idleb > Harim > Qourqeena,Idleb,35.929008,36.635276
11638, Aleppo > Afrin > Sheikh El-Hadid,Aleppo,36.206013,37.15242
11639, Idleb > Ariha > Ariha,Idleb,35.929008,36.635276
11640, Idleb > Jisr-Ash-Shugur > Darkosh,Idleb,35.929008,36.635276
11641, Idleb > Harim > Armanaz,Idleb,35.929008,36.635276
11642, Idleb > Harim > Salqin,Idleb,35.929008,36.635276
11643, Idleb > Jisr-Ash-Shugur > Jisr-Ash-Shugur,Idleb,35.929008,36.635276
11644, Idleb > Harim > Kafr Takharim,Idleb,35.929008,36.635276
11645, Idleb > Idleb > Bennsh,Idleb,35.929008,36.635276
11646, Idleb > Idleb > Teftnaz,Idleb,35.929008,36.635276
11647, Ar-Raqqa > Tell Abiad > Tell Abiad,Ar-Raqqa,35.953075,39.006062
11648, Idleb > Jisr-Ash-Shugur > Badama,Idleb,35.929008,36.635276
11649, Idleb > Jisr-Ash-Shugur > Janudiyeh,Idleb,35.929008,36.635276
11650, Aleppo > A'zaz > A'zaz,Aleppo,36.206013,37.15242
11651, Aleppo > Afrin > Afrin,Aleppo,36.206013,37.15242
11652, Idleb > Idleb > Maaret Tamsrin,Idleb,35.929008,36.635276
11653, Idleb > Jisr-Ash-Shugur > Jisr-Ash-Shugur > Qaysiyeh,Idleb,35.929008,36.635276
11654, Idleb > Jisr-Ash-Shugur > Darkosh > Zanbaqi,Idleb,35.929008,36.635276
11655, Idleb > Jisr-Ash-Shugur > Darkosh > Sadiyeh - Bsentiya,Idleb,35.929008,36.635276
11656, Idleb > Jisr-Ash-Shugur > Janudiyeh > Hamama - Kafr Debbin,Idleb,35.929008,36.635276
11657, Idleb > Jisr-Ash-Shugur > Darkosh > Ghazala - Mgheidleh,Idleb,35.929008,36.635276
11658, Idleb > Jisr-Ash-Shugur > Darkosh > Amud,Idleb,35.929008,36.635276
11659, Idleb > Jisr-Ash-Shugur > Jisr-Ash-Shugur > Frikeh,Idleb,35.929008,36.635276
11660, Idleb > Jisr-Ash-Shugur > Jisr-Ash-Shugur > Al Marj Al Akhdar,Idleb,35.929008,36.635276
11661, Idleb > Harim > Armanaz > Kabta,Idleb,35.929008,36.635276
11662, Idleb > Harim > Armanaz > Ghafar,Idleb,35.929008,36.635276
11663, Idleb > Harim > Armanaz > Kuwaro - Um Elriyah,Idleb,35.929008,36.635276
11664, Idleb > Harim > Armanaz > Tal Al dweer,Idleb,35.929008,36.635276
11665, Idleb > Harim > Armanaz > al-Baali'ah,Idleb,35.929008,36.635276
11666, Aleppo > A'zaz > Aghtrin > Teltana,Aleppo,36.206013,37.15242
11667, Aleppo > A'zaz > Aghtrin > Turkman Bareh,Aleppo,36.206013,37.15242
11668, Aleppo > A'zaz > Aghtrin > Dweidan,Aleppo,36.206013,37.15242
11669, Aleppo > A'zaz > Suran > Kafr Ghan,Aleppo,36.206013,37.15242
11670, Aleppo > A'zaz > Aghtrin > Arshaf,Aleppo,36.206013,37.15242
11671, Idleb > Idleb > Maaret Tamsrin > Arshin,Idleb,35.929008,36.635276
11672, Idleb > Harim > Kafr Takharim > Bayates,Idleb,35.929008,36.635276
11673, Idleb > Harim > Kafr Takharim > Kuku - Ein Eljaj,Idleb,35.929008,36.635276
11674, Idleb > Harim > Kafr Takharim > Helleh,Idleb,35.929008,36.635276
11675, Idleb > Harim > Kafr Takharim > Abarita,Idleb,35.929008,36.635276
11676, Idleb > Harim > Kafr Takharim > Jadeen,Idleb,35.929008,36.635276
11677, Idleb > Harim > Kafr Takharim > Kafr Kila,Idleb,35.929008,36.635276
11678, Idleb > Harim > Kafr Takharim > Kafr Mars,Idleb,35.929008,36.635276
11679, Idleb > Harim > Kafr Takharim > Bshendlaya - Rashadiya,Idleb,35.929008,36.635276
11680, Idleb > Harim > Kafr Takharim > Taltita,Idleb,35.929008,36.635276
11681, Aleppo > Afrin > Afrin > Kawkabeh,Aleppo,36.206013,37.15242
11682, Aleppo > Afrin > Afrin > Bablit,Aleppo,36.206013,37.15242
11683, Aleppo > A'zaz > Aghtrin > Qaar Kalbein,Aleppo,36.206013,37.15242
11684, Aleppo > A'zaz > Suran > Kafra,Aleppo,36.206013,37.15242
11685, Aleppo > Al Bab > A'rima > Jeb Eldam Elbab,Aleppo,36.206013,37.15242
11686, Aleppo > Al Bab > A'rima > Shweiha,Aleppo,36.206013,37.15242
11687, Aleppo > Al Bab > A'rima > Mseibin(Al-Bab),Aleppo,36.206013,37.15242
11688, Aleppo > Al Bab > Al Bab > Sheikh Jarrah,Aleppo,36.206013,37.15242
11689, Aleppo > Al Bab > A'rima > Tabjaq,Aleppo,36.206013,37.15242
11690, Aleppo > A'zaz > Suran > Baraghideh,Aleppo,36.206013,37.15242
11691, Aleppo > Al Bab > Al Bab > Al Azraq,Aleppo,36.206013,37.15242
11692, Idleb > Jisr-Ash-Shugur > Janudiyeh > Al Marjeh,Idleb,35.929008,36.635276
11693, Idleb > Ariha,Idleb,35.929008,36.635276
11694, Idleb > Al Ma'ra,Idleb,35.929008,36.635276
11695, Idleb > Jisr-Ash-Shugur,Idleb,35.929008,36.635276
11696, Idleb > Idleb,Idleb,35.929008,36.635276
11697, Idleb > Harim,Idleb,35.929008,36.635276
11698, Aleppo > A'zaz > Mare' > Sandaf,Aleppo,36.206013,37.15242
11699, Aleppo > A'zaz > Mare' > Tal Maled,Aleppo,36.206013,37.15242
11700, Aleppo > A'zaz > Mare' > Kafr Elward,Aleppo,36.206013,37.15242
11701, Aleppo > A'zaz > Mare' > Alsayed Ali,Aleppo,36.206013,37.15242
11702, Aleppo > A'zaz > Mare' > Hiwar Elnahr,Aleppo,36.206013,37.15242
11703, Aleppo > A'zaz > Mare' > Tlaline,Aleppo,36.206013,37.15242
11704, Aleppo > A'zaz > Mare' > Asanbal,Aleppo,36.206013,37.15242
11705, Aleppo > Al Bab > Ar-Ra'ee > Az Zahrah,Aleppo,36.206013,37.15242
11706, Aleppo > Al Bab > A'rima > Jurneyyeh,Aleppo,36.206013,37.15242
11707, Aleppo > Al Bab > Ar-Ra'ee > Zalaf,Aleppo,36.206013,37.15242
11708, Aleppo > Al Bab > Ar-Ra'ee > Hleisa,Aleppo,36.206013,37.15242
11709, Idleb > Ariha > Mhambal > Bales,Idleb,35.929008,36.635276
11710, Aleppo > Al Bab > Ar-Ra'ee > Waqf,Aleppo,36.206013,37.15242
11711, Aleppo > Jarablus > Jarablus > Thahr Elmaghayer,Aleppo,36.206013,37.15242
11712, Aleppo > Jarablus > Jarablus > Jamel,Aleppo,36.206013,37.15242
11713, Aleppo > Jarablus > Jarablus > Upper Um Rotha,Aleppo,36.206013,37.15242
11714, Aleppo > Jarablus > Jarablus > Sreisat,Aleppo,36.206013,37.15242
11715, Aleppo > Jarablus > Jarablus > Maghayer - Qorq Mghar,Aleppo,36.206013,37.15242
11716, Aleppo > Afrin > Jandairis > Zanda,Aleppo,36.206013,37.15242
11717, Aleppo > Afrin > Jandairis > Deir Ballut,Aleppo,36.206013,37.15242
11718, Aleppo > Afrin > Jandairis > Bayada - Jendris,Aleppo,36.206013,37.15242
11719, Aleppo > Afrin > Jandairis > Haj Eskandar,Aleppo,36.206013,37.15242
11720, Aleppo > Afrin > Sharan > Ali Bazan,Aleppo,36.206013,37.15242
11721, Aleppo > Afrin > Raju > Hajman,Aleppo,36.206013,37.15242
11722, Aleppo > Afrin > Raju > Almadar,Aleppo,36.206013,37.15242
11723, Aleppo > Afrin > Sharan > Qastal,Aleppo,36.206013,37.15242
11724, Aleppo > Afrin > Raju > Little Siwan - Little Jaqmaq,Aleppo,36.206013,37.15242
11725, Aleppo > Afrin > Sharan > Jiman,Aleppo,36.206013,37.15242
11726, Aleppo > Afrin > Raju > Sheikh Mohammed,Aleppo,36.206013,37.15242
11727, Aleppo > Afrin > Sharan > Marsawa,Aleppo,36.206013,37.15242
11728, Aleppo > Afrin > Raju > Janjaleh,Aleppo,36.206013,37.15242
11729, Aleppo > Afrin > Sharan > Doraq,Aleppo,36.206013,37.15242
11730, Aleppo > Afrin > Sharan > Qarra,Aleppo,36.206013,37.15242
11731, Aleppo > Afrin > Afrin > Ghazawiyet Afrin,Aleppo,36.206013,37.15242
11732, Aleppo > Afrin > Afrin > Burj Abdallah,Aleppo,36.206013,37.15242
11733, Aleppo > Afrin > Afrin > Al Jumaliyah,Aleppo,36.206013,37.15242
11734, Aleppo > Afrin > Afrin > Bteita,Aleppo,36.206013,37.15242
11735, Idleb > Ariha > Mhambal > Hila Dam,Idleb,35.929008,36.635276
11736, Aleppo > Afrin > Afrin > Ein Dara,Aleppo,36.206013,37.15242
11737, Aleppo > Afrin > Sharan > Kafroum,Aleppo,36.206013,37.15242
11738, Aleppo > Afrin > Afrin > Basuta,Aleppo,36.206013,37.15242
11739, Idleb > Jisr-Ash-Shugur > Jisr-Ash-Shugur > Kafir,Idleb,35.929008,36.635276
11740, Aleppo > Afrin > Afrin > Hawa,Aleppo,36.206013,37.15242
11741, Idleb > Al Ma'ra > Kafr Nobol > Kafr Nobol,Idleb,35.929008,36.635276
11742, Aleppo > Al Bab > Tadaf > Tadaf,Aleppo,36.206013,37.15242
11743, Aleppo > Jarablus > Ghandorah > Qadi Jrables,Aleppo,36.206013,37.15242
11744, Aleppo > Jarablus > Jarablus > Lower Um Rotha,Aleppo,36.206013,37.15242
11745, Aleppo > Jarablus > Ghandorah > Lilawa,Aleppo,36.206013,37.15242
11746, Aleppo > Al Bab > Al Bab > Shbiran,Aleppo,36.206013,37.15242
11747, Aleppo > Afrin > Sharan > Big Hallubi,Aleppo,36.206013,37.15242
11748, Aleppo > Afrin > Sharan > Kafr Janna,Aleppo,36.206013,37.15242
11749, Aleppo > Afrin > Sharan > Qatireh,Aleppo,36.206013,37.15242
11750, Aleppo > Afrin > Afrin > Zahrat Elhayat,Aleppo,36.206013,37.15242
11751, Aleppo > Jarablus > Jarablus > Ayn Al Bayda,Aleppo,36.206013,37.15242
11752, Idleb > Al Ma'ra > Ma'arrat An Nu'man > Ma'arrat An Nu'man,Idleb,35.929008,36.635276
11753, Hama > As-Suqaylabiyah > Ziyara > Qastun,Hama,35.133742,36.761291
11754, Aleppo > Jebel Saman (Aleppo) > Atareb > Halazon,Aleppo,36.206013,37.15242
11755, Idleb > Jisr-Ash-Shugur > Badama > Ramliyeh,Idleb,35.929008,36.635276
11756, Idleb > Jisr-Ash-Shugur > Janudiyeh > Al Shaqeh,Idleb,35.929008,36.635276
11757, Idleb > Jisr-Ash-Shugur > Jisr-Ash-Shugur > Eastern Marj Akhdar,Idleb,35.929008,36.635276
11758, Idleb > Jisr-Ash-Shugur > Jisr-Ash-Shugur > Watba,Idleb,35.929008,36.635276
11759, Idleb > Jisr-Ash-Shugur > Jisr-Ash-Shugur > eyn albarda,Idleb,35.929008,36.635276
11760, Idleb > Idleb > Maaret Tamsrin > Maarbouneh,Idleb,35.929008,36.635276
11761, Idleb > Idleb > Maaret Tamsrin > As-Sanmah,Idleb,35.929008,36.635276
11762, Idleb > Idleb > Maaret Tamsrin > Bir Al Tayeb,Idleb,35.929008,36.635276
11763, Idleb > Jisr-Ash-Shugur > Jisr-Ash-Shugur > Bteibat,Idleb,35.929008,36.635276
11764, Idleb > Jisr-Ash-Shugur > Jisr-Ash-Shugur > Um Elgar,Idleb,35.929008,36.635276
11765, Idleb > Idleb > Teftnaz > Ketyan,Idleb,35.929008,36.635276
11766, Idleb > Jisr-Ash-Shugur > Jisr-Ash-Shugur > Muntar Tahtani,Idleb,35.929008,36.635276
11767, Idleb > Harim > Armanaz > Dweila,Idleb,35.929008,36.635276
11768, Idleb > Jisr-Ash-Shugur > Jisr-Ash-Shugur > Marj Elzohur,Idleb,35.929008,36.635276
11769, Idleb > Idleb > Bennsh > Al-Swagheih,Idleb,35.929008,36.635276
11770, Idleb > Jisr-Ash-Shugur > Jisr-Ash-Shugur > Upper Sheikh Sindyan,Idleb,35.929008,36.635276
11771, Idleb > Harim > Dana > Al Kufir,Idleb,35.929008,36.635276
11772, Aleppo > Menbij,Aleppo,36.206013,37.15242
11773, Aleppo > Jebel Saman (Aleppo),Aleppo,36.206013,37.15242
11774, Idleb > Jisr-Ash-Shugur > Darkosh > Almilk,Idleb,35.929008,36.635276
11775, Idleb > Jisr-Ash-Shugur > Darkosh > Kharab Amer,Idleb,35.929008,36.635276
11776, Idleb > Jisr-Ash-Shugur > Darkosh > Alfauri,Idleb,35.929008,36.635276
11777, Idleb > Jisr-Ash-Shugur > Darkosh > Kharab Khalil,Idleb,35.929008,36.635276
11778, Idleb > Jisr-Ash-Shugur > Darkosh > Sawadiya - Nabhan,Idleb,35.929008,36.635276
11779, Idleb > Harim > Armanaz > Fasouq,Idleb,35.929008,36.635276
11780, Idleb > Jisr-Ash-Shugur > Jisr-Ash-Shugur > Qirmida,Idleb,35.929008,36.635276
11781, Idleb > Jisr-Ash-Shugur > Darkosh > Alshamra,Idleb,35.929008,36.635276
11782, Idleb > Jisr-Ash-Shugur > Jisr-Ash-Shugur > Msheirfeh,Idleb,35.929008,36.635276
11783, Idleb > Jisr-Ash-Shugur > Darkosh > Mreimin,Idleb,35.929008,36.635276
11784, Idleb > Jisr-Ash-Shugur > Jisr-Ash-Shugur > Jeb Alsafa,Idleb,35.929008,36.635276
11785, Idleb > Jisr-Ash-Shugur > Jisr-Ash-Shugur > Qulaia,Idleb,35.929008,36.635276
11786, Idleb > Jisr-Ash-Shugur > Darkosh > Turin,Idleb,35.929008,36.635276
11787, Idleb > Jisr-Ash-Shugur > Jisr-Ash-Shugur > Sabileh,Idleb,35.929008,36.635276
11788, Idleb > Jisr-Ash-Shugur > Jisr-Ash-Shugur > Dgali,Idleb,35.929008,36.635276
11789, Idleb > Jisr-Ash-Shugur > Darkosh > Matleh - Batlaya,Idleb,35.929008,36.635276
11790, Idleb > Jisr-Ash-Shugur > Darkosh > Magharet Jamous,Idleb,35.929008,36.635276
11791, Idleb > Jisr-Ash-Shugur > Darkosh > Andnaniyeh - Farjein,Idleb,35.929008,36.635276
11792, Idleb > Jisr-Ash-Shugur > Darkosh > Al-Hafriya,Idleb,35.929008,36.635276
11793, Aleppo > Al Bab > Ar-Ra'ee > Ameriyeh,Aleppo,36.206013,37.15242
11794, Aleppo > Al Bab > Ar-Ra'ee > Tal Atieh,Aleppo,36.206013,37.15242
11795, Aleppo > Al Bab > Ar-Ra'ee > Hadabat,Aleppo,36.206013,37.15242
11796, Aleppo > Al Bab > Ar-Ra'ee > Karsanli,Aleppo,36.206013,37.15242
11797, Aleppo > Afrin > Afrin > Tal Tawil,Aleppo,36.206013,37.15242
11798, Idleb > Idleb > Bennsh > Tall Kherbeh,Idleb,35.929008,36.635276
11799, Idleb > Idleb > Bennsh > Foah,Idleb,35.929008,36.635276
11800, Idleb > Harim > Salqin > Qamshleih,Idleb,35.929008,36.635276
11801, Aleppo > Afrin > Jandairis > Upper Maskeh,Aleppo,36.206013,37.15242
11802, Aleppo > Afrin > Afrin > Kafr Batra,Aleppo,36.206013,37.15242
11803, Aleppo > Afrin > Jandairis > Sheikh Abel Rahman,Aleppo,36.206013,37.15242
11804, Aleppo > Afrin > Afrin > Sheikh Eldeir,Aleppo,36.206013,37.15242
11805, Aleppo > Afrin > Sharan > Big Dib,Aleppo,36.206013,37.15242
11806, Aleppo > Afrin > Sharan > Al Orobah,Aleppo,36.206013,37.15242
11807, Aleppo > Afrin > Sharan > Bayaa,Aleppo,36.206013,37.15242
11808, Aleppo > Afrin > Sharan > Tal Elosud,Aleppo,36.206013,37.15242
11809, Aleppo > Afrin > Afrin > Kafir,Aleppo,36.206013,37.15242
11810, Aleppo > Afrin > Sharan > Zaytuneh,Aleppo,36.206013,37.15242
11811, Aleppo > Afrin > Sharan > Ballorsanak,Aleppo,36.206013,37.15242
11812, Aleppo > Afrin > Sharan > Yiji,Aleppo,36.206013,37.15242
11813, Aleppo > Afrin > Jandairis > Lower-Marwana,Aleppo,36.206013,37.15242
11814, Aleppo > Afrin > Sharan > Deir Siwan,Aleppo,36.206013,37.15242
11815, Idleb > Idleb > Teftnaz > Shallakh,Idleb,35.929008,36.635276
11816, Aleppo > Afrin > Afrin > Khadraa,Aleppo,36.206013,37.15242
11817, Aleppo > Afrin > Afrin > Burj Slaiman,Aleppo,36.206013,37.15242
11818, Aleppo > Afrin > Afrin > Kimar,Aleppo,36.206013,37.15242
11819, Idleb > Jisr-Ash-Shugur > Jisr-Ash-Shugur > Balmis,Idleb,35.929008,36.635276
11820, Aleppo > Al Bab > A'rima > Kundurli,Aleppo,36.206013,37.15242
11821, Aleppo > Al Bab > A'rima > Shdar,Aleppo,36.206013,37.15242
11822, Aleppo > Al Bab > A'rima > Shuwayhah,Aleppo,36.206013,37.15242
11823, Aleppo > Al Bab > A'rima > Mazraat as Sumbulah,Aleppo,36.206013,37.15242
11824, Aleppo > Al Bab > A'rima > Barshaya,Aleppo,36.206013,37.15242
11825, Aleppo > Afrin > Raju > Meidan Ekbis,Aleppo,36.206013,37.15242
11826, Aleppo > Afrin > Raju > Qarah Baba,Aleppo,36.206013,37.15242
11827, Aleppo > Jarablus > Ghandorah > Qubbet Elturkman,Aleppo,36.206013,37.15242
11828, Aleppo > A'zaz > Aghtrin > Sandara,Aleppo,36.206013,37.15242
11829, Aleppo > A'zaz > Aghtrin > Masudiyeh,Aleppo,36.206013,37.15242
11830, Aleppo > Al Bab > A'rima,Aleppo,36.206013,37.15242
11831, Idleb > Al Ma'ra > Kafr Nobol,Idleb,35.929008,36.635276
11832, Idleb > Idleb > Saraqab,Idleb,35.929008,36.635276
11833, Aleppo > Afrin > Jandairis > Western Khaltan,Aleppo,36.206013,37.15242
11834, Aleppo > Jebel Saman (Aleppo) > Jebel Saman (Aleppo),Aleppo,36.206013,37.15242
11835, Aleppo > Jarablus > Jarablus > Halawaniyeh,Aleppo,36.206013,37.15242
11836, Aleppo > Afrin > Afrin > Bseileh,Aleppo,36.206013,37.15242
11837, Aleppo > Afrin > Afrin > Baselhaya,Aleppo,36.206013,37.15242
11838, Aleppo > Afrin > Afrin > Brad,Aleppo,36.206013,37.15242
11839, Aleppo > Al Bab > Al Bab > Suran,Aleppo,36.206013,37.15242
11840, Idleb > Ariha > Ehsem > Rami,Idleb,35.929008,36.635276
11841, Aleppo > A'zaz > Suran > Kafr Barja,Aleppo,36.206013,37.15242
11842, Aleppo > Jarablus > Jarablus > Himar,Aleppo,36.206013,37.15242
11843, Aleppo > Jarablus > Jarablus > Tall Shair,Aleppo,36.206013,37.15242
11844, Aleppo > Jarablus > Jarablus > Dabis,Aleppo,36.206013,37.15242
11845, Aleppo > Jarablus > Ghandorah > Forsan - Sabahiler,Aleppo,36.206013,37.15242
11846, Aleppo > Jarablus > Ghandorah > Kuliyeh,Aleppo,36.206013,37.15242
11847, Aleppo > Jarablus > Ghandorah > Hmeireh - Ashkaji,Aleppo,36.206013,37.15242
11848, Aleppo > Jarablus > Ghandorah > Sweida - Qorret Tashli,Aleppo,36.206013,37.15242
11849, Aleppo > Jarablus > Ghandorah > Jeb Eldam Jrables,Aleppo,36.206013,37.15242
11850, Aleppo > Jarablus > Jarablus > Hjeileh - Jrables,Aleppo,36.206013,37.15242
11851, Aleppo > Jarablus > Ghandorah > Ghanameh,Aleppo,36.206013,37.15242
11852, Idleb > Harim > Salqin > Magaret Hory,Idleb,35.929008,36.635276
11853, Idleb > Idleb > Idleb > Sijer - Bqesemtoh,Idleb,35.929008,36.635276
11854, Idleb > Ariha > Mhambal > Anb,Idleb,35.929008,36.635276
11855, Idleb > Ariha > Mhambal > Jadraya,Idleb,35.929008,36.635276
11856, Idleb > Idleb > Idleb > Tab Issa - Eastern and Western,Idleb,35.929008,36.635276
11857, Idleb > Idleb > Idleb > Qminas,Idleb,35.929008,36.635276
11858, Aleppo > Afrin > Jandairis > Lower Kafardali,Aleppo,36.206013,37.15242
11859, Aleppo > Afrin > Jandairis > Dakhm,Aleppo,36.206013,37.15242
11860, Idleb > Ariha > Mhambal > Bsanqul,Idleb,35.929008,36.635276
11861, Idleb > Ariha > Mhambal > Baydar Shamsu,Idleb,35.929008,36.635276
11862, Idleb > Ariha > Mhambal > Sahen,Idleb,35.929008,36.635276
11863, Idleb > Jisr-Ash-Shugur > Jisr-Ash-Shugur > Jannet Elqora,Idleb,35.929008,36.635276
11864, Idleb > Jisr-Ash-Shugur > Jisr-Ash-Shugur > Sali,Idleb,35.929008,36.635276
11865, Idleb > Jisr-Ash-Shugur > Jisr-Ash-Shugur > Ghassaniyeh,Idleb,35.929008,36.635276
11866, Aleppo > A'zaz > Aghtrin > Abla,Aleppo,36.206013,37.15242
11867, Aleppo > A'zaz > Aghtrin > Tat Hims,Aleppo,36.206013,37.15242
11868, Aleppo > A'zaz > Aghtrin > Kardish,Aleppo,36.206013,37.15242
11869, Aleppo > A'zaz > Aghtrin > Western Tal Aar,Aleppo,36.206013,37.15242
11870, Idleb > Jisr-Ash-Shugur > Jisr-Ash-Shugur > Salhiyeh,Idleb,35.929008,36.635276
11871, Idleb > Jisr-Ash-Shugur > Jisr-Ash-Shugur > Eshtabraq,Idleb,35.929008,36.635276
11872, Aleppo > Afrin > Sharan > Qastal Jend,Aleppo,36.206013,37.15242
11873, Idleb > Ariha > Ehsem > Ablin,Idleb,35.929008,36.635276
11874, Idleb > Ariha > Ehsem > Balshun,Idleb,35.929008,36.635276
11875, Idleb > Ariha > Ariha > Moataf,Idleb,35.929008,36.635276
11876, Idleb > Ariha > Ariha > Kafr Shalaya,Idleb,35.929008,36.635276
11877, Idleb > Ariha > Ehsem > Kafr Haya,Idleb,35.929008,36.635276
11878, Idleb > Ariha > Ehsem > Maghara,Idleb,35.929008,36.635276
11879, Idleb > Ariha > Ariha > Sarja,Idleb,35.929008,36.635276
11880, Idleb > Ariha > Ehsem > Balyun,Idleb,35.929008,36.635276
11881, Idleb > Ariha > Ehsem > Abdita,Idleb,35.929008,36.635276
11882, Idleb > Ariha > Ehsem > Marata,Idleb,35.929008,36.635276
11883, Idleb > Jisr-Ash-Shugur > Janudiyeh > Qanniyeh,Idleb,35.929008,36.635276
11884, Aleppo > Afrin > Sharan > Doha,Aleppo,36.206013,37.15242
11885, Aleppo > Afrin > Sharan > Mashaala,Aleppo,36.206013,37.15242
11886, Aleppo > Afrin > Bulbul > Sheikh Khoraz,Aleppo,36.206013,37.15242
11887, Aleppo > Afrin > Raju > Qalam - Bandrak,Aleppo,36.206013,37.15242
11888, Aleppo > Afrin > Raju > Kusan,Aleppo,36.206013,37.15242
11889, Aleppo > Al Bab > Ar-Ra'ee > Tal Elhawa,Aleppo,36.206013,37.15242
11890, Idleb > Jisr-Ash-Shugur > Jisr-Ash-Shugur > Al Areen - Kastanah Fawqan,Idleb,35.929008,36.635276
11891, Ukraine > Sumska,Sumska,51.01414035,33.96587116
11892, Ukraine > Zaporizka,Zaporizka,47.2670072,35.70000553
11893, Ukraine > Dnipropetrovska,Dnipropetrovska,48.41701338,34.73173409
11894, Ukraine > Mykolaivska,Mykolaivska,47.43903776,31.78150644
11895, Ukraine > Chernihivska,Chernihivska,51.35503976,32.00380063
11896, Ukraine > Khersonska,Khersonska,46.67277916,33.52476149
11897, Ukraine > Kharkivska,Kharkivska,49.61499032,36.50491022
11898, Ukraine > Donetska,Donetska,48.04731497,37.6741199
11899, Ukraine > Luhanska,Luhanska,48.98551927,39.01773003
11900, Ukraine > Odeska,Odeska,46.84612595,30.45745785
11893, Ukraine > Dnipropetrovska,Dnipropetrovska,48.45732336,34.80234992
11895, Ukraine > Chernihivska,Chernihivska,51.31290942,31.9028786
11894, Ukraine > Mykolaivska,Mykolaivska,47.32513478,31.9328185
11891, Ukraine > Sumska,Sumska,51.01631515,33.98908074
11901, Ukraine > Khersonska > Khersonskyi,Khersonska,46.67277916,33.52476149
11902, Ukraine > Mykolaivska > Mykolaivskyi,Mykolaivska,47.32513478,31.9328185
11903, Ukraine > Sumska > Okhtyrskyi,Sumska,51.01631515,33.98908074
11904, Ukraine > Donetska > Kramatorskyi,Donetska,48.04731497,37.6741199
11905, Ukraine > Zhytomyrska,Zhytomyrska,50.63938138,28.47556688
11906, Ukraine > Vinnytska,Vinnytska,48.9204127,28.68555719
11907, Ukraine > Ivano-Frankivska,Ivano-Frankivska,48.70165698,24.61942916
11908, Ukraine > Lvivska,Lvivska,49.71736367,23.91660016
11909, Ukraine > Zakarpatska,Zakarpatska,48.4036198,23.27591388
11910, Ukraine > Kirovohradska,Kirovohradska,48.47227492,32.08162392
11911, Ukraine > Poltavska,Poltavska,49.73234182,33.77861264
11910, Ukraine > Kirovohradska,Kirovohradska,48.47227671,32.08175027
11912, Ukraine > Khmelnytska,Khmelnytska,49.50734557,26.9296266
11913, Ukraine > Cherkaska,Cherkaska,49.26004591,31.35238
11914, Ukraine > Ternopilska,Ternopilska,49.40182495,25.64826536
11915, Ukraine > Kyivska,Kyivska,49.95423228,30.40499528
11905, Ukraine > Zhytomyrska,Zhytomyrska,50.63958619,28.47577421
11916, Ukraine > Chernivetska,Chernivetska,48.26819792,25.97702081
11917, Ukraine > Rivnenska,Rivnenska,50.91898443,26.51503357
11913, Ukraine > Cherkaska,Cherkaska,49.26012386,31.35229576
11912, Ukraine > Khmelnytska,Khmelnytska,49.50735912,26.92962493
11918, Ukraine > Volynska,Volynska,51.19084609,24.87058676
11914, Ukraine > Ternopilska,Ternopilska,49.40183273,25.64826593
11915, Ukraine > Kyivska,Kyivska,49.81429818,30.33185237
11906, Ukraine > Vinnytska,Vinnytska,48.92044212,28.6855358
11915, Ukraine > Kyivska,Kyivska,50.4488566,30.54818081
11919, Ukraine > Donetska > Donetskyi > Donetska,Donetska,48.04731497,37.6741199
11920, Ukraine > Kharkivska > Chuhuivskyi,Kharkivska,49.61499032,36.50491022
11921, Ukraine > Kharkivska > Iziumskyi,Kharkivska,49.61499032,36.50491022
11922, Ukraine > Kharkivska > Kupianskyi,Kharkivska,49.61499032,36.50491022
11923, Ukraine > Sumska > Sumskyi,Sumska,51.01631515,33.98908074
11924, Ukraine > Chernihivska > Novhorod-Siverskyi,Chernihivska,51.31290942,31.9028786
11925, Ukraine > Chernihivska > Koriukivskyi,Chernihivska,51.31290942,31.9028786
11926, Ukraine > Donetska > Volnovaskyi,Donetska,48.04731497,37.6741199
11927, Ukraine > Dnipropetrovska > Nikopolskyi,Dnipropetrovska,48.45732336,34.80234992
11928, Ukraine > Dnipropetrovska > Synelnykivskyi,Dnipropetrovska,48.45732336,34.80234992
11929, Ukraine > Donetska > Pokrovskyi,Donetska,48.04731497,37.6741199
11930, Ukraine > Kharkivska > Kharkivskyi,Kharkivska,49.61499032,36.50491022
11931, Ukraine > Dnipropetrovska > Kryvorizkyi,Dnipropetrovska,48.45732336,34.80234992
11932, Ukraine > Kharkivska > Bohodukhivskyi,Kharkivska,49.61499032,36.50491022
11933, Ukraine > Khersonska > Beryslavskyi,Khersonska,46.67277916,33.52476149
11934, Ukraine > Sumska > Konotopskyi,Sumska,51.01631515,33.98908074
11935, Ukraine > Zaporizka > Polohivskyi,Zaporizka,47.2670072,35.70000553
11936, Ukraine > Zaporizka > Vasylivskyi,Zaporizka,47.2670072,35.70000553
11937, Ukraine > Zaporizka > Zaporizkyi,Zaporizka,47.2670072,35.70000553
11938, Ukraine > Dnipropetrovska > Novomoskovskyi,Dnipropetrovska,48.45732336,34.80234992
11939, Ukraine > Dnipropetrovska > Kamianskyi,Dnipropetrovska,48.45732336,34.80234992
11940, Ukraine > Dnipropetrovska > Dniprovskyi,Dnipropetrovska,48.45732336,34.80234992
11941, Ukraine > Kharkivska > Lozivskyi,Kharkivska,49.61499032,36.50491022
11942, Ukraine > Kharkivska > Krasnohradskyi,Kharkivska,49.61499032,36.50491022
11943, Ukraine > Chernihivska > Chernihivskyi,Chernihivska,51.31290942,31.9028786
11944, Ukraine > Odeska > Odeskyi,Odeska,46.93749438,30.44887195
11945, Ukraine > Sumska > Shostkynskyi,Sumska,51.01631515,33.98908074
11946, Ukraine > Mykolaivska > Bashtanskyi,Mykolaivska,47.32513478,31.9328185
11947, Ukraine > Chernihivska > Nizhynskyi,Chernihivska,51.31290942,31.9028786
11948, Ukraine > Donetska > Bakhmutskyi,Donetska,48.04731497,37.6741199
11949, Ukraine > Donetska > Horlivskyi,Donetska,48.04731497,37.6741199
11950, Ukraine > Khersonska > Henicheskyi,Khersonska,46.67277916,33.52476149
11951, Ukraine > Donetska > Donetskyi,Donetska,48.04731497,37.6741199
11952, Ukraine > Zaporizka > Melitopolskyi,Zaporizka,47.2670072,35.70000553
11953, Ukraine > Donetska > Mariupolskyi,Donetska,48.04731497,37.6741199
11954, Ukraine > Mykolaivska > Pervomaiskyi,Mykolaivska,47.32513478,31.9328185
11955, Ukraine > Donetska > Kalmiuskyi,Donetska,48.04731497,37.6741199
11956, Ukraine > Khersonska > Kakhovskyi,Khersonska,46.67277916,33.52476149
11957, Ukraine > Zaporizka > Berdianskyi,Zaporizka,47.2670072,35.70000553
11958, Ukraine > Khersonska > Skadovskyi,Khersonska,46.67277916,33.52476149
11959, Ukraine > Mykolaivska > Voznesenskyi,Mykolaivska,47.32513478,31.9328185
11960, Ukraine > Lvivska > Stryiskyi,Lvivska,49.71736367,23.91660016
11961, Ukraine > Odeska > Izmailskyi,Odeska,46.93749438,30.44887195
11962, Ukraine > Lvivska > Lvivskyi,Lvivska,49.71736367,23.91660016
11963, Ukraine > Ivano-Frankivska > Kolomyiskyi,Ivano-Frankivska,48.70165698,24.61942916
11964, Ukraine > Lvivska > Chervonohradskyi,Lvivska,49.71736367,23.91660016
11965, Ukraine > Ivano-Frankivska > Nadvirnianskyi,Ivano-Frankivska,48.70165698,24.61942916
11966, Ukraine > Odeska > Bolhradskyi,Odeska,46.93749438,30.44887195
11967, Ukraine > Odeska > Bilhorod-Dnistrovskyi,Odeska,46.93749438,30.44887195
11968, Ukraine > Lvivska > Drohobytskyi,Lvivska,49.71736367,23.91660016
11969, Ukraine > Ivano-Frankivska > Ivano-Frankivskyi,Ivano-Frankivska,48.70165698,24.61942916
11970, Ukraine > Cherkaska > Umanskyi,Cherkaska,49.26004591,31.35238
11971, Ukraine > Vinnytska > Khmilnytskyi,Vinnytska,48.9204127,28.68555719
11972, Ukraine > Vinnytska > Haisynskyi,Vinnytska,48.9204127,28.68555719
11973, Ukraine > Poltavska > Myrhorodskyi,Poltavska,49.73233922,33.77861246
11974, Ukraine > Cherkaska > Zolotoniskyi,Cherkaska,49.26004591,31.35238
11975, Ukraine > Cherkaska > Zvenyhorodskyi,Cherkaska,49.26004591,31.35238
11976, Ukraine > Cherkaska > Cherkaskyi,Cherkaska,49.26004591,31.35238
11977, Ukraine > Poltavska > Poltavskyi,Poltavska,49.73233922,33.77861246
11978, Ukraine > Poltavska > Kremenchutskyi,Poltavska,49.73233922,33.77861246
11979, Ukraine > Dnipropetrovska > Pavlohradskyi,Dnipropetrovska,48.45732336,34.80234992
11980, Ukraine > Vinnytska > Tulchynskyi,Vinnytska,48.9204127,28.68555719
11981, Ukraine > Vinnytska > Vinnytskyi,Vinnytska,48.9204127,28.68555719
11982, Ukraine > Kyiv > Kyiv,Kyiv,50.42981047,30.55437837
11983, Ukraine > Ternopilska > Ternopilskyi,Ternopilska,49.40182495,25.64826536
11984, Ukraine > Khmelnytska > Khmelnytskyi,Khmelnytska,49.50734557,26.9296266
11985, Ukraine > Zakarpatska > Uzhhorodskyi,Zakarpatska,48.4036198,23.27591388
11986, Ukraine > Kirovohradska > Kropyvnytskyi,Kirovohradska,48.47227671,32.08175027
11987, Ukraine > Luhanska > Svativskyi,Luhanska,48.9855183,39.01773069
11988, Ukraine > Volynska > Volodymyrskyi,Volynska,51.19082902,24.87041451
11989, Ukraine > Chernivetska > Chernivetskyi,Chernivetska,48.26819792,25.97702081
11990, Ukraine > Rivnenska > Rivnenskyi,Rivnenska,50.95489926,26.59275517
11991, Ukraine > Ternopilska > Kremenetskyi,Ternopilska,49.40182495,25.64826536
11992, Ukraine > Chernivetska > Vyzhnytskyi,Chernivetska,48.26819792,25.97702081
11993, Ukraine > Ivano-Frankivska > Kaluskyi,Ivano-Frankivska,48.70165698,24.61942916
11994, Ukraine > Ivano-Frankivska > Verkhovynskyi,Ivano-Frankivska,48.70165698,24.61942916
11995, Ukraine > Khmelnytska > Shepetivskyi,Khmelnytska,49.50734557,26.9296266
11996, Ukraine > Vinnytska > Zhmerynskyi,Vinnytska,48.9204127,28.68555719
11997, Ukraine > Khmelnytska > Kamianets-Podilskyi,Khmelnytska,49.50734557,26.9296266
11998, Ukraine > Chernivetska > Dnistrovskyi,Chernivetska,48.26819792,25.97702081
11999, Ukraine > Vinnytska > Mohyliv-Podilskyi,Vinnytska,48.9204127,28.68555719
12000, Ukraine > Ivano-Frankivska > Kosivskyi,Ivano-Frankivska,48.70165698,24.61942916
12001, Ukraine > Ternopilska > Chortkivskyi,Ternopilska,49.40182495,25.64826536
12002, Ukraine > Volynska > Kovelskyi,Volynska,51.19082902,24.87041451
12003, Ukraine > Volynska > Lutskyi,Volynska,51.19082902,24.87041451
12004, Ukraine > Volynska > Kamin-Kashyrskyi,Volynska,51.19082902,24.87041451
12005, Ukraine > Kirovohradska > Novoukrainskyi,Kirovohradska,48.47227671,32.08175027
12006, Ukraine > Lvivska > Sambirskyi,Lvivska,49.71736367,23.91660016
12007, Ukraine > Kirovohradska > Holovanivskyi,Kirovohradska,48.47227671,32.08175027
12008, Ukraine > Poltavska > Lubenskyi,Poltavska,49.73233922,33.77861246
12009, Ukraine > Kirovohradska > Oleksandriiskyi,Kirovohradska,48.47227671,32.08175027
12010, Ukraine > Chernihivska > Prylutskyi,Chernihivska,51.31290942,31.9028786
12011, Ukraine > Rivnenska > Sarnenskyi,Rivnenska,50.95489926,26.59275517
12012, Ukraine > Zhytomyrska > Zhytomyrskyi,Zhytomyrska,50.63938138,28.47556688
12013, Ukraine > Zhytomyrska > Korostenskyi,Zhytomyrska,50.63938138,28.47556688
12014, Ukraine > Zhytomyrska > Berdychivskyi,Zhytomyrska,50.63938138,28.47556688
12015, Ukraine > Lvivska > Yavorivskyi,Lvivska,49.71736367,23.91660016
12016, Ukraine > Zakarpatska > Khustskyi,Zakarpatska,48.4036198,23.27591388
12017, Ukraine > Zakarpatska > Mukachivskyi,Zakarpatska,48.4036198,23.27591388
12018, Ukraine > Zakarpatska > Berehivskyi,Zakarpatska,48.4036198,23.27591388
12019, Ukraine > Rivnenska > Varaskyi,Rivnenska,50.95489926,26.59275517
12020, Ukraine > Kyivska > Obukhivskyi,Kyivska,49.95423228,30.40499528
12021, Ukraine > Kyivska > Bilotserkivskyi,Kyivska,49.95423228,30.40499528
12022, Ukraine > Luhanska > Starobilskyi,Luhanska,48.9855183,39.01773069
12023, Ukraine > Sumska > Romenskyi,Sumska,51.01631515,33.98908074
12024, Donetska > Yasynuvatskyi > Yasynuvatskyi > Opytne,Donetska,48.047609,37.673962
12025, Donetska > Bakhmutskyi > Bakhmutskyi > Mykolaivka Druha,Donetska,48.047609,37.673962
12026, Donetska > Yasynuvatskyi > Yasynuvatskyi > Novoselivka Druha,Donetska,48.047609,37.673962
12027, Donetska > Yasynuvatskyi > Yasynuvatskyi > Nevelske,Donetska,48.047609,37.673962
12028, Donetska > Toretska > Toretska > Shumy,Donetska,48.047609,37.673962
12029, Donetska > Bakhmutskyi > Bakhmutskyi > Dacha,Donetska,48.047609,37.673962
12030, Donetska > Marinskyi > Marinskyi > Taramchuk,Donetska,48.047609,37.673962
12031, Donetska > Bakhmutskyi > Bakhmutskyi > Travneve,Donetska,48.047609,37.673962
12032, Donetska > Bakhmutskyi > Bakhmutskyi > Mykolaivka,Donetska,48.047609,37.673962
12033, Donetska > Volnovaskyi > Volnovaskyi > Bohdanivka,Donetska,48.047609,37.673962
12034, Donetska > Yasynuvatskyi > Yasynuvatskyi > Novobakhmutivka,Donetska,48.047609,37.673962
12035, Donetska > Marinskyi > Marinskyi > Slavne,Donetska,48.047609,37.673962
12036, Donetska > Volnovaskyi > Volnovaskyi > Hranitne,Donetska,48.047609,37.673962
12037, Donetska > Volnovaskyi > Volnovaskyi > Novohryhorivka,Donetska,48.047609,37.673962
12038, Donetska > Bakhmutskyi > Bakhmutskyi > Vyimka,Donetska,48.047609,37.673962
12039, Donetska > Yasynuvatskyi > Yasynuvatskyi > Kamianka,Donetska,48.047609,37.673962
12040, Donetska > Bakhmutskyi > Bakhmutskyi > Vershyna,Donetska,48.047609,37.673962
12041, Donetska > Yasynuvatskyi > Yasynuvatskyi > Vodiane,Donetska,48.047609,37.673962
12042, Donetska > Bakhmutskyi > Bakhmutskyi > Spirne,Donetska,48.047609,37.673962
12043, Donetska > Yasynuvatskyi > Yasynuvatskyi > Verkhnotoretske,Donetska,48.047609,37.673962
12044, Donetska > Toretska > Toretska > Pivdenne,Donetska,48.047609,37.673962
12045, Donetska > Yasynuvatskyi > Yasynuvatskyi > Pisky,Donetska,48.047609,37.673962
12046, Donetska > Toretska > Toretska > Novhorodske,Donetska,48.047609,37.673962
12047, Donetska > Marinskyi > Marinskyi > Marinka,Donetska,48.047609,37.673962
12048, Donetska > Marinskyi > Marinskyi > Krasnohorivka,Donetska,48.047609,37.673962
12049, Luhanska > Slovianoserbskyi > Slovianoserbskyi > Slovianoserbsk,Luhanska,48.985485,39.017663
12050, Luhanska > Slovianoserbskyi > Slovianoserbskyi > Zymohiria,Luhanska,48.985485,39.017663
12051, Luhanska > Krasnodonska > Krasnodonska > Sorokyne,Luhanska,48.985485,39.017663
12052, Luhanska > Briankivska > Briankivska > Brianka,Luhanska,48.985485,39.017663
12053, Luhanska > Krasnolutska > Krasnolutska > Khrustalnyi,Luhanska,48.985485,39.017663
12054, Luhanska > Perevalskyi > Perevalskyi > Perevalsk,Luhanska,48.985485,39.017663
12055, Luhanska > Luhanska > Luhanska > Luhansk,Luhanska,48.985485,39.017663
12056, Luhanska > Stakhanovska > Stakhanovska > Kadiivka,Luhanska,48.985485,39.017663
12057, Luhanska > Rovenkivska > Rovenkivska > Rovenky,Luhanska,48.985485,39.017663
12058, Luhanska > Antratsytska > Antratsytska > Antratsyt,Luhanska,48.985485,39.017663
12059, Luhanska > Stanychno-Luhanskyi > Stanychno-Luhanskyi > Mykolaivka,Luhanska,48.985485,39.017663
12060, Donetska > Volnovaskyi > Volnovaskyi > Novohnativka,Donetska,48.047609,37.673962
12061, Luhanska > Popasnianskyi > Popasnianskyi > Zolote,Luhanska,48.985485,39.017663
12062, Donetska > Bakhmutskyi > Bakhmutskyi > Luhanske,Donetska,48.047609,37.673962
12063, Luhanska > Novoaidarskyi > Novoaidarskyi > Kriakivka,Luhanska,48.985485,39.017663
12064, Luhanska > Stanychno-Luhanskyi > Stanychno-Luhanskyi > Staryi Aidar,Luhanska,48.985485,39.017663
12065, Luhanska > Novoaidarskyi > Novoaidarskyi > Krymske,Luhanska,48.985485,39.017663
12066, Luhanska > Stanychno-Luhanskyi > Stanychno-Luhanskyi > Heivka,Luhanska,48.985485,39.017663
12067, Donetska > Bakhmutskyi > Bakhmutskyi > Zaitseve,Donetska,48.047609,37.673962
12068, Luhanska > Novoaidarskyi > Novoaidarskyi > Shchastia,Luhanska,48.985485,39.017663
12069, Donetska > Volnovaskyi > Volnovaskyi > Starohnativka,Donetska,48.047609,37.673962
12070, Donetska > Yasynuvatskyi > Yasynuvatskyi > Spartak,Donetska,48.047609,37.673962
12071, Donetska > Marinskyi > Marinskyi > Oleksandrivka,Donetska,48.047609,37.673962
12072, Donetska > Novoazovskyi > Novoazovskyi > Sakhanka,Donetska,48.047609,37.673962
12073, Donetska > Donetska > Donetska > Donetsk,Donetska,48.047609,37.673962
12074, Donetska > Horlivska > Horlivska > Holmivskyi,Donetska,48.047609,37.673962
12075, Donetska > Horlivska > Horlivska > Panteleimonivka,Donetska,48.047609,37.673962
12076, Donetska > Marinskyi > Marinskyi > Staromykhailivka,Donetska,48.047609,37.673962
12077, Donetska > Dokuchaievska > Dokuchaievska > Dokuchaievsk,Donetska,48.047609,37.673962
12078, Donetska > Horlivska > Horlivska > Horlivka,Donetska,48.047609,37.673962
12079, Donetska > Marinskyi > Marinskyi > Syhnalne,Donetska,48.047609,37.673962
12080, Donetska > Yasynuvatskyi > Yasynuvatskyi > Betmanove,Donetska,48.047609,37.673962
12081, Luhanska > Novoaidarskyi > Novoaidarskyi > Orikhove-Donetske,Luhanska,48.985485,39.017663
12082, Luhanska > Popasnianskyi > Popasnianskyi > Novooleksandrivka,Luhanska,48.985485,39.017663
12083, Donetska > Marinskyi > Marinskyi > Katerynivka,Donetska,48.047609,37.673962
12084, Luhanska > Novoaidarskyi > Novoaidarskyi > Lobacheve,Luhanska,48.985485,39.017663
12085, Donetska > Horlivska > Horlivska > Hladosove,Donetska,48.047609,37.673962
12086, Luhanska > Popasnianskyi > Popasnianskyi > Troitske,Luhanska,48.985485,39.017663
12087, Luhanska > Popasnianskyi > Popasnianskyi > Novozvanivka,Luhanska,48.985485,39.017663
12088, Donetska > Bakhmutskyi > Bakhmutskyi > Chasiv Yar,Donetska,48.047609,37.673962
12089, Luhanska > Novoaidarskyi > Novoaidarskyi > Lopaskyne,Luhanska,48.985485,39.017663
12090, Donetska > Volnovaskyi > Volnovaskyi > Staromarivka,Donetska,48.047609,37.673962
12091, Luhanska > Stanychno-Luhanskyi > Stanychno-Luhanskyi > Pishchane,Luhanska,48.985485,39.017663
12092, Donetska > Bakhmutskyi > Bakhmutskyi > Vidrodzhennia,Donetska,48.047609,37.673962
12093, Donetska > Volnovaskyi > Volnovaskyi > Chermalyk,Donetska,48.047609,37.673962
12094, Luhanska > Kirovska > Kirovska > Donetskyi,Luhanska,48.985485,39.017663
12095, Luhanska > Kirovska > Kirovska > Holubivka,Luhanska,48.985485,39.017663
12096, Luhanska > Pervomaiska > Pervomaiska > Pervomaisk,Luhanska,48.985485,39.017663
12097, Donetska > Volnovaskyi > Volnovaskyi > Vodiane,Donetska,48.047609,37.673962
12098, Donetska > Volnovaskyi > Volnovaskyi > Berdianske,Donetska,48.047609,37.673962
12099, Luhanska > Stanychno-Luhanskyi > Stanychno-Luhanskyi > Syze,Luhanska,48.985485,39.017663
12100, Donetska > Volnovaskyi > Volnovaskyi > Pavlopil,Donetska,48.047609,37.673962
12101, Donetska > Volnovaskyi > Volnovaskyi > Sopyne,Donetska,48.047609,37.673962
12102, Luhanska > Stanychno-Luhanskyi > Stanychno-Luhanskyi > Bolotene,Luhanska,48.985485,39.017663
12103, Donetska > Volnovaskyi > Volnovaskyi > Lebedynske,Donetska,48.047609,37.673962
12104, Luhanska > Popasnianskyi > Popasnianskyi > Katerynivka,Luhanska,48.985485,39.017663
12105, Donetska > Horlivska > Horlivska > Mykhailivka,Donetska,48.047609,37.673962
12106, Donetska > Yasynuvatskyi > Yasynuvatskyi > Lozove,Donetska,48.047609,37.673962
12107, Donetska > Yasynuvatskyi > Yasynuvatskyi > Vesele,Donetska,48.047609,37.673962
12108, Donetska > Yasynuvatskyi > Yasynuvatskyi > Mineralne,Donetska,48.047609,37.673962
12109, Donetska > Yasynuvatskyi > Yasynuvatskyi > Yakovlivka,Donetska,48.047609,37.673962
12110, Donetska > Yenakiivska > Yenakiivska > Yenakiieve,Donetska,48.047609,37.673962
12111, Donetska > Torezka > Torezka > Chystiakove,Donetska,48.047609,37.673962
12112, Donetska > Snizhnianska > Snizhnianska > Snizhne,Donetska,48.047609,37.673962
12113, Donetska > Yasynuvatska > Yasynuvatska > Yasynuvata,Donetska,48.047609,37.673962
12114, Donetska > Shakhtarska > Shakhtarska > Shakhtarsk,Donetska,48.047609,37.673962
12115, Donetska > Khartsyzka > Khartsyzka > Khartsyzk,Donetska,48.047609,37.673962
12116, Donetska > Amvrosiivskyi > Amvrosiivskyi > Amvrosiivka,Donetska,48.047609,37.673962
12117, Luhanska > Lysychanska > Lysychanska,Luhanska,48.985485,39.017663
12118, Donetska > Slovianskyi > Slovianskyi,Donetska,48.047609,37.673962
12119, Luhanska > Novopskovskyi > Novopskovskyi,Luhanska,48.985485,39.017663
12120, Luhanska > Stanychno-Luhanskyi > Stanychno-Luhanskyi,Luhanska,48.985485,39.017663
12121, Luhanska > Popasnianskyi > Popasnianskyi,Luhanska,48.985485,39.017663
12122, Luhanska > Rubizhanska > Rubizhanska,Luhanska,48.985485,39.017663
12123, Luhanska > Sievierodonetska > Sievierodonetska,Luhanska,48.985485,39.017663
12124, Donetska > Volnovaskyi > Volnovaskyi > Novoselivka Druha,Donetska,48.047609,37.673962
12125, Donetska > Pokrovska > Pokrovska,Donetska,48.047609,37.673962
12126, Donetska > Slovianska > Slovianska,Donetska,48.047609,37.673962
12127, Donetska > Nikolskyi > Nikolskyi,Donetska,48.047609,37.673962
12128, Donetska > Selydivska > Selydivska,Donetska,48.047609,37.673962
12129, Donetska > Vuhledarska > Vuhledarska,Donetska,48.047609,37.673962
12130, Donetska > Kostiantynivska > Kostiantynivska,Donetska,48.047609,37.673962
12131, Donetska > Lymanska > Lymanska,Donetska,48.047609,37.673962
12132, Donetska > Marinskyi > Marinskyi,Donetska,48.047609,37.673962
12133, Donetska > Oleksandrivskyi > Oleksandrivskyi,Donetska,48.047609,37.673962
12134, Donetska > Avdiivska > Avdiivska,Donetska,48.047609,37.673962
12135, Donetska > Novohrodivska > Novohrodivska,Donetska,48.047609,37.673962
12136, Donetska > Druzhkivska > Druzhkivska,Donetska,48.047609,37.673962
12137, Donetska > Yasynuvatskyi > Yasynuvatskyi,Donetska,48.047609,37.673962
12138, Donetska > Bakhmutska > Bakhmutska,Donetska,48.047609,37.673962
12139, Donetska > Manhushskyi > Manhushskyi,Donetska,48.047609,37.673962
12140, Donetska > Mariupolska > Mariupolska,Donetska,48.047609,37.673962
12141, Donetska > Toretska > Toretska,Donetska,48.047609,37.673962
12142, Donetska > Kramatorska > Kramatorska,Donetska,48.047609,37.673962
12143, Donetska > Dobropilska > Dobropilska,Donetska,48.047609,37.673962
12144, Donetska > Volnovaskyi > Volnovaskyi,Donetska,48.047609,37.673962
12145, Donetska > Kostiantynivska > Kostiantynivska > Kostiantynivka,Donetska,48.047609,37.673962
12146, Donetska > Marinskyi > Marinskyi > Kurakhove,Donetska,48.047609,37.673962
12147, Donetska > Bakhmutskyi > Bakhmutskyi > Novoluhanske,Donetska,48.047609,37.673962
12148, Luhanska > Sievierodonetska > Sievierodonetska > Sievierodonetsk,Luhanska,48.985485,39.017663
12149, Donetska > Bakhmutska > Bakhmutska > Bakhmut,Donetska,48.047609,37.673962
12150, Donetska > Toretska > Toretska > Zalizne,Donetska,48.047609,37.673962
12151, Donetska > Bakhmutskyi > Bakhmutskyi > Myronivka,Donetska,48.047609,37.673962
12152, Donetska > Volnovaskyi > Volnovaskyi > Pyshchevyk,Donetska,48.047609,37.673962
12153, Donetska > Bakhmutskyi > Bakhmutskyi > Klishchiivka,Donetska,48.047609,37.673962
12154, Donetska > Kostiantynivskyi > Kostiantynivskyi > Illinivka,Donetska,48.047609,37.673962
12155, Donetska > Bakhmutskyi > Bakhmutskyi > Roty,Donetska,48.047609,37.673962
12156, Donetska > Toretska > Toretska > Pivnichne,Donetska,48.047609,37.673962
12157, Donetska > Toretska > Toretska > Druzhba,Donetska,48.047609,37.673962
12158, Donetska > Bakhmutskyi > Bakhmutskyi > Serebrianka,Donetska,48.047609,37.673962
12159, Donetska > Volnovaskyi > Volnovaskyi > Chernenko,Donetska,48.047609,37.673962
12160, Donetska > Yasynuvatskyi > Yasynuvatskyi > Krasnohorivka,Donetska,48.047609,37.673962
12161, Donetska > Bakhmutskyi > Bakhmutskyi > Vozdvyzhenka,Donetska,48.047609,37.673962
12162, Luhanska > Stanychno-Luhanskyi > Stanychno-Luhanskyi > Plotyna,Luhanska,48.985485,39.017663
12163, Luhanska > Sievierodonetska > Sievierodonetska > Bobrove,Luhanska,48.985485,39.017663
12164, Donetska > Marinskyi > Marinskyi > Novomykhailivka,Donetska,48.047609,37.673962
12165, Donetska > Yasynuvatskyi > Yasynuvatskyi > Netailove,Donetska,48.047609,37.673962
12166, Donetska > Yasynuvatskyi > Yasynuvatskyi > Pervomaiske,Donetska,48.047609,37.673962
12167, Donetska > Bakhmutskyi > Bakhmutskyi > Zelenopillia,Donetska,48.047609,37.673962
12168, Luhanska > Stanychno-Luhanskyi > Stanychno-Luhanskyi > Verkhnia Vilkhova,Luhanska,48.985485,39.017663
12169, Luhanska > Novoaidarskyi > Novoaidarskyi > Hrechyshkyne,Luhanska,48.985485,39.017663
12170, Luhanska > Stanychno-Luhanskyi > Stanychno-Luhanskyi > Nyzhnia Vilkhova,Luhanska,48.985485,39.017663
12171, Luhanska > Stanychno-Luhanskyi > Stanychno-Luhanskyi > Kolesnykivka,Luhanska,48.985485,39.017663
12172, Luhanska > Stanychno-Luhanskyi > Stanychno-Luhanskyi > Artema,Luhanska,48.985485,39.017663
12173, Donetska > Volnovaskyi > Volnovaskyi > Mykolaivka,Donetska,48.047609,37.673962
12174, Luhanska > Stanychno-Luhanskyi > Stanychno-Luhanskyi > Zolotarivka,Luhanska,48.985485,39.017663
12175, Luhanska > Novoaidarskyi > Novoaidarskyi > Bakhmutivka,Luhanska,48.985485,39.017663
12176, Donetska > Bakhmutskyi > Bakhmutskyi > Vesela Dolyna,Donetska,48.047609,37.673962
12177, Luhanska > Stanychno-Luhanskyi > Stanychno-Luhanskyi > Pshenychne,Luhanska,48.985485,39.017663
12178, Donetska > Bakhmutskyi > Bakhmutskyi > Odradivka,Donetska,48.047609,37.673962
12179, Luhanska > Stanychno-Luhanskyi > Stanychno-Luhanskyi > Yuhanivka,Luhanska,48.985485,39.017663
12180, Donetska > Volnovaskyi > Volnovaskyi > Orlovske,Donetska,48.047609,37.673962
12181, Donetska > Bakhmutskyi > Bakhmutskyi > Midna Ruda,Donetska,48.047609,37.673962
12182, Luhanska > Stanychno-Luhanskyi > Stanychno-Luhanskyi > Verkhnii Minchenok,Luhanska,48.985485,39.017663
12183, Donetska > Avdiivska > Avdiivska > Avdiivka,Donetska,48.047609,37.673962
12184, Luhanska > Novoaidarskyi > Novoaidarskyi > Trokhizbenka,Luhanska,48.985485,39.017663
12185, Donetska > Bakhmutskyi > Bakhmutskyi > Semyhiria,Donetska,48.047609,37.673962
12186, Luhanska > Popasnianskyi > Popasnianskyi > Popasna,Luhanska,48.985485,39.017663
12187, Luhanska > Popasnianskyi > Popasnianskyi > Novotoshkivske,Luhanska,48.985485,39.017663
12188, Donetska > Bakhmutskyi > Bakhmutskyi > Kodema,Donetska,48.047609,37.673962
12189, Donetska > Bakhmutskyi > Bakhmutskyi > Pylypchatyne,Donetska,48.047609,37.673962
12190, Luhanska > Popasnianskyi > Popasnianskyi > Vyskryva,Luhanska,48.985485,39.017663
12191, Luhanska > Stanychno-Luhanskyi > Stanychno-Luhanskyi > Malynove,Luhanska,48.985485,39.017663
12192, Luhanska > Stanychno-Luhanskyi > Stanychno-Luhanskyi > Serednoteple,Luhanska,48.985485,39.017663
12193, Donetska > Volnovaskyi > Volnovaskyi > Novotroitske,Donetska,48.047609,37.673962
12194, Luhanska > Stanychno-Luhanskyi > Stanychno-Luhanskyi > Nyzhnii Minchenok,Luhanska,48.985485,39.017663
12195, Luhanska > Stanychno-Luhanskyi > Stanychno-Luhanskyi > Peredilske,Luhanska,48.985485,39.017663
12196, Donetska > Yasynuvatskyi > Yasynuvatskyi > Oleksandropil,Donetska,48.047609,37.673962
12197, Donetska > Marinskyi > Marinskyi > Paraskoviivka,Donetska,48.047609,37.673962
12198, Luhanska > Popasnianskyi > Popasnianskyi > Orikhove,Luhanska,48.985485,39.017663
12199, Donetska > Volnovaskyi > Volnovaskyi > Novoselivka,Donetska,48.047609,37.673962
12200, Donetska > Yasynuvatskyi > Yasynuvatskyi > Novoselivka,Donetska,48.047609,37.673962
12201, Donetska > Volnovaskyi > Volnovaskyi > Myrne,Donetska,48.047609,37.673962
12202, Donetska > Volnovaskyi > Volnovaskyi > Kamianka,Donetska,48.047609,37.673962
12203, Donetska > Yasynuvatskyi > Yasynuvatskyi > Panteleimonivka,Donetska,48.047609,37.673962
12204, Donetska > Yenakiivska,Donetska,48.047609,37.673962
12205, Luhanska > Krasnolutska,Luhanska,48.985485,39.017663
12206, Luhanska > Antratsytska,Luhanska,48.985485,39.017663
12207, Luhanska > Alchevska,Luhanska,48.985485,39.017663
12208, Donetska > Yasynuvatska,Donetska,48.047609,37.673962
12209, Luhanska > Dovzhanskyi,Luhanska,48.985485,39.017663
12210, Luhanska > Luhanska,Luhanska,48.985485,39.017663
12211, Luhanska > Krasnodonska,Luhanska,48.985485,39.017663
12212, Donetska > Bakhmutskyi,Donetska,48.047609,37.673962
12213, Donetska > Dokuchaievska,Donetska,48.047609,37.673962
12214, Luhanska > Slovianoserbskyi,Luhanska,48.985485,39.017663
12215, Luhanska > Antratsytivskyi,Luhanska,48.985485,39.017663
12216, Luhanska > Lutuhynskyi,Luhanska,48.985485,39.017663
12217, Luhanska > Perevalskyi,Luhanska,48.985485,39.017663
12218, Luhanska > Popasnianskyi,Luhanska,48.985485,39.017663
12219, Luhanska > Stakhanovska,Luhanska,48.985485,39.017663
12220, Luhanska > Sorokynskyi,Luhanska,48.985485,39.017663
12221, Luhanska > Pervomaiska,Luhanska,48.985485,39.017663
12222, Donetska > Boikivskyi,Donetska,48.047609,37.673962
12223, Luhanska > Briankivska,Luhanska,48.985485,39.017663
12224, Donetska > Zhdanivska,Donetska,48.047609,37.673962
12225, Donetska > Kirovska,Donetska,48.047609,37.673962
12226, Donetska > Novoazovskyi,Donetska,48.047609,37.673962
12227, Donetska > Khartsyzka,Donetska,48.047609,37.673962
12228, Donetska > Amvrosiivskyi,Donetska,48.047609,37.673962
12229, Donetska > Snizhnianska,Donetska,48.047609,37.673962
12230, Donetska > Starobeshivskyi,Donetska,48.047609,37.673962
12231, Donetska > Debaltsevcka,Donetska,48.047609,37.673962
12232, Donetska > Donetska,Donetska,48.047609,37.673962
12233, Donetska > Makiivska,Donetska,48.047609,37.673962
12234, Donetska > Horlivska,Donetska,48.047609,37.673962
12235, Donetska > Torezka,Donetska,48.047609,37.673962
12236, Donetska > Shakhtarska,Donetska,48.047609,37.673962
12237, Donetska > Shakhtarskyi,Donetska,48.047609,37.673962
12238, Donetska > Amvrosiivskyi > Amvrosiivskyi,Donetska,48.047609,37.673962
12239, Donetska > Marinskyi > Marinskyi > Luhanske,Donetska,48.047609,37.673962
12240, Donetska > Volnovaskyi,Donetska,48.047609,37.673962
12241, Donetska > Mariupolska,Donetska,48.047609,37.673962
12242, Donetska > Starobeshivskyi > Starobeshivskyi,Donetska,48.047609,37.673962
12243, Donetska > Novoazovskyi > Novoazovskyi,Donetska,48.047609,37.673962
12244, Donetska > Donetska > Donetska,Donetska,48.047609,37.673962
12245, Donetska > Yasynuvatskyi,Donetska,48.047609,37.673962
12246, Donetska > Toretska,Donetska,48.047609,37.673962
12247, Luhanska > Kirovska,Luhanska,48.985485,39.017663
12248, Luhanska > Krasnodonska > Krasnodonska,Luhanska,48.985485,39.017663
12249, Luhanska > Sverdlovska,Luhanska,48.985485,39.017663
12250, Luhanska > Antratsytivskyi > Antratsytivskyi > Krasnolutskyi,Luhanska,48.985485,39.017663
12251, Luhanska > Stakhanovska > Stakhanovska,Luhanska,48.985485,39.017663
12252, Zaporizka > Zaporizka > Zaporizka,Zaporizka,47.267047,35.700095
12253, Ternopilska > Ternopilska,Ternopilska,49.402385,25.648542
12254, Zakarpatska > Uzhhorodska,Zakarpatska,48.403607,23.275962
12255, Kyivska > Kyivska > Kyivska,Kyivska,50.299325,30.455344
12256, Luhanska > Stanychno-Luhanskyi,Luhanska,48.985485,39.017663
12257, Donetska > Kramatorska,Donetska,48.047609,37.673962
12258, Donetska > Pokrovskyi,Donetska,48.047609,37.673962
12259, Luhanska > Sievierodonetska,Luhanska,48.985485,39.017663
12260, Luhanska > Stanychno-Luhanskyi > Stanychno-Luhanskyi > Teple,Luhanska,48.985485,39.017663
12261, Luhanska > Stanychno-Luhanskyi > Stanychno-Luhanskyi > Krasna Talivka,Luhanska,48.985485,39.017663
12262, Luhanska > Stanychno-Luhanskyi > Stanychno-Luhanskyi > Chuhynka,Luhanska,48.985485,39.017663
12263, Donetska > Volnovaskyi > Volnovaskyi > Dmytrivka,Donetska,48.047609,37.673962
12264, Luhanska > Stanychno-Luhanskyi > Stanychno-Luhanskyi > Stanytsia Luhanska,Luhanska,48.985485,39.017663
12265, Donetska > Volnovaskyi > Volnovaskyi > Yehorivka,Donetska,48.047609,37.673962
12266, Kharkivska > Kharkivska,Kharkivska,49.615075,36.504931
12267, Donetska > Snizhnianska > Snizhnianska,Donetska,48.047609,37.673962
12268, Donetska > Shakhtarska > Shakhtarska,Donetska,48.047609,37.673962
12269, Luhanska > Perevalskyi > Perevalskyi > Mykhailivka,Luhanska,48.985485,39.017663
12270, Luhanska > Sverdlovska > Sverdlovska,Luhanska,48.985485,39.017663
12271, Luhanska > Lutuhynskyi > Lutuhynskyi > Kamianka,Luhanska,48.985485,39.017663
12272, Luhanska > Lutuhynskyi > Lutuhynskyi > Cheliuskinets,Luhanska,48.985485,39.017663
12273, Luhanska > Antratsytivskyi > Antratsytivskyi,Luhanska,48.985485,39.017663
12274, Donetska > Boikivskyi > Boikivskyi,Donetska,48.047609,37.673962
12275, Luhanska > Lutuhynskyi > Lutuhynskyi > Peremozhne,Luhanska,48.985485,39.017663
12276, Luhanska > Perevalskyi > Perevalskyi > Zorynsk,Luhanska,48.985485,39.017663
12277, Luhanska > Slovianoserbskyi > Slovianoserbskyi > Stepove,Luhanska,48.985485,39.017663
12278, Luhanska > Perevalskyi > Perevalskyi > Maloivanivka,Luhanska,48.985485,39.017663
12279, Luhanska > Slovianoserbskyi > Slovianoserbskyi > Smile,Luhanska,48.985485,39.017663
12280, Donetska > Debaltsevcka > Debaltsevcka > Debaltseve,Donetska,48.047609,37.673962
12281, Luhanska > Lutuhynskyi > Lutuhynskyi > Lutuhyne,Luhanska,48.985485,39.017663
12282, Luhanska > Perevalskyi > Perevalskyi > Komisarivka,Luhanska,48.985485,39.017663
12283, Luhanska > Lutuhynskyi > Lutuhynskyi > Rozkishne,Luhanska,48.985485,39.017663
12284, Luhanska > Lutuhynskyi > Lutuhynskyi > Heorhiivka,Luhanska,48.985485,39.017663
12285, Luhanska > Perevalskyi > Perevalskyi > Olenivka,Luhanska,48.985485,39.017663
12286, Donetska > Makiivska > Makiivska > Makiivka,Donetska,48.047609,37.673962
12287, Luhanska > Popasnianskyi > Popasnianskyi > Chornukhyne,Luhanska,48.985485,39.017663
12288, Luhanska > Sorokynskyi > Sorokynskyi > Novosvitlivka,Luhanska,48.985485,39.017663
12289, Donetska > Kirovska > Kirovska,Donetska,48.047609,37.673962
12290, Donetska > Makiivska > Makiivska,Donetska,48.047609,37.673962
12291, Donetska > Horlivska > Horlivska,Donetska,48.047609,37.673962
12292, Ivano-Frankivska > Ivano-Frankivska > Ivano-Frankivska > Ivano-Frankivsk,Ivano-Frankivska,48.702082,24.619994
12293, Zaporizka > Zaporizka > Zaporizka > Zaporizhzhia,Zaporizka,47.267047,35.700095
12294, Dnipropetrovska > Dniprovska > Dniprovska > Dnipro,Dnipropetrovska,48.301032,34.844186
12295, Donetska > Khartsyzka > Khartsyzka > Ilovaisk,Donetska,48.047609,37.673962
12296, Lvivska > Lvivska > Lvivska > Lviv,Lvivska,49.717456,23.916579
12297, Donetska > Khartsyzka > Khartsyzka > Zuivka,Donetska,48.047609,37.673962
12298, Chernivetska > Chernivetska > Chernivetska > Chernivtsi,Chernivetska,48.26821,25.977472
12299, Donetska > Novoazovskyi > Novoazovskyi > Siedove,Donetska,48.047609,37.673962
12300, Donetska > Marinskyi,Donetska,48.047609,37.673962
12301, Luhanska > Briankivska > Briankivska,Luhanska,48.985485,39.017663
12302, Luhanska > Slovianoserbskyi > Slovianoserbskyi,Luhanska,48.985485,39.017663
12303, Luhanska > Kirovska > Kirovska,Luhanska,48.985485,39.017663
12304, Luhanska > Pervomaiska > Pervomaiska,Luhanska,48.985485,39.017663
12305, Vinnytska,Vinnytska,48.920481,28.685515
12306, Ivano-Frankivska,Ivano-Frankivska,48.702082,24.619994
12307, Lvivska,Lvivska,49.717456,23.916579
12308, Chernivetska,Chernivetska,48.26821,25.977472
12309, Zakarpatska,Zakarpatska,48.403607,23.275962
12310, Mykolaivska,Mykolaivska,47.438624,31.782032
12311, Donetska > Horlivskyi > Snizhnianska,Donetska,48.04731497,37.6741199
12312, Donetska > Horlivskyi > Horlivska,Donetska,48.04731497,37.6741199
12313, Donetska > Donetskyi > Khartsyzka,Donetska,48.04731497,37.6741199
12314, Donetska > Horlivskyi > Yenakiievska,Donetska,48.04731497,37.6741199
12315, Donetska > Donetskyi > Donetska,Donetska,48.04731497,37.6741199
12316, Donetska > Donetskyi > Amvrosiivska,Donetska,48.04731497,37.6741199
12317, Donetska > Donetskyi > Makiivska,Donetska,48.04731497,37.6741199
12318, Donetska > Horlivskyi > Debaltsivska,Donetska,48.04731497,37.6741199
12319, Donetska > Horlivskyi > Chystiakivska,Donetska,48.04731497,37.6741199
12320, Donetska > Horlivskyi > Shakhtarska,Donetska,48.04731497,37.6741199
12321, Donetska > Kalmiuskyi > Boikivska,Donetska,48.04731497,37.6741199
12322, Donetska > Kalmiuskyi > Starobeshivska,Donetska,48.04731497,37.6741199
12209, Luhanska > Dovzhanskyi,Luhanska,48.98551927,39.01773003
12323, Luhanska > Alchevskyi,Luhanska,48.98551927,39.01773003
12324, Luhanska > Luhanskyi,Luhanska,48.98551927,39.01773003
12325, Luhanska > Rovenkivskyi,Luhanska,48.98551927,39.01773003
12326, Donetska > Mariupolskyi,Donetska,48.04731497,37.6741199
12327, Luhanska > Sievierodonetskyi,Luhanska,48.98551927,39.01773003
12240, Donetska > Volnovaskyi,Donetska,48.04731497,37.6741199
12212, Donetska > Bakhmutskyi,Donetska,48.04731497,37.6741199
12328, Luhanska > Shchastynskyi,Luhanska,48.98551927,39.01773003
12258, Donetska > Pokrovskyi,Donetska,48.04731497,37.6741199
12329, Donetska > Bakhmutskyi > Svitlodarska,Donetska,48.04731497,37.6741199
12330, Luhanska > Shchastynskyi > Shyrokivska,Luhanska,48.98551927,39.01773003
12331, Zaporizka,Zaporizka,47.2670072,35.70000553
12332, Donetska > Mariupolskyi > Manhushska,Donetska,48.04731497,37.6741199
12333, Luhanska > Sievierodonetskyi > Popasnianska,Luhanska,48.98551927,39.01773003
12334, Luhanska > Shchastynskyi > Shchastynska,Luhanska,48.98551927,39.01773003
12335, Luhanska > Shchastynskyi > Stanychno-Luhanska,Luhanska,48.98551927,39.01773003
12336, Dnipropetrovska,Dnipropetrovska,48.41701338,34.73173409
12337, Donetska > Kramatorskyi > Illinivska,Donetska,48.04731497,37.6741199
12338, Donetska > Pokrovskyi > Ocheretynska,Donetska,48.04731497,37.6741199
12339, Donetska > Volnovaskyi > Vuhledarska,Donetska,48.04731497,37.6741199
12340, Luhanska > Sievierodonetskyi > Hirska,Luhanska,48.98551927,39.01773003
12341, Donetska > Pokrovskyi > Marinska,Donetska,48.04731497,37.6741199
12342, Donetska > Mariupolskyi > Sartanska,Donetska,48.04731497,37.6741199
12343, Donetska > Pokrovskyi > Kurakhivska,Donetska,48.04731497,37.6741199
12344, Kharkivska,Kharkivska,49.61499032,36.50491022
12345, Donetska > Bakhmutskyi > Toretska,Donetska,48.04731497,37.6741199
12346, Donetska > Kalmiuskyi,Donetska,48.04731497,37.6741199
12347, Donetska > Volnovaskyi > Volnovaska > Volnovakha,Donetska,48.04731497,37.6741199
12348, Luhanska > Luhanskyi > Luhanska > Luhansk,Luhanska,48.98551927,39.01773003
12349, Donetska > Pokrovskyi > Kurakhivska > Dachne,Donetska,48.04731497,37.6741199
12350, Donetska > Pokrovskyi > Kurakhivska > Hirnyk,Donetska,48.04731497,37.6741199
12351, Donetska > Pokrovskyi > Kurakhivska > Kurakhivka,Donetska,48.04731497,37.6741199
12352, Donetska > Pokrovskyi > Selydivska > Ukrainsk,Donetska,48.04731497,37.6741199
12353, Donetska > Pokrovskyi > Kurakhivska > Kurakhove,Donetska,48.04731497,37.6741199
12354, Luhanska > Shchastynskyi > Nyzhnoteplivska,Luhanska,48.98551927,39.01773003
12355, Donetska > Volnovaskyi > Komarska,Donetska,48.04731497,37.6741199
12356, Donetska > Pokrovskyi > Udachnenska,Donetska,48.04731497,37.6741199
12357, Donetska > Pokrovskyi > Avdiivska,Donetska,48.04731497,37.6741199
12358, Donetska > Pokrovskyi > Pokrovska,Donetska,48.04731497,37.6741199
12359, Luhanska > Sievierodonetskyi > Sievierodonetska,Luhanska,48.98551927,39.01773003
12360, Donetska > Pokrovskyi > Selydivska,Donetska,48.04731497,37.6741199
12361, Donetska > Pokrovskyi > Ocheretynska > Nevelske,Donetska,48.04731497,37.6741199
12362, Luhanska > Sievierodonetskyi > Popasnianska > Novozvanivka,Luhanska,48.98551927,39.01773003
12363, Donetska > Pokrovskyi > Marinska > Slavne,Donetska,48.04731497,37.6741199
12364, Donetska > Bakhmutskyi > Svitlodarska > Travneve,Donetska,48.04731497,37.6741199
12365, Donetska > Pokrovskyi > Ocheretynska > Netailove,Donetska,48.04731497,37.6741199
12366, Donetska > Bakhmutskyi > Toretska > Ozarianivka,Donetska,48.04731497,37.6741199
12367, Donetska > Bakhmutskyi > Svitlodarska > Zaitseve,Donetska,48.04731497,37.6741199
12368, Luhanska > Sievierodonetskyi > Popasnianska > Vyskryva,Luhanska,48.98551927,39.01773003
12369, Donetska > Pokrovskyi > Ocheretynska > Vodiane,Donetska,48.04731497,37.6741199
12370, Luhanska > Shchastynskyi > Shchastynska > Peredilske,Luhanska,48.98551927,39.01773003
12371, Kyivska,Kyivska,49.81429818,30.33185237
12306, Ivano-Frankivska,Ivano-Frankivska,48.70165698,24.61942916
12372, Khersonska,Khersonska,46.67277916,33.52476149
12373, Luhanska > Sievierodonetskyi > Kreminska,Luhanska,48.98551927,39.01773003
12307, Lvivska,Lvivska,49.71736367,23.91660016
12374, Donetska > Kramatorskyi > Mykolaivska,Donetska,48.04731497,37.6741199
12375, Chernihivska,Chernihivska,51.35503976,32.00380063
12376, Odeska,Odeska,46.84612595,30.45745785
12377, Luhanska > Sievierodonetskyi > Sievierodonetska > Sievierodonetsk,Luhanska,48.98551927,39.01773003
12305, Vinnytska,Vinnytska,48.92044212,28.6855358
12378, Donetska > Kramatorskyi > Slovianska,Donetska,48.04731497,37.6741199
12379, Sumska,Sumska,51.01414035,33.96587116
12310, Mykolaivska,Mykolaivska,47.43903776,31.78150644
12380, Donetska > Bakhmutskyi > Bakhmutska > Bakhmut,Donetska,48.04731497,37.6741199
12381, Luhanska > Sievierodonetskyi > Lysychanska,Luhanska,48.98551927,39.01773003
12382, Volynska,Volynska,51.19084609,24.87058676
12383, Donetska > Pokrovskyi > Dobropilska,Donetska,48.04731497,37.6741199
12384, Donetska > Mariupolskyi > Mariupolska,Donetska,48.04731497,37.6741199
12385, Luhanska > Sievierodonetskyi > Rubizhanska,Luhanska,48.98551927,39.01773003
12386, Zhytomyrska,Zhytomyrska,50.63958619,28.47577421
12371, Kyivska,Kyivska,50.4488566,30.54818081
12387, Luhanska > Shchastynskyi > Stanychno-Luhanska > Komyshne,Luhanska,48.98551927,39.01773003
12388, Donetska > Pokrovskyi > Ocheretynska > Novoselivka Druha,Donetska,48.04731497,37.6741199
12389, Donetska > Pokrovskyi > Marinska > Katerynivka,Donetska,48.04731497,37.6741199
12390, Donetska > Bakhmutskyi > Bakhmutska > Zaitseve,Donetska,48.04731497,37.6741199
12391, Luhanska > Sievierodonetskyi > Hirska > Katerynivka,Luhanska,48.98551927,39.01773003
12392, Luhanska > Shchastynskyi > Novoaidarska > Dubove,Luhanska,48.98551927,39.01773003
12393, Luhanska > Shchastynskyi > Stanychno-Luhanska > Pshenychne,Luhanska,48.98551927,39.01773003
12394, Luhanska > Shchastynskyi > Stanychno-Luhanska > Bolotene,Luhanska,48.98551927,39.01773003
12395, Donetska > Volnovaskyi > Myrnenska > Bakhchovyk,Donetska,48.04731497,37.6741199
12396, Ternopilska,Ternopilska,49.40183273,25.64826593
12397, Luhanska > Shchastynskyi > Shchastynska > Lopaskyne,Luhanska,48.98551927,39.01773003
12398, Donetska > Bakhmutskyi > Chasovoiarska > Chasiv Yar,Donetska,48.04731497,37.6741199
12399, Luhanska > Shchastynskyi > Stanychno-Luhanska > Plotyna,Luhanska,48.98551927,39.01773003
12400, Donetska > Pokrovskyi > Marinska > Krasnohorivka,Donetska,48.04731497,37.6741199
12401, Khmelnytska,Khmelnytska,49.50735912,26.92962493
12309, Zakarpatska,Zakarpatska,48.4036198,23.27591388
12402, Luhanska > Shchastynskyi > Shchastynska > Kriakivka,Luhanska,48.98551927,39.01773003
12403, Donetska > Donetskyi > Ilovaiska,Donetska,48.04731497,37.6741199
12404, Donetska > Donetskyi > Yasynuvatska,Donetska,48.04731497,37.6741199
12405, Donetska > Horlivskyi > Khrestivska,Donetska,48.04731497,37.6741199
12406, Donetska > Horlivskyi,Donetska,48.04731497,37.6741199
12407, Donetska > Donetskyi,Donetska,48.04731497,37.6741199
12408, Luhanska > Alchevskyi > Zymohirivska > Slovianoserbsk,Luhanska,48.98551927,39.01773003
12409, Luhanska > Dovzhanskyi > Sokyrianska > Sorokyne,Luhanska,48.98551927,39.01773003
12410, Luhanska > Alchevskyi > Kadiivska > Holubivka,Luhanska,48.98551927,39.01773003
12411, Luhanska > Alchevskyi > Kadiivska > Kadiivka,Luhanska,48.98551927,39.01773003
12412, Luhanska > Rovenkivskyi > Rovenkivska > Rovenky,Luhanska,48.98551927,39.01773003
12413, Luhanska > Alchevskyi > Kadiivska > Pervomaisk,Luhanska,48.98551927,39.01773003
12414, Donetska > Pokrovskyi > Marinska > Marinka,Donetska,48.04731497,37.6741199
12415, Donetska > Pokrovskyi > Marinska > Novomykhailivka,Donetska,48.04731497,37.6741199
12416, Donetska > Kramatorskyi,Donetska,48.04731497,37.6741199
12417, Donetska > Horlivskyi > Khrestivska > Khrestivka,Donetska,48.04731497,37.6741199
12418, Donetska > Donetskyi > Donetska > Staromykhailivka,Donetska,48.04731497,37.6741199
12419, Donetska > Kalmiuskyi > Dokuchaievska > Olenivka,Donetska,48.04731497,37.6741199
12420, Donetska > Kalmiuskyi > Starobeshivska > Starobesheve,Donetska,48.04731497,37.6741199
12421, Donetska > Kalmiuskyi > Dokuchaievska > Dokuchaievsk,Donetska,48.04731497,37.6741199
12422, Donetska > Horlivskyi > Zhdanivska,Donetska,48.04731497,37.6741199
12423, Donetska > Kalmiuskyi > Dokuchaievska > Liubivka,Donetska,48.04731497,37.6741199
12424, Donetska > Kalmiuskyi > Novoazovska,Donetska,48.04731497,37.6741199
12425, Luhanska > Sievierodonetskyi > Popasnianska > Popasna,Luhanska,48.98551927,39.01773003
12426, Luhanska > Svativskyi,Luhanska,48.98551927,39.01773003
12427, Luhanska > Sievierodonetskyi > Hirska > Hirske,Luhanska,48.98551927,39.01773003
12428, Donetska > Kalmiuskyi > Novoazovska > Novoazovsk,Donetska,48.04731497,37.6741199
12429, Donetska > Horlivskyi > Horlivska > Horlivka,Donetska,48.04731497,37.6741199
12430, Cherkaska,Cherkaska,49.26012386,31.35229576
12308, Chernivetska,Chernivetska,48.26819792,25.97702081
12431, Donetska,Donetska,48.04731497,37.6741199
12432, Kirovohradska,Kirovohradska,48.47227492,32.08162392
12433, Rivnenska,Rivnenska,50.91898443,26.51503357
12434, Poltavska,Poltavska,49.73234182,33.77861264
12435, Luhanska,Luhanska,48.98551927,39.01773003
12436, Donetska > Volnovaskyi > Volnovaska,Donetska,48.04731497,37.6741199
12437, Donetska > Horlivskyi > Chystiakivska > Chystiakove,Donetska,48.04731497,37.6741199
12438, Donetska > Horlivskyi > Snizhnianska > Snizhne,Donetska,48.04731497,37.6741199
12439, Venezuela > Delta Amacuro > Tucupita,Delta Amacuro,8.77433049,-61.31427929
12440, Venezuela > Delta Amacuro > Pedernales,Delta Amacuro,8.77433049,-61.31427929
12441, Venezuela > Falcón > Colina,Falcón,11.06828164,-69.77520537
12442, Venezuela > Falcón > Falcón,Falcón,11.06828164,-69.77520537
12443, Venezuela > Bolívar > Cedeño,Bolívar,6.23411231,-63.52467747
12444, Venezuela > Zulia > Catatumbo,Zulia,9.89615762,-72.0865941
12445, Venezuela > Bolívar > El Callao,Bolívar,6.23411231,-63.52467747
12446, Venezuela > Zulia > Indígena Bolivariano Guajira,Zulia,9.89615762,-72.0865941
12447, Venezuela > Bolívar > Gran Sabana,Bolívar,6.23411231,-63.52467747
12448, Venezuela > Sucre > Sucre > Altagracia,Sucre,10.40997648,-63.34957604
12449, Venezuela > Miranda > Sucre,Miranda,10.2374913,-66.37928634
12450, Venezuela > Miranda > Sucre > Petare,Miranda,10.2374913,-66.37928634
12451, Venezuela > Delta Amacuro > Antonio Díaz,Delta Amacuro,8.77433049,-61.31427929
12452, Venezuela > Miranda > Urdaneta,Miranda,10.2374913,-66.37928634
12453, Venezuela > Delta Amacuro > Casacoima,Delta Amacuro,8.77433049,-61.31427929
12454, Venezuela > Sucre > Cruz Salmerón Acosta,Sucre,10.40997648,-63.34957604
12455, Venezuela > Sucre > Sucre,Sucre,10.40997648,-63.34957604
12456, Venezuela > Sucre > Valdez,Sucre,10.40997648,-63.34957604
12457, Venezuela > Zulia > Almirante Padilla,Zulia,9.89615762,-72.0865941
12458, Venezuela > Táchira > Torbes > Torbes,Táchira,7.89922084,-72.01922808
12459, Venezuela > Distrito Capital > Libertador > La Vega,Distrito Capital,10.46971283,-66.99452881
12460, Venezuela > Zulia > Maracaibo > Antonio Borjas Romero,Zulia,9.89615762,-72.0865941
12461, Venezuela > Zulia > Maracaibo > Francisco Eugenio Bustamante,Zulia,9.89615762,-72.0865941
12462, Venezuela > Miranda > Sucre > Caucaguita,Miranda,10.2374913,-66.37928634
12463, Venezuela > Zulia > San Francisco > Domitila Flores,Zulia,9.89615762,-72.0865941
12464, Venezuela > Distrito Capital > Libertador > 23 De Enero,Distrito Capital,10.46971283,-66.99452881
12465, Venezuela > Zulia > San Francisco > El Bajo,Zulia,9.89615762,-72.0865941
12466, Venezuela > Zulia > San Francisco > Francisco Ochoa,Zulia,9.89615762,-72.0865941
12467, Venezuela > Zulia > Maracaibo > Venancio Pulgar,Zulia,9.89615762,-72.0865941
12468, Venezuela > Distrito Capital > Libertador > Santa Rosalía,Distrito Capital,10.46971283,-66.99452881
12469, Venezuela > Zulia > Colón,Zulia,9.89615762,-72.0865941
12470, Venezuela > Miranda > Acevedo,Miranda,10.2374913,-66.37928634
12471, Venezuela > Apure > Biruaca,Apure,7.1305767,-68.80698907
12472, Venezuela > Miranda > Pedro Gual,Miranda,10.2374913,-66.37928634
12473, Venezuela > Apure > Pedro Camejo,Apure,7.1305767,-68.80698907
12474, Venezuela > Sucre > Bermúdez,Sucre,10.40997648,-63.34957604
12475, Sucre > Sucre,Sucre,10.40997648,-63.34957604
12476, Bolívar > Cedeño,Bolívar,6.23411231,-63.52467747
12477, Zulia > Rosario De Perijá,Zulia,9.89615762,-72.0865941
12478, Anzoátegui > Juan Antonio Sotillo,Anzoátegui,8.94112819,-64.42571176
12479, Falcón > Carirubana,Falcón,11.06828164,-69.77520537
12480, Amazonas > Autónomo Atures,Amazonas,3.36082497,-65.94378949
12481, Miranda > Zamora,Miranda,10.2374913,-66.37928634
12482, Anzoátegui > Simón Rodríguez,Anzoátegui,8.94112819,-64.42571176
12483, Zulia > Indígena Bolivariano Guajira,Zulia,9.89615762,-72.0865941
12484, Falcón > Falcón,Falcón,11.06828164,-69.77520537
12485, Miranda > Lander,Miranda,10.2374913,-66.37928634
12486, Distrito Capital > Libertador,Distrito Capital,10.46971283,-66.99452881
12487, Anzoátegui > Anaco,Anzoátegui,8.94112819,-64.42571176
12488, Zulia > Lagunillas,Zulia,9.89615762,-72.0865941
12489, Sucre > Ribero,Sucre,10.40997648,-63.34957604
12490, Zulia > Valmore Rodríguez,Zulia,9.89615762,-72.0865941
12491, Falcón > Miranda,Falcón,11.06828164,-69.77520537
12492, Delta Amacuro > Tucupita,Delta Amacuro,8.77433049,-61.31427929
12493, Bolívar > Angostura Del Orinoco,Bolívar,6.23411231,-63.52467747
12494, Miranda > Urdaneta,Miranda,10.2374913,-66.37928634
12495, Miranda > Sucre,Miranda,10.2374913,-66.37928634
12496, Sucre > Bermúdez,Sucre,10.40997648,-63.34957604
12497, Miranda > Bolivariano Guaicaipuro,Miranda,10.2374913,-66.37928634
12498, Zulia > Maracaibo,Zulia,9.89615762,-72.0865941
12499, Zulia > Machiques De Perijá,Zulia,9.89615762,-72.0865941
12500, Zulia > San Francisco,Zulia,9.89615762,-72.0865941
12501, Bolívar > Caroní,Bolívar,6.23411231,-63.52467747
12502, Anzoátegui > Juan Antonio Sotillo > Puerto La Cruz,Anzoátegui,8.94112819,-64.42571176
12503, Miranda > Sucre > Petare,Miranda,10.2374913,-66.37928634
12504, Miranda > Sucre > La Dolorita,Miranda,10.2374913,-66.37928634
12505, Distrito Capital > Libertador > Coche,Distrito Capital,10.46971283,-66.99452881
12506, Distrito Capital > Libertador > Altagracia,Distrito Capital,10.46971283,-66.99452881
12507, Miranda > Cristóbal Rojas > Charallave,Miranda,10.2374913,-66.37928634
12508, Distrito Capital > Libertador > El Valle,Distrito Capital,10.46971283,-66.99452881
12509, Distrito Capital > Libertador > San Pedro,Distrito Capital,10.46971283,-66.99452881
12510, Falcón > Miranda > Santa Ana,Falcón,11.06828164,-69.77520537
12511, Miranda > Plaza > Guarenas,Miranda,10.2374913,-66.37928634
12512, Zulia > Santa Rita,Zulia,9.89615762,-72.0865941
12513, Miranda > Baruta,Miranda,10.2374913,-66.37928634
12514, Anzoátegui > Diego Bautista Urbaneja,Anzoátegui,8.94112819,-64.42571176
12515, Miranda > Chacao,Miranda,10.2374913,-66.37928634
12516, Miranda > Páez,Miranda,10.2374913,-66.37928634
12517, Delta Amacuro > Pedernales,Delta Amacuro,8.77433049,-61.31427929
12518, Miranda > Baruta > Las Minas De Baruta,Miranda,10.2374913,-66.37928634
12519, Miranda > Sucre > Leoncio Martínez,Miranda,10.2374913,-66.37928634
12520, Miranda > El Hatillo,Miranda,10.2374913,-66.37928634
12521, Miranda > Brión,Miranda,10.2374913,-66.37928634
12522, Sucre > Benítez,Sucre,10.40997648,-63.34957604
12523, Apure > San Fernando,Apure,7.1305767,-68.80698907
12524, Apure > Achaguas,Apure,7.1305767,-68.80698907
12525, Apure > Páez,Apure,7.1305767,-68.80698907
12526, Apure > Biruaca,Apure,7.1305767,-68.80698907
12527, Delta Amacuro > Antonio Díaz,Delta Amacuro,8.77433049,-61.31427929
12528, Amazonas > Autónomo Autana,Amazonas,3.36082497,-65.94378949
12529, Delta Amacuro > Casacoima,Delta Amacuro,8.77433049,-61.31427929
12530, Amazonas > Autónomo Atabapo,Amazonas,3.36082497,-65.94378949
12531, Bolívar > Gran Sabana,Bolívar,6.23411231,-63.52467747
12532, Amazonas > Autónomo Alto Orinoco,Amazonas,3.36082497,-65.94378949
12533, Bolívar > Sucre,Bolívar,6.23411231,-63.52467747
12534, Distrito Capital > Libertador > Santa Rosalía,Distrito Capital,10.46971283,-66.99452881
12535, Distrito Capital > Libertador > La Vega,Distrito Capital,10.46971283,-66.99452881
12536, Zulia > Colón > San Carlos Del Zulia,Zulia,9.89615762,-72.0865941
12537, Distrito Capital > Libertador > El Paraíso,Distrito Capital,10.46971283,-66.99452881
12538, Apure > Rómulo Gallegos,Apure,7.1305767,-68.80698907
12539, Apure > Muñoz,Apure,7.1305767,-68.80698907
12540, Bolívar > El Callao,Bolívar,6.23411231,-63.52467747
12541, Bolívar > Roscio,Bolívar,6.23411231,-63.52467747
12542, Bolívar > Sifontes,Bolívar,6.23411231,-63.52467747
12543, Apure > Pedro Camejo,Apure,7.1305767,-68.80698907
12544, Zulia > Mara,Zulia,9.89615762,-72.0865941
12545, Zulia > Indígena Bolivariano Guajira > Sinamaica,Zulia,9.89615762,-72.0865941
12546, Zulia > Machiques De Perijá > Libertad,Zulia,9.89615762,-72.0865941
12547, Zulia > Jesus Enrique Lossada > José Ramón Yepez,Zulia,9.89615762,-72.0865941
12548, Zulia > Almirante Padilla > Isla De Toas,Zulia,9.89615762,-72.0865941
12549, Zulia > Colón,Zulia,9.89615762,-72.0865941
12550, Bolívar > El Callao > Sección Capital El Callao,Bolívar,6.23411231,-63.52467747
12551, Bolívar > Caroní > Dalla Costa,Bolívar,6.23411231,-63.52467747
12552, Venezuela > Bolívar > Angostura Del Orinoco,Bolívar,6.23411231,-63.52467747
12553, Sucre > Valdez,Sucre,10.40997648,-63.34957604
12554, Apure > Páez > Urbana Guasdualito,Apure,7.1305767,-68.80698907
12555, Apure > Páez > San Camilo,Apure,7.1305767,-68.80698907
12556, Apure > Rómulo Gallegos > Urbana Elorza,Apure,7.1305767,-68.80698907
12557, Sucre > Cruz Salmerón Acosta,Sucre,10.40997648,-63.34957604
12558, Sucre > Bermúdez > Bolívar,Sucre,10.40997648,-63.34957604
12559, Sucre > Sucre > Raúl Leoni Los Puertos De Santa Fé,Sucre,10.40997648,-63.34957604
12560, Sucre > Sucre > Ayacucho,Sucre,10.40997648,-63.34957604
12561, Yemen > Raymah > Al Jabin,Raymah,14.59985617,43.68772167
12562, Yemen > Marib > Marib,Marib,15.56841151,45.76081505
12563, Yemen > Marib > Raghwan,Marib,15.56841151,45.76081505
12564, Yemen > Marib > Sirwah,Marib,15.56841151,45.76081505
12565, Yemen > Al Hudaydah > Az Zuhrah,Al Hudaydah,15.00062889,43.04031959
12566, Yemen > Hajjah > Abs,Hajjah,16.27488061,43.11225315
12567, Yemen > Raymah > Bilad At Ta'am,Raymah,14.59985617,43.68772167
12568, Yemen > Al Hudaydah > Al Khawkhah,Al Hudaydah,15.00062889,43.04031959
12569, Yemen > Marib > Marib City,Marib,15.56841151,45.76081505
12570, Yemen > Taizz > Al Mudhaffar,Taizz,13.39753802,43.68772167
12571, Yemen > Taizz > Salh,Taizz,13.39753802,43.68772167
12572, Yemen > Al Hudaydah,Al Hudaydah,15.00062889,43.04031959
12573, Yemen > Aden,Aden,12.84865928,45.00201169
12574, Yemen > Taizz,Taizz,13.39753802,43.68772167
12575, Yemen > Taizz > At Ta'iziyah,Taizz,13.39753802,43.68772167
12576, Yemen > Raymah > Mazhar,Raymah,14.59985617,43.68772167
12577, Yemen > Raymah > Kusmah,Raymah,14.59985617,43.68772167
12578, Yemen > Taizz > Al Qahirah,Taizz,13.39753802,43.68772167
12579, Yemen > Al Hudaydah > Az Zaydiyah,Al Hudaydah,15.00062889,43.04031959
12580, Yemen > Hadramaut > Ar Raydah Wa Qusayar,Hadramaut,16.80924424,48.84638589
12581, Yemen > Al Maharah > Huswain,Al Maharah,16.59344354,51.59013758
12582, Yemen > Hajjah > Aslem,Hajjah,16.27488061,43.11225315
12583, Yemen > Al Hudaydah > Al Qanawis,Al Hudaydah,15.00062889,43.04031959
12584, Yemen > Al Jawf > Al Maton,Al Jawf,16.76813934,46.01014819
12585, Yemen > Al Jawf > Al Hazm,Al Jawf,16.76813934,46.01014819
12586, Yemen > Taizz > Al Ma'afer,Taizz,13.39753802,43.68772167
12587, Yemen > Taizz > Mawza,Taizz,13.39753802,43.68772167
12588, Yemen > Taizz > Al  Mukha,Taizz,13.39753802,43.68772167
12589, Yemen > Taizz > Al Misrakh,Taizz,13.39753802,43.68772167
12590, Yemen > Taizz > Maqbanah,Taizz,13.39753802,43.68772167
12591, Yemen > Taizz > Ash Shamayatayn,Taizz,13.39753802,43.68772167
12592, Yemen > Hajjah > Bani Qa'is,Hajjah,16.27488061,43.11225315
12593, Yemen > Hajjah > Khayran Al Muharraq,Hajjah,16.27488061,43.11225315
12594, Yemen > Al Jawf > Khabb wa ash Sha'af,Al Jawf,16.76813934,46.01014819
12595, Yemen > Ibb > Al Qafr,Ibb,14.05521633,44.26319019
12596, Yemen > Marib > Rahabah,Marib,15.56841151,45.76081505
12597, Yemen > Marib > Mahliyah,Marib,15.56841151,45.76081505
12598, Yemen > Al Bayda > Radman Al Awad,Al Bayda,14.21742373,45.55495025
12599, Yemen > Al Bayda > Mukayras,Al Bayda,14.21742373,45.55495025
12600, Yemen > Shabwah > Rudum,Shabwah,14.67178974,46.95556076
12601, Yemen > Shabwah > Habban,Shabwah,14.67178974,46.95556076
12602, Yemen > Shabwah > Ataq,Shabwah,14.67178974,46.95556076
12603, Yemen > Hadramaut > Brom Mayfa,Hadramaut,16.80924424,48.84638589
12604, Yemen > Hajjah > Hajjah City,Hajjah,16.27488061,43.11225315
12605, Yemen > Sa'ada > Razih,Sa'ada,17.25112185,43.50274965
12606, Yemen > Al Hudaydah > Al Mina,Al Hudaydah,15.00062889,43.04031959
12607, Yemen > Al Dhale'e > Juban,Al Dhale'e,13.85996808,44.67423913
12608, Yemen > Dhamar > Dhamar City,Dhamar,14.50737016,44.42760976
12609, Yemen > Al Bayda > Al Bayda City,Al Bayda,14.21742373,45.55495025
12610, Yemen > Taizz > Shara'b Ar Rawnah,Taizz,13.39753802,43.68772167
12611, Yemen > Al Jawf > Az Zahir,Al Jawf,16.76813934,46.01014819
12612, Yemen > Ibb > Ibb,Ibb,14.05521633,44.26319019
12613, Yemen > Amran > Amran,Amran,16.3570904,43.87269369
12614, Yemen > Al Mahwit > Al Mahwait City,Al Mahwit,15.40140161,43.59523566
12615, Yemen > Sana'a > Khwlan,Sana'a,15.12394358,44.78727759
12616, Yemen > Amanat Al Asimah > Old City,Amanat Al Asimah,15.36598719,44.2020645
12617, Yemen > Sa'ada > Monabbih,Sa'ada,17.25112185,43.50274965
12618, Yemen > Marib > Harib,Marib,15.56841151,45.76081505
12619, Yemen > Aden > Al Mualla,Aden,12.84865928,45.00201169
12620, Yemen > Al Hudaydah > Jabal Ra's,Al Hudaydah,15.00062889,43.04031959
12621, Yemen > Aden > Khur Maksar,Aden,12.84865928,45.00201169
12622, Yemen > Amanat Al Asimah > Ma'ain,Amanat Al Asimah,15.36598719,44.2020645
12623, Yemen > Al Hudaydah > Ad Durayhimi,Al Hudaydah,15.00062889,43.04031959
12624, Yemen > Lahj > Al Qabbaytah,Lahj,12.96593663,44.41733354
12625, Yemen > Al Hudaydah > At Tuhayat,Al Hudaydah,15.00062889,43.04031959
12626, Yemen > Sana'a,Sana'a,15.12394358,44.78727759
12627, Yemen > Hajjah > Mabyan,Hajjah,16.27488061,43.11225315
12628, Yemen > Al Dhale'e > Damt,Al Dhale'e,13.85996808,44.67423913
12629, Yemen > Sana'a > Sanhan,Sana'a,15.12394358,44.78727759
12630, Yemen > Al Bayda > Al Bayda,Al Bayda,14.21742373,45.55495025
12631, Yemen > Hajjah > Hajjah,Hajjah,16.27488061,43.11225315
12632, Yemen > Abyan > Zingibar,Abyan,13.6955485,46.50340692
12633, Yemen > Amanat Al Asimah > Shu'aub,Amanat Al Asimah,15.36598719,44.2020645
12634, Yemen > Al Dhale'e > Ad Dhale'e,Al Dhale'e,13.85996808,44.67423913
12635, Yemen > Amran > Raydah,Amran,16.3570904,43.87269369
12636, Yemen > Al Dhale'e > Al Azariq,Al Dhale'e,13.85996808,44.67423913
12637, Yemen > Sa'ada > Sa'adah,Sa'ada,17.25112185,43.50274965
12638, Yemen > Sana'a > Hamdan,Sana'a,15.12394358,44.78727759
12639, Yemen > Amanat Al Asimah > At Tahrir,Amanat Al Asimah,15.36598719,44.2020645
12640, Yemen > Amanat Al Asimah > Bani Al Harith,Amanat Al Asimah,15.36598719,44.2020645
12641, Yemen > Lahj > Al Milah,Lahj,12.96593663,44.41733354
12642, Yemen > Taizz > Al Wazi'iyah,Taizz,13.39753802,43.68772167
12643, Yemen > Al Hudaydah > Ad Dahi,Al Hudaydah,15.00062889,43.04031959
12644, Yemen > Taizz > Dhubab,Taizz,13.39753802,43.68772167
12645, Yemen > Al Hudaydah > Hays,Al Hudaydah,15.00062889,43.04031959
12646, Yemen > Al Hudaydah > Al Mansuriyah,Al Hudaydah,15.00062889,43.04031959
12647, Yemen > Hajjah > Qafl Shamer,Hajjah,16.27488061,43.11225315
12648, Yemen > Hajjah > Mustaba,Hajjah,16.27488061,43.11225315
12649, Yemen > Al Hudaydah > Al Munirah,Al Hudaydah,15.00062889,43.04031959
12650, Yemen > Al Hudaydah > Al Mighlaf,Al Hudaydah,15.00062889,43.04031959
12651, Yemen > Hajjah > Aflah Al Yaman,Hajjah,16.27488061,43.11225315
12652, Yemen > Ibb > Dhi As Sufal,Ibb,14.05521633,44.26319019
12653, Yemen > Ibb > Al Mashannah,Ibb,14.05521633,44.26319019
12654, Yemen > Al Dhale'e > Qa'atabah,Al Dhale'e,13.85996808,44.67423913
12655, Yemen > Sa'ada > Sahar,Sa'ada,17.25112185,43.50274965
12656, Yemen > Ibb > Far Al Udayn,Ibb,14.05521633,44.26319019
12657, Yemen > Al Mahwit > Al Khabt,Al Mahwit,15.40140161,43.59523566
12658, Yemen > Hajjah > Washhah,Hajjah,16.27488061,43.11225315
12659, Yemen > Aden > Al Buraiqeh,Aden,12.84865928,45.00201169
12660, Yemen > Aden > Al Mansura,Aden,12.84865928,45.00201169
12661, Yemen > Aden > Ash Shaikh Outhman,Aden,12.84865928,45.00201169
12662, Yemen > Aden > Dar Sad,Aden,12.84865928,45.00201169
12663, Yemen > Taizz > Mawiyah,Taizz,13.39753802,43.68772167
12664, Yemen > Shabwah > Bayhan,Shabwah,14.67178974,46.95556076
12665, Yemen > Abyan > Lawdar,Abyan,13.6955485,46.50340692
12666, Yemen > Al Bayda > As Sawadiyah,Al Bayda,14.21742373,45.55495025
12667, Yemen > Al Bayda > Nati',Al Bayda,14.21742373,45.55495025
12668, Yemen > Hajjah > Kushar,Hajjah,16.27488061,43.11225315
12669, Yemen > Sa'ada > Baqim > Khashabat Al-Hawyah,Sa'ada,17.25112185,43.50274965
12670, Yemen > Raymah > Al Jafariyah,Raymah,14.59985617,43.68772167
12671, Yemen > Hajjah > Hayran,Hajjah,16.27488061,43.11225315
12672, Yemen > Abyan > Khanfir,Abyan,13.6955485,46.50340692
12673, Yemen > Al Jawf > Al Ghayl,Al Jawf,16.76813934,46.01014819
12674, Yemen > Al Bayda > Az Zahir,Al Bayda,14.21742373,45.55495025
12675, Yemen > Sa'ada > Al Dhaher,Sa'ada,17.25112185,43.50274965
12676, Yemen > Sa'ada > Haydan,Sa'ada,17.25112185,43.50274965
12677, Yemen > Amanat Al Asimah > As Sabain,Amanat Al Asimah,15.36598719,44.2020645
12678, Yemen > Sana'a > Bani Hushaysh,Sana'a,15.12394358,44.78727759
12679, Yemen > Amanat Al Asimah > Assafi'yah,Amanat Al Asimah,15.36598719,44.2020645
12680, Yemen > Abyan > Mudiyah,Abyan,13.6955485,46.50340692
12681, Yemen > Abyan > Jayshan,Abyan,13.6955485,46.50340692
12682, Yemen > Abyan > Sibah,Abyan,13.6955485,46.50340692
12683, Yemen > Hajjah > Ash Shaghadirah,Hajjah,16.27488061,43.11225315
12684, Yemen > Hajjah > Aflah Ash Shawm,Hajjah,16.27488061,43.11225315
12685, Yemen > Hajjah > Al Jamimah,Hajjah,16.27488061,43.11225315
12686, Yemen > Al Hudaydah > Al Marawi'ah,Al Hudaydah,15.00062889,43.04031959
12687, Yemen > Hajjah > Al Mahabishah,Hajjah,16.27488061,43.11225315
12688, Yemen > Al Hudaydah > Al Hali,Al Hudaydah,15.00062889,43.04031959
12689, Yemen > Hajjah > Ku'aydinah,Hajjah,16.27488061,43.11225315
12690, Yemen > Al Hudaydah > Bayt Al Faqiah,Al Hudaydah,15.00062889,43.04031959
12691, Yemen > Raymah > As Salafiyah,Raymah,14.59985617,43.68772167
12692, Yemen > Hajjah > Al Maghrabah,Hajjah,16.27488061,43.11225315
12693, Yemen > Hajjah > Najrah,Hajjah,16.27488061,43.11225315
12694, Yemen > Al Hudaydah > Alluheyah,Al Hudaydah,15.00062889,43.04031959
12695, Yemen > Al Hudaydah > Al Hawak,Al Hudaydah,15.00062889,43.04031959
12696, Yemen > Al Hudaydah > Al Garrahi,Al Hudaydah,15.00062889,43.04031959
12697, Yemen > Al Hudaydah > Zabid,Al Hudaydah,15.00062889,43.04031959
12698, Yemen > Marib > Marib City > Al-Ashraf,Marib,15.56841151,45.76081505
12699, Yemen > Marib > Majzar,Marib,15.56841151,45.76081505
12700, Yemen > Aden > Khur Maksar > Aden,Aden,12.84865928,45.00201169
12701, Yemen > Dhamar > Wusab As Safil,Dhamar,14.50737016,44.42760976
12702, Yemen > Hadramaut > Ash Shihr > Ash Shahr,Hadramaut,16.80924424,48.84638589
12703, Yemen > Taizz > Jabal Habashy,Taizz,13.39753802,43.68772167
12704, Yemen > Shabwah > Usaylan,Shabwah,14.67178974,46.95556076
12705, Yemen > Marib > Al Abdiyah,Marib,15.56841151,45.76081505
12706, Yemen > Al Jawf > Bart Al Anan,Al Jawf,16.76813934,46.01014819
12707, Yemen > Amran > Maswar,Amran,16.3570904,43.87269369
12708, Yemen > Ibb > Yarim,Ibb,14.05521633,44.26319019
12709, Yemen > Hadramaut > Ash Shihr,Hadramaut,16.80924424,48.84638589
12710, Yemen > Hajjah > Midi,Hajjah,16.27488061,43.11225315
12711, Yemen > Hajjah > Haradh,Hajjah,16.27488061,43.11225315
12712, Yemen > Al Mahwit > Milhan,Al Mahwit,15.40140161,43.59523566
12713,Ibb -> Ar Radmah -> Al-Ratmah,Ibb,14.05521633,44.26319019
12714,Ibb -> Ar Radmah -> Thee Ashra,Ibb,14.05521633,44.26319019
12715,Sana'a -> Sa'fan,Sana'a,15.12394358,44.78727759
12716,Sana'a -> Manakhah,Sana'a,15.12394358,44.78727759
12717,Ibb -> Far Al Udayn,Ibb,14.05521633,44.26319019
12718,Taizz -> As Silw,Taizz,13.39753802,43.68772167
12719,Taizz -> Jabal Habashy,Taizz,13.39753802,43.68772167
12720,Sana'a -> Hamdan,Sana'a,15.12394358,44.78727759
12721,Abyan -> Ahwar,Abyan,13.6955485,46.50340692
12722,Al Hudaydah -> As Sukhnah,Al Hudaydah,15.00062889,43.04031959
12723,Al Hudaydah -> Bayt Al Faqiah,Al Hudaydah,15.00062889,43.04031959
12724,Abyan -> Khanfir,Abyan,13.6955485,46.50340692
12725,Dhamar -> Wusab As Safil,Dhamar,14.50737016,44.42760976
12726,Hajjah -> Aslem,Hajjah,16.27488061,43.11225315
12727,Hajjah -> Abs,Hajjah,16.27488061,43.11225315
12728,Hajjah -> Qafl Shamer,Hajjah,16.27488061,43.11225315
12729,Taizz -> Al Misrakh,Taizz,13.39753802,43.68772167
12730,Taizz -> Al Misrakh -> Al-Sarfah,Taizz,13.39753802,43.68772167
12731,Hajjah -> Qafl Shamer -> Bait Al-Zeeh,Hajjah,16.27488061,43.11225315
12732,Sa'ada -> Saqayn,Sa'ada,17.25112185,43.50274965
12733,Amran -> Khamir,Amran,16.3570904,43.87269369
12734,Amran -> Al Qaflah,Amran,16.3570904,43.87269369
12735,Amran -> Bani Suraim,Amran,16.3570904,43.87269369
12736,Amran -> Huth,Amran,16.3570904,43.87269369
12737,Lahj -> Al Maqatirah,Lahj,12.96593663,44.41733354
12738,Lahj -> Al Musaymir,Lahj,12.96593663,44.41733354
12739,Sa'ada -> Haydan,Sa'ada,17.25112185,43.50274965
12740,Abyan -> Zingibar,Abyan,13.6955485,46.50340692
12741,Hajjah -> Bani Qa'is,Hajjah,16.27488061,43.11225315
12742,Al Hudaydah -> Al Qanawis -> Deer Dahmash,Al Hudaydah,15.00062889,43.04031959
12743,Al Hudaydah -> As Sukhnah -> Al-Aqaryah,Al Hudaydah,15.00062889,43.04031959
12744,Al Hudaydah -> As Sukhnah -> Al-Madafen,Al Hudaydah,15.00062889,43.04031959
12745,Al Hudaydah -> As Sukhnah -> Al-Damegh,Al Hudaydah,15.00062889,43.04031959
12746,Sana'a -> Bani Matar,Sana'a,15.12394358,44.78727759
12747,Al Jawf -> Al Maton,Al Jawf,16.76813934,46.01014819
12748,Amran -> Kharif,Amran,16.3570904,43.87269369
12749,Ibb -> As Sayyani,Ibb,14.05521633,44.26319019
12750,Sana'a,Sana'a,15.12394358,44.78727759
12751,Al Jawf -> Bart Al Anan,Al Jawf,16.76813934,46.01014819
12752,Hajjah -> Hajjah City,Hajjah,16.27488061,43.11225315
12753,Sa'ada -> Monabbih,Sa'ada,17.25112185,43.50274965
12754,Al Dhale'e -> Jahaf,Al Dhale'e,13.85996808,44.67423913
12755,Al Dhale'e -> Al Azariq,Al Dhale'e,13.85996808,44.67423913
12756,Al Hudaydah -> Bajil,Al Hudaydah,15.00062889,43.04031959
12757,Ibb -> Al Udayn,Ibb,14.05521633,44.26319019
12758,Sa'ada -> Razih,Sa'ada,17.25112185,43.50274965
12759,Ibb -> Hazm Al Udayn,Ibb,14.05521633,44.26319019
12760,Ibb -> Mudhaykhirah,Ibb,14.05521633,44.26319019
12761,Sana'a -> Manakhah -> Manakhah,Sana'a,15.12394358,44.78727759
12762,Hajjah,Hajjah,16.27488061,43.11225315
12763,Abyan -> Rasad,Abyan,13.6955485,46.50340692
12764,Al Hudaydah -> Az Zuhrah -> Deer Al-Sayed,Al Hudaydah,15.00062889,43.04031959
12765,Hajjah -> Abs -> Abs,Hajjah,16.27488061,43.11225315
12766,Hajjah -> Abs -> Bani Ahmed,Hajjah,16.27488061,43.11225315
12767,Al Hudaydah -> Az Zuhrah -> Cadf Bani Odhaby,Al Hudaydah,15.00062889,43.04031959
12768,Hajjah -> Abs -> Dabn,Hajjah,16.27488061,43.11225315
12769,Hajjah -> Hayran -> Bani Fadhel,Hajjah,16.27488061,43.11225315
12770,Hajjah -> Hayran -> Al-Masharefah,Hajjah,16.27488061,43.11225315
12771,Al Hudaydah -> Az Zuhrah -> Noaman,Al Hudaydah,15.00062889,43.04031959
12772,Al Hudaydah -> Az Zuhrah -> Deer Mansour,Al Hudaydah,15.00062889,43.04031959
12773,Dhamar -> Jabal Ash sharq,Dhamar,14.50737016,44.42760976
12774,Hadramaut -> Al Mukalla -> Al-Masna,Hadramaut,16.80924424,48.84638589
12775,Hadramaut -> Ghayl Ba Wazir -> Gheil Al-Halekah,Hadramaut,16.80924424,48.84638589
12776,Hadramaut -> Al Mukalla -> Hamam,Hadramaut,16.80924424,48.84638589
12777,Hadramaut -> Ghayl Ba Wazir -> Al-Carah,Hadramaut,16.80924424,48.84638589
12778,Hadramaut -> Al Mukalla -> Bein Al-Jebal,Hadramaut,16.80924424,48.84638589
12779,Hadramaut -> Ghayl Ba Wazir -> Ras Al-Aqeim,Hadramaut,16.80924424,48.84638589
12780,Hadramaut -> Ghayl Ba Wazir -> Ghail Ba Wazir,Hadramaut,16.80924424,48.84638589
12781,Hadramaut -> Ghayl Ba Wazir -> Al-Eiuon,Hadramaut,16.80924424,48.84638589
12782,Hadramaut -> Ghayl Ba Wazir,Hadramaut,16.80924424,48.84638589
12783,Hadramaut -> Al Mukalla,Hadramaut,16.80924424,48.84638589
12784,Shabwah -> Ataq,Shabwah,14.67178974,46.95556076
12785,Shabwah -> Habban,Shabwah,14.67178974,46.95556076
12786,Abyan -> Sarar,Abyan,13.6955485,46.50340692
12787,Aden -> Dar Sad,Aden,12.84865928,45.00201169
12788,Al Hudaydah -> Al Qanawis -> Al-Hameis,Al Hudaydah,15.00062889,43.04031959
12789,Lahj -> Al Qabbaytah -> Al-Dhabrah,Lahj,12.96593663,44.41733354
12790,Sana'a -> Hamdan -> Dharwan,Sana'a,15.12394358,44.78727759
12791,Marib -> Harib Al Qaramish,Marib,15.56841151,45.76081505
12792,Marib -> Marib,Marib,15.56841151,45.76081505
12793,Marib -> Marib City,Marib,15.56841151,45.76081505
12794,Al Jawf -> Rajuzah,Al Jawf,16.76813934,46.01014819
12795,Al Hudaydah -> Al Hajjaylah -> Al-Hujailah,Al Hudaydah,15.00062889,43.04031959
12796,Hajjah -> Aflah Al Yaman -> Al-Mezab,Hajjah,16.27488061,43.11225315
12797,Hajjah -> Hajjah,Hajjah,16.27488061,43.11225315
12798,Hajjah -> Ash Shaghadirah -> Al-Hawyah,Hajjah,16.27488061,43.11225315
12799,Lahj -> Al Maqatirah -> Al-Cabeebah,Lahj,12.96593663,44.41733354
12800,Lahj -> Al Maqatirah -> Al-Maseejd,Lahj,12.96593663,44.41733354
12801,Lahj -> Al Maqatirah -> Al-Haneeshah,Lahj,12.96593663,44.41733354
12802,Lahj -> Al Maqatirah -> Al-Mahraqah,Lahj,12.96593663,44.41733354
12803,Lahj -> Al Maqatirah -> Araf,Lahj,12.96593663,44.41733354
12804,Lahj -> Al Maqatirah -> Al-Mahelah,Lahj,12.96593663,44.41733354
12805,Lahj -> Al Maqatirah -> Al-Barh,Lahj,12.96593663,44.41733354
12806,Sana'a -> Sa'fan -> Al-Zabyah,Sana'a,15.12394358,44.78727759
12807,Al Hudaydah -> Bura -> Bani Al-Abadi,Al Hudaydah,15.00062889,43.04031959
12808,Al Hudaydah -> Bura -> Al-Qad,Al Hudaydah,15.00062889,43.04031959
12809,Al Hudaydah -> Bura -> Al-Caheb,Al Hudaydah,15.00062889,43.04031959
12810,Al Hudaydah -> Bura -> Al-Nashah,Al Hudaydah,15.00062889,43.04031959
12811,Al Hudaydah -> As Sukhnah -> Coheil,Al Hudaydah,15.00062889,43.04031959
12812,Al Hudaydah -> Bura -> Al-Buaymi,Al Hudaydah,15.00062889,43.04031959
12813,Al Hudaydah -> Bura -> Al-Merkham,Al Hudaydah,15.00062889,43.04031959
12814,Al Hudaydah -> Bura -> Odhr,Al Hudaydah,15.00062889,43.04031959
12815,Al Hudaydah -> Bura -> Beineen,Al Hudaydah,15.00062889,43.04031959
12816,Al Hudaydah -> Bura -> Al-Dhareef,Al Hudaydah,15.00062889,43.04031959
12817,Al Hudaydah -> Bura -> Eiuon,Al Hudaydah,15.00062889,43.04031959
12818,Al Hudaydah -> Bura -> Acamat Al-Sharf,Al Hudaydah,15.00062889,43.04031959
12819,Al Hudaydah -> Bura -> Mahwal,Al Hudaydah,15.00062889,43.04031959
12820,Al Hudaydah -> Bura -> Jailan,Al Hudaydah,15.00062889,43.04031959
12821,Al Hudaydah -> Bura -> Abr Sad,Al Hudaydah,15.00062889,43.04031959
12822,Al Hudaydah -> Bura -> Haz Al-Shamah,Al Hudaydah,15.00062889,43.04031959
12823,Al Hudaydah -> Bura -> Al-Jahatemah,Al Hudaydah,15.00062889,43.04031959
12824,Al Hudaydah -> Bura -> Al-Cubah,Al Hudaydah,15.00062889,43.04031959
12825,Al Hudaydah -> Bura -> Al-Thari,Al Hudaydah,15.00062889,43.04031959
12826,Al Hudaydah -> Bura -> Reqab,Al Hudaydah,15.00062889,43.04031959
12827,Al Hudaydah -> Bura -> Rajn,Al Hudaydah,15.00062889,43.04031959
12828,Hadramaut -> Al Abr,Hadramaut,16.80924424,48.84638589
12829,Lahj -> Al Milah,Lahj,12.96593663,44.41733354
12830,Al Hudaydah -> Az Zaydiyah,Al Hudaydah,15.00062889,43.04031959
12831,Hadramaut -> Yabuth,Hadramaut,16.80924424,48.84638589
12832,Hadramaut -> Adh Dhlia'ah,Hadramaut,16.80924424,48.84638589
12833,Ibb,Ibb,14.05521633,44.26319019
12834,Taizz,Taizz,13.39753802,43.68772167
12835,Abyan -> Al Wade'a,Abyan,13.6955485,46.50340692
12836,Abyan -> Mudiyah,Abyan,13.6955485,46.50340692
12837,Abyan -> Lawdar,Abyan,13.6955485,46.50340692
12838,Aden -> Al Buraiqeh,Aden,12.84865928,45.00201169
12839,Hajjah -> Al Jamimah,Hajjah,16.27488061,43.11225315
12840,Hajjah -> Bakil Al Mir,Hajjah,16.27488061,43.11225315
12841,Hajjah -> Washhah,Hajjah,16.27488061,43.11225315
12842,Hajjah -> Ash Shaghadirah,Hajjah,16.27488061,43.11225315
12843,Hajjah -> Kushar,Hajjah,16.27488061,43.11225315
12844,Al Dhale'e,Al Dhale'e,13.85996808,44.67423913
12845,Amran -> Al Ashah,Amran,16.3570904,43.87269369
12846,Amran -> Al Madan,Amran,16.3570904,43.87269369
12847,Amran -> Harf Sufyan,Amran,16.3570904,43.87269369
12848,Amran -> As Sawd,Amran,16.3570904,43.87269369
12849,Al Bayda -> Mukayras,Al Bayda,14.21742373,45.55495025
12850,Al Bayda -> Rada',Al Bayda,14.21742373,45.55495025
12851,Al Bayda -> Radman Al Awad,Al Bayda,14.21742373,45.55495025
12852,Al Bayda -> Al Bayda City,Al Bayda,14.21742373,45.55495025
12853,Al Bayda -> Al Bayda,Al Bayda,14.21742373,45.55495025
12854,Al Bayda -> Al Malagim,Al Bayda,14.21742373,45.55495025
12855,Al Bayda,Al Bayda,14.21742373,45.55495025
12856,Al Bayda -> Ash Sharyah,Al Bayda,14.21742373,45.55495025
12857,Taizz -> At Ta'iziyah,Taizz,13.39753802,43.68772167
12858,Taizz -> Al Wazi'iyah,Taizz,13.39753802,43.68772167
12859,Taizz -> Al  Mukha,Taizz,13.39753802,43.68772167
12860,Taizz -> Shara'b Ar Rawnah,Taizz,13.39753802,43.68772167
12861,Taizz -> Maqbanah,Taizz,13.39753802,43.68772167
12862,Dhamar -> Dhamar City,Dhamar,14.50737016,44.42760976
12863,Dhamar -> Utmah,Dhamar,14.50737016,44.42760976
12864,Dhamar -> Jahran,Dhamar,14.50737016,44.42760976
12865,Dhamar -> Anss,Dhamar,14.50737016,44.42760976
12866,Dhamar -> Wusab Al Ali,Dhamar,14.50737016,44.42760976
12867,Al Mahwit,Al Mahwit,15.40140161,43.59523566
12868,Amanat Al Asimah -> As Sabain,Amanat Al Asimah,15.36598719,44.2020645
12869,Amanat Al Asimah -> Shu'aub,Amanat Al Asimah,15.36598719,44.2020645
12870,Amanat Al Asimah -> Ma'ain,Amanat Al Asimah,15.36598719,44.2020645
12871,Amanat Al Asimah -> Az'zal,Amanat Al Asimah,15.36598719,44.2020645
12872,Amanat Al Asimah -> Bani Al Harith,Amanat Al Asimah,15.36598719,44.2020645
12873,Raymah,Raymah,14.59985617,43.68772167
12874,Amran,Amran,16.3570904,43.87269369
12875,Raymah -> Kusmah,Raymah,14.59985617,43.68772167
12876,Raymah -> As Salafiyah,Raymah,14.59985617,43.68772167
12877,Raymah -> Al Jafariyah,Raymah,14.59985617,43.68772167
12878,Raymah -> Mazhar,Raymah,14.59985617,43.68772167
12879,Raymah -> Al Jabin,Raymah,14.59985617,43.68772167
12880,Raymah -> Bilad At Ta'am,Raymah,14.59985617,43.68772167
12881,Dhamar -> Al Hada,Dhamar,14.50737016,44.42760976
12882,Dhamar -> Jahran -> Mabr,Dhamar,14.50737016,44.42760976
12883,Al Mahwit -> Hufash,Al Mahwit,15.40140161,43.59523566
12884,Al Mahwit -> Shibam Kawkaban,Al Mahwit,15.40140161,43.59523566
12885,Al Mahwit -> Al Mahwait City,Al Mahwit,15.40140161,43.59523566
12886,Al Mahwit -> Al Khabt,Al Mahwit,15.40140161,43.59523566
12887,Al Mahwit -> At Tawilah,Al Mahwit,15.40140161,43.59523566
12888,Al Mahwit -> Bani Sa'd,Al Mahwit,15.40140161,43.59523566
12889,Al Mahwit -> Milhan,Al Mahwit,15.40140161,43.59523566
12890,Abyan,Abyan,13.6955485,46.50340692
12891,Aden,Aden,12.84865928,45.00201169
12892,Amanat Al Asimah,Amanat Al Asimah,15.36598719,44.2020645
12893,Dhamar,Dhamar,14.50737016,44.42760976
12894,Taizz -> Ash Shamayatayn,Taizz,13.39753802,43.68772167
12895,Ibb -> Mudhaykhirah -> Al-Ozlah,Ibb,14.05521633,44.26319019
12896,Ibb -> Mudhaykhirah -> Al-Reis,Ibb,14.05521633,44.26319019
12897,Ibb -> Mudhaykhirah ->  Al-Nejd Market,Ibb,14.05521633,44.26319019
12898,Ibb -> Mudhaykhirah -> Mutheikhrah,Ibb,14.05521633,44.26319019
12899,Dhamar -> Dawran Aness,Dhamar,14.50737016,44.42760976
12900,Lahj -> Tuban -> Anqoudah,Lahj,12.96593663,44.41733354
12901,Lahj -> Tuban -> Al-Anad,Lahj,12.96593663,44.41733354
12902,Lahj -> Tuban -> Sefyan,Lahj,12.96593663,44.41733354
12903,Lahj -> Tuban -> Al-Khadad,Lahj,12.96593663,44.41733354
12904,Lahj -> Tuban -> Joal Yemani,Lahj,12.96593663,44.41733354
12905,Lahj -> Tuban -> Zaydah,Lahj,12.96593663,44.41733354
12906,Lahj -> Tuban -> Bait Eyadh,Lahj,12.96593663,44.41733354
12907,Lahj -> Tuban -> Cadmah Owad Ali,Lahj,12.96593663,44.41733354
12908,Lahj -> Tuban -> Al-What,Lahj,12.96593663,44.41733354
12909,Lahj -> Tuban -> Joal Hasan,Lahj,12.96593663,44.41733354
12910,Lahj -> Tuban -> Abr Badr,Lahj,12.96593663,44.41733354
12911,Lahj -> Tuban -> Al-Hasky,Lahj,12.96593663,44.41733354
12912,Lahj -> Tuban -> Tahrour,Lahj,12.96593663,44.41733354
12913,Al Hudaydah -> Al Khawkhah,Al Hudaydah,15.00062889,43.04031959
12914,Al Hudaydah -> At Tuhayat,Al Hudaydah,15.00062889,43.04031959
12915,Al Hudaydah -> As Salif,Al Hudaydah,15.00062889,43.04031959
12916,Al Hudaydah -> Bura -> Al-Gheileen,Al Hudaydah,15.00062889,43.04031959
12917,Al Hudaydah -> Bura -> Antarah,Al Hudaydah,15.00062889,43.04031959
12918,Al Hudaydah -> Bura -> Manoub,Al Hudaydah,15.00062889,43.04031959
12919,Al Hudaydah -> Bura -> Al-Zeraei,Al Hudaydah,15.00062889,43.04031959
12920,Al Mahwit -> Bani Sa'd -> Al-Carb,Al Mahwit,15.40140161,43.59523566
12921,Al Hudaydah -> Al Mighlaf,Al Hudaydah,15.00062889,43.04031959
12922,Al Hudaydah -> Al Mansuriyah,Al Hudaydah,15.00062889,43.04031959
12923,Taizz -> Dimnat Khadir,Taizz,13.39753802,43.68772167
12924,Lahj -> Al Qabbaytah,Lahj,12.96593663,44.41733354
12925,Al Dhale'e -> Al Husha,Al Dhale'e,13.85996808,44.67423913
12926,Al Hudaydah -> Az Zaydiyah -> Qaryat Al-Hashaberah,Al Hudaydah,15.00062889,43.04031959
12927,Al Hudaydah -> Bayt Al Faqiah -> Al-Muzahrah,Al Hudaydah,15.00062889,43.04031959
12928,Al Hudaydah -> Bayt Al Faqiah -> Bani Maqboul,Al Hudaydah,15.00062889,43.04031959
12929,Al Hudaydah -> Bayt Al Faqiah -> Bait Al-Faqeeh,Al Hudaydah,15.00062889,43.04031959
12930,Al Hudaydah -> Az Zaydiyah -> Az Zaydiyah,Al Hudaydah,15.00062889,43.04031959
12931,Al Mahwit -> Ar Rujum -> Sahl Baqel,Al Mahwit,15.40140161,43.59523566
12932,Al Mahwit -> Ar Rujum -> Al-Jazb,Al Mahwit,15.40140161,43.59523566
12933,Al Mahwit -> Ar Rujum -> Al-Dhohr,Al Mahwit,15.40140161,43.59523566
12934,Al Mahwit -> Ar Rujum -> Al-Jalbah,Al Mahwit,15.40140161,43.59523566
12935,Al Mahwit -> Ar Rujum,Al Mahwit,15.40140161,43.59523566
12936,Al Mahwit -> Ar Rujum -> Al-Rujom,Al Mahwit,15.40140161,43.59523566
12937,Al Mahwit -> Ar Rujum -> Rawhan,Al Mahwit,15.40140161,43.59523566
12938,Amran -> Raydah -> Reidah,Amran,16.3570904,43.87269369
12939,Abyan -> Al Mahfad,Abyan,13.6955485,46.50340692
12940,Aden -> Craiter,Aden,12.84865928,45.00201169
12941,Hajjah -> Khayran Al Muharraq,Hajjah,16.27488061,43.11225315
12942,Al Hudaydah -> At Tuhayat -> Al-Tuheita,Al Hudaydah,15.00062889,43.04031959
12943,Hajjah -> Mustaba,Hajjah,16.27488061,43.11225315
12944,Hajjah -> Aflah Al Yaman,Hajjah,16.27488061,43.11225315
12945,Al Bayda -> Al Bayda City -> Al-Baida City,Al Bayda,14.21742373,45.55495025
12946,Al Hudaydah -> Bajil -> Deer Bareih,Al Hudaydah,15.00062889,43.04031959
12947,Al Hudaydah -> Bajil -> Al-Damn,Al Hudaydah,15.00062889,43.04031959
12948,Al Hudaydah -> As Sukhnah -> Deer Al-Hadeish,Al Hudaydah,15.00062889,43.04031959
12949,Al Hudaydah -> Bajil -> Al-Meshwaf,Al Hudaydah,15.00062889,43.04031959
12950,Hajjah -> Hayran -> Al-Sadah,Hajjah,16.27488061,43.11225315
12951,Hajjah -> Abs -> Al-Melakhah,Hajjah,16.27488061,43.11225315
12952,Hajjah -> Hayran -> Bani Al-Khamj,Hajjah,16.27488061,43.11225315
12953,Hajjah -> Hayran -> Al-Deer,Hajjah,16.27488061,43.11225315
12954,Hajjah -> Abs -> Al-Nawahi Al-Sofla,Hajjah,16.27488061,43.11225315
12955,Hajjah -> Hayran -> Bani Al-Mash,Hajjah,16.27488061,43.11225315
12956,Hajjah -> Abs -> Al-Makhzan Bani Ahmed,Hajjah,16.27488061,43.11225315
12957,Hajjah -> Abs -> Barman,Hajjah,16.27488061,43.11225315
12958,Hajjah -> Abs -> Al-Mehsam,Hajjah,16.27488061,43.11225315
12959,Hajjah -> Abs -> Al-Okashyah,Hajjah,16.27488061,43.11225315
12960,Hajjah -> Abs -> Shab Al-Doush,Hajjah,16.27488061,43.11225315
12961,Hajjah -> Hayran -> Al-Awja,Hajjah,16.27488061,43.11225315
12962,Hajjah -> Abs -> Al-Hamur,Hajjah,16.27488061,43.11225315
12963,Hajjah -> Abs -> Al-Hujrah,Hajjah,16.27488061,43.11225315
12964,Hajjah -> Hayran -> Al-Khowaryah,Hajjah,16.27488061,43.11225315
12965,Hajjah -> Hayran -> Qatbah Bani Al-Aati,Hajjah,16.27488061,43.11225315
12966,Taizz -> Mawiyah,Taizz,13.39753802,43.68772167
12967,Taizz -> Al Qahirah,Taizz,13.39753802,43.68772167
12968,Taizz -> Al Mudhaffar,Taizz,13.39753802,43.68772167
12969,Lahj -> Tuban,Lahj,12.96593663,44.41733354
12970,Taizz -> Al Mawasit,Taizz,13.39753802,43.68772167
12971,Hadramaut,Hadramaut,16.80924424,48.84638589
12972,Shabwah,Shabwah,14.67178974,46.95556076
12973,Sa'ada,Sa'ada,17.25112185,43.50274965
12974,Lahj,Lahj,12.96593663,44.41733354
12975,Al Hudaydah,Al Hudaydah,15.00062889,43.04031959
12976,Ibb -> Dhi As Sufal,Ibb,14.05521633,44.26319019
12977,Hajjah -> Ku'aydinah,Hajjah,16.27488061,43.11225315
12978,Sana'a -> Arhab,Sana'a,15.12394358,44.78727759
12979,Al Hudaydah -> Az Zuhrah,Al Hudaydah,15.00062889,43.04031959
12980,Sana'a -> Attyal,Sana'a,15.12394358,44.78727759
12981,Al Dhale'e -> Damt,Al Dhale'e,13.85996808,44.67423913
12982,Hadramaut -> Brom Mayfa,Hadramaut,16.80924424,48.84638589
12983,Ibb -> Dhi As Sufal -> Al-Qaedah,Ibb,14.05521633,44.26319019
12984,Marib -> Medghal,Marib,15.56841151,45.76081505
12985,Marib -> Sirwah,Marib,15.56841151,45.76081505
12986,Dhamar -> Mayfa'at Anss,Dhamar,14.50737016,44.42760976
12987,Dhamar -> Maghirib Ans,Dhamar,14.50737016,44.42760976
12988,Shabwah -> Ataq -> Ataq,Shabwah,14.67178974,46.95556076
12989,Al Hudaydah -> Al Marawi'ah -> Al Marawi'ah,Al Hudaydah,15.00062889,43.04031959
12990,Al Hudaydah -> Bajil -> Al-Zawmah,Al Hudaydah,15.00062889,43.04031959
12991,Al Hudaydah -> Al Marawi'ah -> Al-Afjyah,Al Hudaydah,15.00062889,43.04031959
12992,Sana'a -> Sa'fan -> Al-Mazabah,Sana'a,15.12394358,44.78727759
12993,Sana'a -> Sa'fan -> Al-Wajrah,Sana'a,15.12394358,44.78727759
12994,Sana'a -> Sa'fan -> Asbab,Sana'a,15.12394358,44.78727759
12995,Sana'a -> Sa'fan -> Al-Maghareb,Sana'a,15.12394358,44.78727759
12996,Sana'a -> Sa'fan -> Rowabah,Sana'a,15.12394358,44.78727759
12997,Sana'a -> Sa'fan -> Al-Hesn (Fort),Sana'a,15.12394358,44.78727759
12998,Sana'a -> Sa'fan -> Al-Marawelah,Sana'a,15.12394358,44.78727759
12999,Sana'a -> Sa'fan -> Al-Shuabah,Sana'a,15.12394358,44.78727759
13000,Sana'a -> Sa'fan -> Shalwal,Sana'a,15.12394358,44.78727759
13001,Sana'a -> Sa'fan -> Al-Acamah,Sana'a,15.12394358,44.78727759
13002,Sana'a -> Sa'fan -> Har Wadi,Sana'a,15.12394358,44.78727759
13003,Al Hudaydah -> Al Mansuriyah -> Al-Jroup,Al Hudaydah,15.00062889,43.04031959
13004,Al Hudaydah -> Al Mansuriyah -> Al-Mahwa Al-Asfal,Al Hudaydah,15.00062889,43.04031959
13005,Al Hudaydah -> Al Garrahi -> Al Garrahi,Al Hudaydah,15.00062889,43.04031959
13006,Al Hudaydah -> Al Garrahi -> Mahwa Al-Mashra,Al Hudaydah,15.00062889,43.04031959
13007,Al Hudaydah -> Al Mansuriyah -> Al-Lejam Al-Asfal,Al Hudaydah,15.00062889,43.04031959
13008,Al Hudaydah -> Al Mansuriyah -> Al-Radhyah,Al Hudaydah,15.00062889,43.04031959
13009,Al Hudaydah -> Al Garrahi -> Al-Mazra,Al Hudaydah,15.00062889,43.04031959
13010,Al Hudaydah -> Al Mansuriyah -> Yafa'ah,Al Hudaydah,15.00062889,43.04031959
13011,Al Hudaydah -> Al Garrahi -> Al-Jar,Al Hudaydah,15.00062889,43.04031959
13012,Al Hudaydah -> Al Mansuriyah -> Al-Mashreq,Al Hudaydah,15.00062889,43.04031959
13013,Hajjah -> Abs -> Shafar,Hajjah,16.27488061,43.11225315
13014,Hajjah -> Abs -> Al-Aredh,Hajjah,16.27488061,43.11225315
13015,Hajjah -> Abs -> Bani Dobsh,Hajjah,16.27488061,43.11225315
13016,Hajjah -> Abs -> Al-Masarah Al-Olya,Hajjah,16.27488061,43.11225315
13017,Al Dhale'e -> Al Azariq -> Mathad,Al Dhale'e,13.85996808,44.67423913
13018,Al Dhale'e -> Al Azariq -> Al-Qafly,Al Dhale'e,13.85996808,44.67423913
13019,Al Dhale'e -> Al Azariq -> Araef,Al Dhale'e,13.85996808,44.67423913
13020,Al Dhale'e -> Al Azariq -> Al-Rawnah,Al Dhale'e,13.85996808,44.67423913
13021,Al Dhale'e -> Al Azariq -> Tawrasah,Al Dhale'e,13.85996808,44.67423913
13022,Al Dhale'e -> Al Azariq -> Al-Haql,Al Dhale'e,13.85996808,44.67423913
13023,Al Hudaydah -> Bura,Al Hudaydah,15.00062889,43.04031959
13024,Hajjah -> Wadhrah,Hajjah,16.27488061,43.11225315
13025,Al Hudaydah -> Az Zaydiyah -> Deer Aslah,Al Hudaydah,15.00062889,43.04031959
13026,Al Hudaydah -> Az Zaydiyah -> Deer Ghorab,Al Hudaydah,15.00062889,43.04031959
13027,Hajjah -> Al Mahabishah,Hajjah,16.27488061,43.11225315
13028,Hajjah -> Kuhlan Ash Sharaf,Hajjah,16.27488061,43.11225315
13029,Hajjah -> Ash Shahil,Hajjah,16.27488061,43.11225315
13030,Al Bayda -> As Sawma'ah,Al Bayda,14.21742373,45.55495025
13031,Al Bayda -> Az Zahir,Al Bayda,14.21742373,45.55495025
13032,Al Bayda -> At Taffah,Al Bayda,14.21742373,45.55495025
13033,Al Jawf,Al Jawf,16.76813934,46.01014819
13034,Marib,Marib,15.56841151,45.76081505
13035,Al Maharah,Al Maharah,16.59344354,51.59013758
13036,Al Hudaydah -> Zabid,Al Hudaydah,15.00062889,43.04031959
13037,Amanat Al Asimah -> Assafi'yah,Amanat Al Asimah,15.36598719,44.2020645
13038,Hajjah -> Mabyan,Hajjah,16.27488061,43.11225315
13039,Amanat Al Asimah -> Al Wahdah,Amanat Al Asimah,15.36598719,44.2020645
13040,Amanat Al Asimah -> Old City,Amanat Al Asimah,15.36598719,44.2020645
13041,Al Jawf -> Al Maslub,Al Jawf,16.76813934,46.01014819
13042,Taizz -> Mawza,Taizz,13.39753802,43.68772167
13043,Al Hudaydah -> Al Qanawis,Al Hudaydah,15.00062889,43.04031959
13044,Al Hudaydah -> Al Marawi'ah,Al Hudaydah,15.00062889,43.04031959
13045,Al Hudaydah -> Al Mina,Al Hudaydah,15.00062889,43.04031959
13046,Al Hudaydah -> Zabid -> Al-Baratah,Al Hudaydah,15.00062889,43.04031959
13047,Al Hudaydah -> Al Hawak -> Al-Mandhar,Al Hudaydah,15.00062889,43.04031959
13048,Al Hudaydah -> Az Zaydiyah -> Al-Banaya,Al Hudaydah,15.00062889,43.04031959
13049,Al Hudaydah -> Bayt Al Faqiah -> Al-Abasy,Al Hudaydah,15.00062889,43.04031959
13050,Al Hudaydah -> Ad Durayhimi,Al Hudaydah,15.00062889,43.04031959
13051,Al Hudaydah -> Al Hawak,Al Hudaydah,15.00062889,43.04031959
13052,Lahj -> Al Madaribah Wa Al Arah,Lahj,12.96593663,44.41733354
13053,Taizz -> Sabir Al Mawadim,Taizz,13.39753802,43.68772167
13054,Taizz -> Mawza -> Adeenah,Taizz,13.39753802,43.68772167
13055,Taizz -> Al Ma'afer -> Al-Careibyah,Taizz,13.39753802,43.68772167
13056,Lahj -> Tuban -> Al-Baruleitarya,Lahj,12.96593663,44.41733354
13057,Taizz -> Al  Mukha -> Thabab,Taizz,13.39753802,43.68772167
13058,Lahj -> Tuban -> Al-Mekhshabah,Lahj,12.96593663,44.41733354
13059,Taizz -> Al Ma'afer -> Al-Anyah,Taizz,13.39753802,43.68772167
13060,Lahj -> Al  Hawtah -> Al-Hawtah,Lahj,12.96593663,44.41733354
13061,Taizz -> Mawza -> Al-Hameidi,Taizz,13.39753802,43.68772167
13062,Taizz -> Ash Shamayatayn -> Al-Harthah,Taizz,13.39753802,43.68772167
13063,Taizz -> Al  Mukha -> Al-Arjoush,Taizz,13.39753802,43.68772167
13064,Taizz -> Al  Mukha -> Al-Cadahah,Taizz,13.39753802,43.68772167
13065,Taizz -> Ash Shamayatayn -> Al-Ghareif,Taizz,13.39753802,43.68772167
13066,Taizz -> Al Ma'afer -> Al-Batnah,Taizz,13.39753802,43.68772167
13067,Taizz -> Ash Shamayatayn -> Al-Qaedah,Taizz,13.39753802,43.68772167
13068,Taizz -> Mawza -> Al-Arary,Taizz,13.39753802,43.68772167
13069,Aden -> Al Buraiqeh -> Aden,Aden,12.84865928,45.00201169
13070,Abyan -> Jayshan,Abyan,13.6955485,46.50340692
13071,Al Bayda -> Al A'rsh,Al Bayda,14.21742373,45.55495025
13072,Aden -> Ash Shaikh Outhman,Aden,12.84865928,45.00201169
13073,Aden -> Al Mansura,Aden,12.84865928,45.00201169
13074,Al Dhale'e -> Al Hussein,Al Dhale'e,13.85996808,44.67423913
13075,Al Bayda -> Wald Rabi',Al Bayda,14.21742373,45.55495025
13076,Aden -> Al Mualla,Aden,12.84865928,45.00201169
13077,Al Maharah -> Hawf,Al Maharah,16.59344354,51.59013758
13078,Al Dhale'e -> Juban,Al Dhale'e,13.85996808,44.67423913
13079,Al Bayda -> Sabah,Al Bayda,14.21742373,45.55495025
13080,Al Hudaydah -> Jabal Ra's,Al Hudaydah,15.00062889,43.04031959
13081,Al Dhale'e -> Ad Dhale'e,Al Dhale'e,13.85996808,44.67423913
13082,Aden -> Attawahi,Aden,12.84865928,45.00201169
13083,Al Maharah -> Sayhut,Al Maharah,16.59344354,51.59013758
13084,Al Bayda -> Al Quraishyah,Al Bayda,14.21742373,45.55495025
13085,Al Hudaydah -> Ad Dahi,Al Hudaydah,15.00062889,43.04031959
13086,Al Hudaydah -> Al Garrahi,Al Hudaydah,15.00062889,43.04031959
13087,Al Hudaydah -> Al Hali,Al Hudaydah,15.00062889,43.04031959
13088,Amran -> Iyal Surayh,Amran,16.3570904,43.87269369
13089,Al Dhale'e -> Qa'atabah,Al Dhale'e,13.85996808,44.67423913
13090,Amanat Al Asimah -> Ath'thaorah,Amanat Al Asimah,15.36598719,44.2020645
13091,Al Maharah -> Al Ghaydah,Al Maharah,16.59344354,51.59013758
13092,Al Jawf -> Khabb wa ash Sha'af,Al Jawf,16.76813934,46.01014819
13093,Al Hudaydah -> Alluheyah,Al Hudaydah,15.00062889,43.04031959
13094,Al Jawf -> Al Humaydat,Al Jawf,16.76813934,46.01014819
13095,Amran -> Maswar,Amran,16.3570904,43.87269369
13096,Amran -> Jabal Iyal Yazid,Amran,16.3570904,43.87269369
13097,Al Jawf -> Al Matammah,Al Jawf,16.76813934,46.01014819
13098,Amran -> Raydah,Amran,16.3570904,43.87269369
13099,Amanat Al Asimah -> At Tahrir,Amanat Al Asimah,15.36598719,44.2020645
13100,Ibb -> As Sabrah,Ibb,14.05521633,44.26319019
13101,Amran -> Thula,Amran,16.3570904,43.87269369
13102,Al Hudaydah -> Hays,Al Hudaydah,15.00062889,43.04031959
13103,Hadramaut -> Ar Raydah Wa Qusayar,Hadramaut,16.80924424,48.84638589
13104,Amran -> Dhi Bin,Amran,16.3570904,43.87269369
13105,Amran -> Amran,Amran,16.3570904,43.87269369
13106,Ibb -> Hubaysh,Ibb,14.05521633,44.26319019
13107,Hadramaut -> Rumah,Hadramaut,16.80924424,48.84638589
13108,Hadramaut -> Rakhyah,Hadramaut,16.80924424,48.84638589
13109,Ibb -> Yarim,Ibb,14.05521633,44.26319019
13110,Hadramaut -> Thamud,Hadramaut,16.80924424,48.84638589
13111,Hadramaut -> Amd,Hadramaut,16.80924424,48.84638589
13112,Lahj -> Al  Hawtah,Lahj,12.96593663,44.41733354
13113,Ibb -> Al Dhihar,Ibb,14.05521633,44.26319019
13114,Hadramaut -> Shibam,Hadramaut,16.80924424,48.84638589
13115,Hadramaut -> Al Qatn,Hadramaut,16.80924424,48.84638589
13116,Hajjah -> Midi,Hajjah,16.27488061,43.11225315
13117,Hadramaut -> Sah,Hadramaut,16.80924424,48.84638589
13118,Ibb -> Al Mashannah,Ibb,14.05521633,44.26319019
13119,Lahj -> Al Had,Lahj,12.96593663,44.41733354
13120,Hadramaut -> Hajr,Hadramaut,16.80924424,48.84638589
13121,Ibb -> Jiblah,Ibb,14.05521633,44.26319019
13122,Ibb -> Ar Radmah,Ibb,14.05521633,44.26319019
13123,Lahj -> Al Maflahy,Lahj,12.96593663,44.41733354
13124,Hajjah -> Al Miftah,Hajjah,16.27488061,43.11225315
13125,Ibb -> As Saddah,Ibb,14.05521633,44.26319019
13126,Lahj -> Yafa'a,Lahj,12.96593663,44.41733354
13127,Ibb -> Ash Sha'ir,Ibb,14.05521633,44.26319019
13128,Hajjah -> Haradh,Hajjah,16.27488061,43.11225315
13129,Ibb -> Ba'dan,Ibb,14.05521633,44.26319019
13130,Marib -> Al Jubah,Marib,15.56841151,45.76081505
13131,Marib -> Bidbadah,Marib,15.56841151,45.76081505
13132,Sa'ada -> As Safra,Sa'ada,17.25112185,43.50274965
13133,Hajjah -> Hayran,Hajjah,16.27488061,43.11225315
13134,Ibb -> Al Makhadir,Ibb,14.05521633,44.26319019
13135,Marib -> Majzar,Marib,15.56841151,45.76081505
13136,Sa'ada -> Baqim,Sa'ada,17.25112185,43.50274965
13137,Ibb -> Al Qafr,Ibb,14.05521633,44.26319019
13138,Lahj -> Tur Al Bahah,Lahj,12.96593663,44.41733354
13139,Sana'a -> Sanhan,Sana'a,15.12394358,44.78727759
13140,Ibb -> An Nadirah,Ibb,14.05521633,44.26319019
13141,Marib -> Rahabah,Marib,15.56841151,45.76081505
13142,Shabwah -> Ain,Shabwah,14.67178974,46.95556076
13143,Sa'ada -> Kitaf wa Al Boqe'e,Sa'ada,17.25112185,43.50274965
13144,Shabwah -> Bayhan,Shabwah,14.67178974,46.95556076
13145,Shabwah -> Al Talh,Shabwah,14.67178974,46.95556076
13146,Sana'a -> Bani Hushaysh,Sana'a,15.12394358,44.78727759
13147,Sana'a -> Khwlan,Sana'a,15.12394358,44.78727759
13148,Lahj -> Habil Jabr,Lahj,12.96593663,44.41733354
13149,Sa'ada -> Sahar,Sa'ada,17.25112185,43.50274965
13150,Shabwah -> As Said,Shabwah,14.67178974,46.95556076
13151,Al Jawf -> Kharab Al Marashi,Al Jawf,16.76813934,46.01014819
13152,Shabwah -> Merkhah Al Ulya,Shabwah,14.67178974,46.95556076
13153,Shabwah -> Hatib,Shabwah,14.67178974,46.95556076
13154,Lahj -> Yahr,Lahj,12.96593663,44.41733354
13155,Sana'a -> Al Haymah Ad Dakhiliyah,Sana'a,15.12394358,44.78727759
13156,Taizz -> Shara'b As Salam,Taizz,13.39753802,43.68772167
13157,Marib -> Mahliyah,Marib,15.56841151,45.76081505
13158,Taizz -> Salh,Taizz,13.39753802,43.68772167
13159,Sa'ada -> Majz,Sa'ada,17.25112185,43.50274965
13160,Al Bayda -> Ar Ryashyyah,Al Bayda,14.21742373,45.55495025
13161,Taizz -> Hayfan,Taizz,13.39753802,43.68772167
13162,Sana'a -> Al Haymah Al Kharijiyah,Sana'a,15.12394358,44.78727759
13163,Shabwah -> Jardan,Shabwah,14.67178974,46.95556076
13164,Shabwah -> Mayfa'a,Shabwah,14.67178974,46.95556076
13165,Shabwah -> Merkhah As Sufla,Shabwah,14.67178974,46.95556076
13166,Shabwah -> Nisab,Shabwah,14.67178974,46.95556076
13167,Hajjah -> Qarah,Hajjah,16.27488061,43.11225315
13168,Aden -> Khur Maksar,Aden,12.84865928,45.00201169
13169,Shabwah -> Usaylan,Shabwah,14.67178974,46.95556076
13170,Shabwah -> Rudum,Shabwah,14.67178974,46.95556076
13171,Al Maharah -> Huswain,Al Maharah,16.59344354,51.59013758
13172,Sa'ada -> Sa'adah,Sa'ada,17.25112185,43.50274965
13173,Sana'a -> Jihanah,Sana'a,15.12394358,44.78727759
13174,Ibb -> Ibb,Ibb,14.05521633,44.26319019
13175,Al Hudaydah -> Al Munirah,Al Hudaydah,15.00062889,43.04031959
13176,Sana'a -> Nihm,Sana'a,15.12394358,44.78727759
13177,Al Dhale'e -> Al Hussein -> Adeenah,Al Dhale'e,13.85996808,44.67423913
13178,Al Dhale'e -> Qa'atabah -> Admah,Al Dhale'e,13.85996808,44.67423913
13179,Lahj -> Al Musaymir -> Al-Rameedhah,Lahj,12.96593663,44.41733354
13180,Lahj -> Al Musaymir -> Bashryah,Lahj,12.96593663,44.41733354
13181,Lahj -> Al Musaymir -> Al-Mekhraj,Lahj,12.96593663,44.41733354
13182,Lahj -> Al Musaymir -> Al-Maseimeer,Lahj,12.96593663,44.41733354
13183,Taizz -> Al Ma'afer -> Al-Malekah,Taizz,13.39753802,43.68772167
13184,Lahj -> Al Musaymir -> Habeel Hansh,Lahj,12.96593663,44.41733354
13185,Lahj -> Al Musaymir -> Mareeb,Lahj,12.96593663,44.41733354
13186,Taizz -> Al Ma'afer -> Al-Naqee'e,Taizz,13.39753802,43.68772167
13187,Hajjah -> Abs -> Bani Makei,Hajjah,16.27488061,43.11225315
13188,Lahj -> Al Musaymir -> Makeideem,Lahj,12.96593663,44.41733354
13189,Lahj -> Al Musaymir -> Noaman,Lahj,12.96593663,44.41733354
13190,Lahj -> Al Musaymir -> Al-Dareijah,Lahj,12.96593663,44.41733354
13191,Taizz -> Al Ma'afer -> Sheba,Taizz,13.39753802,43.68772167
13192,Hajjah -> Abs -> Deer Al-Ocm,Hajjah,16.27488061,43.11225315
13193,Taizz -> Al Ma'afer -> Nejd Al-Mashraqi,Taizz,13.39753802,43.68772167
13194,Taizz -> Al Ma'afer -> Qaeetah Al-Jabal,Taizz,13.39753802,43.68772167
13195,Lahj -> Al Musaymir -> Shathah,Lahj,12.96593663,44.41733354
13196,Hajjah -> Abs -> Al-Jarabyah,Hajjah,16.27488061,43.11225315
13197,Hajjah -> Abs ->  Al-Rabou Market,Hajjah,16.27488061,43.11225315
13198,Taizz -> Al Ma'afer -> Qayttah Al-Wadi,Taizz,13.39753802,43.68772167
13199,Taizz -> Al Ma'afer -> Zeid Mountain,Taizz,13.39753802,43.68772167
13200,Hajjah -> Abs -> Majar,Hajjah,16.27488061,43.11225315
13201,Sana'a -> Al Haymah Ad Dakhiliyah -> Jabal Sharar,Sana'a,15.12394358,44.78727759
13202,Sana'a -> Al Haymah Ad Dakhiliyah -> Al-Oshah,Sana'a,15.12394358,44.78727759
13203,Dhamar -> Al Manar,Dhamar,14.50737016,44.42760976
13204,Amanat Al Asimah -> As Sabain -> Al-Amanah,Amanat Al Asimah,15.36598719,44.2020645
13205,Taizz -> Dimnat Khadir -> Al-Ajraf,Taizz,13.39753802,43.68772167
13206,Taizz -> Dimnat Khadir -> Aamaq,Taizz,13.39753802,43.68772167
13207,Taizz -> Dimnat Khadir -> Al-Abhoul,Taizz,13.39753802,43.68772167
13208,Al Hudaydah -> Al Mighlaf -> Al-Mehjam,Al Hudaydah,15.00062889,43.04031959
13209,Al Hudaydah -> Al Mighlaf -> Gheyan,Al Hudaydah,15.00062889,43.04031959
13210,Al Hudaydah -> Al Mighlaf -> Deer Daam,Al Hudaydah,15.00062889,43.04031959
13211,Al Hudaydah -> Al Mighlaf -> Al-Menwab,Al Hudaydah,15.00062889,43.04031959
13212,Al Hudaydah -> Al Mighlaf -> Deer Mahdi,Al Hudaydah,15.00062889,43.04031959
13213,Taizz -> Dhubab,Taizz,13.39753802,43.68772167
13214,Lahj -> Tur Al Bahah -> Al-Fareeq,Lahj,12.96593663,44.41733354
13215,Lahj -> Tur Al Bahah -> Habeel Al-Sabt,Lahj,12.96593663,44.41733354
13216,Lahj -> Tur Al Bahah -> Al-Rafd Al-Asfla,Lahj,12.96593663,44.41733354
13217,Lahj -> Tur Al Bahah -> Al-Gharqah,Lahj,12.96593663,44.41733354
13218,Lahj -> Tur Al Bahah -> Al-Shuabah,Lahj,12.96593663,44.41733354
13219,Lahj -> Tur Al Bahah -> Al-Fahsah,Lahj,12.96593663,44.41733354
13220,Abyan -> Mudiyah -> Qarn Al-Washal,Abyan,13.6955485,46.50340692
13221,Abyan -> Mudiyah -> Lahmar,Abyan,13.6955485,46.50340692
13222,Abyan -> Mudiyah -> Al-Aber,Abyan,13.6955485,46.50340692
13223,Abyan -> Mudiyah -> Cawcab,Abyan,13.6955485,46.50340692
13224,Abyan -> Mudiyah -> Al-Salam,Abyan,13.6955485,46.50340692
13225,Abyan -> Mudiyah -> Aal Al-Rabashi,Abyan,13.6955485,46.50340692
13226,Abyan -> Mudiyah -> Jawar,Abyan,13.6955485,46.50340692
13227,Al Jawf -> Al Ghayl,Al Jawf,16.76813934,46.01014819
13228,Al Hudaydah -> Bura -> Al-Marzeim,Al Hudaydah,15.00062889,43.04031959
13229,Al Hudaydah -> Bura -> Al-Jarn,Al Hudaydah,15.00062889,43.04031959
13230,Al Hudaydah -> Bura -> Al-Maghrabah,Al Hudaydah,15.00062889,43.04031959
13231,Taizz -> Al Ma'afer,Taizz,13.39753802,43.68772167
13232,Al Hudaydah -> Al Hajjaylah,Al Hudaydah,15.00062889,43.04031959
13233,Aden -> Al Mualla -> Aden,Aden,12.84865928,45.00201169
13234,Amran -> Kharif -> Dhahyan,Amran,16.3570904,43.87269369
13235,Amran -> Kharif -> Al-Dhabr,Amran,16.3570904,43.87269369
13236,Amran -> Kharif -> Al-Demnah,Amran,16.3570904,43.87269369
13237,Amran -> Kharif -> Al-Mahm,Amran,16.3570904,43.87269369
13238,Amran -> Kharif -> Bait Al-Qafaf,Amran,16.3570904,43.87269369
13239,Amran -> Kharif -> Shibrah,Amran,16.3570904,43.87269369
13240,Amran -> Kharif -> New Al-Souq,Amran,16.3570904,43.87269369
13241,Al Jawf -> Al Hazm,Al Jawf,16.76813934,46.01014819
13242,Sa'ada -> Sa'adah -> Al Khameis,Sa'ada,17.25112185,43.50274965
13243,Sa'ada -> Sahar -> Al-Sahn,Sa'ada,17.25112185,43.50274965
13244,Aden -> Craiter -> Aden,Aden,12.84865928,45.00201169
13245,Marib -> Raghwan,Marib,15.56841151,45.76081505
13246,Sa'ada -> Saqayn -> Al-Qadeem,Sa'ada,17.25112185,43.50274965
13247,Hajjah -> Bani Al Awam -> Bait Al-Jabri,Hajjah,16.27488061,43.11225315
13248,Hajjah -> Bani Al Awam -> Namer Mountain,Hajjah,16.27488061,43.11225315
13249,Hajjah -> Bani Al Awam -> Fus'hah,Hajjah,16.27488061,43.11225315
13250,Hajjah -> Bani Al Awam -> Al-Barar,Hajjah,16.27488061,43.11225315
13251,Hajjah -> Bani Al Awam -> Al-Mancab,Hajjah,16.27488061,43.11225315
13252,Hajjah -> Bani Al Awam -> Al-Maqaweh,Hajjah,16.27488061,43.11225315
13253,Lahj -> Habil Jabr -> Habeel Ben Jabr,Lahj,12.96593663,44.41733354
13254,Hajjah -> Wadhrah -> Al-Shuaybah,Hajjah,16.27488061,43.11225315
13255,Hajjah -> Wadhrah -> Al-Hanak,Hajjah,16.27488061,43.11225315
13256,Hajjah -> Wadhrah -> Al-Malhah,Hajjah,16.27488061,43.11225315
13257,Hajjah -> Bani Al Awam -> Dhahran,Hajjah,16.27488061,43.11225315
13258,Hajjah -> Wadhrah -> Qalat Al-Kheyr,Hajjah,16.27488061,43.11225315
13259,Sana'a -> Al Haymah Ad Dakhiliyah -> Mahzar,Sana'a,15.12394358,44.78727759
13260,Sana'a -> Sa'fan -> Sahef,Sana'a,15.12394358,44.78727759
13261,Sana'a -> Al Haymah Ad Dakhiliyah -> Bait Tharah,Sana'a,15.12394358,44.78727759
13262,Sana'a -> Al Haymah Ad Dakhiliyah -> Bait Al-Gheithy,Sana'a,15.12394358,44.78727759
13263,Sana'a -> Al Haymah Ad Dakhiliyah -> Bait Abeed,Sana'a,15.12394358,44.78727759
13264,Sana'a -> Al Haymah Ad Dakhiliyah -> Bait Rajeh,Sana'a,15.12394358,44.78727759
13265,Sana'a -> Al Haymah Ad Dakhiliyah -> Dar Al-Bark,Sana'a,15.12394358,44.78727759
13266,Sana'a -> Sa'fan -> Dahw Al-Dar,Sana'a,15.12394358,44.78727759
13267,Sana'a -> Al Haymah Ad Dakhiliyah -> Hajrah Al-Fadheli,Sana'a,15.12394358,44.78727759
13268,Sana'a -> Al Haymah Ad Dakhiliyah -> Al-Seid,Sana'a,15.12394358,44.78727759
13269,Al Bayda -> Al A'rsh -> Al-Khudhrah,Al Bayda,14.21742373,45.55495025
13270,Sana'a -> Al Haymah Ad Dakhiliyah -> Bait Al-Tayfi,Sana'a,15.12394358,44.78727759
13271,Al Bayda -> Al A'rsh -> Qarn Ata'a,Al Bayda,14.21742373,45.55495025
13272,Al Bayda -> Al A'rsh -> Qarn Al-Asad,Al Bayda,14.21742373,45.55495025
13273,Taizz -> Salh -> Al-Masnah,Taizz,13.39753802,43.68772167
13274,Al Hudaydah -> Al Garrahi -> Al-Hasani,Al Hudaydah,15.00062889,43.04031959
13275,Al Hudaydah -> Al Garrahi -> Shab Al-Dali,Al Hudaydah,15.00062889,43.04031959
13276,Al Hudaydah -> Al Mansuriyah -> Al-Calalyah,Al Hudaydah,15.00062889,43.04031959
13277,Al Hudaydah -> Al Mansuriyah -> Al-Demnah,Al Hudaydah,15.00062889,43.04031959
13278,Al Hudaydah -> Al Mansuriyah -> Al-Khedhar,Al Hudaydah,15.00062889,43.04031959
13279,Al Hudaydah -> Al Mansuriyah -> Al-Mahal,Al Hudaydah,15.00062889,43.04031959
13280,Al Hudaydah -> Al Garrahi -> Mahwa Al-Bahlol,Al Hudaydah,15.00062889,43.04031959
13281,Al Hudaydah -> Al Mansuriyah -> Mahjour Al-Aala,Al Hudaydah,15.00062889,43.04031959
13282,Al Hudaydah -> Al Mansuriyah -> Deer Cananh,Al Hudaydah,15.00062889,43.04031959
13283,Al Hudaydah -> Al Garrahi -> Al-Jarahei Al-Aala,Al Hudaydah,15.00062889,43.04031959
13284,Al Hudaydah -> Al Mansuriyah -> Al-Hajmah,Al Hudaydah,15.00062889,43.04031959
13285,Al Hudaydah -> Al Mansuriyah -> Al-Habeel Al-Aala,Al Hudaydah,15.00062889,43.04031959
13286,Al Hudaydah -> Al Mansuriyah -> Shatt Al-Maghawein,Al Hudaydah,15.00062889,43.04031959
13287,Al Hudaydah -> Al Mansuriyah -> Al-Sawlah,Al Hudaydah,15.00062889,43.04031959
13288,Al Hudaydah -> Al Mansuriyah -> Saneif Al-Manaserah,Al Hudaydah,15.00062889,43.04031959
13289,Al Hudaydah -> Al Garrahi -> Al-Rawakeb,Al Hudaydah,15.00062889,43.04031959
13290,Al Hudaydah -> Al Mansuriyah -> Al-Mansourah,Al Hudaydah,15.00062889,43.04031959
13291,Al Hudaydah -> Az Zaydiyah -> Deer Ayash,Al Hudaydah,15.00062889,43.04031959
13292,Al Hudaydah -> As Sukhnah -> Beuot Al-Boutah,Al Hudaydah,15.00062889,43.04031959
13293,Al Hudaydah -> Az Zaydiyah -> Al-Baynyah,Al Hudaydah,15.00062889,43.04031959
13294,Al Hudaydah -> Az Zaydiyah -> Al-Ajlanyah,Al Hudaydah,15.00062889,43.04031959
13295,Al Hudaydah -> Az Zaydiyah -> Al-Hujrah,Al Hudaydah,15.00062889,43.04031959
13296,Al Hudaydah -> As Sukhnah -> Mahal Al-Rowaid,Al Hudaydah,15.00062889,43.04031959
13297,Al Hudaydah -> As Sukhnah -> Al-Batrah and Al-Meina,Al Hudaydah,15.00062889,43.04031959
13298,Al Hudaydah -> As Sukhnah -> Deer Al-Mazbal,Al Hudaydah,15.00062889,43.04031959
13299,Al Hudaydah -> As Sukhnah -> Deer Cadaf,Al Hudaydah,15.00062889,43.04031959
13300,Amran -> Suwayr,Amran,16.3570904,43.87269369
13301, Sana'a > Nihm,Sana'a,15.12394358,44.78727759
13302, Sana'a > Bani Dhabyan,Sana'a,15.12394358,44.78727759
13303, Taizz > Al Mudhaffar,Taizz,13.39753802,43.68772167
13304, Al Bayda > Wald Rabi' > Homat Serar,Al Bayda,14.21742373,45.55495025
13305, Al Bayda > Wald Rabi' > Al-Manaseh,Al Bayda,14.21742373,45.55495025
13306, Al Dhale'e > Ash Shu'ayb,Al Dhale'e,13.85996808,44.67423913
13307, Al Dhale'e > Juban,Al Dhale'e,13.85996808,44.67423913
13308, Amran > Thula,Amran,16.3570904,43.87269369
13309, Amran > Dhi Bin,Amran,16.3570904,43.87269369
13310, Ibb > Ibb,Ibb,14.05521633,44.26319019
13311, Ibb > As Sayyani,Ibb,14.05521633,44.26319019
13312, Aden > Dar Sad,Aden,12.84865928,45.00201169
13313, Al Hudaydah > Al Khawkhah,Al Hudaydah,15.00062889,43.04031959
13314, Al Hudaydah > Ad Durayhimi,Al Hudaydah,15.00062889,43.04031959
13315, Aden > Al Mansura,Aden,12.84865928,45.00201169
13316, Aden > Al Buraiqeh,Aden,12.84865928,45.00201169
13317, Al Hudaydah > Al Hali,Al Hudaydah,15.00062889,43.04031959
13318, Al Hudaydah > Al Garrahi,Al Hudaydah,15.00062889,43.04031959
13319, Al Hudaydah > Al Hawak,Al Hudaydah,15.00062889,43.04031959
13320, Al Hudaydah > Bajil,Al Hudaydah,15.00062889,43.04031959
13321, Al Hudaydah > Al Munirah,Al Hudaydah,15.00062889,43.04031959
13322, Sana'a > Sanhan,Sana'a,15.12394358,44.78727759
13323, Al Hudaydah > Al Hajjaylah,Al Hudaydah,15.00062889,43.04031959
13324, Al Hudaydah > Ad Dahi,Al Hudaydah,15.00062889,43.04031959
13325, Sana'a > Jihanah,Sana'a,15.12394358,44.78727759
13326, Al Hudaydah > Al Mansuriyah,Al Hudaydah,15.00062889,43.04031959
13327, Sana'a > Al Haymah Al Kharijiyah,Sana'a,15.12394358,44.78727759
13328, Sana'a > Al Haymah Ad Dakhiliyah,Sana'a,15.12394358,44.78727759
13329, Amanat Al Asimah > Shu'aub,Amanat Al Asimah,15.36598719,44.2020645
13330, Sana'a > Arhab,Sana'a,15.12394358,44.78727759
13331, Sana'a > Manakhah,Sana'a,15.12394358,44.78727759
13332, Sana'a > Bani Hushaysh,Sana'a,15.12394358,44.78727759
13333, Sana'a > Attyal,Sana'a,15.12394358,44.78727759
13334, Sana'a > Al Husn,Sana'a,15.12394358,44.78727759
13335, Sana'a > Bilad Ar Rus,Sana'a,15.12394358,44.78727759
13336, Sana'a > Hamdan,Sana'a,15.12394358,44.78727759
13337, Taizz > Sabir Al Mawadim,Taizz,13.39753802,43.68772167
13338, Sana'a > Bani Matar,Sana'a,15.12394358,44.78727759
13339, Amanat Al Asimah > At Tahrir,Amanat Al Asimah,15.36598719,44.2020645
13340, Sana'a > Khwlan,Sana'a,15.12394358,44.78727759
13341, Taizz > Salh,Taizz,13.39753802,43.68772167
13342, Sana'a > Sa'fan,Sana'a,15.12394358,44.78727759
13343, Ibb > Al Qafr,Ibb,14.05521633,44.26319019
13344, Amanat Al Asimah > Bani Al Harith,Amanat Al Asimah,15.36598719,44.2020645
13345, Amanat Al Asimah > As Sabain,Amanat Al Asimah,15.36598719,44.2020645
13346, Amanat Al Asimah > Az'zal,Amanat Al Asimah,15.36598719,44.2020645
13347, Amanat Al Asimah > Assafi'yah,Amanat Al Asimah,15.36598719,44.2020645
13348, Amanat Al Asimah > Ma'ain > Al-Amanah,Amanat Al Asimah,15.36598719,44.2020645
13349, Al Hudaydah > Alluheyah,Al Hudaydah,15.00062889,43.04031959
13350, Amran > Amran,Amran,16.3570904,43.87269369
13351, Hajjah > Hajjah City,Hajjah,16.27488061,43.11225315
13352, Sa'ada > Monabbih,Sa'ada,17.25112185,43.50274965
13353, Al Hudaydah > Bayt Al Faqiah,Al Hudaydah,15.00062889,43.04031959
13354, Al Hudaydah > Zabid,Al Hudaydah,15.00062889,43.04031959
13355, Ibb > Al Makhadir,Ibb,14.05521633,44.26319019
13356, Ibb > Yarim,Ibb,14.05521633,44.26319019
13357, Ibb > Ar Radmah,Ibb,14.05521633,44.26319019
13358, Dhamar > Anss,Dhamar,14.50737016,44.42760976
13359, Dhamar > Utmah,Dhamar,14.50737016,44.42760976
13360, Amran > Kharif,Amran,16.3570904,43.87269369
13361, Dhamar > Maghirib Ans,Dhamar,14.50737016,44.42760976
13362, Dhamar > Dhamar City,Dhamar,14.50737016,44.42760976
13363, Aden > Ash Shaikh Outhman,Aden,12.84865928,45.00201169
13364, Amran > Jabal Iyal Yazid,Amran,16.3570904,43.87269369
13365, Al Dhale'e > Ad Dhale'e,Al Dhale'e,13.85996808,44.67423913
13366, Amanat Al Asimah > Ma'ain,Amanat Al Asimah,15.36598719,44.2020645
13367, Amanat Al Asimah > Ath'thaorah,Amanat Al Asimah,15.36598719,44.2020645
13368, Hajjah > Abs,Hajjah,16.27488061,43.11225315
13369, Abyan > Ahwar,Abyan,13.6955485,46.50340692
13370, Hadramaut > Ad Dis,Hadramaut,16.80924424,48.84638589
13371, Al Mahwit > Al Khabt,Al Mahwit,15.40140161,43.59523566
13372, Amanat Al Asimah > Al Wahdah,Amanat Al Asimah,15.36598719,44.2020645
13373, Al Bayda > Al A'rsh,Al Bayda,14.21742373,45.55495025
13374, Lahj > Al  Hawtah,Lahj,12.96593663,44.41733354
13375, Sa'ada > Al Dhaher,Sa'ada,17.25112185,43.50274965
13376, Al Jawf > Al Ghayl,Al Jawf,16.76813934,46.01014819
13377, Ibb > Al Dhihar,Ibb,14.05521633,44.26319019
13378, Taizz > Al  Mukha,Taizz,13.39753802,43.68772167
13379, Al Maharah > Al Ghaydah,Al Maharah,16.59344354,51.59013758
13380, Dhamar > Al Hada,Dhamar,14.50737016,44.42760976
13381, Marib > Al Abdiyah,Marib,15.56841151,45.76081505
13382, Amran > Al Ashah,Amran,16.3570904,43.87269369
13383, Raymah > Al Jabin,Raymah,14.59985617,43.68772167
13384, Shabwah > Ain,Shabwah,14.67178974,46.95556076
13385, Socotra > Hidaybu,Socotra,12.493306,54.085473
13386, Al Mahwit > Al Mahwait City,Al Mahwit,15.40140161,43.59523566
13387, Al Hudaydah > Al Qanawis,Al Hudaydah,15.00062889,43.04031959
13388, Taizz > Jabal Habashy,Taizz,13.39753802,43.68772167
13389, Taizz > Shara'b As Salam,Taizz,13.39753802,43.68772167
13390, Taizz > Al Misrakh,Taizz,13.39753802,43.68772167
13391, Taizz > Mashra'a Wa Hadnan,Taizz,13.39753802,43.68772167
13392, Taizz > Al Wazi'iyah,Taizz,13.39753802,43.68772167
13393, Taizz > Ash Shamayatayn,Taizz,13.39753802,43.68772167
13394, Abyan > Khanfir,Abyan,13.6955485,46.50340692
13395, Al Hudaydah > Al Marawi'ah,Al Hudaydah,15.00062889,43.04031959
13396, Al Hudaydah > As Sukhnah,Al Hudaydah,15.00062889,43.04031959
13397, Shabwah > Ataq,Shabwah,14.67178974,46.95556076
13398, Abyan > Lawdar,Abyan,13.6955485,46.50340692
13399, Taizz > At Ta'iziyah,Taizz,13.39753802,43.68772167
13400, Al Jawf > Al Hazm,Al Jawf,16.76813934,46.01014819
13401, Taizz > Al Qahirah,Taizz,13.39753802,43.68772167
13402, Marib > Marib City,Marib,15.56841151,45.76081505
13403, Dhamar > Wusab As Safil,Dhamar,14.50737016,44.42760976
13404, Ibb > As Saddah,Ibb,14.05521633,44.26319019
13405, Al Hudaydah > Al Mina,Al Hudaydah,15.00062889,43.04031959
13406, Ibb > Dhi As Sufal,Ibb,14.05521633,44.26319019
13407, Taizz > Maqbanah,Taizz,13.39753802,43.68772167
13408, Hajjah > Ku'aydinah,Hajjah,16.27488061,43.11225315
13409, Taizz > Mawiyah,Taizz,13.39753802,43.68772167
13410, Taizz > Al Mawasit,Taizz,13.39753802,43.68772167
13411, Hajjah > Mabyan,Hajjah,16.27488061,43.11225315
13412, Ibb > Al Mashannah,Ibb,14.05521633,44.26319019
13413, Shabwah > Bayhan,Shabwah,14.67178974,46.95556076
13414, Sa'ada > Sa'adah,Sa'ada,17.25112185,43.50274965
13415, Abyan > Al Wade'a,Abyan,13.6955485,46.50340692
13416, Sa'ada > Razih,Sa'ada,17.25112185,43.50274965
13417, Al Hudaydah > Az Zuhrah,Al Hudaydah,15.00062889,43.04031959
13418, Amran > Harf Sufyan,Amran,16.3570904,43.87269369
13419, Al Dhale'e > Damt,Al Dhale'e,13.85996808,44.67423913
13420, Hajjah > Kushar,Hajjah,16.27488061,43.11225315
13421, Hajjah > Khayran Al Muharraq,Hajjah,16.27488061,43.11225315
13422, Abyan > Zingibar,Abyan,13.6955485,46.50340692
13423, Taizz > Al Ma'afer,Taizz,13.39753802,43.68772167
13424, Taizz > Dimnat Khadir,Taizz,13.39753802,43.68772167
13425, Ibb > Al Udayn,Ibb,14.05521633,44.26319019
13426, Al Hudaydah > At Tuhayat,Al Hudaydah,15.00062889,43.04031959
13427, Amran > Al Qaflah,Amran,16.3570904,43.87269369
13428, Hajjah > Aslem,Hajjah,16.27488061,43.11225315
13429, Al Dhale'e > Qa'atabah,Al Dhale'e,13.85996808,44.67423913
13430, Lahj > Tuban,Lahj,12.96593663,44.41733354
13431, Hajjah > Mustaba > Al-Sabyah,Hajjah,16.27488061,43.11225315
13432, Hajjah > Khayran Al Muharraq > Al-Sharqi,Hajjah,16.27488061,43.11225315
13433, Amran > Huth,Amran,16.3570904,43.87269369
13434, Hajjah > Bakil Al Mir,Hajjah,16.27488061,43.11225315
13435, Hajjah > Mustaba,Hajjah,16.27488061,43.11225315
13436, Lahj > Al Musaymir,Lahj,12.96593663,44.41733354
13437, Abyan > Sarar,Abyan,13.6955485,46.50340692
13438, Hajjah > Midi > Al-Teenah,Hajjah,16.27488061,43.11225315
13439, Hajjah > Midi > Al-Harajah,Hajjah,16.27488061,43.11225315
13440, Hajjah > Aslem > Al-Mashratah,Hajjah,16.27488061,43.11225315
13441, Hajjah > Hayran > Al-Sadah,Hajjah,16.27488061,43.11225315
13442, Hajjah > Aslem > Al-Qudhah,Hajjah,16.27488061,43.11225315
13443, Dhamar > Jahran,Dhamar,14.50737016,44.42760976
13444, Marib > Harib Al Qaramish,Marib,15.56841151,45.76081505
13445, Ibb > Jiblah,Ibb,14.05521633,44.26319019
13446, Marib > Marib,Marib,15.56841151,45.76081505
13447, Sa'ada > Haydan,Sa'ada,17.25112185,43.50274965
13448, Sa'ada > As Safra,Sa'ada,17.25112185,43.50274965
13449, Taizz > Mawza,Taizz,13.39753802,43.68772167
13450, Sa'ada > Kitaf wa Al Boqe'e,Sa'ada,17.25112185,43.50274965
13451, Al Bayda > Maswarah,Al Bayda,14.21742373,45.55495025
13452, Hadramaut > Al Abr,Hadramaut,16.80924424,48.84638589
13453, Amran > Maswar,Amran,16.3570904,43.87269369
13454, Hajjah > Haradh,Hajjah,16.27488061,43.11225315
13455, Hajjah > Hayran,Hajjah,16.27488061,43.11225315
13456, Amran > Suwayr,Amran,16.3570904,43.87269369
13457, Sa'ada > Baqim,Sa'ada,17.25112185,43.50274965
13458, Al Mahwit > Milhan,Al Mahwit,15.40140161,43.59523566
13459, Hajjah > Bani Qa'is,Hajjah,16.27488061,43.11225315
13460, Al Bayda > As Sawma'ah,Al Bayda,14.21742373,45.55495025
13461, Al Bayda > Wald Rabi',Al Bayda,14.21742373,45.55495025
13462, Taizz > Dhubab,Taizz,13.39753802,43.68772167
13463, Al Dhale'e > Al Azariq,Al Dhale'e,13.85996808,44.67423913
13464, Al Jawf > Khabb wa ash Sha'af,Al Jawf,16.76813934,46.01014819
13465, Al Jawf > Al Maton,Al Jawf,16.76813934,46.01014819
13466, Marib > Harib,Marib,15.56841151,45.76081505
13467, Sa'ada > Majz,Sa'ada,17.25112185,43.50274965
13468, Taizz > As Silw,Taizz,13.39753802,43.68772167
13469, Marib > Sirwah,Marib,15.56841151,45.76081505
13470, Hajjah > Hajjah,Hajjah,16.27488061,43.11225315
13471, Ibb > Far Al Udayn,Ibb,14.05521633,44.26319019
13472, Lahj > Al Qabbaytah,Lahj,12.96593663,44.41733354
13473, Al Hudaydah > Az Zaydiyah > Al-Rahmah,Al Hudaydah,15.00062889,43.04031959
13474, Al Hudaydah > Az Zaydiyah > Deer Jalalah,Al Hudaydah,15.00062889,43.04031959
13475, Al Hudaydah > Al Munirah > Al-Qasheeri (Al-Qashri),Al Hudaydah,15.00062889,43.04031959
13476, Al Hudaydah > Az Zaydiyah > Bait Ata,Al Hudaydah,15.00062889,43.04031959
13477, Al Hudaydah > Az Zaydiyah > Al-Mahdaly,Al Hudaydah,15.00062889,43.04031959
13478, Al Hudaydah > Al Munirah > Al-Jarb,Al Hudaydah,15.00062889,43.04031959
13479, Al Hudaydah > Az Zaydiyah > Mahal Hasan Abdallah,Al Hudaydah,15.00062889,43.04031959
13480, Al Hudaydah > Al Munirah > Ebn Abas,Al Hudaydah,15.00062889,43.04031959
13481, Al Hudaydah > Az Zaydiyah > Deer Abdo Rabo,Al Hudaydah,15.00062889,43.04031959
13482, Al Hudaydah > Al Munirah > Al-Harounyah,Al Hudaydah,15.00062889,43.04031959
13483, Al Bayda > As Sawma'ah > Al-Rahah,Al Bayda,14.21742373,45.55495025
13484, Al Bayda > As Sawma'ah > Om Salmah,Al Bayda,14.21742373,45.55495025
13485, Al Bayda > As Sawma'ah > Al-Majmah,Al Bayda,14.21742373,45.55495025
13486, Al Bayda > As Sawma'ah > Al-Seilah,Al Bayda,14.21742373,45.55495025
13487, Al Bayda > Wald Rabi' > Al-Jashm,Al Bayda,14.21742373,45.55495025
13488, Hajjah > Abs > Al-Melakhah,Hajjah,16.27488061,43.11225315
13489, Hajjah > Abs > Al-Khademah,Hajjah,16.27488061,43.11225315
13490, Hajjah > Abs > Al-Medhbar,Hajjah,16.27488061,43.11225315
13491, Hajjah > Abs > Al-Makhzan,Hajjah,16.27488061,43.11225315
13492, Hajjah > Abs > Al-Badah,Hajjah,16.27488061,43.11225315
13493, Hajjah > Abs > Al-Merwagh,Hajjah,16.27488061,43.11225315
13494, Hajjah > Abs > Bani Cazabah,Hajjah,16.27488061,43.11225315
13495, Hajjah > Abs > Shab Yaqout,Hajjah,16.27488061,43.11225315
13496, Hajjah > Abs > Abs,Hajjah,16.27488061,43.11225315
13497, Taizz > Sama,Taizz,13.39753802,43.68772167
13498, Sa'ada > Sahar,Sa'ada,17.25112185,43.50274965
13499, Hajjah > Aflah Al Yaman,Hajjah,16.27488061,43.11225315
13500, Ibb,Ibb,14.05521633,44.26319019
13501, Hajjah,Hajjah,16.27488061,43.11225315
13502, Al Hudaydah,Al Hudaydah,15.00062889,43.04031959
13503, Sa'ada,Sa'ada,17.25112185,43.50274965
13504, Sana'a,Sana'a,15.12394358,44.78727759
13505, Aden,Aden,12.84865928,45.00201169
13506, Lahj > Al Milah,Lahj,12.96593663,44.41733354
13507, Hajjah > Najrah,Hajjah,16.27488061,43.11225315
13508, Lahj > Al Maqatirah,Lahj,12.96593663,44.41733354
13509, Lahj > Radfan,Lahj,12.96593663,44.41733354
13510, Dhamar > Jabal Ash sharq,Dhamar,14.50737016,44.42760976
13511, Hadramaut > Brom Mayfa,Hadramaut,16.80924424,48.84638589
13512, Lahj > Al Madaribah Wa Al Arah,Lahj,12.96593663,44.41733354
13513, Lahj > Tur Al Bahah,Lahj,12.96593663,44.41733354
13514, Taizz > Hayfan,Taizz,13.39753802,43.68772167
13515, Abyan > Rasad,Abyan,13.6955485,46.50340692
13516, Dhamar > Dawran Aness,Dhamar,14.50737016,44.42760976
13517, Marib > Rahabah,Marib,15.56841151,45.76081505
13518, Al Dhale'e > Jahaf,Al Dhale'e,13.85996808,44.67423913
13519, Al Hudaydah > Hays,Al Hudaydah,15.00062889,43.04031959
13520, Amran > Raydah,Amran,16.3570904,43.87269369
13521, Raymah > As Salafiyah,Raymah,14.59985617,43.68772167
13522, Al Mahwit > Al Mahwait,Al Mahwit,15.40140161,43.59523566
13523, Hadramaut > Al Mukalla,Hadramaut,16.80924424,48.84638589
13524, Al Bayda > Al Bayda,Al Bayda,14.21742373,45.55495025
13525, Shabwah > Rudum,Shabwah,14.67178974,46.95556076
13526, Sa'ada > Al Hashwah,Sa'ada,17.25112185,43.50274965
13527, Al Dhale'e > Al Hussein,Al Dhale'e,13.85996808,44.67423913
13528, Amran > Al Madan,Amran,16.3570904,43.87269369
13529, Al Hudaydah > Az Zaydiyah,Al Hudaydah,15.00062889,43.04031959
13530, Sa'ada > Saqayn,Sa'ada,17.25112185,43.50274965
13531, Ibb > Mudhaykhirah,Ibb,14.05521633,44.26319019
13532, Al Bayda > Sabah,Al Bayda,14.21742373,45.55495025
13533, Al Hudaydah > Al Mighlaf,Al Hudaydah,15.00062889,43.04031959
13534, Dhamar > Mayfa'at Anss,Dhamar,14.50737016,44.42760976
13535, Al Dhale'e > Al Husha,Al Dhale'e,13.85996808,44.67423913
13536, Al Bayda > Al Bayda City,Al Bayda,14.21742373,45.55495025
13537, Hadramaut > Al Mukalla City,Hadramaut,16.80924424,48.84638589
13538, Aden > Khur Maksar,Aden,12.84865928,45.00201169
13539, Hadramaut > Sayun,Hadramaut,16.80924424,48.84638589
13540, Al Bayda > Rada',Al Bayda,14.21742373,45.55495025
13541, Socotra > Qulensya Wa Abd Al Kuri,Socotra,12.493306,54.085473
13542, Hadramaut > Al Qatn,Hadramaut,16.80924424,48.84638589
13543, Socotra,Socotra,12.493306,54.085473
13544, Raymah,Raymah,14.59985617,43.68772167
13545, Amran,Amran,16.3570904,43.87269369
13546, Al Bayda,Al Bayda,14.21742373,45.55495025
13547, Al Maharah,Al Maharah,16.59344354,51.59013758
13548, Al Jawf,Al Jawf,16.76813934,46.01014819
13549, Dhamar,Dhamar,14.50737016,44.42760976
13550, Al Dhale'e,Al Dhale'e,13.85996808,44.67423913
13551, Shabwah,Shabwah,14.67178974,46.95556076
13552, Amanat Al Asimah,Amanat Al Asimah,15.36598719,44.2020645
13553, Lahj,Lahj,12.96593663,44.41733354
13554, Hadramaut,Hadramaut,16.80924424,48.84638589
13555, Al Mahwit,Al Mahwit,15.40140161,43.59523566
13556, Abyan,Abyan,13.6955485,46.50340692
13557, Marib,Marib,15.56841151,45.76081505
13558, Taizz,Taizz,13.39753802,43.68772167
13559, Hajjah > Qarah,Hajjah,16.27488061,43.11225315
13560, Hajjah > Washhah,Hajjah,16.27488061,43.11225315
13561, Al Mahwit > Bani Sa'd,Al Mahwit,15.40140161,43.59523566
13562, Dhamar > Wusab Al Ali,Dhamar,14.50737016,44.42760976
13563, Hadramaut > Tarim,Hadramaut,16.80924424,48.84638589
13564, Ibb > Al Mashannah > Al-Lahj,Ibb,14.05521633,44.26319019
13565, Ibb > Al Dhihar > Al-Dhabr,Ibb,14.05521633,44.26319019
13566, Lahj > Al Madaribah Wa Al Arah > Al-Saqya,Lahj,12.96593663,44.41733354
13567, Lahj > Al Madaribah Wa Al Arah > Al-Aarah,Lahj,12.96593663,44.41733354
13568, Amran > As Sudah,Amran,16.3570904,43.87269369
13569, Al Bayda > Al Quraishyah,Al Bayda,14.21742373,45.55495025
13570, Al Bayda > At Taffah,Al Bayda,14.21742373,45.55495025
13571, Al Bayda > As Sawadiyah,Al Bayda,14.21742373,45.55495025
13572, Sa'ada > Shada'a,Sa'ada,17.25112185,43.50274965
13573, Al Jawf > Al Maslub,Al Jawf,16.76813934,46.01014819
13574, Al Bayda > Radman Al Awad,Al Bayda,14.21742373,45.55495025
13575, Abyan > Mudiyah,Abyan,13.6955485,46.50340692
13576, Ibb > Ba'dan,Ibb,14.05521633,44.26319019
13577, Hajjah > Al Maghrabah,Hajjah,16.27488061,43.11225315
13578, Al Bayda > Mukayras,Al Bayda,14.21742373,45.55495025
13579, Aden > Attawahi,Aden,12.84865928,45.00201169
13580, Marib > Al Jubah,Marib,15.56841151,45.76081505
13581, Al Bayda > Nati',Al Bayda,14.21742373,45.55495025
13582, Abyan > Al Mahfad,Abyan,13.6955485,46.50340692
13583, Aden > Craiter,Aden,12.84865928,45.00201169
13584, Aden > Al Mualla,Aden,12.84865928,45.00201169
13585, Marib > Jabal Murad,Marib,15.56841151,45.76081505
13586, Al Hudaydah > Al Khawkhah > Al-Khoukhah,Al Hudaydah,15.00062889,43.04031959
13587, Marib > Raghwan,Marib,15.56841151,45.76081505
13588, Al Bayda > Az Zahir,Al Bayda,14.21742373,45.55495025
13589, Lahj > Halimayn,Lahj,12.96593663,44.41733354
13590, Lahj > Habil Jabr,Lahj,12.96593663,44.41733354
13591, Lahj > Yafa'a,Lahj,12.96593663,44.41733354
13592, Lahj > Yahr,Lahj,12.96593663,44.41733354
13593, Lahj > Al Had,Lahj,12.96593663,44.41733354
13594, Lahj > Al Maflahy,Lahj,12.96593663,44.41733354
13595, Al Bayda > Al Malagim,Al Bayda,14.21742373,45.55495025
13596, Hajjah > Ash Shahil,Hajjah,16.27488061,43.11225315
13597, Al Bayda > Ar Ryashyyah,Al Bayda,14.21742373,45.55495025
13598, Al Bayda > Ash Sharyah,Al Bayda,14.21742373,45.55495025
13599, Hajjah > Kuhlan Affar,Hajjah,16.27488061,43.11225315
13600, Hajjah > Kuhlan Ash Sharaf,Hajjah,16.27488061,43.11225315
13601, Hajjah > Al Miftah,Hajjah,16.27488061,43.11225315
13602, Hajjah > Ash Shaghadirah,Hajjah,16.27488061,43.11225315
13603, Hajjah > Bani Al Awam,Hajjah,16.27488061,43.11225315
13604, Hajjah > Aflah Ash Shawm,Hajjah,16.27488061,43.11225315
13605, Marib > Majzar,Marib,15.56841151,45.76081505
13606, Marib > Medghal,Marib,15.56841151,45.76081505
13607, Hajjah > Sharas,Hajjah,16.27488061,43.11225315
13608, Hajjah > Al Jamimah,Hajjah,16.27488061,43.11225315
13609, Hajjah > Wadhrah,Hajjah,16.27488061,43.11225315
13610, Raymah > Kusmah,Raymah,14.59985617,43.68772167
13611, Ibb > Al Dhihar > Al-Aden Al-Aala,Ibb,14.05521633,44.26319019
13612, Ibb > Al Mashannah > Akhbab,Ibb,14.05521633,44.26319019
13613, Sa'ada > Sahar > Hafsein,Sa'ada,17.25112185,43.50274965
13614, Sa'ada > Sahar > Beer Al-Wadi,Sa'ada,17.25112185,43.50274965
13615, Sa'ada > Sahar > Qamal,Sa'ada,17.25112185,43.50274965
13616, Sa'ada > As Safra > Damaj,Sa'ada,17.25112185,43.50274965
13617, Dhamar > Jahran > Mabr,Dhamar,14.50737016,44.42760976
13618, Amran > Khamir,Amran,16.3570904,43.87269369
13619, Amran > Shaharah,Amran,16.3570904,43.87269369
13620, Ibb > Hazm Al Udayn,Ibb,14.05521633,44.26319019
13621, Abyan > Al Wade'a > Al-Wadhee'e,Abyan,13.6955485,46.50340692
13622, Amran > As Sawd,Amran,16.3570904,43.87269369
13623, Al Hudaydah > As Salif,Al Hudaydah,15.00062889,43.04031959
13624, Al Mahwit > At Tawilah,Al Mahwit,15.40140161,43.59523566
13625, Al Mahwit > Hufash,Al Mahwit,15.40140161,43.59523566
13626, Abyan > Khanfir > Shaqrah,Abyan,13.6955485,46.50340692
13627, Hadramaut > Thamud,Hadramaut,16.80924424,48.84638589
13628, Amran > Habur Zulaymah,Amran,16.3570904,43.87269369
13629, Amanat Al Asimah > Old City,Amanat Al Asimah,15.36598719,44.2020645
13630, Shabwah > Ar Rawdah,Shabwah,14.67178974,46.95556076
13631, Shabwah > Al Talh,Shabwah,14.67178974,46.95556076
13632, Ibb > Ash Sha'ir,Ibb,14.05521633,44.26319019
13633, Sa'ada > Ghamr,Sa'ada,17.25112185,43.50274965
13634, Al Mahwit > Shibam Kawkaban,Al Mahwit,15.40140161,43.59523566
13635, Al Maharah > Hawf,Al Maharah,16.59344354,51.59013758
13636, Dhamar > Al Manar,Dhamar,14.50737016,44.42760976
13637, Hadramaut > Adh Dhlia'ah,Hadramaut,16.80924424,48.84638589
13638, Sa'ada > Qatabir,Sa'ada,17.25112185,43.50274965
13639, Hadramaut > Ghayl Ba Wazir,Hadramaut,16.80924424,48.84638589
13640, Shabwah > Dhar,Shabwah,14.67178974,46.95556076
13641, Hadramaut > Ghayl Bin Yamin,Hadramaut,16.80924424,48.84638589
13642, Hadramaut > Ash Shihr,Hadramaut,16.80924424,48.84638589
13643, Abyan > Khanfir > Al-Khabar,Abyan,13.6955485,46.50340692
13644, Abyan > Jayshan > Jayshan,Abyan,13.6955485,46.50340692
13645, Al Bayda > Dhi Na'im,Al Bayda,14.21742373,45.55495025
13646, Hadramaut > Daw'an,Hadramaut,16.80924424,48.84638589
13647, Hadramaut > Sah,Hadramaut,16.80924424,48.84638589
13648, Hadramaut > Wadi Al Ayn,Hadramaut,16.80924424,48.84638589
13649, Shabwah > Habban,Shabwah,14.67178974,46.95556076
13650, Al Maharah > Sayhut,Al Maharah,16.59344354,51.59013758
13651, Hadramaut > Huraidhah,Hadramaut,16.80924424,48.84638589
13652, Shabwah > Arma,Shabwah,14.67178974,46.95556076
13653, Ibb > Hubaysh,Ibb,14.05521633,44.26319019
13654, Al Hudaydah > Jabal Ra's,Al Hudaydah,15.00062889,43.04031959
13655, Marib > Marib City > Mareb,Marib,15.56841151,45.76081505
13656, Al Jawf > Bart Al Anan,Al Jawf,16.76813934,46.01014819
13657, Marib > Bidbadah,Marib,15.56841151,45.76081505
13658, Shabwah > Usaylan,Shabwah,14.67178974,46.95556076
13659, Marib > Mahliyah,Marib,15.56841151,45.76081505
13660, Shabwah > Nisab,Shabwah,14.67178974,46.95556076
13661, Al Jawf > Al Khalq,Al Jawf,16.76813934,46.01014819
13662, Shabwah > Mayfa'a,Shabwah,14.67178974,46.95556076
13663, Al Hudaydah > Al Khawkhah > Al-Dhahyah,Al Hudaydah,15.00062889,43.04031959
13664, Al Hudaydah > Bayt Al Faqiah > Al-Ghanemyah,Al Hudaydah,15.00062889,43.04031959
13665, Shabwah > Merkhah As Sufla,Shabwah,14.67178974,46.95556076
13666, Amran > Jabal Iyal Yazid > Al-Sararah,Amran,16.3570904,43.87269369
13667, Al Jawf > Rajuzah,Al Jawf,16.76813934,46.01014819
13668, Yemen > Al Hudaydah > Bajil,Al Hudaydah,15.00062889,43.04031959
13669, Yemen > Al Hudaydah > As Salif,Al Hudaydah,15.00062889,43.04031959
13670, Yemen > Abyan > Ahwar,Abyan,13.6955485,46.50340692
13671, Al Hudaydah > Al Khawkhah > Al-Mahsharah,Al Hudaydah,15.00062889,43.04031959
13672, Al Hudaydah > Al Khawkhah > Al-Qadheibah,Al Hudaydah,15.00062889,43.04031959
13673, Al Jawf > Khabb wa ash Sha'af > Al-Yatamah,Al Jawf,16.76813934,46.01014819
13674, Al Jawf > Khabb wa ash Sha'af > Al-Feradh,Al Jawf,16.76813934,46.01014819
13675, Al Jawf > Khabb wa ash Sha'af > Al-Khanq,Al Jawf,16.76813934,46.01014819
13676, Al Bayda > Na'man,Al Bayda,14.21742373,45.55495025
13677, Hadramaut > Al Abr > Al-Abr,Hadramaut,16.80924424,48.84638589
13678, Yemen > Lahj > Tuban,Lahj,12.96593663,44.41733354
13679, Hajjah > Aslem > Al-Waset,Hajjah,16.27488061,43.11225315
13680, Sa'ada > Al Dhaher > Baitah,Sa'ada,17.25112185,43.50274965
13681, Sa'ada > Al Dhaher > Al-Qaoud,Sa'ada,17.25112185,43.50274965
